match_type,race_id,category,label,state,office,platform_a,platform_b,question_a,question_b,market_id_a,market_id_b,implied_prob_a,implied_prob_b,settle_date,url_a,url_b,volume_a,volume_b,fuzzy_score,raw_gap_pp,net_gap_pp,profitable_onesided,suspicious,action,arb_type,guaranteed_return_pct,stake_a_pct,stake_b_pct,stake_a_dollars,stake_b_dollars,profit_dollars,stake_note,candidate
general,2026-GOV-AL,Elections,AL GOV,Alabama,GOV,kalshi,predictit,Kalshi: 2026-GOV-AL Dem win,PredictIt: 2026-GOV-AL Dem win,GOVPARTYAL-26-D,,0.086,0.095,2026-11-03,https://kalshi.com/markets/govpartyal/govpartyal-26,https://www.predictit.org/markets/detail/8448,58154.38,,100,0.9,-13.1,False,False,"Buy on Kalshi (8.6%), fade on Predictit (9.5%)",one-sided,,,,,,,,
general,2026-GOV-AZ,Elections,AZ GOV,Arizona,GOV,kalshi,predictit,Kalshi: 2026-GOV-AZ Dem win,PredictIt: 2026-GOV-AZ Dem win,GOVPARTYAZ-26-D,,0.89,0.905,2026-11-03,https://kalshi.com/markets/govpartyaz/govpartyaz-26,https://www.predictit.org/markets/detail/8211,335439.13,,100,1.5,-12.5,False,False,"Buy on Kalshi (89.0%), fade on Predictit (90.5%)",one-sided,,,,,,,,
general,2026-GOV-CO,Elections,CO GOV,Colorado,GOV,kalshi,predictit,Kalshi: 2026-GOV-CO Dem win,PredictIt: 2026-GOV-CO Dem win,GOVPARTYCO-26-D,,0.976,0.955,2026-11-03,https://kalshi.com/markets/govpartyco/govpartyco-26,https://www.predictit.org/markets/detail/8460,50026.89,,100,2.1,-11.9,False,False,"Buy on Predictit (95.5%), fade on Kalshi (97.6%)",one-sided,,,,,,,,
general,2026-GOV-CT,Elections,CT GOV,Connecticut,GOV,kalshi,predictit,Kalshi: 2026-GOV-CT Dem win,PredictIt: 2026-GOV-CT Dem win,GOVPARTYCT-26-D,,0.952,0.945,2026-11-03,https://kalshi.com/markets/govpartyct/govpartyct-26,https://www.predictit.org/markets/detail/8401,15802.57,,100,0.7,-13.3,False,False,"Buy on Predictit (94.5%), fade on Kalshi (95.2%)",one-sided,,,,,,,,
general,2026-GOV-FL,Elections,FL GOV,Florida,GOV,kalshi,predictit,Kalshi: 2026-GOV-FL Dem win,PredictIt: 2026-GOV-FL Dem win,GOVPARTYFL-26-D,,0.25,0.19,2026-11-03,https://kalshi.com/markets/govpartyfl/govpartyfl-26,https://www.predictit.org/markets/detail/8413,620084.3,,100,6.0,-8.0,False,False,"Buy on Predictit (19.0%), fade on Kalshi (25.0%)",one-sided,,,,,,,,
general,2026-GOV-GA,Elections,GA GOV,Georgia,GOV,kalshi,predictit,Kalshi: 2026-GOV-GA Dem win,PredictIt: 2026-GOV-GA Dem win,GOVPARTYGA-26-D,,0.6,0.635,2026-11-03,https://kalshi.com/markets/govpartyga/govpartyga-26,https://www.predictit.org/markets/detail/8416,327565.56,,100,3.5,-10.5,False,False,"Buy on Kalshi (60.0%), fade on Predictit (63.5%)",one-sided,,,,,,,,
general,2026-GOV-IA,Elections,IA GOV,Iowa,GOV,kalshi,predictit,Kalshi: 2026-GOV-IA Dem win,PredictIt: 2026-GOV-IA Dem win,GOVPARTYIA-26-D,,0.82,0.805,2026-11-03,https://kalshi.com/markets/govpartyia/govpartyia-26,https://www.predictit.org/markets/detail/8378,374048.42,,100,1.5,-12.5,False,False,"Buy on Predictit (80.5%), fade on Kalshi (82.0%)",one-sided,,,,,,,,
general,2026-GOV-MA,Elections,MA GOV,Massachusetts,GOV,kalshi,predictit,Kalshi: 2026-GOV-MA Dem win,PredictIt: 2026-GOV-MA Dem win,GOVPARTYMA-26-D,,0.944,0.96,2026-11-03,https://kalshi.com/markets/govpartyma/govpartyma-26,https://www.predictit.org/markets/detail/8403,54049.8,,100,1.6,-12.4,False,False,"Buy on Kalshi (94.4%), fade on Predictit (96.0%)",one-sided,,,,,,,,
general,2026-GOV-MD,Elections,MD GOV,Maryland,GOV,kalshi,predictit,Kalshi: 2026-GOV-MD Dem win,PredictIt: 2026-GOV-MD Dem win,GOVPARTYMD-26-D,,0.958,0.945,2026-11-03,https://kalshi.com/markets/govpartymd/govpartymd-26,https://www.predictit.org/markets/detail/8410,4861.38,,100,1.3,-12.7,False,False,"Buy on Predictit (94.5%), fade on Kalshi (95.8%)",one-sided,,,,,,,,
general,2026-GOV-MI,Elections,MI GOV,Michigan,GOV,kalshi,predictit,Kalshi: 2026-GOV-MI Dem win,PredictIt: 2026-GOV-MI Dem win,GOVPARTYMI-26-D,,0.928,0.915,2026-11-03,https://kalshi.com/markets/govpartymi/govpartymi-26,https://www.predictit.org/markets/detail/8212,76450.17,,100,1.3,-12.7,False,False,"Buy on Predictit (91.5%), fade on Kalshi (92.8%)",one-sided,,,,,,,,
general,2026-GOV-MN,Elections,MN GOV,Minnesota,GOV,kalshi,predictit,Kalshi: 2026-GOV-MN Dem win,PredictIt: 2026-GOV-MN Dem win,GOVPARTYMN-26-D,,0.944,0.925,2026-11-03,https://kalshi.com/markets/govpartymn/govpartymn-26,https://www.predictit.org/markets/detail/8297,173485.09,,100,1.9,-12.1,False,False,"Buy on Predictit (92.5%), fade on Kalshi (94.4%)",one-sided,,,,,,,,
general,2026-GOV-NM,Elections,NM GOV,New Mexico,GOV,kalshi,predictit,Kalshi: 2026-GOV-NM Dem win,PredictIt: 2026-GOV-NM Dem win,GOVPARTYNM-26-D,,0.941,0.94,2026-11-03,https://kalshi.com/markets/govpartynm/govpartynm-26,https://www.predictit.org/markets/detail/8474,19241.77,,100,0.1,-13.9,False,False,"Buy on Predictit (94.0%), fade on Kalshi (94.1%)",one-sided,,,,,,,,
general,2026-GOV-NV,Elections,NV GOV,Nevada,GOV,kalshi,predictit,Kalshi: 2026-GOV-NV Dem win,PredictIt: 2026-GOV-NV Dem win,GOVPARTYNV-26-D,,0.46,0.455,2026-11-03,https://kalshi.com/markets/govpartynv/govpartynv-26,https://www.predictit.org/markets/detail/8419,514746.25,,100,0.5,-13.5,False,False,"Buy on Predictit (45.5%), fade on Kalshi (46.0%)",one-sided,,,,,,,,
general,2026-GOV-NY,Elections,NY GOV,New York,GOV,kalshi,predictit,Kalshi: 2026-GOV-NY Dem win,PredictIt: 2026-GOV-NY Dem win,GOVPARTYNY-26-D,,0.939,0.95,2026-11-03,https://kalshi.com/markets/govpartyny/govpartyny-26,https://www.predictit.org/markets/detail/8215,390136.15,,100,1.1,-12.9,False,False,"Buy on Kalshi (93.9%), fade on Predictit (95.0%)",one-sided,,,,,,,,
general,2026-GOV-OH,Elections,OH GOV,Ohio,GOV,kalshi,predictit,Kalshi: 2026-GOV-OH Dem win,PredictIt: 2026-GOV-OH Dem win,GOVPARTYOH-26-D,,0.61,0.585,2026-11-03,https://kalshi.com/markets/govpartyoh/govpartyoh-26,https://www.predictit.org/markets/detail/8441,820531.5,,100,2.5,-11.5,False,False,"Buy on Predictit (58.5%), fade on Kalshi (61.0%)",one-sided,,,,,,,,
general,2026-GOV-PA,Elections,PA GOV,Pennsylvania,GOV,kalshi,predictit,Kalshi: 2026-GOV-PA Dem win,PredictIt: 2026-GOV-PA Dem win,GOVPARTYPA-26-D,,0.972,0.955,2026-11-03,https://kalshi.com/markets/govpartypa/govpartypa-26,https://www.predictit.org/markets/detail/8412,102067.99,,100,1.7,-12.3,False,False,"Buy on Predictit (95.5%), fade on Kalshi (97.2%)",one-sided,,,,,,,,
general,2026-GOV-RI,Elections,RI GOV,Rhode Island,GOV,kalshi,predictit,Kalshi: 2026-GOV-RI Dem win,PredictIt: 2026-GOV-RI Dem win,GOVPARTYRI-26-D,,0.928,0.94,2026-11-03,https://kalshi.com/markets/govpartyri/govpartyri-26,https://www.predictit.org/markets/detail/8404,11024.52,,100,1.2,-12.8,False,False,"Buy on Kalshi (92.8%), fade on Predictit (94.0%)",one-sided,,,,,,,,
general,2026-GOV-TX,Elections,TX GOV,Texas,GOV,kalshi,predictit,Kalshi: 2026-GOV-TX Dem win,PredictIt: 2026-GOV-TX Dem win,GOVPARTYTX-26-D,,0.29,0.31,2026-11-03,https://kalshi.com/markets/govpartytx/govpartytx-26,https://www.predictit.org/markets/detail/8418,890174.81,,100,2.0,-12.0,False,False,"Buy on Kalshi (29.0%), fade on Predictit (31.0%)",one-sided,,,,,,,,
general,2026-GOV-VT,Elections,VT GOV,Vermont,GOV,kalshi,predictit,Kalshi: 2026-GOV-VT Dem win,PredictIt: 2026-GOV-VT Dem win,GOVPARTYVT-26-D,,0.07,0.13,2026-11-03,https://kalshi.com/markets/govpartyvt/govpartyvt-26,https://www.predictit.org/markets/detail/8402,41934.71,,100,6.0,-8.0,False,False,"Buy on Kalshi (7.0%), fade on Predictit (13.0%)",one-sided,,,,,,,,
general,2026-GOV-WI,Elections,WI GOV,Wisconsin,GOV,kalshi,predictit,Kalshi: 2026-GOV-WI Dem win,PredictIt: 2026-GOV-WI Dem win,GOVPARTYWI-26-D,,0.84,0.785,2026-11-03,https://kalshi.com/markets/govpartywi/govpartywi-26,https://www.predictit.org/markets/detail/8213,475493.41,,100,5.5,-8.5,False,False,"Buy on Predictit (78.5%), fade on Kalshi (84.0%)",one-sided,,,,,,,,
general,2026-SEN-AK,Elections,AK SEN,Alaska,SEN,kalshi,predictit,Kalshi: 2026-SEN-AK Dem win,PredictIt: 2026-SEN-AK Dem win,SENATEAK-26-D,,0.76,0.755,2026-11-03,https://kalshi.com/markets/senateak/senateak-26,https://www.predictit.org/markets/detail/8271,542417.43,,100,0.5,-13.5,False,False,"Buy on Predictit (75.5%), fade on Kalshi (76.0%)",one-sided,,,,,,,,
general,2026-SEN-AL,Elections,AL SEN,Alabama,SEN,kalshi,predictit,Kalshi: 2026-SEN-AL Dem win,PredictIt: 2026-SEN-AL Dem win,SENATEAL-26-D,,0.039,0.015,2026-11-03,https://kalshi.com/markets/senateal/senateal-26,https://www.predictit.org/markets/detail/8384,7506.05,,100,2.4,-11.6,False,False,"Buy on Predictit (1.5%), fade on Kalshi (3.9%)",one-sided,,,,,,,,
general,2026-SEN-AR,Elections,AR SEN,Arkansas,SEN,kalshi,predictit,Kalshi: 2026-SEN-AR Dem win,PredictIt: 2026-SEN-AR Dem win,SENATEAR-26-D,,0.069,0.105,2026-11-03,https://kalshi.com/markets/senatear/senatear-26,https://www.predictit.org/markets/detail/8390,85824.76,,100,3.6,-10.4,False,False,"Buy on Kalshi (6.9%), fade on Predictit (10.5%)",one-sided,,,,,,,,
general,2026-SEN-CO,Elections,CO SEN,Colorado,SEN,kalshi,predictit,Kalshi: 2026-SEN-CO Dem win,PredictIt: 2026-SEN-CO Dem win,SENATECO-26-D,,0.975,0.96,2026-11-03,https://kalshi.com/markets/senateco/senateco-26,https://www.predictit.org/markets/detail/8398,5286.1,,100,1.5,-12.5,False,False,"Buy on Predictit (96.0%), fade on Kalshi (97.5%)",one-sided,,,,,,,,
general,2026-SEN-DE,Elections,DE SEN,Delaware,SEN,kalshi,predictit,Kalshi: 2026-SEN-DE Dem win,PredictIt: 2026-SEN-DE Dem win,SENATEDE-26-D,,0.985,0.98,2026-11-03,https://kalshi.com/markets/senatede/senatede-26,https://www.predictit.org/markets/detail/8407,6742.29,,100,0.5,-13.5,False,False,"Buy on Predictit (98.0%), fade on Kalshi (98.5%)",one-sided,,,,,,,,
general,2026-SEN-GA,Elections,GA SEN,Georgia,SEN,kalshi,predictit,Kalshi: 2026-SEN-GA Dem win,PredictIt: 2026-SEN-GA Dem win,SENATEGA-26-D,,0.939,0.93,2026-11-03,https://kalshi.com/markets/senatega/senatega-26,https://www.predictit.org/markets/detail/8156,401307.59,,100,0.9,-13.1,False,False,"Buy on Predictit (93.0%), fade on Kalshi (93.9%)",one-sided,,,,,,,,
general,2026-SEN-IA,Elections,IA SEN,Iowa,SEN,kalshi,predictit,Kalshi: 2026-SEN-IA Dem win,PredictIt: 2026-SEN-IA Dem win,SENATEIA-26-D,,0.45,0.475,2026-11-03,https://kalshi.com/markets/senateia/senateia-26,https://www.predictit.org/markets/detail/8274,1851618.04,,100,2.5,-11.5,False,False,"Buy on Kalshi (45.0%), fade on Predictit (47.5%)",one-sided,,,,,,,,
general,2026-SEN-ID,Elections,ID SEN,Idaho,SEN,kalshi,predictit,Kalshi: 2026-SEN-ID Dem win,PredictIt: 2026-SEN-ID Dem win,SENATEID-26-D,,0.0045,0.065,2026-11-03,https://kalshi.com/markets/senateid/senateid-26,https://www.predictit.org/markets/detail/8400,51404.52,,100,6.05,-7.95,False,False,"Buy on Kalshi (0.4%), fade on Predictit (6.5%)",one-sided,,,,,,,,
general,2026-SEN-IL,Elections,IL SEN,Illinois,SEN,kalshi,predictit,Kalshi: 2026-SEN-IL Dem win,PredictIt: 2026-SEN-IL Dem win,SENATEIL-26-D,,0.9855,0.97,2026-11-03,https://kalshi.com/markets/senateil/senateil-26,https://www.predictit.org/markets/detail/8392,9034.18,,100,1.55,-12.45,False,False,"Buy on Predictit (97.0%), fade on Kalshi (98.6%)",one-sided,,,,,,,,
general,2026-SEN-KS,Elections,KS SEN,Kansas,SEN,kalshi,predictit,Kalshi: 2026-SEN-KS Dem win,PredictIt: 2026-SEN-KS Dem win,SENATEKS-26-D,,0.3,0.355,2026-11-03,https://kalshi.com/markets/senateks/senateks-26,https://www.predictit.org/markets/detail/8396,880747.07,,100,5.5,-8.5,False,False,"Buy on Kalshi (30.0%), fade on Predictit (35.5%)",one-sided,,,,,,,,
general,2026-SEN-MA,Elections,MA SEN,Massachusetts,SEN,kalshi,predictit,Kalshi: 2026-SEN-MA Dem win,PredictIt: 2026-SEN-MA Dem win,SENATEMA-26-D,,0.981,0.98,2026-11-03,https://kalshi.com/markets/senatema/senatema-26,https://www.predictit.org/markets/detail/8381,8405.41,,100,0.1,-13.9,False,False,"Buy on Predictit (98.0%), fade on Kalshi (98.1%)",one-sided,,,,,,,,
general,2026-SEN-ME,Elections,ME SEN,Maine,SEN,kalshi,predictit,Kalshi: 2026-SEN-ME Dem win,PredictIt: 2026-SEN-ME Dem win,SENATEME-26-D,,0.72,0.69,2026-11-03,https://kalshi.com/markets/senateme/senateme-26,https://www.predictit.org/markets/detail/8159,2668294.16,,100,3.0,-11.0,False,False,"Buy on Predictit (69.0%), fade on Kalshi (72.0%)",one-sided,,,,,,,,
general,2026-SEN-MI,Elections,MI SEN,Michigan,SEN,kalshi,predictit,Kalshi: 2026-SEN-MI Dem win,PredictIt: 2026-SEN-MI Dem win,SENATEMI-26-D,,0.72,0.685,2026-11-03,https://kalshi.com/markets/senatemi/senatemi-26,https://www.predictit.org/markets/detail/8158,1609731.14,,100,3.5,-10.5,False,False,"Buy on Predictit (68.5%), fade on Kalshi (72.0%)",one-sided,,,,,,,,
general,2026-SEN-MS,Elections,MS SEN,Mississippi,SEN,kalshi,predictit,Kalshi: 2026-SEN-MS Dem win,PredictIt: 2026-SEN-MS Dem win,SENATEMS-26-D,,0.087,0.095,2026-11-03,https://kalshi.com/markets/senatems/senatems-26,https://www.predictit.org/markets/detail/8388,97680.93,,100,0.8,-13.2,False,False,"Buy on Kalshi (8.7%), fade on Predictit (9.5%)",one-sided,,,,,,,,
general,2026-SEN-NC,Elections,NC SEN,North Carolina,SEN,kalshi,predictit,Kalshi: 2026-SEN-NC Dem win,PredictIt: 2026-SEN-NC Dem win,SENATENC-26-D,,0.934,0.925,2026-11-03,https://kalshi.com/markets/senatenc/senatenc-26,https://www.predictit.org/markets/detail/8160,1329904.73,,100,0.9,-13.1,False,False,"Buy on Predictit (92.5%), fade on Kalshi (93.4%)",one-sided,,,,,,,,
general,2026-SEN-NH,Elections,NH SEN,New Hampshire,SEN,kalshi,predictit,Kalshi: 2026-SEN-NH Dem win,PredictIt: 2026-SEN-NH Dem win,SENATENH-26-D,,0.85,0.815,2026-11-03,https://kalshi.com/markets/senatenh/senatenh-26,https://www.predictit.org/markets/detail/8161,348771.94,,100,3.5,-10.5,False,False,"Buy on Predictit (81.5%), fade on Kalshi (85.0%)",one-sided,,,,,,,,
general,2026-SEN-NJ,Elections,NJ SEN,New Jersey,SEN,kalshi,predictit,Kalshi: 2026-SEN-NJ Dem win,PredictIt: 2026-SEN-NJ Dem win,SENATENJ-26-D,,0.98,0.94,2026-11-03,https://kalshi.com/markets/senatenj/senatenj-26,https://www.predictit.org/markets/detail/8383,11742.42,,100,4.0,-10.0,False,False,"Buy on Predictit (94.0%), fade on Kalshi (98.0%)",one-sided,,,,,,,,
general,2026-SEN-NM,Elections,NM SEN,New Mexico,SEN,kalshi,predictit,Kalshi: 2026-SEN-NM Dem win,PredictIt: 2026-SEN-NM Dem win,SENATENM-26-D,,0.971,0.955,2026-11-03,https://kalshi.com/markets/senatenm/senatenm-26,https://www.predictit.org/markets/detail/8397,19776.86,,100,1.6,-12.4,False,False,"Buy on Predictit (95.5%), fade on Kalshi (97.1%)",one-sided,,,,,,,,
general,2026-SEN-OK,Elections,OK SEN,Oklahoma,SEN,kalshi,predictit,Kalshi: 2026-SEN-OK Dem win,PredictIt: 2026-SEN-OK Dem win,SENATEOK-26-D,,0.023,0.05,2026-11-03,https://kalshi.com/markets/senateok/senateok-26,https://www.predictit.org/markets/detail/8391,17257.47,,100,2.7,-11.3,False,False,"Buy on Kalshi (2.3%), fade on Predictit (5.0%)",one-sided,,,,,,,,
general,2026-SEN-OR,Elections,OR SEN,Oregon,SEN,kalshi,predictit,Kalshi: 2026-SEN-OR Dem win,PredictIt: 2026-SEN-OR Dem win,SENATEOR-26-D,,0.978,0.96,2026-11-03,https://kalshi.com/markets/senateor/senateor-26,https://www.predictit.org/markets/detail/8395,4726.63,,100,1.8,-12.2,False,False,"Buy on Predictit (96.0%), fade on Kalshi (97.8%)",one-sided,,,,,,,,
general,2026-SEN-RI,Elections,RI SEN,Rhode Island,SEN,kalshi,predictit,Kalshi: 2026-SEN-RI Dem win,PredictIt: 2026-SEN-RI Dem win,SENATERI-26-D,,0.987,0.975,2026-11-03,https://kalshi.com/markets/senateri/senateri-26,https://www.predictit.org/markets/detail/8382,18577.9,,100,1.2,-12.8,False,False,"Buy on Predictit (97.5%), fade on Kalshi (98.7%)",one-sided,,,,,,,,
general,2026-SEN-SC,Elections,SC SEN,South Carolina,SEN,kalshi,predictit,Kalshi: 2026-SEN-SC Dem win,PredictIt: 2026-SEN-SC Dem win,SENATESC-26-D,,0.14,0.165,2026-11-03,https://kalshi.com/markets/senatesc/senatesc-26,https://www.predictit.org/markets/detail/8375,865149.18,,100,2.5,-11.5,False,False,"Buy on Kalshi (14.0%), fade on Predictit (16.5%)",one-sided,,,,,,,,
general,2026-SEN-SD,Elections,SD SEN,South Dakota,SEN,kalshi,predictit,Kalshi: 2026-SEN-SD Dem win,PredictIt: 2026-SEN-SD Dem win,SENATESD-26-D,,0.0045,0.095,2026-11-03,https://kalshi.com/markets/senatesd/senatesd-26,https://www.predictit.org/markets/detail/8376,27889.69,,100,9.05,-4.95,False,False,"Buy on Kalshi (0.4%), fade on Predictit (9.5%)",one-sided,,,,,,,,
general,2026-SEN-TN,Elections,TN SEN,Tennessee,SEN,kalshi,predictit,Kalshi: 2026-SEN-TN Dem win,PredictIt: 2026-SEN-TN Dem win,SENATETN-26-D,,0.02,0.065,2026-11-03,https://kalshi.com/markets/senatetn/senatetn-26,https://www.predictit.org/markets/detail/8385,28328.71,,100,4.5,-9.5,False,False,"Buy on Kalshi (2.0%), fade on Predictit (6.5%)",one-sided,,,,,,,,
general,2026-SEN-VA,Elections,VA SEN,Virginia,SEN,kalshi,predictit,Kalshi: 2026-SEN-VA Dem win,PredictIt: 2026-SEN-VA Dem win,SENATEVA-26-D,,0.98,0.95,2026-11-03,https://kalshi.com/markets/senateva/senateva-26,https://www.predictit.org/markets/detail/8174,17719.98,,100,3.0,-11.0,False,False,"Buy on Predictit (95.0%), fade on Kalshi (98.0%)",one-sided,,,,,,,,
general,2026-SEN-WV,Elections,WV SEN,West Virginia,SEN,kalshi,predictit,Kalshi: 2026-SEN-WV Dem win,PredictIt: 2026-SEN-WV Dem win,SENATEWV-26-D,,0.027,0.05,2026-11-03,https://kalshi.com/markets/senatewv/senatewv-26,https://www.predictit.org/markets/detail/8387,12670.38,,100,2.3,-11.7,False,False,"Buy on Kalshi (2.7%), fade on Predictit (5.0%)",one-sided,,,,,,,,
general,2026-SEN-WY,Elections,WY SEN,Wyoming,SEN,kalshi,predictit,Kalshi: 2026-SEN-WY Dem win,PredictIt: 2026-SEN-WY Dem win,SENATEWY-26-D,,0.019,0.035,2026-11-03,https://kalshi.com/markets/senatewy/senatewy-26,https://www.predictit.org/markets/detail/8399,9504.33,,100,1.6,-12.4,False,False,"Buy on Kalshi (1.9%), fade on Predictit (3.5%)",one-sided,,,,,,,,
general,2026-GOV-AL,Elections,AL GOV,Alabama,GOV,kalshi,polymarket,Kalshi: 2026-GOV-AL Dem win,Polymarket: 2026-GOV-AL Dem win,GOVPARTYAL-26-D,112432943070684544837529617086045733232789214714632527644673344797017293426776,0.086,0.046,2026-11-03,https://kalshi.com/markets/govpartyal/govpartyal-26,https://polymarket.com/event/alabama-governor-margin-of-victory-2026,58154.38,757.46,100,4.0,-0.0,False,False,"Buy on Polymarket (4.6%), fade on Kalshi (8.6%)",one-sided,,,,,,,,
general,2026-GOV-AR,Elections,AR GOV,Arkansas,GOV,kalshi,polymarket,Kalshi: 2026-GOV-AR Dem win,Polymarket: 2026-GOV-AR Dem win,GOVPARTYAR-26-D,97005440477277032334800804094918410665103215629730778353755196144330577675150,0.011,0.004,2026-11-03,https://kalshi.com/markets/govpartyar/govpartyar-26,https://polymarket.com/event/arkansas-governor-margin-of-victory-2026,3105.12,606.87,100,0.7,-3.3,False,False,"Buy on Polymarket (0.4%), fade on Kalshi (1.1%)",one-sided,,,,,,,,
general,2026-GOV-AZ,Elections,AZ GOV,Arizona,GOV,kalshi,polymarket,Kalshi: 2026-GOV-AZ Dem win,Polymarket: 2026-GOV-AZ Dem win,GOVPARTYAZ-26-D,48368039124533504674394545622809320495392482760644292167644042386014017726777,0.89,0.885,2026-11-03,https://kalshi.com/markets/govpartyaz/govpartyaz-26,https://polymarket.com/event/arizona-governor-winner-2026,335439.13,37040.2,100,0.5,-3.5,False,False,"Buy on Polymarket (88.5%), fade on Kalshi (89.0%)",one-sided,,,,,,,,
general,2026-GOV-CO,Elections,CO GOV,Colorado,GOV,kalshi,polymarket,Kalshi: 2026-GOV-CO Dem win,Polymarket: 2026-GOV-CO Dem win,GOVPARTYCO-26-D,37643549664634788906930243599163732249206032803551169014157241337491460064218,0.976,0.004,2026-11-03,https://kalshi.com/markets/govpartyco/govpartyco-26,https://polymarket.com/event/colorado-governor-margin-of-victory-2026,50026.89,395.48,100,97.2,93.2,True,True,"Buy on Polymarket (0.4%), fade on Kalshi (97.6%)",one-sided,,,,,,,,
general,2026-GOV-CT,Elections,CT GOV,Connecticut,GOV,kalshi,polymarket,Kalshi: 2026-GOV-CT Dem win,Polymarket: 2026-GOV-CT Dem win,GOVPARTYCT-26-D,49998028531514378487232588886968866679734750622113444033684486387814777094569,0.952,0.006,2026-11-03,https://kalshi.com/markets/govpartyct/govpartyct-26,https://polymarket.com/event/connecticut-governor-margin-of-victory-2026,15802.57,268.22,100,94.6,90.6,True,True,"Buy on Polymarket (0.6%), fade on Kalshi (95.2%)",one-sided,,,,,,,,
general,2026-GOV-FL,Elections,FL GOV,Florida,GOV,kalshi,polymarket,Kalshi: 2026-GOV-FL Dem win,Polymarket: 2026-GOV-FL Dem win,GOVPARTYFL-26-D,45666577334498374671436529469006420565255125221309505855441517627481607414492,0.25,0.265,2026-11-03,https://kalshi.com/markets/govpartyfl/govpartyfl-26,https://polymarket.com/event/florida-governor-winner-2026,620084.3,82302.68,100,1.5,-2.5,False,False,"Buy on Kalshi (25.0%), fade on Polymarket (26.5%)",one-sided,,,,,,,,
general,2026-GOV-GA,Elections,GA GOV,Georgia,GOV,kalshi,polymarket,Kalshi: 2026-GOV-GA Dem win,Polymarket: 2026-GOV-GA Dem win,GOVPARTYGA-26-D,87378595134487617970041882139813265291586271086204633141434247481632344443570,0.6,0.205,2026-11-03,https://kalshi.com/markets/govpartyga/govpartyga-26,https://polymarket.com/event/georgia-governor-election-margin-of-victory-first-round-20260805183754447,327565.56,1741.29,100,39.5,35.5,True,True,"Buy on Polymarket (20.5%), fade on Kalshi (60.0%)",one-sided,,,,,,,,
general,2026-GOV-HI,Elections,HI GOV,Hawaii,GOV,kalshi,polymarket,Kalshi: 2026-GOV-HI Dem win,Polymarket: 2026-GOV-HI Dem win,GOVPARTYHI-26-D,70443329865110885663591178961202781899194304038672552790129951643656977331096,0.966,0.0035,2026-11-03,https://kalshi.com/markets/govpartyhi/govpartyhi-26,https://polymarket.com/event/hawaii-governor-margin-of-victory-2026,6777.39,508.88,100,96.25,92.25,True,True,"Buy on Polymarket (0.4%), fade on Kalshi (96.6%)",one-sided,,,,,,,,
general,2026-GOV-IA,Elections,IA GOV,Iowa,GOV,kalshi,polymarket,Kalshi: 2026-GOV-IA Dem win,Polymarket: 2026-GOV-IA Dem win,GOVPARTYIA-26-D,28516530609046147912506080957661703525353315637939431396070995367971987456329,0.82,0.1285,2026-11-03,https://kalshi.com/markets/govpartyia/govpartyia-26,https://polymarket.com/event/iowa-governor-margin-of-victory-2026,374048.42,574.61,100,69.15,65.15,True,True,"Buy on Polymarket (12.8%), fade on Kalshi (82.0%)",one-sided,,,,,,,,
general,2026-GOV-ID,Elections,ID GOV,Idaho,GOV,kalshi,polymarket,Kalshi: 2026-GOV-ID Dem win,Polymarket: 2026-GOV-ID Dem win,GOVPARTYID-26-D,5374535681097369337687371771187402563232531222465924718112802095374856136103,0.038,0.005,2026-11-03,https://kalshi.com/markets/govpartyid/govpartyid-26,https://polymarket.com/event/idaho-governor-margin-of-victory-2026,1575.8,373.15,100,3.3,-0.7,False,False,"Buy on Polymarket (0.5%), fade on Kalshi (3.8%)",one-sided,,,,,,,,
general,2026-GOV-IL,Elections,IL GOV,Illinois,GOV,kalshi,polymarket,Kalshi: 2026-GOV-IL Dem win,Polymarket: 2026-GOV-IL Dem win,GOVPARTYIL-26-D,58808786465717758843425652871709125153538664844747368368968428642151433736680,0.96,0.017,2026-11-03,https://kalshi.com/markets/govpartyil/govpartyil-26,https://polymarket.com/event/illinois-governor-margin-of-victory-2026,81734.58,288.99,100,94.3,90.3,True,True,"Buy on Polymarket (1.7%), fade on Kalshi (96.0%)",one-sided,,,,,,,,
general,2026-GOV-MA,Elections,MA GOV,Massachusetts,GOV,kalshi,polymarket,Kalshi: 2026-GOV-MA Dem win,Polymarket: 2026-GOV-MA Dem win,GOVPARTYMA-26-D,86599393407315290835574565918707146460542680358932655202787183319230565551172,0.944,0.9575,2026-11-03,https://kalshi.com/markets/govpartyma/govpartyma-26,https://polymarket.com/event/massachusetts-governor-winner-2026,54049.8,34832.21,100,1.35,-2.65,False,False,"Buy on Kalshi (94.4%), fade on Polymarket (95.8%)",one-sided,,,,,,,,
general,2026-GOV-MD,Elections,MD GOV,Maryland,GOV,kalshi,polymarket,Kalshi: 2026-GOV-MD Dem win,Polymarket: 2026-GOV-MD Dem win,GOVPARTYMD-26-D,53638039985807028868166869799424330929247525197448156137951211436808149078190,0.958,0.098,2026-11-03,https://kalshi.com/markets/govpartymd/govpartymd-26,https://polymarket.com/event/maryland-governor-margin-of-victory-2026,4861.38,319.82,100,86.0,82.0,True,True,"Buy on Polymarket (9.8%), fade on Kalshi (95.8%)",one-sided,,,,,,,,
general,2026-GOV-ME,Elections,ME GOV,Maine,GOV,kalshi,polymarket,Kalshi: 2026-GOV-ME Dem win,Polymarket: 2026-GOV-ME Dem win,GOVPARTYME-26-D,23651638322851080330342106435096190515931462585225889831112779854315166231779,0.958,0.11,2026-11-03,https://kalshi.com/markets/govpartyme/govpartyme-26,https://polymarket.com/event/maine-governor-margin-of-victory-2026,27354.15,99.14,100,84.8,80.8,True,True,"Buy on Polymarket (11.0%), fade on Kalshi (95.8%)",one-sided,,,,,,,,
general,2026-GOV-MI,Elections,MI GOV,Michigan,GOV,kalshi,polymarket,Kalshi: 2026-GOV-MI Dem win,Polymarket: 2026-GOV-MI Dem win,GOVPARTYMI-26-D,63517706574758177502492185078056756527324898714284142778693046697324148388357,0.928,0.925,2026-11-03,https://kalshi.com/markets/govpartymi/govpartymi-26,https://polymarket.com/event/michigan-governor-winner-2026,76450.17,50643.88,100,0.3,-3.7,False,False,"Buy on Polymarket (92.5%), fade on Kalshi (92.8%)",one-sided,,,,,,,,
general,2026-GOV-MN,Elections,MN GOV,Minnesota,GOV,kalshi,polymarket,Kalshi: 2026-GOV-MN Dem win,Polymarket: 2026-GOV-MN Dem win,GOVPARTYMN-26-D,9126148503694470083148381233969293708563386203943196700151133094426622508276,0.944,0.955,2026-11-03,https://kalshi.com/markets/govpartymn/govpartymn-26,https://polymarket.com/event/minnesota-governor-winner-2026,173485.09,34904.3,100,1.1,-2.9,False,False,"Buy on Kalshi (94.4%), fade on Polymarket (95.5%)",one-sided,,,,,,,,
general,2026-GOV-NE,Elections,NE GOV,Nebraska,GOV,kalshi,polymarket,Kalshi: 2026-GOV-NE Dem win,Polymarket: 2026-GOV-NE Dem win,GOVPARTYNE-26-D,98024156104396635720277931445440924585268197624299419545106296886739198463285,0.097,0.026,2026-11-03,https://kalshi.com/markets/govpartyne/govpartyne-26,https://polymarket.com/event/nebraska-governor-margin-of-victory-2026,25599.48,139.84,100,7.1,3.1,True,False,"Buy on Polymarket (2.6%), fade on Kalshi (9.7%)",one-sided,,,,,,,,
general,2026-GOV-NM,Elections,NM GOV,New Mexico,GOV,kalshi,polymarket,Kalshi: 2026-GOV-NM Dem win,Polymarket: 2026-GOV-NM Dem win,GOVPARTYNM-26-D,20872779180994032198379350189656858573371064574347705011777588473664334643162,0.941,0.135,2026-11-03,https://kalshi.com/markets/govpartynm/govpartynm-26,https://polymarket.com/event/new-mexico-governor-margin-of-victory-2026,19241.77,349.75,100,80.6,76.6,True,True,"Buy on Polymarket (13.5%), fade on Kalshi (94.1%)",one-sided,,,,,,,,
general,2026-GOV-NV,Elections,NV GOV,Nevada,GOV,kalshi,polymarket,Kalshi: 2026-GOV-NV Dem win,Polymarket: 2026-GOV-NV Dem win,GOVPARTYNV-26-D,1246864710804983890692377994891598401616546411512113588399830364959833951829,0.46,0.495,2026-11-03,https://kalshi.com/markets/govpartynv/govpartynv-26,https://polymarket.com/event/nevada-governor-winner-2026,514746.25,51916.23,100,3.5,-0.5,False,False,"Buy on Kalshi (46.0%), fade on Polymarket (49.5%)",one-sided,,,,,,,,
general,2026-GOV-NY,Elections,NY GOV,New York,GOV,kalshi,polymarket,Kalshi: 2026-GOV-NY Dem win,Polymarket: 2026-GOV-NY Dem win,GOVPARTYNY-26-D,64050273355694113671090110638685043795558853994186493795797238541534244584786,0.939,0.95,2026-11-03,https://kalshi.com/markets/govpartyny/govpartyny-26,https://polymarket.com/event/new-york-governor-winner-2026,390136.15,52966.72,100,1.1,-2.9,False,False,"Buy on Kalshi (93.9%), fade on Polymarket (95.0%)",one-sided,,,,,,,,
general,2026-GOV-OH,Elections,OH GOV,Ohio,GOV,kalshi,polymarket,Kalshi: 2026-GOV-OH Dem win,Polymarket: 2026-GOV-OH Dem win,GOVPARTYOH-26-D,63255709540320761353971859526848930870803944190764324681913735372035438815215,0.61,0.595,2026-11-03,https://kalshi.com/markets/govpartyoh/govpartyoh-26,https://polymarket.com/event/ohio-governor-winner-2026,820531.5,98140.82,100,1.5,-2.5,False,False,"Buy on Polymarket (59.5%), fade on Kalshi (61.0%)",one-sided,,,,,,,,
general,2026-GOV-OK,Elections,OK GOV,Oklahoma,GOV,kalshi,polymarket,Kalshi: 2026-GOV-OK Dem win,Polymarket: 2026-GOV-OK Dem win,GOVPARTYOK-26-D,33677324094067659535016009166755151623373804207455946617460083577197975223827,0.096,0.0905,2026-11-03,https://kalshi.com/markets/govpartyok/govpartyok-26,https://polymarket.com/event/oklahoma-governor-margin-of-victory-2026,96979.71,496.23,100,0.55,-3.45,False,False,"Buy on Polymarket (9.0%), fade on Kalshi (9.6%)",one-sided,,,,,,,,
general,2026-GOV-OR,Elections,OR GOV,Oregon,GOV,kalshi,polymarket,Kalshi: 2026-GOV-OR Dem win,Polymarket: 2026-GOV-OR Dem win,GOVPARTYOR-26-D,9755787435930070640870536823763281543938387827225853124824813626465365556107,0.87,0.865,2026-11-03,https://kalshi.com/markets/govpartyor/govpartyor-26,https://polymarket.com/event/oregon-governor-winner-2026,64459.18,28719.2,100,0.5,-3.5,False,False,"Buy on Polymarket (86.5%), fade on Kalshi (87.0%)",one-sided,,,,,,,,
general,2026-GOV-PA,Elections,PA GOV,Pennsylvania,GOV,kalshi,polymarket,Kalshi: 2026-GOV-PA Dem win,Polymarket: 2026-GOV-PA Dem win,GOVPARTYPA-26-D,86158564038726526008163887440654010269502827272776903587995739265573029112945,0.972,0.963,2026-11-03,https://kalshi.com/markets/govpartypa/govpartypa-26,https://polymarket.com/event/pennsylvania-governor-winner-2026,102067.99,7519.76,100,0.9,-3.1,False,False,"Buy on Polymarket (96.3%), fade on Kalshi (97.2%)",one-sided,,,,,,,,
general,2026-GOV-RI,Elections,RI GOV,Rhode Island,GOV,kalshi,polymarket,Kalshi: 2026-GOV-RI Dem win,Polymarket: 2026-GOV-RI Dem win,GOVPARTYRI-26-D,12963869833838696349134591178892586509546549676681530057691780490969939726649,0.928,0.959,2026-11-03,https://kalshi.com/markets/govpartyri/govpartyri-26,https://polymarket.com/event/rhode-island-governor-winner-2026,11024.52,56999.64,100,3.1,-0.9,False,False,"Buy on Kalshi (92.8%), fade on Polymarket (95.9%)",one-sided,,,,,,,,
general,2026-GOV-SC,Elections,SC GOV,South Carolina,GOV,kalshi,polymarket,Kalshi: 2026-GOV-SC Dem win,Polymarket: 2026-GOV-SC Dem win,GOVPARTYSC-26-D,69673263487139231624315897585768201230841320475352635832819992690850228911127,0.05,0.0575,2026-11-03,https://kalshi.com/markets/govpartysc/govpartysc-26,https://polymarket.com/event/south-carolina-governor-winner-2026,16365.77,7245.46,100,0.75,-3.25,False,False,"Buy on Kalshi (5.0%), fade on Polymarket (5.8%)",one-sided,,,,,,,,
general,2026-GOV-SD,Elections,SD GOV,South Dakota,GOV,kalshi,polymarket,Kalshi: 2026-GOV-SD Dem win,Polymarket: 2026-GOV-SD Dem win,GOVPARTYSD-26-D,19857809653204352084235953967001149759321806996646353766198011041287290557051,0.043,0.0465,2026-11-03,https://kalshi.com/markets/govpartysd/govpartysd-26,https://polymarket.com/event/south-dakota-governor-winner-2026,4728.33,17370.9,100,0.35,-3.65,False,False,"Buy on Kalshi (4.3%), fade on Polymarket (4.7%)",one-sided,,,,,,,,
general,2026-GOV-TN,Elections,TN GOV,Tennessee,GOV,kalshi,polymarket,Kalshi: 2026-GOV-TN Dem win,Polymarket: 2026-GOV-TN Dem win,GOVPARTYTN-26-D,102611485756249416836549281697868549362431608386382371986217607856491804878629,0.06,0.0265,2026-11-03,https://kalshi.com/markets/govpartytn/govpartytn-26,https://polymarket.com/event/tennessee-governor-margin-of-victory-2026,28593.87,460.11,100,3.35,-0.65,False,False,"Buy on Polymarket (2.6%), fade on Kalshi (6.0%)",one-sided,,,,,,,,
general,2026-GOV-TX,Elections,TX GOV,Texas,GOV,kalshi,polymarket,Kalshi: 2026-GOV-TX Dem win,Polymarket: 2026-GOV-TX Dem win,GOVPARTYTX-26-D,48232987449750988261789196083999659380058157021032932634331257492238853387252,0.29,0.32,2026-11-03,https://kalshi.com/markets/govpartytx/govpartytx-26,https://polymarket.com/event/texas-governor-winner-2026,890174.81,99454.88,100,3.0,-1.0,False,False,"Buy on Kalshi (29.0%), fade on Polymarket (32.0%)",one-sided,,,,,,,,
general,2026-GOV-VT,Elections,VT GOV,Vermont,GOV,kalshi,polymarket,Kalshi: 2026-GOV-VT Dem win,Polymarket: 2026-GOV-VT Dem win,GOVPARTYVT-26-D,60184991030711150053889856154789765911962237408503307206289529109604385579009,0.07,0.0565,2026-11-03,https://kalshi.com/markets/govpartyvt/govpartyvt-26,https://polymarket.com/event/vermont-governor-winner-2026,41934.71,35895.25,100,1.35,-2.65,False,False,"Buy on Polymarket (5.7%), fade on Kalshi (7.0%)",one-sided,,,,,,,,
general,2026-GOV-WI,Elections,WI GOV,Wisconsin,GOV,kalshi,polymarket,Kalshi: 2026-GOV-WI Dem win,Polymarket: 2026-GOV-WI Dem win,GOVPARTYWI-26-D,47540146623620182724372695903724852067595146419459482790641441152489267651664,0.84,0.865,2026-11-03,https://kalshi.com/markets/govpartywi/govpartywi-26,https://polymarket.com/event/wisconsin-governor-winner-2026,475493.41,326686.24,100,2.5,-1.5,False,False,"Buy on Kalshi (84.0%), fade on Polymarket (86.5%)",one-sided,,,,,,,,
general,2026-GOV-WY,Elections,WY GOV,Wyoming,GOV,kalshi,polymarket,Kalshi: 2026-GOV-WY Dem win,Polymarket: 2026-GOV-WY Dem win,GOVPARTYWY-26-D,62494856306098715275973704893756117218029969085400853979485118785041942847719,0.03,0.006,2026-11-03,https://kalshi.com/markets/govpartywy/govpartywy-26,https://polymarket.com/event/wyoming-governor-margin-of-victory-2026,3218.03,399.21,100,2.4,-1.6,False,False,"Buy on Polymarket (0.6%), fade on Kalshi (3.0%)",one-sided,,,,,,,,
general,2026-H-AZ-01,Elections,AZ-01,Arizona,H,kalshi,polymarket,Kalshi: 2026-H-AZ-01 Dem win,Polymarket: 2026-H-AZ-01 Dem win,HOUSEAZ1-26-D,67501795419284092111663134279812910460154992630407078593989658098590262577673,0.72,0.745,2026-11-03,https://kalshi.com/markets/houseaz1/houseaz1-26,https://polymarket.com/event/az-01-house-election-winner,32459.03,40524.11,100,2.5,-1.5,False,False,"Buy on Kalshi (72.0%), fade on Polymarket (74.5%)",one-sided,,,,,,,,
general,2026-H-AZ-02,Elections,AZ-02,Arizona,H,kalshi,polymarket,Kalshi: 2026-H-AZ-02 Dem win,Polymarket: 2026-H-AZ-02 Dem win,HOUSEAZ2-26-D,15094111246624783957498026224969429443683097650143287084631702605091845217300,0.32,0.1,2026-11-03,https://kalshi.com/markets/houseaz2/houseaz2-26,https://polymarket.com/event/az-02-house-margin-of-victory-2026,5731.31,223.37,100,22.0,18.0,True,True,"Buy on Polymarket (10.0%), fade on Kalshi (32.0%)",one-sided,,,,,,,,
general,2026-H-AZ-06,Elections,AZ-06,Arizona,H,kalshi,polymarket,Kalshi: 2026-H-AZ-06 Dem win,Polymarket: 2026-H-AZ-06 Dem win,HOUSEAZ6-26-D,85504884077747779544322925248378834618928252684355553778865950032332061334141,0.83,0.0395,2026-11-03,https://kalshi.com/markets/houseaz6/houseaz6-26,https://polymarket.com/event/az-06-house-margin-of-victory-2026,6989.81,229.36,100,79.05,75.05,True,True,"Buy on Polymarket (4.0%), fade on Kalshi (83.0%)",one-sided,,,,,,,,
general,2026-H-CA-03,Elections,CA-03,California,H,kalshi,polymarket,Kalshi: 2026-H-CA-03 Dem win,Polymarket: 2026-H-CA-03 Dem win,HOUSECA3-26-D,51024410437074957145165850312353994290369179567521609211645327338586315234285,0.923,0.955,2026-11-03,https://kalshi.com/markets/houseca3/houseca3-26,https://polymarket.com/event/ca-03-house-election-winner,15493.67,25987.71,100,3.2,-0.8,False,False,"Buy on Kalshi (92.3%), fade on Polymarket (95.5%)",one-sided,,,,,,,,
general,2026-H-CA-09,Elections,CA-09,California,H,kalshi,polymarket,Kalshi: 2026-H-CA-09 Dem win,Polymarket: 2026-H-CA-09 Dem win,HOUSECA9-26-D,85818458220835205685598773894359215795624110062253373707616024326577925493201,0.922,0.955,2026-11-03,https://kalshi.com/markets/houseca9/houseca9-26,https://polymarket.com/event/ca-09-house-election-winner,4247.68,16058.65,100,3.3,-0.7,False,False,"Buy on Kalshi (92.2%), fade on Polymarket (95.5%)",one-sided,,,,,,,,
general,2026-H-CA-13,Elections,CA-13,California,H,kalshi,polymarket,Kalshi: 2026-H-CA-13 Dem win,Polymarket: 2026-H-CA-13 Dem win,HOUSECA13-26-D,62184131032386611428464897252491116870859707412945073702683019894928068509899,0.912,0.943,2026-11-03,https://kalshi.com/markets/houseca13/houseca13-26,https://polymarket.com/event/ca-13-house-election-winner,16515.31,11604.21,100,3.1,-0.9,False,False,"Buy on Kalshi (91.2%), fade on Polymarket (94.3%)",guaranteed,0.45,91.6,8.4,91.57,8.43,0.45,Buy Dem on A (91.6% of bankroll) + Buy Rep on B (8.4%),
general,2026-H-CA-21,Elections,CA-21,California,H,kalshi,polymarket,Kalshi: 2026-H-CA-21 Dem win,Polymarket: 2026-H-CA-21 Dem win,HOUSECA21-26-D,9839394132167490569494811921928425917610245224143989073663541732846436833998,0.939,0.935,2026-11-03,https://kalshi.com/markets/houseca21/houseca21-26,https://polymarket.com/event/ca-21-house-election-winner,4357.71,15163.28,100,0.4,-3.6,False,False,"Buy on Polymarket (93.5%), fade on Kalshi (93.9%)",one-sided,,,,,,,,
general,2026-H-CA-22,Elections,CA-22,California,H,kalshi,polymarket,Kalshi: 2026-H-CA-22 Dem win,Polymarket: 2026-H-CA-22 Dem win,HOUSECA22-26-D,14880392203916951367210594044346675783187280368615720213876603794661640957466,0.9,0.895,2026-11-03,https://kalshi.com/markets/houseca22/houseca22-26,https://polymarket.com/event/which-party-will-win-the-house-race-for-the-ca-22-seat,54059.04,7203.16,100,0.5,-3.5,False,False,"Buy on Polymarket (89.5%), fade on Kalshi (90.0%)",one-sided,,,,,,,,
general,2026-H-CA-27,Elections,CA-27,California,H,kalshi,polymarket,Kalshi: 2026-H-CA-27 Dem win,Polymarket: 2026-H-CA-27 Dem win,HOUSECA27-26-D,3386886768575392625178430469513095175799394167104373172920267896603859431569,0.935,0.945,2026-11-03,https://kalshi.com/markets/houseca27/houseca27-26,https://polymarket.com/event/which-party-will-win-the-house-race-for-the-ca-27-seat,5192.48,5738.05,100,1.0,-3.0,False,False,"Buy on Kalshi (93.5%), fade on Polymarket (94.5%)",one-sided,,,,,,,,
general,2026-H-CA-41,Elections,CA-41,California,H,kalshi,polymarket,Kalshi: 2026-H-CA-41 Dem win,Polymarket: 2026-H-CA-41 Dem win,HOUSECA41-26-D,48593915301513824754675795036918399098342443342199462614665200546792921742958,0.97,0.955,2026-11-03,https://kalshi.com/markets/houseca41/houseca41-26,https://polymarket.com/event/ca-41-house-election-winner,6184.91,8891.22,100,1.5,-2.5,False,False,"Buy on Polymarket (95.5%), fade on Kalshi (97.0%)",one-sided,,,,,,,,
general,2026-H-CA-45,Elections,CA-45,California,H,kalshi,polymarket,Kalshi: 2026-H-CA-45 Dem win,Polymarket: 2026-H-CA-45 Dem win,HOUSECA45-26-D,46673777763694916398875529692342633408590099825859504980336071003257635967376,0.919,0.925,2026-11-03,https://kalshi.com/markets/houseca45/houseca45-26,https://polymarket.com/event/ca-45-house-election-winner,24027.04,20860.12,100,0.6,-3.4,False,False,"Buy on Kalshi (91.9%), fade on Polymarket (92.5%)",one-sided,,,,,,,,
general,2026-H-CA-47,Elections,CA-47,California,H,kalshi,polymarket,Kalshi: 2026-H-CA-47 Dem win,Polymarket: 2026-H-CA-47 Dem win,HOUSECA47-26-D,23550083646669959729728201378229661225715650257894963073625400004845620304219,0.96,0.955,2026-11-03,https://kalshi.com/markets/houseca47/houseca47-26,https://polymarket.com/event/ca-47-house-election-winner,3104.18,3539.76,100,0.5,-3.5,False,False,"Buy on Polymarket (95.5%), fade on Kalshi (96.0%)",one-sided,,,,,,,,
general,2026-H-CA-49,Elections,CA-49,California,H,kalshi,polymarket,Kalshi: 2026-H-CA-49 Dem win,Polymarket: 2026-H-CA-49 Dem win,HOUSECA49-26-D,104036299545597550224954508385716352383975603171183358856957817363966564935570,0.96,0.955,2026-11-03,https://kalshi.com/markets/houseca49/houseca49-26,https://polymarket.com/event/ca-49-house-election-winner,14061.0,19762.39,100,0.5,-3.5,False,False,"Buy on Polymarket (95.5%), fade on Kalshi (96.0%)",one-sided,,,,,,,,
general,2026-H-CO-03,Elections,CO-03,Colorado,H,kalshi,polymarket,Kalshi: 2026-H-CO-03 Dem win,Polymarket: 2026-H-CO-03 Dem win,HOUSECO3-26-D,24395104702642353411948925889097630568855366590528757185881735998149149192479,0.35,0.375,2026-11-03,https://kalshi.com/markets/houseco3/houseco3-26,https://polymarket.com/event/co-03-house-election-winner,9572.23,8516.73,100,2.5,-1.5,False,False,"Buy on Kalshi (35.0%), fade on Polymarket (37.5%)",one-sided,,,,,,,,
general,2026-H-CO-08,Elections,CO-08,Colorado,H,kalshi,polymarket,Kalshi: 2026-H-CO-08 Dem win,Polymarket: 2026-H-CO-08 Dem win,HOUSECO8-26-D,111540362553565728751187438925859908575427409891112173540802616759607897153785,0.84,0.815,2026-11-03,https://kalshi.com/markets/houseco8/houseco8-26,https://polymarket.com/event/co-08-house-election-winner,11864.18,9709.8,100,2.5,-1.5,False,False,"Buy on Polymarket (81.5%), fade on Kalshi (84.0%)",one-sided,,,,,,,,
general,2026-H-CT-05,Elections,CT-05,Connecticut,H,kalshi,polymarket,Kalshi: 2026-H-CT-05 Dem win,Polymarket: 2026-H-CT-05 Dem win,HOUSECT5-26-D,4102292012495276789306481274689776832735182662407154073320343951315418557612,0.95,0.9485,2026-11-03,https://kalshi.com/markets/housect5/housect5-26,https://polymarket.com/event/ct-05-house-election-winner,4155.62,5338.93,100,0.15,-3.85,False,False,"Buy on Polymarket (94.8%), fade on Kalshi (95.0%)",one-sided,,,,,,,,
general,2026-H-FL-13,Elections,FL-13,Florida,H,kalshi,polymarket,Kalshi: 2026-H-FL-13 Dem win,Polymarket: 2026-H-FL-13 Dem win,HOUSEFL13-26-D,23516405009123186913550243550918865478858434757342132680078828441821558127283,0.29,0.0345,2026-11-03,https://kalshi.com/markets/housefl13/housefl13-26,https://polymarket.com/event/fl-13-house-margin-of-victory-2026,6900.2,164.12,100,25.55,21.55,True,True,"Buy on Polymarket (3.5%), fade on Kalshi (29.0%)",one-sided,,,,,,,,
general,2026-H-FL-23,Elections,FL-23,Florida,H,kalshi,polymarket,Kalshi: 2026-H-FL-23 Dem win,Polymarket: 2026-H-FL-23 Dem win,HOUSEFL23-26-D,37339804851958529477668640272202929685210557293494488892587593584631088241480,0.96,0.95,2026-11-03,https://kalshi.com/markets/housefl23/housefl23-26,https://polymarket.com/event/fl-23-house-election-winner,9179.46,11432.89,100,1.0,-3.0,False,False,"Buy on Polymarket (95.0%), fade on Kalshi (96.0%)",one-sided,,,,,,,,
general,2026-H-IA-01,Elections,IA-01,Iowa,H,kalshi,polymarket,Kalshi: 2026-H-IA-01 Dem win,Polymarket: 2026-H-IA-01 Dem win,HOUSEIA1-26-D,73133333032374050388308797551788328791489646855308199472812622626040046372008,0.79,0.0305,2026-11-03,https://kalshi.com/markets/houseia1/houseia1-26,https://polymarket.com/event/ia-01-house-margin-of-victory-2026,147568.48,492.48,100,75.95,71.95,True,True,"Buy on Polymarket (3.0%), fade on Kalshi (79.0%)",one-sided,,,,,,,,
general,2026-H-IA-03,Elections,IA-03,Iowa,H,kalshi,polymarket,Kalshi: 2026-H-IA-03 Dem win,Polymarket: 2026-H-IA-03 Dem win,HOUSEIA3-26-D,35339089793508644217069909067658895752329024024097049512042635475391524986335,0.75,0.006,2026-11-03,https://kalshi.com/markets/houseia3/houseia3-26,https://polymarket.com/event/ia-03-house-margin-of-victory-2026,37203.51,449.39,100,74.4,70.4,True,True,"Buy on Polymarket (0.6%), fade on Kalshi (75.0%)",one-sided,,,,,,,,
general,2026-H-IL-17,Elections,IL-17,Illinois,H,kalshi,polymarket,Kalshi: 2026-H-IL-17 Dem win,Polymarket: 2026-H-IL-17 Dem win,HOUSEIL17-26-D,26171734240618645516324503767249447123367690718138779413343534699327358751805,0.924,0.935,2026-11-03,https://kalshi.com/markets/houseil17/houseil17-26,https://polymarket.com/event/il-17-house-election-winner,2992.7,5726.71,100,1.1,-2.9,False,False,"Buy on Kalshi (92.4%), fade on Polymarket (93.5%)",one-sided,,,,,,,,
general,2026-H-IN-01,Elections,IN-01,Indiana,H,kalshi,polymarket,Kalshi: 2026-H-IN-01 Dem win,Polymarket: 2026-H-IN-01 Dem win,HOUSEIN1-26-D,3681107044092181679149096081582633622132617006087258915752259581199189306652,0.949,0.935,2026-11-03,https://kalshi.com/markets/housein1/housein1-26,https://polymarket.com/event/in-01-house-election-winner,10120.71,3112.81,100,1.4,-2.6,False,False,"Buy on Polymarket (93.5%), fade on Kalshi (94.9%)",one-sided,,,,,,,,
general,2026-H-ME-02,Elections,ME-02,Maine,H,kalshi,polymarket,Kalshi: 2026-H-ME-02 Dem win,Polymarket: 2026-H-ME-02 Dem win,HOUSEME2-26-D,96914958250546616618098909674490573266030506817741031776466109480920768219053,0.38,0.415,2026-11-03,https://kalshi.com/markets/houseme2/houseme2-26,https://polymarket.com/event/me-02-house-election-winner-20260720160226434,32853.78,3372.36,100,3.5,-0.5,False,False,"Buy on Kalshi (38.0%), fade on Polymarket (41.5%)",one-sided,,,,,,,,
general,2026-H-MI-03,Elections,MI-03,Michigan,H,kalshi,polymarket,Kalshi: 2026-H-MI-03 Dem win,Polymarket: 2026-H-MI-03 Dem win,HOUSEMI3-26-D,34227383004193373038906204949041462485365502825604088115677762838860776270336,0.945,0.945,2026-11-03,https://kalshi.com/markets/housemi3/housemi3-26,https://polymarket.com/event/mi-03-house-election-winner,5143.18,18441.26,100,0.0,-4.0,False,False,"Buy on Kalshi (94.5%), fade on Polymarket (94.5%)",one-sided,,,,,,,,
general,2026-H-MI-04,Elections,MI-04,Michigan,H,kalshi,polymarket,Kalshi: 2026-H-MI-04 Dem win,Polymarket: 2026-H-MI-04 Dem win,HOUSEMI4-26-D,88776488175071791462909511406316753979194373422367163888126718728750245407110,0.48,0.485,2026-11-03,https://kalshi.com/markets/housemi4/housemi4-26,https://polymarket.com/event/mi-04-house-election-winner,6511.02,5145.65,100,0.5,-3.5,False,False,"Buy on Kalshi (48.0%), fade on Polymarket (48.5%)",one-sided,,,,,,,,
general,2026-H-MI-07,Elections,MI-07,Michigan,H,kalshi,polymarket,Kalshi: 2026-H-MI-07 Dem win,Polymarket: 2026-H-MI-07 Dem win,HOUSEMI7-26-D,28428563408232158641020832230598845099279456308678642815367173717175353290703,0.59,0.565,2026-11-03,https://kalshi.com/markets/housemi7/housemi7-26,https://polymarket.com/event/mi-07-house-election-winner,29475.02,14602.84,100,2.5,-1.5,False,False,"Buy on Polymarket (56.5%), fade on Kalshi (59.0%)",one-sided,,,,,,,,
general,2026-H-MI-08,Elections,MI-08,Michigan,H,kalshi,polymarket,Kalshi: 2026-H-MI-08 Dem win,Polymarket: 2026-H-MI-08 Dem win,HOUSEMI8-26-D,40998004024518769727715136534481229852277056748646105714813641637686167793485,0.939,0.915,2026-11-03,https://kalshi.com/markets/housemi8/housemi8-26,https://polymarket.com/event/mi-08-house-election-winner,3376.19,8256.55,100,2.4,-1.6,False,False,"Buy on Polymarket (91.5%), fade on Kalshi (93.9%)",guaranteed,0.3,8.1,91.9,8.15,91.85,0.3,Buy Rep on A (8.1% of bankroll) + Buy Dem on B (91.9%),
general,2026-H-MI-10,Elections,MI-10,Michigan,H,kalshi,polymarket,Kalshi: 2026-H-MI-10 Dem win,Polymarket: 2026-H-MI-10 Dem win,HOUSEMI10-26-D,75685534826787951976275953631896177236439299709473517876953614908104349066066,0.66,0.655,2026-11-03,https://kalshi.com/markets/housemi10/housemi10-26,https://polymarket.com/event/mi-10-house-election-winner,11796.06,5218.91,100,0.5,-3.5,False,False,"Buy on Polymarket (65.5%), fade on Kalshi (66.0%)",one-sided,,,,,,,,
general,2026-H-MN-02,Elections,MN-02,Minnesota,H,kalshi,polymarket,Kalshi: 2026-H-MN-02 Dem win,Polymarket: 2026-H-MN-02 Dem win,HOUSEMN2-26-D,101761583924149127934699530188897560119595562747749947811419542814081248785009,0.9,0.935,2026-11-03,https://kalshi.com/markets/housemn2/housemn2-26,https://polymarket.com/event/mn-02-house-election-winner,5208.22,10101.33,100,3.5,-0.5,False,False,"Buy on Kalshi (90.0%), fade on Polymarket (93.5%)",one-sided,,,,,,,,
general,2026-H-MT-01,Elections,MT-01,Montana,H,kalshi,polymarket,Kalshi: 2026-H-MT-01 Dem win,Polymarket: 2026-H-MT-01 Dem win,HOUSEMT1-26-D,44545270970299538992507752544909286321644121845929135927251255408735756176271,0.29,0.0435,2026-11-03,https://kalshi.com/markets/housemt1/housemt1-26,https://polymarket.com/event/mt-01-house-margin-of-victory-2026,116495.16,67.03,100,24.65,20.65,True,True,"Buy on Polymarket (4.3%), fade on Kalshi (29.0%)",one-sided,,,,,,,,
general,2026-H-NC-01,Elections,NC-01,North Carolina,H,kalshi,polymarket,Kalshi: 2026-H-NC-01 Dem win,Polymarket: 2026-H-NC-01 Dem win,HOUSENC1-26-D,36264409143490797808722923495275444767229882429676999573147086956726990354287,0.61,0.245,2026-11-03,https://kalshi.com/markets/housenc1/housenc1-26,https://polymarket.com/event/nc-01-house-margin-of-victory-2026,28763.83,1037.17,100,36.5,32.5,True,True,"Buy on Polymarket (24.5%), fade on Kalshi (61.0%)",one-sided,,,,,,,,
general,2026-H-NE-02,Elections,NE-02,Nebraska,H,kalshi,polymarket,Kalshi: 2026-H-NE-02 Dem win,Polymarket: 2026-H-NE-02 Dem win,HOUSENE2-26-D,23670336648522148292255952409562731183767601579194790195344250275434733602832,0.936,0.079,2026-11-03,https://kalshi.com/markets/housene2/housene2-26,https://polymarket.com/event/ne-02-house-margin-of-victory-2026,19015.01,373.92,100,85.7,81.7,True,True,"Buy on Polymarket (7.9%), fade on Kalshi (93.6%)",one-sided,,,,,,,,
general,2026-H-NH-01,Elections,NH-01,New Hampshire,H,kalshi,polymarket,Kalshi: 2026-H-NH-01 Dem win,Polymarket: 2026-H-NH-01 Dem win,HOUSENH1-26-D,15841973896294397863780283211777886833063131427675236235397936182214462263761,0.93,0.912,2026-11-03,https://kalshi.com/markets/housenh1/housenh1-26,https://polymarket.com/event/nh-01-house-election-winner,4351.19,7916.24,100,1.8,-2.2,False,False,"Buy on Polymarket (91.2%), fade on Kalshi (93.0%)",one-sided,,,,,,,,
general,2026-H-NJ-05,Elections,NJ-05,New Jersey,H,kalshi,polymarket,Kalshi: 2026-H-NJ-05 Dem win,Polymarket: 2026-H-NJ-05 Dem win,HOUSENJ5-26-D,13519705719963509929683148288926153787265112241635823723016861342315276851232,0.942,0.015,2026-11-03,https://kalshi.com/markets/housenj5/housenj5-26,https://polymarket.com/event/nj-05-house-margin-of-victory-2026,3231.64,885.73,100,92.7,88.7,True,True,"Buy on Polymarket (1.5%), fade on Kalshi (94.2%)",one-sided,,,,,,,,
general,2026-H-NJ-07,Elections,NJ-07,New Jersey,H,kalshi,polymarket,Kalshi: 2026-H-NJ-07 Dem win,Polymarket: 2026-H-NJ-07 Dem win,HOUSENJ7-26-D,27123306259119944253562661232094436361760837915766550364037281151731139451368,0.83,0.158,2026-11-03,https://kalshi.com/markets/housenj7/housenj7-26,https://polymarket.com/event/nj-07-house-margin-of-victory-2026,124754.64,278.59,100,67.2,63.2,True,True,"Buy on Polymarket (15.8%), fade on Kalshi (83.0%)",one-sided,,,,,,,,
general,2026-H-NJ-09,Elections,NJ-09,New Jersey,H,kalshi,polymarket,Kalshi: 2026-H-NJ-09 Dem win,Polymarket: 2026-H-NJ-09 Dem win,HOUSENJ9-26-D,64646801358204661091649152026679678477997607545079265541240545041704334470547,0.959,0.9585,2026-11-03,https://kalshi.com/markets/housenj9/housenj9-26,https://polymarket.com/event/nj-09-house-election-winner,11210.06,16921.83,100,0.05,-3.95,False,False,"Buy on Polymarket (95.9%), fade on Kalshi (95.9%)",one-sided,,,,,,,,
general,2026-H-NM-02,Elections,NM-02,New Mexico,H,kalshi,polymarket,Kalshi: 2026-H-NM-02 Dem win,Polymarket: 2026-H-NM-02 Dem win,HOUSENM2-26-D,49061166903138020557143842034758300146368992431706209199591270519597499074754,0.916,0.041,2026-11-03,https://kalshi.com/markets/housenm2/housenm2-26,https://polymarket.com/event/nm-02-house-margin-of-victory-2026,9223.78,148.48,100,87.5,83.5,True,True,"Buy on Polymarket (4.1%), fade on Kalshi (91.6%)",one-sided,,,,,,,,
general,2026-H-NV-01,Elections,NV-01,Nevada,H,kalshi,polymarket,Kalshi: 2026-H-NV-01 Dem win,Polymarket: 2026-H-NV-01 Dem win,HOUSENV1-26-D,53419693435572371788699892259142418692358073805819213173632989322601750027858,0.89,0.945,2026-11-03,https://kalshi.com/markets/housenv1/housenv1-26,https://polymarket.com/event/nv-01-house-election-winner,6362.02,9690.7,100,5.5,1.5,True,False,"Buy on Kalshi (89.0%), fade on Polymarket (94.5%)",one-sided,,,,,,,,
general,2026-H-NV-03,Elections,NV-03,Nevada,H,kalshi,polymarket,Kalshi: 2026-H-NV-03 Dem win,Polymarket: 2026-H-NV-03 Dem win,HOUSENV3-26-D,94909040987536769270715360325201420589044604443243218743462043270034738802453,0.948,0.935,2026-11-03,https://kalshi.com/markets/housenv3/housenv3-26,https://polymarket.com/event/nv-03-house-election-winner,9232.97,4726.13,100,1.3,-2.7,False,False,"Buy on Polymarket (93.5%), fade on Kalshi (94.8%)",one-sided,,,,,,,,
general,2026-H-NV-04,Elections,NV-04,Nevada,H,kalshi,polymarket,Kalshi: 2026-H-NV-04 Dem win,Polymarket: 2026-H-NV-04 Dem win,HOUSENV4-26-D,88187945575331242303927202438349133204525452079930735372959998332697533654467,0.933,0.123,2026-11-03,https://kalshi.com/markets/housenv4/housenv4-26,https://polymarket.com/event/nv-04-house-margin-of-victory-2026,5891.27,374.96,100,81.0,77.0,True,True,"Buy on Polymarket (12.3%), fade on Kalshi (93.3%)",one-sided,,,,,,,,
general,2026-H-NY-03,Elections,NY-03,New York,H,kalshi,polymarket,Kalshi: 2026-H-NY-03 Dem win,Polymarket: 2026-H-NY-03 Dem win,HOUSENY3-26-D,95873286255325136859944314511685433946471154050507766930211873940748656819468,0.919,0.915,2026-11-03,https://kalshi.com/markets/houseny3/houseny3-26,https://polymarket.com/event/ny-03-house-election-winner,4524.88,12642.12,100,0.4,-3.6,False,False,"Buy on Polymarket (91.5%), fade on Kalshi (91.9%)",one-sided,,,,,,,,
general,2026-H-NY-04,Elections,NY-04,New York,H,kalshi,polymarket,Kalshi: 2026-H-NY-04 Dem win,Polymarket: 2026-H-NY-04 Dem win,HOUSENY4-26-D,13974049568644717474771389664941128661922104198755443748546723165175773986086,0.921,0.008,2026-11-03,https://kalshi.com/markets/houseny4/houseny4-26,https://polymarket.com/event/ny-04-house-margin-of-victory-2026,12180.4,152.72,100,91.3,87.3,True,True,"Buy on Polymarket (0.8%), fade on Kalshi (92.1%)",one-sided,,,,,,,,
general,2026-H-NY-17,Elections,NY-17,New York,H,kalshi,polymarket,Kalshi: 2026-H-NY-17 Dem win,Polymarket: 2026-H-NY-17 Dem win,HOUSENY17-26-D,43378364768363875165663494307718830733939145676233226557670666542858566784212,0.64,0.13,2026-11-03,https://kalshi.com/markets/houseny17/houseny17-26,https://polymarket.com/event/ny-17-house-margin-of-victory-2026,39702.71,1302.32,100,51.0,47.0,True,True,"Buy on Polymarket (13.0%), fade on Kalshi (64.0%)",one-sided,,,,,,,,
general,2026-H-NY-18,Elections,NY-18,New York,H,kalshi,polymarket,Kalshi: 2026-H-NY-18 Dem win,Polymarket: 2026-H-NY-18 Dem win,HOUSENY18-26-D,109366648785359897906028207341396034012651954488478675798954804413508695852190,0.925,0.065,2026-11-03,https://kalshi.com/markets/houseny18/houseny18-26,https://polymarket.com/event/ny-18-house-margin-of-victory-2026,7316.17,172.7,100,86.0,82.0,True,True,"Buy on Polymarket (6.5%), fade on Kalshi (92.5%)",one-sided,,,,,,,,
general,2026-H-NY-19,Elections,NY-19,New York,H,kalshi,polymarket,Kalshi: 2026-H-NY-19 Dem win,Polymarket: 2026-H-NY-19 Dem win,HOUSENY19-26-D,110513625685552508307985945547975220111251271956311568244995722139152190564594,0.966,0.9545,2026-11-03,https://kalshi.com/markets/houseny19/houseny19-26,https://polymarket.com/event/ny-19-house-election-winner,7910.27,10727.54,100,1.15,-2.85,False,False,"Buy on Polymarket (95.5%), fade on Kalshi (96.6%)",one-sided,,,,,,,,
general,2026-H-NY-22,Elections,NY-22,New York,H,kalshi,polymarket,Kalshi: 2026-H-NY-22 Dem win,Polymarket: 2026-H-NY-22 Dem win,HOUSENY22-26-D,94642975307457823038655541464684168636538661255044937628584087934091718205759,0.927,0.935,2026-11-03,https://kalshi.com/markets/houseny22/houseny22-26,https://polymarket.com/event/ny-22-house-election-winner,3568.0,11334.41,100,0.8,-3.2,False,False,"Buy on Kalshi (92.7%), fade on Polymarket (93.5%)",one-sided,,,,,,,,
general,2026-H-OH-01,Elections,OH-01,Ohio,H,kalshi,polymarket,Kalshi: 2026-H-OH-01 Dem win,Polymarket: 2026-H-OH-01 Dem win,HOUSEOH1-26-D,54683918395285218242154486097975094247311771681306620842955201199347227560316,0.86,0.845,2026-11-03,https://kalshi.com/markets/houseoh1/houseoh1-26,https://polymarket.com/event/oh-01-house-election-winner,26339.64,18312.65,100,1.5,-2.5,False,False,"Buy on Polymarket (84.5%), fade on Kalshi (86.0%)",one-sided,,,,,,,,
general,2026-H-OH-09,Elections,OH-09,Ohio,H,kalshi,polymarket,Kalshi: 2026-H-OH-09 Dem win,Polymarket: 2026-H-OH-09 Dem win,HOUSEOH9-26-D,50596247687223425657262762084634849197986344996562894746007512990445368950700,0.74,0.125,2026-11-03,https://kalshi.com/markets/houseoh9/houseoh9-26,https://polymarket.com/event/oh-09-house-margin-of-victory-2026,28055.2,482.33,100,61.5,57.5,True,True,"Buy on Polymarket (12.5%), fade on Kalshi (74.0%)",one-sided,,,,,,,,
general,2026-H-OH-13,Elections,OH-13,Ohio,H,kalshi,polymarket,Kalshi: 2026-H-OH-13 Dem win,Polymarket: 2026-H-OH-13 Dem win,HOUSEOH13-26-D,108201947128889972784613099829931421321901366278420968943078611687284146452050,0.95,0.036,2026-11-03,https://kalshi.com/markets/houseoh13/houseoh13-26,https://polymarket.com/event/oh-13-house-margin-of-victory-2026,5668.04,989.98,100,91.4,87.4,True,True,"Buy on Polymarket (3.6%), fade on Kalshi (95.0%)",one-sided,,,,,,,,
general,2026-H-OR-05,Elections,OR-05,Oregon,H,kalshi,polymarket,Kalshi: 2026-H-OR-05 Dem win,Polymarket: 2026-H-OR-05 Dem win,HOUSEOR5-26-D,12668390728546664562591096503585520540809771817912759179044387646050235405928,0.94,0.93,2026-11-03,https://kalshi.com/markets/houseor5/houseor5-26,https://polymarket.com/event/or-05-house-election-winner,2562.0,6230.72,100,1.0,-3.0,False,False,"Buy on Polymarket (93.0%), fade on Kalshi (94.0%)",one-sided,,,,,,,,
general,2026-H-PA-01,Elections,PA-01,Pennsylvania,H,kalshi,polymarket,Kalshi: 2026-H-PA-01 Dem win,Polymarket: 2026-H-PA-01 Dem win,HOUSEPA1-26-D,16012226704757508574985495115985649983845025883969883775997247738205483183833,0.39,0.22,2026-11-03,https://kalshi.com/markets/housepa1/housepa1-26,https://polymarket.com/event/pa-01-house-margin-of-victory-2026,170474.6,545.66,100,17.0,13.0,True,False,"Buy on Polymarket (22.0%), fade on Kalshi (39.0%)",one-sided,,,,,,,,
general,2026-H-PA-07,Elections,PA-07,Pennsylvania,H,kalshi,polymarket,Kalshi: 2026-H-PA-07 Dem win,Polymarket: 2026-H-PA-07 Dem win,HOUSEPA7-26-D,61357658679444888963643541880987969642209586297223229845377674140002550197460,0.81,0.0215,2026-11-03,https://kalshi.com/markets/housepa7/housepa7-26,https://polymarket.com/event/pa-07-house-margin-of-victory-2026,226698.33,829.66,100,78.85,74.85,True,True,"Buy on Polymarket (2.1%), fade on Kalshi (81.0%)",one-sided,,,,,,,,
general,2026-H-PA-08,Elections,PA-08,Pennsylvania,H,kalshi,polymarket,Kalshi: 2026-H-PA-08 Dem win,Polymarket: 2026-H-PA-08 Dem win,HOUSEPA8-26-D,31608541549845919382584097830170940934444807464369913281511274224741363258718,0.66,0.12,2026-11-03,https://kalshi.com/markets/housepa8/housepa8-26,https://polymarket.com/event/pa-08-house-margin-of-victory-2026,16300.54,174.52,100,54.0,50.0,True,True,"Buy on Polymarket (12.0%), fade on Kalshi (66.0%)",one-sided,,,,,,,,
general,2026-H-PA-10,Elections,PA-10,Pennsylvania,H,kalshi,polymarket,Kalshi: 2026-H-PA-10 Dem win,Polymarket: 2026-H-PA-10 Dem win,HOUSEPA10-26-D,30931066884836041346479615916806846502293001586965178951443100214837641905116,0.79,0.038,2026-11-03,https://kalshi.com/markets/housepa10/housepa10-26,https://polymarket.com/event/pa-10-house-margin-of-victory-2026,9441.99,77.6,100,75.2,71.2,True,True,"Buy on Polymarket (3.8%), fade on Kalshi (79.0%)",one-sided,,,,,,,,
general,2026-H-PA-17,Elections,PA-17,Pennsylvania,H,kalshi,polymarket,Kalshi: 2026-H-PA-17 Dem win,Polymarket: 2026-H-PA-17 Dem win,HOUSEPA17-26-D,47266060762559543431210857945321911824633976381759208108073721935061466386782,0.961,0.038,2026-11-03,https://kalshi.com/markets/housepa17/housepa17-26,https://polymarket.com/event/pa-17-house-margin-of-victory-2026,7392.92,219.89,100,92.3,88.3,True,True,"Buy on Polymarket (3.8%), fade on Kalshi (96.1%)",one-sided,,,,,,,,
general,2026-H-TX-15,Elections,TX-15,Texas,H,kalshi,polymarket,Kalshi: 2026-H-TX-15 Dem win,Polymarket: 2026-H-TX-15 Dem win,HOUSETX15-26-D,19440048755533295129556065488699575327036324439671748377320289614963164177005,0.7,0.157,2026-11-03,https://kalshi.com/markets/housetx15/housetx15-26,https://polymarket.com/event/tx-15-house-margin-of-victory-2026,447441.73,101.0,100,54.3,50.3,True,True,"Buy on Polymarket (15.7%), fade on Kalshi (70.0%)",one-sided,,,,,,,,
general,2026-H-TX-28,Elections,TX-28,Texas,H,kalshi,polymarket,Kalshi: 2026-H-TX-28 Dem win,Polymarket: 2026-H-TX-28 Dem win,HOUSETX28-26-D,34806221485109405843248492724196566736108675901692974575024238129741518174928,0.86,0.139,2026-11-03,https://kalshi.com/markets/housetx28/housetx28-26,https://polymarket.com/event/tx-28-house-margin-of-victory-2026,144421.49,238.74,100,72.1,68.1,True,True,"Buy on Polymarket (13.9%), fade on Kalshi (86.0%)",one-sided,,,,,,,,
general,2026-H-TX-34,Elections,TX-34,Texas,H,kalshi,polymarket,Kalshi: 2026-H-TX-34 Dem win,Polymarket: 2026-H-TX-34 Dem win,HOUSETX34-26-D,56670973483307714953117670883439226360732746515028532846205150749694588381762,0.82,0.165,2026-11-03,https://kalshi.com/markets/housetx34/housetx34-26,https://polymarket.com/event/tx-34-house-margin-of-victory-2026,28906.68,138.6,100,65.5,61.5,True,True,"Buy on Polymarket (16.5%), fade on Kalshi (82.0%)",one-sided,,,,,,,,
general,2026-H-VA-01,Elections,VA-01,Virginia,H,kalshi,polymarket,Kalshi: 2026-H-VA-01 Dem win,Polymarket: 2026-H-VA-01 Dem win,HOUSEVA1-26-D,100140388240898832609510378759617277554779995722921880416718138733543987052735,0.4,0.165,2026-11-03,https://kalshi.com/markets/houseva1/houseva1-26,https://polymarket.com/event/va-01-house-margin-of-victory-2026,44476.28,1807.6,100,23.5,19.5,True,True,"Buy on Polymarket (16.5%), fade on Kalshi (40.0%)",one-sided,,,,,,,,
general,2026-H-VA-02,Elections,VA-02,Virginia,H,kalshi,polymarket,Kalshi: 2026-H-VA-02 Dem win,Polymarket: 2026-H-VA-02 Dem win,HOUSEVA2-26-D,56302712124065822527735548180535462380704149667776495593651747206788270926354,0.79,0.0405,2026-11-03,https://kalshi.com/markets/houseva2/houseva2-26,https://polymarket.com/event/va-02-house-margin-of-victory-2026,41945.96,191.54,100,74.95,70.95,True,True,"Buy on Polymarket (4.0%), fade on Kalshi (79.0%)",one-sided,,,,,,,,
general,2026-H-VA-07,Elections,VA-07,Virginia,H,kalshi,polymarket,Kalshi: 2026-H-VA-07 Dem win,Polymarket: 2026-H-VA-07 Dem win,HOUSEVA7-26-D,98075623222143547346037366837071572541450376316433615657989340175250414958486,0.92,0.935,2026-11-03,https://kalshi.com/markets/houseva7/houseva7-26,https://polymarket.com/event/va-07-house-election-winner,12760.61,4406.9,100,1.5,-2.5,False,False,"Buy on Kalshi (92.0%), fade on Polymarket (93.5%)",one-sided,,,,,,,,
general,2026-H-WA-03,Elections,WA-03,Washington,H,kalshi,polymarket,Kalshi: 2026-H-WA-03 Dem win,Polymarket: 2026-H-WA-03 Dem win,HOUSEWA3-26-D,62003269433640683744291727761785528693342099533191419822618434570267086928393,0.902,0.91,2026-11-03,https://kalshi.com/markets/housewa3/housewa3-26,https://polymarket.com/event/wa-03-house-election-winner,24346.69,24586.09,100,0.8,-3.2,False,False,"Buy on Kalshi (90.2%), fade on Polymarket (91.0%)",one-sided,,,,,,,,
general,2026-H-WI-01,Elections,WI-01,Wisconsin,H,kalshi,polymarket,Kalshi: 2026-H-WI-01 Dem win,Polymarket: 2026-H-WI-01 Dem win,HOUSEWI1-26-D,50034471044273975007756701908391086310388711489776176244042237126836017917486,0.33,0.14,2026-11-03,https://kalshi.com/markets/housewi1/housewi1-26,https://polymarket.com/event/wi-01-house-margin-of-victory-2026,13764.02,928.69,100,19.0,15.0,True,False,"Buy on Polymarket (14.0%), fade on Kalshi (33.0%)",one-sided,,,,,,,,
general,2026-H-WI-03,Elections,WI-03,Wisconsin,H,kalshi,polymarket,Kalshi: 2026-H-WI-03 Dem win,Polymarket: 2026-H-WI-03 Dem win,HOUSEWI3-26-D,97695880451904498958726068828081482369962373229233532895965756689803387149679,0.72,0.185,2026-11-03,https://kalshi.com/markets/housewi3/housewi3-26,https://polymarket.com/event/wi-03-house-margin-of-victory-2026,116830.34,493.02,100,53.5,49.5,True,True,"Buy on Polymarket (18.5%), fade on Kalshi (72.0%)",one-sided,,,,,,,,
general,2026-SEN-AK,Elections,AK SEN,Alaska,SEN,kalshi,polymarket,Kalshi: 2026-SEN-AK Dem win,Polymarket: 2026-SEN-AK Dem win,SENATEAK-26-D,11508373396336537533667175336756726827450742723515486867914217488294891367936,0.76,0.0355,2026-11-03,https://kalshi.com/markets/senateak/senateak-26,https://polymarket.com/event/dems-best-tossup-senate-race,542417.43,256.41,100,72.45,68.45,True,True,"Buy on Polymarket (3.5%), fade on Kalshi (76.0%)",one-sided,,,,,,,,
general,2026-SEN-AL,Elections,AL SEN,Alabama,SEN,kalshi,polymarket,Kalshi: 2026-SEN-AL Dem win,Polymarket: 2026-SEN-AL Dem win,SENATEAL-26-D,112631815696760308015879207569232436560894777106252894238120648921534834095752,0.039,0.0115,2026-11-03,https://kalshi.com/markets/senateal/senateal-26,https://polymarket.com/event/alabama-senate-margin-of-victory-2026,7506.05,191.3,100,2.75,-1.25,False,False,"Buy on Polymarket (1.1%), fade on Kalshi (3.9%)",one-sided,,,,,,,,
general,2026-SEN-AR,Elections,AR SEN,Arkansas,SEN,kalshi,polymarket,Kalshi: 2026-SEN-AR Dem win,Polymarket: 2026-SEN-AR Dem win,SENATEAR-26-D,72886985091553225261880008335633731330398834377716296897321179753246165638738,0.069,0.0425,2026-11-03,https://kalshi.com/markets/senatear/senatear-26,https://polymarket.com/event/arkansas-senate-margin-of-victory-2026,85824.76,702.24,100,2.65,-1.35,False,False,"Buy on Polymarket (4.2%), fade on Kalshi (6.9%)",one-sided,,,,,,,,
general,2026-SEN-CO,Elections,CO SEN,Colorado,SEN,kalshi,polymarket,Kalshi: 2026-SEN-CO Dem win,Polymarket: 2026-SEN-CO Dem win,SENATECO-26-D,42054745971068585992552468258190420739050887060024171675730958443343389309662,0.975,0.045,2026-11-03,https://kalshi.com/markets/senateco/senateco-26,https://polymarket.com/event/colorado-senate-margin-of-victory-2026,5286.1,341.55,100,93.0,89.0,True,True,"Buy on Polymarket (4.5%), fade on Kalshi (97.5%)",one-sided,,,,,,,,
general,2026-SEN-DE,Elections,DE SEN,Delaware,SEN,kalshi,polymarket,Kalshi: 2026-SEN-DE Dem win,Polymarket: 2026-SEN-DE Dem win,SENATEDE-26-D,109467029375682717672947466588331781838347232688418556926634334189471462678711,0.985,0.9715,2026-11-03,https://kalshi.com/markets/senatede/senatede-26,https://polymarket.com/event/delaware-senate-election-winner,6742.29,11060.9,100,1.35,-2.65,False,False,"Buy on Polymarket (97.2%), fade on Kalshi (98.5%)",one-sided,,,,,,,,
general,2026-SEN-GA,Elections,GA SEN,Georgia,SEN,kalshi,polymarket,Kalshi: 2026-SEN-GA Dem win,Polymarket: 2026-SEN-GA Dem win,SENATEGA-26-D,21024219148268989748704207701411444044468128261642675917026452687231462203167,0.939,0.945,2026-11-03,https://kalshi.com/markets/senatega/senatega-26,https://polymarket.com/event/georgia-senate-election-winner,401307.59,70735.02,100,0.6,-3.4,False,False,"Buy on Kalshi (93.9%), fade on Polymarket (94.5%)",one-sided,,,,,,,,
general,2026-SEN-IA,Elections,IA SEN,Iowa,SEN,kalshi,polymarket,Kalshi: 2026-SEN-IA Dem win,Polymarket: 2026-SEN-IA Dem win,SENATEIA-26-D,90689690530039118737607894922148077480097700217322320781526913496162509181445,0.45,0.485,2026-11-03,https://kalshi.com/markets/senateia/senateia-26,https://polymarket.com/event/iowa-senate-election-winner,1851618.04,285437.71,100,3.5,-0.5,False,False,"Buy on Kalshi (45.0%), fade on Polymarket (48.5%)",guaranteed,0.5,47.4,52.6,47.37,52.63,0.5,Buy Dem on A (47.4% of bankroll) + Buy Rep on B (52.6%),
general,2026-SEN-ID,Elections,ID SEN,Idaho,SEN,kalshi,polymarket,Kalshi: 2026-SEN-ID Dem win,Polymarket: 2026-SEN-ID Dem win,SENATEID-26-D,26969987183147691459735958550527481658991321979903347263530424157323143990437,0.0045,0.014,2026-11-03,https://kalshi.com/markets/senateid/senateid-26,https://polymarket.com/event/idaho-senate-margin-of-victory-2026,51404.52,208.83,100,0.95,-3.05,False,False,"Buy on Kalshi (0.4%), fade on Polymarket (1.4%)",one-sided,,,,,,,,
general,2026-SEN-IL,Elections,IL SEN,Illinois,SEN,kalshi,polymarket,Kalshi: 2026-SEN-IL Dem win,Polymarket: 2026-SEN-IL Dem win,SENATEIL-26-D,111232940125638440445053485973783855640462352939983239237000414365099205583774,0.9855,0.028,2026-11-03,https://kalshi.com/markets/senateil/senateil-26,https://polymarket.com/event/illinois-senate-margin-of-victory-2026,9034.18,280.99,100,95.75,91.75,True,True,"Buy on Polymarket (2.8%), fade on Kalshi (98.6%)",one-sided,,,,,,,,
general,2026-SEN-KS,Elections,KS SEN,Kansas,SEN,kalshi,polymarket,Kalshi: 2026-SEN-KS Dem win,Polymarket: 2026-SEN-KS Dem win,SENATEKS-26-D,75079868093228966915894372964099062660587490227046756021175661325867722540666,0.3,0.325,2026-11-03,https://kalshi.com/markets/senateks/senateks-26,https://polymarket.com/event/kansas-senate-election-winner,880747.07,107527.3,100,2.5,-1.5,False,False,"Buy on Kalshi (30.0%), fade on Polymarket (32.5%)",one-sided,,,,,,,,
general,2026-SEN-LA,Elections,LA SEN,Louisiana,SEN,kalshi,polymarket,Kalshi: 2026-SEN-LA Dem win,Polymarket: 2026-SEN-LA Dem win,SENATELA-26-D,80536528552003281640741026890878925456783654983296822683495274364289350034456,0.061,0.065,2026-11-03,https://kalshi.com/markets/senatela/senatela-26,https://polymarket.com/event/louisiana-senate-election-winner,77968.57,21343.51,100,0.4,-3.6,False,False,"Buy on Kalshi (6.1%), fade on Polymarket (6.5%)",one-sided,,,,,,,,
general,2026-SEN-MA,Elections,MA SEN,Massachusetts,SEN,kalshi,polymarket,Kalshi: 2026-SEN-MA Dem win,Polymarket: 2026-SEN-MA Dem win,SENATEMA-26-D,43221719937764076433038032766035539743238562888772055254753209595632126672746,0.981,0.008,2026-11-03,https://kalshi.com/markets/senatema/senatema-26,https://polymarket.com/event/massachusetts-senate-margin-of-victory-2026,8405.41,414.12,100,97.3,93.3,True,True,"Buy on Polymarket (0.8%), fade on Kalshi (98.1%)",one-sided,,,,,,,,
general,2026-SEN-ME,Elections,ME SEN,Maine,SEN,kalshi,polymarket,Kalshi: 2026-SEN-ME Dem win,Polymarket: 2026-SEN-ME Dem win,SENATEME-26-D,7589880081658059374445882095611024032084645048848237404312287942463647821549,0.72,0.735,2026-11-03,https://kalshi.com/markets/senateme/senateme-26,https://polymarket.com/event/maine-senate-election-winner,2668294.16,922647.8,100,1.5,-2.5,False,False,"Buy on Kalshi (72.0%), fade on Polymarket (73.5%)",one-sided,,,,,,,,
general,2026-SEN-MI,Elections,MI SEN,Michigan,SEN,kalshi,polymarket,Kalshi: 2026-SEN-MI Dem win,Polymarket: 2026-SEN-MI Dem win,SENATEMI-26-D,71772627544132140586824126381855151743830987860593343955509593715269534710061,0.72,0.745,2026-11-03,https://kalshi.com/markets/senatemi/senatemi-26,https://polymarket.com/event/michigan-senate-election-winner,1609731.14,551757.84,100,2.5,-1.5,False,False,"Buy on Kalshi (72.0%), fade on Polymarket (74.5%)",one-sided,,,,,,,,
general,2026-SEN-MS,Elections,MS SEN,Mississippi,SEN,kalshi,polymarket,Kalshi: 2026-SEN-MS Dem win,Polymarket: 2026-SEN-MS Dem win,SENATEMS-26-D,77001639760095266374534198365421436593389036687975321536722226607654949914567,0.087,0.085,2026-11-03,https://kalshi.com/markets/senatems/senatems-26,https://polymarket.com/event/mississippi-senate-election-winner,97680.93,37533.06,100,0.2,-3.8,False,False,"Buy on Polymarket (8.5%), fade on Kalshi (8.7%)",one-sided,,,,,,,,
general,2026-SEN-MT,Elections,MT SEN,Montana,SEN,kalshi,polymarket,Kalshi: 2026-SEN-MT Dem win,Polymarket: 2026-SEN-MT Dem win,SENATEMT-26-D,88799262678230165893255813616837100962595819984760588859765042402182443138810,0.008,0.008,2026-11-03,https://kalshi.com/markets/senatemt/senatemt-26,https://polymarket.com/event/montana-senate-election-winner,92278.0,41139.42,100,0.0,-4.0,False,False,"Buy on Kalshi (0.8%), fade on Polymarket (0.8%)",one-sided,,,,,,,,
general,2026-SEN-NC,Elections,NC SEN,North Carolina,SEN,kalshi,polymarket,Kalshi: 2026-SEN-NC Dem win,Polymarket: 2026-SEN-NC Dem win,SENATENC-26-D,107151098936186723859677628536733880558851060002514795735761427447010628440047,0.934,0.945,2026-11-03,https://kalshi.com/markets/senatenc/senatenc-26,https://polymarket.com/event/north-carolina-senate-election-winner,1329904.73,93751.76,100,1.1,-2.9,False,False,"Buy on Kalshi (93.4%), fade on Polymarket (94.5%)",one-sided,,,,,,,,
general,2026-SEN-NH,Elections,NH SEN,New Hampshire,SEN,kalshi,polymarket,Kalshi: 2026-SEN-NH Dem win,Polymarket: 2026-SEN-NH Dem win,SENATENH-26-D,82410058691149830741200014405570918770267839390767234397030380747995715352939,0.85,0.855,2026-11-03,https://kalshi.com/markets/senatenh/senatenh-26,https://polymarket.com/event/new-hampshire-senate-election-winner,348771.94,114349.91,100,0.5,-3.5,False,False,"Buy on Kalshi (85.0%), fade on Polymarket (85.5%)",one-sided,,,,,,,,
general,2026-SEN-NJ,Elections,NJ SEN,New Jersey,SEN,kalshi,polymarket,Kalshi: 2026-SEN-NJ Dem win,Polymarket: 2026-SEN-NJ Dem win,SENATENJ-26-D,7677974549798441961236580116388288696687878955556487654297603529125375275637,0.98,0.0025,2026-11-03,https://kalshi.com/markets/senatenj/senatenj-26,https://polymarket.com/event/new-jersey-senate-margin-of-victory-2026,11742.42,814.15,100,97.75,93.75,True,True,"Buy on Polymarket (0.2%), fade on Kalshi (98.0%)",one-sided,,,,,,,,
general,2026-SEN-NM,Elections,NM SEN,New Mexico,SEN,kalshi,polymarket,Kalshi: 2026-SEN-NM Dem win,Polymarket: 2026-SEN-NM Dem win,SENATENM-26-D,19382258711208071791808114067884394683151059595826582226310657669291779774276,0.971,0.01,2026-11-03,https://kalshi.com/markets/senatenm/senatenm-26,https://polymarket.com/event/new-mexico-senate-margin-of-victory-2026,19776.86,122.99,100,96.1,92.1,True,True,"Buy on Polymarket (1.0%), fade on Kalshi (97.1%)",one-sided,,,,,,,,
general,2026-SEN-OK,Elections,OK SEN,Oklahoma,SEN,kalshi,polymarket,Kalshi: 2026-SEN-OK Dem win,Polymarket: 2026-SEN-OK Dem win,SENATEOK-26-D,6307834485558435215808626904255859755441792356631836236470061805834871616531,0.023,0.009,2026-11-03,https://kalshi.com/markets/senateok/senateok-26,https://polymarket.com/event/oklahoma-senate-margin-of-victory-2026,17257.47,297.66,100,1.4,-2.6,False,False,"Buy on Polymarket (0.9%), fade on Kalshi (2.3%)",one-sided,,,,,,,,
general,2026-SEN-OR,Elections,OR SEN,Oregon,SEN,kalshi,polymarket,Kalshi: 2026-SEN-OR Dem win,Polymarket: 2026-SEN-OR Dem win,SENATEOR-26-D,39061967893309111436785551971694628277240985905229982728692930838050590183253,0.978,0.0545,2026-11-03,https://kalshi.com/markets/senateor/senateor-26,https://polymarket.com/event/oregon-senate-margin-of-victory-2026,4726.63,245.72,100,92.35,88.35,True,True,"Buy on Polymarket (5.5%), fade on Kalshi (97.8%)",one-sided,,,,,,,,
general,2026-SEN-RI,Elections,RI SEN,Rhode Island,SEN,kalshi,polymarket,Kalshi: 2026-SEN-RI Dem win,Polymarket: 2026-SEN-RI Dem win,SENATERI-26-D,488419780624561349537087484870565521893053101280427867652103933922852715222,0.987,0.0075,2026-11-03,https://kalshi.com/markets/senateri/senateri-26,https://polymarket.com/event/rhode-island-senate-margin-of-victory-2026,18577.9,256.54,100,97.95,93.95,True,True,"Buy on Polymarket (0.8%), fade on Kalshi (98.7%)",one-sided,,,,,,,,
general,2026-SEN-SC,Elections,SC SEN,South Carolina,SEN,kalshi,polymarket,Kalshi: 2026-SEN-SC Dem win,Polymarket: 2026-SEN-SC Dem win,SENATESC-26-D,30718966535311015751929217398361750334834655110246828806892843311659716192347,0.14,0.125,2026-11-03,https://kalshi.com/markets/senatesc/senatesc-26,https://polymarket.com/event/south-carolina-senate-election-winner,865149.18,224019.51,100,1.5,-2.5,False,False,"Buy on Polymarket (12.5%), fade on Kalshi (14.0%)",one-sided,,,,,,,,
general,2026-SEN-SD,Elections,SD SEN,South Dakota,SEN,kalshi,polymarket,Kalshi: 2026-SEN-SD Dem win,Polymarket: 2026-SEN-SD Dem win,SENATESD-26-D,67967023811721834738685695249992484419619114809767608640505747182577663027691,0.0045,0.0015,2026-11-03,https://kalshi.com/markets/senatesd/senatesd-26,https://polymarket.com/event/south-dakota-senate-election-winner,27889.69,12705.23,100,0.3,-3.7,False,False,"Buy on Polymarket (0.1%), fade on Kalshi (0.4%)",one-sided,,,,,,,,
general,2026-SEN-TN,Elections,TN SEN,Tennessee,SEN,kalshi,polymarket,Kalshi: 2026-SEN-TN Dem win,Polymarket: 2026-SEN-TN Dem win,SENATETN-26-D,32832180976319820233770784594777532825515834160906037910741389521155405934640,0.02,0.032,2026-11-03,https://kalshi.com/markets/senatetn/senatetn-26,https://polymarket.com/event/tennessee-senate-margin-of-victory-2026,28328.71,304.87,100,1.2,-2.8,False,False,"Buy on Kalshi (2.0%), fade on Polymarket (3.2%)",one-sided,,,,,,,,
general,2026-SEN-TX,Elections,TX SEN,Texas,SEN,kalshi,polymarket,Kalshi: 2026-SEN-TX Dem win,Polymarket: 2026-SEN-TX Dem win,SENATETX-26-D,15290572385458522370285732869432740297199321382471116558439914335588167718663,0.59,0.62,2026-11-03,https://kalshi.com/markets/senatetx/senatetx-26,https://polymarket.com/event/texas-senate-election-winner,5884153.36,670010.69,100,3.0,-1.0,False,False,"Buy on Kalshi (59.0%), fade on Polymarket (62.0%)",one-sided,,,,,,,,
general,2026-SEN-VA,Elections,VA SEN,Virginia,SEN,kalshi,polymarket,Kalshi: 2026-SEN-VA Dem win,Polymarket: 2026-SEN-VA Dem win,SENATEVA-26-D,14293665860978595537579833125649154345910523679283393880767187920364090023903,0.98,0.008,2026-11-03,https://kalshi.com/markets/senateva/senateva-26,https://polymarket.com/event/virginia-senate-margin-of-victory-2026,17719.98,933.76,100,97.2,93.2,True,True,"Buy on Polymarket (0.8%), fade on Kalshi (98.0%)",one-sided,,,,,,,,
general,2026-SEN-WV,Elections,WV SEN,West Virginia,SEN,kalshi,polymarket,Kalshi: 2026-SEN-WV Dem win,Polymarket: 2026-SEN-WV Dem win,SENATEWV-26-D,110692470670299760609405767524469998656804613573367102042492015567399413436772,0.027,0.021,2026-11-03,https://kalshi.com/markets/senatewv/senatewv-26,https://polymarket.com/event/west-virginia-senate-election-winner,12670.38,5112.99,100,0.6,-3.4,False,False,"Buy on Polymarket (2.1%), fade on Kalshi (2.7%)",one-sided,,,,,,,,
general,2026-SEN-WY,Elections,WY SEN,Wyoming,SEN,kalshi,polymarket,Kalshi: 2026-SEN-WY Dem win,Polymarket: 2026-SEN-WY Dem win,SENATEWY-26-D,27404948209862839323844430001109403958819859044996868930478464247467785332053,0.019,0.0065,2026-11-03,https://kalshi.com/markets/senatewy/senatewy-26,https://polymarket.com/event/wyoming-senate-margin-of-victory-2026,9504.33,501.06,100,1.25,-2.75,False,False,"Buy on Polymarket (0.7%), fade on Kalshi (1.9%)",one-sided,,,,,,,,
general,2026-GOV-AL,Elections,2026-GOV-AL,,,predictit,polymarket,PredictIt: 2026-GOV-AL Dem win,Polymarket: 2026-GOV-AL Dem win,,112432943070684544837529617086045733232789214714632527644673344797017293426776,0.095,0.046,2026-11-03,https://www.predictit.org/markets/detail/8448,https://polymarket.com/event/alabama-governor-margin-of-victory-2026,,757.46,100,4.9,-9.1,False,False,"Buy on Polymarket (4.6%), fade on Predictit (9.5%)",one-sided,,,,,,,,
general,2026-GOV-AZ,Elections,2026-GOV-AZ,,,predictit,polymarket,PredictIt: 2026-GOV-AZ Dem win,Polymarket: 2026-GOV-AZ Dem win,,48368039124533504674394545622809320495392482760644292167644042386014017726777,0.905,0.885,2026-11-03,https://www.predictit.org/markets/detail/8211,https://polymarket.com/event/arizona-governor-winner-2026,,37040.2,100,2.0,-12.0,False,False,"Buy on Polymarket (88.5%), fade on Predictit (90.5%)",one-sided,,,,,,,,
general,2026-GOV-CO,Elections,2026-GOV-CO,,,predictit,polymarket,PredictIt: 2026-GOV-CO Dem win,Polymarket: 2026-GOV-CO Dem win,,37643549664634788906930243599163732249206032803551169014157241337491460064218,0.955,0.004,2026-11-03,https://www.predictit.org/markets/detail/8460,https://polymarket.com/event/colorado-governor-margin-of-victory-2026,,395.48,100,95.1,81.1,True,True,"Buy on Polymarket (0.4%), fade on Predictit (95.5%)",one-sided,,,,,,,,
general,2026-GOV-CT,Elections,2026-GOV-CT,,,predictit,polymarket,PredictIt: 2026-GOV-CT Dem win,Polymarket: 2026-GOV-CT Dem win,,49998028531514378487232588886968866679734750622113444033684486387814777094569,0.945,0.006,2026-11-03,https://www.predictit.org/markets/detail/8401,https://polymarket.com/event/connecticut-governor-margin-of-victory-2026,,268.22,100,93.9,79.9,True,True,"Buy on Polymarket (0.6%), fade on Predictit (94.5%)",one-sided,,,,,,,,
general,2026-GOV-FL,Elections,2026-GOV-FL,,,predictit,polymarket,PredictIt: 2026-GOV-FL Dem win,Polymarket: 2026-GOV-FL Dem win,,45666577334498374671436529469006420565255125221309505855441517627481607414492,0.19,0.265,2026-11-03,https://www.predictit.org/markets/detail/8413,https://polymarket.com/event/florida-governor-winner-2026,,82302.68,100,7.5,-6.5,False,False,"Buy on Predictit (19.0%), fade on Polymarket (26.5%)",one-sided,,,,,,,,
general,2026-GOV-GA,Elections,2026-GOV-GA,,,predictit,polymarket,PredictIt: 2026-GOV-GA Dem win,Polymarket: 2026-GOV-GA Dem win,,87378595134487617970041882139813265291586271086204633141434247481632344443570,0.635,0.205,2026-11-03,https://www.predictit.org/markets/detail/8416,https://polymarket.com/event/georgia-governor-election-margin-of-victory-first-round-20260805183754447,,1741.29,100,43.0,29.0,True,True,"Buy on Polymarket (20.5%), fade on Predictit (63.5%)",one-sided,,,,,,,,
general,2026-GOV-IA,Elections,2026-GOV-IA,,,predictit,polymarket,PredictIt: 2026-GOV-IA Dem win,Polymarket: 2026-GOV-IA Dem win,,28516530609046147912506080957661703525353315637939431396070995367971987456329,0.805,0.1285,2026-11-03,https://www.predictit.org/markets/detail/8378,https://polymarket.com/event/iowa-governor-margin-of-victory-2026,,574.61,100,67.65,53.65,True,True,"Buy on Polymarket (12.8%), fade on Predictit (80.5%)",one-sided,,,,,,,,
general,2026-GOV-KS,Elections,2026-GOV-KS,,,predictit,polymarket,PredictIt: 2026-GOV-KS Dem win,Polymarket: 2026-GOV-KS Dem win,,57060784315911700088135257758742959994990030909381672738239680419051923601562,0.35,0.195,2026-11-03,https://www.predictit.org/markets/detail/8214,https://polymarket.com/event/kansas-governor-margin-of-victory-2026,,1350.36,100,15.5,1.5,True,False,"Buy on Polymarket (19.5%), fade on Predictit (35.0%)",one-sided,,,,,,,,
general,2026-GOV-MA,Elections,2026-GOV-MA,,,predictit,polymarket,PredictIt: 2026-GOV-MA Dem win,Polymarket: 2026-GOV-MA Dem win,,86599393407315290835574565918707146460542680358932655202787183319230565551172,0.96,0.9575,2026-11-03,https://www.predictit.org/markets/detail/8403,https://polymarket.com/event/massachusetts-governor-winner-2026,,34832.21,100,0.25,-13.75,False,False,"Buy on Polymarket (95.8%), fade on Predictit (96.0%)",one-sided,,,,,,,,
general,2026-GOV-MD,Elections,2026-GOV-MD,,,predictit,polymarket,PredictIt: 2026-GOV-MD Dem win,Polymarket: 2026-GOV-MD Dem win,,53638039985807028868166869799424330929247525197448156137951211436808149078190,0.945,0.098,2026-11-03,https://www.predictit.org/markets/detail/8410,https://polymarket.com/event/maryland-governor-margin-of-victory-2026,,319.82,100,84.7,70.7,True,True,"Buy on Polymarket (9.8%), fade on Predictit (94.5%)",one-sided,,,,,,,,
general,2026-GOV-MI,Elections,2026-GOV-MI,,,predictit,polymarket,PredictIt: 2026-GOV-MI Dem win,Polymarket: 2026-GOV-MI Dem win,,63517706574758177502492185078056756527324898714284142778693046697324148388357,0.915,0.925,2026-11-03,https://www.predictit.org/markets/detail/8212,https://polymarket.com/event/michigan-governor-winner-2026,,50643.88,100,1.0,-13.0,False,False,"Buy on Predictit (91.5%), fade on Polymarket (92.5%)",one-sided,,,,,,,,
general,2026-GOV-MN,Elections,2026-GOV-MN,,,predictit,polymarket,PredictIt: 2026-GOV-MN Dem win,Polymarket: 2026-GOV-MN Dem win,,9126148503694470083148381233969293708563386203943196700151133094426622508276,0.925,0.955,2026-11-03,https://www.predictit.org/markets/detail/8297,https://polymarket.com/event/minnesota-governor-winner-2026,,34904.3,100,3.0,-11.0,False,False,"Buy on Predictit (92.5%), fade on Polymarket (95.5%)",one-sided,,,,,,,,
general,2026-GOV-NM,Elections,2026-GOV-NM,,,predictit,polymarket,PredictIt: 2026-GOV-NM Dem win,Polymarket: 2026-GOV-NM Dem win,,20872779180994032198379350189656858573371064574347705011777588473664334643162,0.94,0.135,2026-11-03,https://www.predictit.org/markets/detail/8474,https://polymarket.com/event/new-mexico-governor-margin-of-victory-2026,,349.75,100,80.5,66.5,True,True,"Buy on Polymarket (13.5%), fade on Predictit (94.0%)",one-sided,,,,,,,,
general,2026-GOV-NV,Elections,2026-GOV-NV,,,predictit,polymarket,PredictIt: 2026-GOV-NV Dem win,Polymarket: 2026-GOV-NV Dem win,,1246864710804983890692377994891598401616546411512113588399830364959833951829,0.455,0.495,2026-11-03,https://www.predictit.org/markets/detail/8419,https://polymarket.com/event/nevada-governor-winner-2026,,51916.23,100,4.0,-10.0,False,False,"Buy on Predictit (45.5%), fade on Polymarket (49.5%)",one-sided,,,,,,,,
general,2026-GOV-NY,Elections,2026-GOV-NY,,,predictit,polymarket,PredictIt: 2026-GOV-NY Dem win,Polymarket: 2026-GOV-NY Dem win,,64050273355694113671090110638685043795558853994186493795797238541534244584786,0.95,0.95,2026-11-03,https://www.predictit.org/markets/detail/8215,https://polymarket.com/event/new-york-governor-winner-2026,,52966.72,100,0.0,-14.0,False,False,"Buy on Predictit (95.0%), fade on Polymarket (95.0%)",one-sided,,,,,,,,
general,2026-GOV-OH,Elections,2026-GOV-OH,,,predictit,polymarket,PredictIt: 2026-GOV-OH Dem win,Polymarket: 2026-GOV-OH Dem win,,63255709540320761353971859526848930870803944190764324681913735372035438815215,0.585,0.595,2026-11-03,https://www.predictit.org/markets/detail/8441,https://polymarket.com/event/ohio-governor-winner-2026,,98140.82,100,1.0,-13.0,False,False,"Buy on Predictit (58.5%), fade on Polymarket (59.5%)",one-sided,,,,,,,,
general,2026-GOV-PA,Elections,2026-GOV-PA,,,predictit,polymarket,PredictIt: 2026-GOV-PA Dem win,Polymarket: 2026-GOV-PA Dem win,,86158564038726526008163887440654010269502827272776903587995739265573029112945,0.955,0.963,2026-11-03,https://www.predictit.org/markets/detail/8412,https://polymarket.com/event/pennsylvania-governor-winner-2026,,7519.76,100,0.8,-13.2,False,False,"Buy on Predictit (95.5%), fade on Polymarket (96.3%)",one-sided,,,,,,,,
general,2026-GOV-RI,Elections,2026-GOV-RI,,,predictit,polymarket,PredictIt: 2026-GOV-RI Dem win,Polymarket: 2026-GOV-RI Dem win,,12963869833838696349134591178892586509546549676681530057691780490969939726649,0.94,0.959,2026-11-03,https://www.predictit.org/markets/detail/8404,https://polymarket.com/event/rhode-island-governor-winner-2026,,56999.64,100,1.9,-12.1,False,False,"Buy on Predictit (94.0%), fade on Polymarket (95.9%)",one-sided,,,,,,,,
general,2026-GOV-TX,Elections,2026-GOV-TX,,,predictit,polymarket,PredictIt: 2026-GOV-TX Dem win,Polymarket: 2026-GOV-TX Dem win,,48232987449750988261789196083999659380058157021032932634331257492238853387252,0.31,0.32,2026-11-03,https://www.predictit.org/markets/detail/8418,https://polymarket.com/event/texas-governor-winner-2026,,99454.88,100,1.0,-13.0,False,False,"Buy on Predictit (31.0%), fade on Polymarket (32.0%)",one-sided,,,,,,,,
general,2026-GOV-VT,Elections,2026-GOV-VT,,,predictit,polymarket,PredictIt: 2026-GOV-VT Dem win,Polymarket: 2026-GOV-VT Dem win,,60184991030711150053889856154789765911962237408503307206289529109604385579009,0.13,0.0565,2026-11-03,https://www.predictit.org/markets/detail/8402,https://polymarket.com/event/vermont-governor-winner-2026,,35895.25,100,7.35,-6.65,False,False,"Buy on Polymarket (5.7%), fade on Predictit (13.0%)",one-sided,,,,,,,,
general,2026-GOV-WI,Elections,2026-GOV-WI,,,predictit,polymarket,PredictIt: 2026-GOV-WI Dem win,Polymarket: 2026-GOV-WI Dem win,,47540146623620182724372695903724852067595146419459482790641441152489267651664,0.785,0.865,2026-11-03,https://www.predictit.org/markets/detail/8213,https://polymarket.com/event/wisconsin-governor-winner-2026,,326686.24,100,8.0,-6.0,False,False,"Buy on Predictit (78.5%), fade on Polymarket (86.5%)",one-sided,,,,,,,,
general,2026-SEN-AK,Elections,2026-SEN-AK,,,predictit,polymarket,PredictIt: 2026-SEN-AK Dem win,Polymarket: 2026-SEN-AK Dem win,,11508373396336537533667175336756726827450742723515486867914217488294891367936,0.755,0.0355,2026-11-03,https://www.predictit.org/markets/detail/8271,https://polymarket.com/event/dems-best-tossup-senate-race,,256.41,100,71.95,57.95,True,True,"Buy on Polymarket (3.5%), fade on Predictit (75.5%)",one-sided,,,,,,,,
general,2026-SEN-AL,Elections,2026-SEN-AL,,,predictit,polymarket,PredictIt: 2026-SEN-AL Dem win,Polymarket: 2026-SEN-AL Dem win,,112631815696760308015879207569232436560894777106252894238120648921534834095752,0.015,0.0115,2026-11-03,https://www.predictit.org/markets/detail/8384,https://polymarket.com/event/alabama-senate-margin-of-victory-2026,,191.3,100,0.35,-13.65,False,False,"Buy on Polymarket (1.1%), fade on Predictit (1.5%)",one-sided,,,,,,,,
general,2026-SEN-AR,Elections,2026-SEN-AR,,,predictit,polymarket,PredictIt: 2026-SEN-AR Dem win,Polymarket: 2026-SEN-AR Dem win,,72886985091553225261880008335633731330398834377716296897321179753246165638738,0.105,0.0425,2026-11-03,https://www.predictit.org/markets/detail/8390,https://polymarket.com/event/arkansas-senate-margin-of-victory-2026,,702.24,100,6.25,-7.75,False,False,"Buy on Polymarket (4.2%), fade on Predictit (10.5%)",one-sided,,,,,,,,
general,2026-SEN-CO,Elections,2026-SEN-CO,,,predictit,polymarket,PredictIt: 2026-SEN-CO Dem win,Polymarket: 2026-SEN-CO Dem win,,42054745971068585992552468258190420739050887060024171675730958443343389309662,0.96,0.045,2026-11-03,https://www.predictit.org/markets/detail/8398,https://polymarket.com/event/colorado-senate-margin-of-victory-2026,,341.55,100,91.5,77.5,True,True,"Buy on Polymarket (4.5%), fade on Predictit (96.0%)",one-sided,,,,,,,,
general,2026-SEN-DE,Elections,2026-SEN-DE,,,predictit,polymarket,PredictIt: 2026-SEN-DE Dem win,Polymarket: 2026-SEN-DE Dem win,,109467029375682717672947466588331781838347232688418556926634334189471462678711,0.98,0.9715,2026-11-03,https://www.predictit.org/markets/detail/8407,https://polymarket.com/event/delaware-senate-election-winner,,11060.9,100,0.85,-13.15,False,False,"Buy on Polymarket (97.2%), fade on Predictit (98.0%)",one-sided,,,,,,,,
general,2026-SEN-FL,Elections,2026-SEN-FL,,,predictit,polymarket,PredictIt: 2026-SEN-FL Dem win,Polymarket: 2026-SEN-FL Dem win,,90542063534211195117805498749862682740907741073883285554993204478120111187243,0.185,0.094,2026-11-03,https://www.predictit.org/markets/detail/8228,https://polymarket.com/event/florida-senate-margin-of-victory-2026,,1856.72,100,9.1,-4.9,False,False,"Buy on Polymarket (9.4%), fade on Predictit (18.5%)",one-sided,,,,,,,,
general,2026-SEN-GA,Elections,2026-SEN-GA,,,predictit,polymarket,PredictIt: 2026-SEN-GA Dem win,Polymarket: 2026-SEN-GA Dem win,,21024219148268989748704207701411444044468128261642675917026452687231462203167,0.93,0.945,2026-11-03,https://www.predictit.org/markets/detail/8156,https://polymarket.com/event/georgia-senate-election-winner,,70735.02,100,1.5,-12.5,False,False,"Buy on Predictit (93.0%), fade on Polymarket (94.5%)",one-sided,,,,,,,,
general,2026-SEN-IA,Elections,2026-SEN-IA,,,predictit,polymarket,PredictIt: 2026-SEN-IA Dem win,Polymarket: 2026-SEN-IA Dem win,,90689690530039118737607894922148077480097700217322320781526913496162509181445,0.475,0.485,2026-11-03,https://www.predictit.org/markets/detail/8274,https://polymarket.com/event/iowa-senate-election-winner,,285437.71,100,1.0,-13.0,False,False,"Buy on Predictit (47.5%), fade on Polymarket (48.5%)",one-sided,,,,,,,,
general,2026-SEN-ID,Elections,2026-SEN-ID,,,predictit,polymarket,PredictIt: 2026-SEN-ID Dem win,Polymarket: 2026-SEN-ID Dem win,,26969987183147691459735958550527481658991321979903347263530424157323143990437,0.065,0.014,2026-11-03,https://www.predictit.org/markets/detail/8400,https://polymarket.com/event/idaho-senate-margin-of-victory-2026,,208.83,100,5.1,-8.9,False,False,"Buy on Polymarket (1.4%), fade on Predictit (6.5%)",one-sided,,,,,,,,
general,2026-SEN-IL,Elections,2026-SEN-IL,,,predictit,polymarket,PredictIt: 2026-SEN-IL Dem win,Polymarket: 2026-SEN-IL Dem win,,111232940125638440445053485973783855640462352939983239237000414365099205583774,0.97,0.028,2026-11-03,https://www.predictit.org/markets/detail/8392,https://polymarket.com/event/illinois-senate-margin-of-victory-2026,,280.99,100,94.2,80.2,True,True,"Buy on Polymarket (2.8%), fade on Predictit (97.0%)",one-sided,,,,,,,,
general,2026-SEN-KS,Elections,2026-SEN-KS,,,predictit,polymarket,PredictIt: 2026-SEN-KS Dem win,Polymarket: 2026-SEN-KS Dem win,,75079868093228966915894372964099062660587490227046756021175661325867722540666,0.355,0.325,2026-11-03,https://www.predictit.org/markets/detail/8396,https://polymarket.com/event/kansas-senate-election-winner,,107527.3,100,3.0,-11.0,False,False,"Buy on Polymarket (32.5%), fade on Predictit (35.5%)",one-sided,,,,,,,,
general,2026-SEN-KY,Elections,2026-SEN-KY,,,predictit,polymarket,PredictIt: 2026-SEN-KY Dem win,Polymarket: 2026-SEN-KY Dem win,,37649267567982889592011384409533519112993266261975620703097847510820818713285,0.07,0.028,2026-11-03,https://www.predictit.org/markets/detail/8386,https://polymarket.com/event/kentucky-senate-election-winner,,7454.0,100,4.2,-9.8,False,False,"Buy on Polymarket (2.8%), fade on Predictit (7.0%)",one-sided,,,,,,,,
general,2026-SEN-MA,Elections,2026-SEN-MA,,,predictit,polymarket,PredictIt: 2026-SEN-MA Dem win,Polymarket: 2026-SEN-MA Dem win,,43221719937764076433038032766035539743238562888772055254753209595632126672746,0.98,0.008,2026-11-03,https://www.predictit.org/markets/detail/8381,https://polymarket.com/event/massachusetts-senate-margin-of-victory-2026,,414.12,100,97.2,83.2,True,True,"Buy on Polymarket (0.8%), fade on Predictit (98.0%)",one-sided,,,,,,,,
general,2026-SEN-ME,Elections,2026-SEN-ME,,,predictit,polymarket,PredictIt: 2026-SEN-ME Dem win,Polymarket: 2026-SEN-ME Dem win,,7589880081658059374445882095611024032084645048848237404312287942463647821549,0.69,0.735,2026-11-03,https://www.predictit.org/markets/detail/8159,https://polymarket.com/event/maine-senate-election-winner,,922647.8,100,4.5,-9.5,False,False,"Buy on Predictit (69.0%), fade on Polymarket (73.5%)",one-sided,,,,,,,,
general,2026-SEN-MI,Elections,2026-SEN-MI,,,predictit,polymarket,PredictIt: 2026-SEN-MI Dem win,Polymarket: 2026-SEN-MI Dem win,,71772627544132140586824126381855151743830987860593343955509593715269534710061,0.685,0.745,2026-11-03,https://www.predictit.org/markets/detail/8158,https://polymarket.com/event/michigan-senate-election-winner,,551757.84,100,6.0,-8.0,False,False,"Buy on Predictit (68.5%), fade on Polymarket (74.5%)",one-sided,,,,,,,,
general,2026-SEN-MN,Elections,2026-SEN-MN,,,predictit,polymarket,PredictIt: 2026-SEN-MN Dem win,Polymarket: 2026-SEN-MN Dem win,,5210147086444382339849101722545511095151948730486562412029285471203011774407,0.875,0.925,2026-11-03,https://www.predictit.org/markets/detail/8162,https://polymarket.com/event/minnesota-senate-election-winner,,63576.57,100,5.0,-9.0,False,False,"Buy on Predictit (87.5%), fade on Polymarket (92.5%)",one-sided,,,,,,,,
general,2026-SEN-MS,Elections,2026-SEN-MS,,,predictit,polymarket,PredictIt: 2026-SEN-MS Dem win,Polymarket: 2026-SEN-MS Dem win,,77001639760095266374534198365421436593389036687975321536722226607654949914567,0.095,0.085,2026-11-03,https://www.predictit.org/markets/detail/8388,https://polymarket.com/event/mississippi-senate-election-winner,,37533.06,100,1.0,-13.0,False,False,"Buy on Polymarket (8.5%), fade on Predictit (9.5%)",one-sided,,,,,,,,
general,2026-SEN-NC,Elections,2026-SEN-NC,,,predictit,polymarket,PredictIt: 2026-SEN-NC Dem win,Polymarket: 2026-SEN-NC Dem win,,107151098936186723859677628536733880558851060002514795735761427447010628440047,0.925,0.945,2026-11-03,https://www.predictit.org/markets/detail/8160,https://polymarket.com/event/north-carolina-senate-election-winner,,93751.76,100,2.0,-12.0,False,False,"Buy on Predictit (92.5%), fade on Polymarket (94.5%)",one-sided,,,,,,,,
general,2026-SEN-NH,Elections,2026-SEN-NH,,,predictit,polymarket,PredictIt: 2026-SEN-NH Dem win,Polymarket: 2026-SEN-NH Dem win,,82410058691149830741200014405570918770267839390767234397030380747995715352939,0.815,0.855,2026-11-03,https://www.predictit.org/markets/detail/8161,https://polymarket.com/event/new-hampshire-senate-election-winner,,114349.91,100,4.0,-10.0,False,False,"Buy on Predictit (81.5%), fade on Polymarket (85.5%)",one-sided,,,,,,,,
general,2026-SEN-NJ,Elections,2026-SEN-NJ,,,predictit,polymarket,PredictIt: 2026-SEN-NJ Dem win,Polymarket: 2026-SEN-NJ Dem win,,7677974549798441961236580116388288696687878955556487654297603529125375275637,0.94,0.0025,2026-11-03,https://www.predictit.org/markets/detail/8383,https://polymarket.com/event/new-jersey-senate-margin-of-victory-2026,,814.15,100,93.75,79.75,True,True,"Buy on Polymarket (0.2%), fade on Predictit (94.0%)",one-sided,,,,,,,,
general,2026-SEN-NM,Elections,2026-SEN-NM,,,predictit,polymarket,PredictIt: 2026-SEN-NM Dem win,Polymarket: 2026-SEN-NM Dem win,,19382258711208071791808114067884394683151059595826582226310657669291779774276,0.955,0.01,2026-11-03,https://www.predictit.org/markets/detail/8397,https://polymarket.com/event/new-mexico-senate-margin-of-victory-2026,,122.99,100,94.5,80.5,True,True,"Buy on Polymarket (1.0%), fade on Predictit (95.5%)",one-sided,,,,,,,,
general,2026-SEN-OH,Elections,2026-SEN-OH,,,predictit,polymarket,PredictIt: 2026-SEN-OH Dem win,Polymarket: 2026-SEN-OH Dem win,,83018072688154066292491996133599479395547801317505487833443670253228061205312,0.625,0.625,2026-11-03,https://www.predictit.org/markets/detail/8175,https://polymarket.com/event/ohio-senate-election-winner,,400953.83,100,0.0,-14.0,False,False,"Buy on Predictit (62.5%), fade on Polymarket (62.5%)",one-sided,,,,,,,,
general,2026-SEN-OK,Elections,2026-SEN-OK,,,predictit,polymarket,PredictIt: 2026-SEN-OK Dem win,Polymarket: 2026-SEN-OK Dem win,,6307834485558435215808626904255859755441792356631836236470061805834871616531,0.05,0.009,2026-11-03,https://www.predictit.org/markets/detail/8391,https://polymarket.com/event/oklahoma-senate-margin-of-victory-2026,,297.66,100,4.1,-9.9,False,False,"Buy on Polymarket (0.9%), fade on Predictit (5.0%)",one-sided,,,,,,,,
general,2026-SEN-OR,Elections,2026-SEN-OR,,,predictit,polymarket,PredictIt: 2026-SEN-OR Dem win,Polymarket: 2026-SEN-OR Dem win,,39061967893309111436785551971694628277240985905229982728692930838050590183253,0.96,0.0545,2026-11-03,https://www.predictit.org/markets/detail/8395,https://polymarket.com/event/oregon-senate-margin-of-victory-2026,,245.72,100,90.55,76.55,True,True,"Buy on Polymarket (5.5%), fade on Predictit (96.0%)",one-sided,,,,,,,,
general,2026-SEN-RI,Elections,2026-SEN-RI,,,predictit,polymarket,PredictIt: 2026-SEN-RI Dem win,Polymarket: 2026-SEN-RI Dem win,,488419780624561349537087484870565521893053101280427867652103933922852715222,0.975,0.0075,2026-11-03,https://www.predictit.org/markets/detail/8382,https://polymarket.com/event/rhode-island-senate-margin-of-victory-2026,,256.54,100,96.75,82.75,True,True,"Buy on Polymarket (0.8%), fade on Predictit (97.5%)",one-sided,,,,,,,,
general,2026-SEN-SC,Elections,2026-SEN-SC,,,predictit,polymarket,PredictIt: 2026-SEN-SC Dem win,Polymarket: 2026-SEN-SC Dem win,,30718966535311015751929217398361750334834655110246828806892843311659716192347,0.165,0.125,2026-11-03,https://www.predictit.org/markets/detail/8375,https://polymarket.com/event/south-carolina-senate-election-winner,,224019.51,100,4.0,-10.0,False,False,"Buy on Polymarket (12.5%), fade on Predictit (16.5%)",one-sided,,,,,,,,
general,2026-SEN-SD,Elections,2026-SEN-SD,,,predictit,polymarket,PredictIt: 2026-SEN-SD Dem win,Polymarket: 2026-SEN-SD Dem win,,67967023811721834738685695249992484419619114809767608640505747182577663027691,0.095,0.0015,2026-11-03,https://www.predictit.org/markets/detail/8376,https://polymarket.com/event/south-dakota-senate-election-winner,,12705.23,100,9.35,-4.65,False,False,"Buy on Polymarket (0.1%), fade on Predictit (9.5%)",one-sided,,,,,,,,
general,2026-SEN-TN,Elections,2026-SEN-TN,,,predictit,polymarket,PredictIt: 2026-SEN-TN Dem win,Polymarket: 2026-SEN-TN Dem win,,32832180976319820233770784594777532825515834160906037910741389521155405934640,0.065,0.032,2026-11-03,https://www.predictit.org/markets/detail/8385,https://polymarket.com/event/tennessee-senate-margin-of-victory-2026,,304.87,100,3.3,-10.7,False,False,"Buy on Polymarket (3.2%), fade on Predictit (6.5%)",one-sided,,,,,,,,
general,2026-SEN-VA,Elections,2026-SEN-VA,,,predictit,polymarket,PredictIt: 2026-SEN-VA Dem win,Polymarket: 2026-SEN-VA Dem win,,14293665860978595537579833125649154345910523679283393880767187920364090023903,0.95,0.008,2026-11-03,https://www.predictit.org/markets/detail/8174,https://polymarket.com/event/virginia-senate-margin-of-victory-2026,,933.76,100,94.2,80.2,True,True,"Buy on Polymarket (0.8%), fade on Predictit (95.0%)",one-sided,,,,,,,,
general,2026-SEN-WV,Elections,2026-SEN-WV,,,predictit,polymarket,PredictIt: 2026-SEN-WV Dem win,Polymarket: 2026-SEN-WV Dem win,,110692470670299760609405767524469998656804613573367102042492015567399413436772,0.05,0.021,2026-11-03,https://www.predictit.org/markets/detail/8387,https://polymarket.com/event/west-virginia-senate-election-winner,,5112.99,100,2.9,-11.1,False,False,"Buy on Polymarket (2.1%), fade on Predictit (5.0%)",one-sided,,,,,,,,
general,2026-SEN-WY,Elections,2026-SEN-WY,,,predictit,polymarket,PredictIt: 2026-SEN-WY Dem win,Polymarket: 2026-SEN-WY Dem win,,27404948209862839323844430001109403958819859044996868930478464247467785332053,0.035,0.0065,2026-11-03,https://www.predictit.org/markets/detail/8399,https://polymarket.com/event/wyoming-senate-margin-of-victory-2026,,501.06,100,2.85,-11.15,False,False,"Buy on Polymarket (0.7%), fade on Predictit (3.5%)",one-sided,,,,,,,,
general_candidate,2026-GOV-AK,Elections,AK GOV,Alaska,GOV,polymarket,predictit,Will Tom Begich win the 2026 Alaska governor election?,Who will win the 2026 election for governor of Alaska? — Tom Begich,88923835626751439335001852098823598444201043849577093630790185644778054232354,,0.008,0.015,2026-11-03,https://polymarket.com/event/alaska-governor-election-winner,https://www.predictit.org/markets/detail/8245,164341.49,,100,0.7,-13.3,False,False,"Buy on Polymarket (0.8%), fade on Predictit (1.5%)",one-sided,,,,,,,,Tom Begich
general_candidate,2026-GOV-AK,Elections,AK GOV,Alaska,GOV,polymarket,predictit,Will Jonathan Kreiss-Tomkins win the 2026 Alaska governor election?,Who will win the 2026 election for governor of Alaska? — J. Kreiss-Tomkins,20244362049417025533374049121400436676833898969884666612361039499958684857530,,0.8315,0.695,2026-11-03,https://polymarket.com/event/alaska-governor-election-winner,https://www.predictit.org/markets/detail/8245,79673.92,,100,13.65,-0.35,False,False,"Buy on Predictit (69.5%), fade on Polymarket (83.2%)",one-sided,,,,,,,,Jonathan Kreiss-Tomkins
general_candidate,2026-GOV-AK,Elections,AK GOV,Alaska,GOV,polymarket,predictit,Will Bernadette Wilson win the 2026 Alaska governor election?,Who will win the 2026 election for governor of Alaska? — Bernadette Wilson,64751505184958139146196081658481476813866015817972108997333100399972093820939,,0.145,0.245,2026-11-03,https://polymarket.com/event/alaska-governor-election-winner,https://www.predictit.org/markets/detail/8245,181685.29,,100,10.0,-4.0,False,False,"Buy on Polymarket (14.5%), fade on Predictit (24.5%)",one-sided,,,,,,,,Bernadette Wilson
general_candidate,2026-GOV-CA,Elections,CA GOV,California,GOV,polymarket,predictit,Will Xavier Becerra win the California Governor Election in 2026?,Who will win the 2026 election for governor of California? — Xavier Becerra,60977129292396881848833910361112107174416489010090570432106122538120602786646,,0.9505,0.955,2026-11-03,https://polymarket.com/event/california-governor-election-2026,https://www.predictit.org/markets/detail/8166,2056279.98,,100,0.45,-13.55,False,False,"Buy on Polymarket (95.0%), fade on Predictit (95.5%)",one-sided,,,,,,,,Xavier Becerra
general_candidate,2026-GOV-CA,Elections,CA GOV,California,GOV,polymarket,predictit,Will Steve Hilton win the California Governor Election in 2026?,Who will win the 2026 election for governor of California? — Steve Hilton,82742036522262670996662794097029680950132682539859985097974842241612036171395,,0.0475,0.045,2026-11-03,https://polymarket.com/event/california-governor-election-2026,https://www.predictit.org/markets/detail/8166,2877615.33,,100,0.25,-13.75,False,False,"Buy on Predictit (4.5%), fade on Polymarket (4.8%)",one-sided,,,,,,,,Steve Hilton
