match_type,race_id,platform_a,platform_b,question_a,question_b,market_id_a,market_id_b,implied_prob_a,implied_prob_b,settle_date,category,url_a,url_b,volume_a,volume_b,fuzzy_score
political,2026-GOV-AK,polymarket,predictit,Will Bernadette Wilson win the 2026 Alaska governor election?,Who will win the 2026 election for governor of Alaska? — Bernadette Wilson,64751505184958139146196081658481476813866015817972108997333100399972093820939,32302,0.215,0.235,2026-11-04,Elections,https://polymarket.com/event/alaska-governor-election-winner/will-bernadette-wilson-win-the-2026-alaska-governor-election,https://www.predictit.org/markets/detail/8245,,,100.0
political,2026-GOV-AL,polymarket,predictit,Will the Democrats win the Alabama governor race in 2026?,[flipped] Which party will win the 2026 election for governor of Alabama? — Republican,66799540193763442273153807390120946960260027428359861674134091731050086258652,33240,0.0705,0.1,2026-11-04,Elections,https://polymarket.com/event/alabama-governor-winner-2026/will-the-democrats-win-the-alabama-governor-race-in-2026,https://www.predictit.org/markets/detail/8448,,,100.0
political,2026-GOV-AZ,polymarket,predictit,Will the Republicans win the Arizona governor race in 2026?,[flipped] Which party will win the 2026 election for governor of Arizona? — Democratic,18859933834391393264997730047904836599784455493762567366530805521273388590339,32164,0.095,0.095,2026-11-04,Elections,https://polymarket.com/event/arizona-governor-winner-2026/will-the-republican-win-the-arizona-governor-race-in-2026,https://www.predictit.org/markets/detail/8211,,,100.0
political,2026-GOV-CO,polymarket,predictit,Will the Republicans win the Colorado governor race in 2026?,[flipped] Which party will win the 2026 election for governor of Colorado? — Democratic,17546916569546560082654809047780534438941220653259855302022567325162996913878,33289,0.019,0.035,2026-11-04,Elections,https://polymarket.com/event/colorado-governor-winner-2026/will-the-republicans-win-the-colorado-governor-race-in-2026,https://www.predictit.org/markets/detail/8460,,,100.0
political,2026-GOV-CT,polymarket,predictit,Will the Republicans win the Connecticut governor race in 2026?,[flipped] Which party will win the 2026 election for governor of Connecticut? — Democratic,28222949582692352334110457056784683609708218641745397767642367585928375878193,33076,0.0245,0.035,2026-11-04,Elections,https://polymarket.com/event/connecticut-governor-winner-2026/will-the-republicans-win-the-connecticut-governor-race-in-2026,https://www.predictit.org/markets/detail/8401,,,100.0
political,2026-GOV-FL,polymarket,predictit,Will the Democrats win the Florida governor race in 2026?,[flipped] Which party will win the 2026 election for governor of Florida? — Republican,45666577334498374671436529469006420565255125221309505855441517627481607414492,33112,0.235,0.205,2026-11-04,Elections,https://polymarket.com/event/florida-governor-winner-2026/will-the-democrats-win-the-florida-governor-race-in-2026,https://www.predictit.org/markets/detail/8413,,,100.0
political,2026-GOV-GA,polymarket,predictit,Will the Republicans win the Georgia governor race in 2026?,Which party will win the 2026 election for governor of Georgia? — Republican,17555504943162344098534978138053308162738914357892515623100381936995379845407,33119,0.505,0.535,2026-11-04,Elections,https://polymarket.com/event/georgia-governor-winner-2026/will-the-republicans-win-the-georgia-governor-race-in-2026,https://www.predictit.org/markets/detail/8416,,,100.0
political,2026-GOV-IA,polymarket,predictit,Will the Republicans win the Iowa governor race in 2026?,[flipped] Which party will win the 2026 election for governor of Iowa? — Democratic,35744753605838865227961720864928711626409257515092566128191701940968999011763,33012,0.115,0.135,2026-11-04,Elections,https://polymarket.com/event/iowa-governor-winner-2026/will-the-republicans-win-the-iowa-governor-race-in-2026,https://www.predictit.org/markets/detail/8378,,,100.0
political,2026-GOV-KS,polymarket,predictit,Will the Democrats win the Kansas governor race in 2026?,[flipped] Which party will win the 2026 election for governor of Kansas? — Republican,79484096963248498578517243733071571984223432387663163312687533493173144145268,32169,0.255,0.33,2026-11-04,Elections,https://polymarket.com/event/kansas-governor-winner-2026/will-the-democrats-win-the-kansas-governor-race-in-2026,https://www.predictit.org/markets/detail/8214,,,100.0
political,2026-GOV-MA,polymarket,predictit,Will the Republicans win the Massachusetts governor race in 2026?,[flipped] Which party will win the 2026 election for governor of Massachusetts? — Democratic,60883119277247470994582429550632811829505423471772740208057726618094988141160,33080,0.036,0.025,2026-11-04,Elections,https://polymarket.com/event/massachusetts-governor-winner-2026/will-the-republicans-win-the-massachusetts-governor-race-in-2026,https://www.predictit.org/markets/detail/8403,,,100.0
political,2026-GOV-MD,polymarket,predictit,Will the Republicans win the Maryland governor race in 2026?,[flipped] Which party will win the 2026 election for governor of Maryland? — Democratic,99454680080858182975916786322594927636228275589135289499749895045005789315019,33100,0.0215,0.055,2026-11-04,Elections,https://polymarket.com/event/maryland-governor-winner-2026/will-the-republicans-win-the-maryland-governor-race-in-2026,https://www.predictit.org/markets/detail/8410,,,100.0
political,2026-GOV-MI,polymarket,predictit,Will the Democrats win the Michigan governor race in 2026?,Which party will win the 2026 election for governor of Michigan? — Democratic,63517706574758177502492185078056756527324898714284142778693046697324148388357,32166,0.9415,0.91,2026-11-04,Elections,https://polymarket.com/event/michigan-governor-winner-2026/will-the-democrats-win-the-michigan-governor-race-in-2026,https://www.predictit.org/markets/detail/8212,,,100.0
political,2026-GOV-MN,polymarket,predictit,Will the Republicans win the Minnesota governor race in 2026?,[flipped] Which party will win the 2026 election for governor of Minnesota? — Democratic,52147423614804649302719056405435366546705837330765266472799012257146403501281,32554,0.0505,0.06,2026-11-04,Elections,https://polymarket.com/event/minnesota-governor-winner-2026/will-the-republicans-win-the-minnesota-governor-race-in-2026,https://www.predictit.org/markets/detail/8297,,,100.0
political,2026-GOV-NM,polymarket,predictit,Will the Republicans win the New Mexico governor race in 2026?,[flipped] Which party will win the 2026 election for governor of New Mexico? — Democratic,66486026915087812107390926299428531209332603871609345502520740675575639289776,33335,0.045,0.075,2026-11-04,Elections,https://polymarket.com/event/new-mexico-governor-winner-2026/will-the-republicans-win-the-new-mexico-governor-race-in-2026,https://www.predictit.org/markets/detail/8474,,,100.0
political,2026-GOV-NV,polymarket,predictit,Will the Republicans win the Nevada governor race in 2026?,Which party will win the 2026 election for governor of Nevada? — Republican,26514162544090965098284473937422427465088569867873952479707540387314217381282,33125,0.445,0.495,2026-11-04,Elections,https://polymarket.com/event/nevada-governor-winner-2026/will-the-republicans-win-the-nevada-governor-race-in-2026,https://www.predictit.org/markets/detail/8419,,,100.0
political,2026-GOV-NY,polymarket,predictit,Will the Republicans win the New York governor race in 2026?,[flipped] Which party will win the 2026 election for governor of New York? — Democratic,108106288970534575307495623455701128869187166289634633189375113923142364674394,32172,0.039,0.035,2026-11-04,Elections,https://polymarket.com/event/new-york-governor-winner-2026/will-the-republicans-win-the-new-york-governor-race-in-2026,https://www.predictit.org/markets/detail/8215,,,100.0
political,2026-GOV-OH,polymarket,predictit,Will the Republicans win the Ohio governor race in 2026?,[flipped] Which party will win the 2026 election for governor of Ohio? — Democratic,3104629708171062356498135654472461762731791851667035051301931240755518332250,33213,0.325,0.34,2026-11-04,Elections,https://polymarket.com/event/ohio-governor-winner-2026/will-the-republicans-win-the-ohio-governor-race-in-2026,https://www.predictit.org/markets/detail/8441,,,100.0
political,2026-GOV-PA,polymarket,predictit,Will the Republicans win the Pennsylvania governor race in 2026?,[flipped] Which party will win the 2026 election for governor of Pennsylvania? — Democratic,5688801435889428424829669547673250506620304454224290559333533905846390372394,33111,0.0265,0.04,2026-11-04,Elections,https://polymarket.com/event/pennsylvania-governor-winner-2026/will-the-republicans-win-the-pennsylvania-governor-race-in-2026,https://www.predictit.org/markets/detail/8412,,,100.0
political,2026-GOV-RI,polymarket,predictit,Will the Democrats win the Rhode Island governor race in 2026?,Which party will win the 2026 election for governor of Rhode Island? — Democratic,12963869833838696349134591178892586509546549676681530057691780490969939726649,33082,0.971,0.975,2026-11-04,Elections,https://polymarket.com/event/rhode-island-governor-winner-2026/will-the-democrats-win-the-rhode-island-governor-race-in-2026,https://www.predictit.org/markets/detail/8404,,,100.0
political,2026-GOV-TX,polymarket,predictit,Will the Republicans win the Texas governor race in 2026?,Which party will win the 2026 election for governor of Texas? — Republican,54743173400191373818547682740700297683169841200363505623023527116388816282328,33123,0.7335,0.735,2026-11-04,Elections,https://polymarket.com/event/texas-governor-winner-2026/will-the-republicans-win-the-texas-governor-race-in-2026,https://www.predictit.org/markets/detail/8418,,,100.0
political,2026-GOV-VT,polymarket,predictit,Will the Democrats win the Vermont governor race in 2026?,[flipped] Which party will win the 2026 election for governor of Vermont? — Republican,60184991030711150053889856154789765911962237408503307206289529109604385579009,33077,0.217,0.29,2026-11-04,Elections,https://polymarket.com/event/vermont-governor-winner-2026/will-the-democrats-win-the-vermont-governor-race-in-2026,https://www.predictit.org/markets/detail/8402,,,100.0
political,2026-GOV-WI,polymarket,predictit,Will the Republicans win the Wisconsin governor race in 2026?,[flipped] Which party will win the 2026 election for governor of Wisconsin? — Democratic,110568426700454908727813010666782278712329569099119457880819387703511785225289,32168,0.185,0.22,2026-11-04,Elections,https://polymarket.com/event/wisconsin-governor-winner-2026/will-the-republicans-win-the-wisconsin-governor-race-in-2026,https://www.predictit.org/markets/detail/8213,,,100.0
political,2026-SEN-AL,polymarket,predictit,Will the Democrats win the Alabama Senate race in 2026?,[flipped] Which party will win the 2026 US Senate election in Alabama? — Republican,77232568388576878990477542833081311975859328857370439688711702313039178600550,33038,0.0155,0.05,2026-11-04,Elections,https://polymarket.com/event/alabama-senate-election-winner-154/will-the-democrats-win-the-alabama-senate-race-in-2026,https://www.predictit.org/markets/detail/8384,,,100.0
political,2026-SEN-AR,polymarket,predictit,Will the Democrats win the Arkansas Senate race in 2026?,[flipped] Which party will win the 2026 US Senate election in Arkansas? — Republican,68370995073141964079913803663665941780115677360430806954011390499916208708512,33050,0.0655,0.075,2026-11-04,Elections,https://polymarket.com/event/arkansas-senate-election-winner/will-the-democrats-win-the-arkansas-senate-race-in-2026,https://www.predictit.org/markets/detail/8390,,,100.0
political,2026-SEN-CO,polymarket,predictit,Will the Republicans win the Colorado Senate race in 2026?,[flipped] Which party will win the 2026 US Senate election in Colorado? — Democratic,94387913280398317052582281843978069916338462525042652614881277797162415545237,33070,0.0155,0.04,2026-11-04,Elections,https://polymarket.com/event/colorado-senate-election-winner/will-the-republicans-win-the-colorado-senate-race-in-2026,https://www.predictit.org/markets/detail/8398,,,100.0
political,2026-SEN-DE,polymarket,predictit,Will the Republicans win the Delaware Senate race in 2026?,[flipped] Which party will win the 2026 US Senate election in Delaware? — Democratic,18791277393217683755628516529477058015186638022373024614300661393042993809537,33096,0.016,0.02,2026-11-04,Elections,https://polymarket.com/event/delaware-senate-election-winner/will-the-republicans-win-the-delaware-senate-race-in-2026,https://www.predictit.org/markets/detail/8407,,,100.0
political,2026-SEN-FL-S,polymarket,predictit,Will the Democrats win the Florida Senate race in 2026?,[flipped] Which party will win the 2026 US Senate election in Florida? — Republican,109815773012907461372639157658293071578555374097742562684476865021743386609433,32195,0.095,0.15,2026-11-04,Elections,https://polymarket.com/event/florida-senate-election-winner/will-the-democrats-win-the-florida-senate-race-in-2026,https://www.predictit.org/markets/detail/8228,,,100.0
political,2026-SEN-GA,polymarket,predictit,Will the Republicans win the Georgia Senate race in 2026?,[flipped] Which party will win the 2026 US Senate election in Georgia? — Democratic,43777191461245536274027792855557351629362906569064322165760098912770293918104,31950,0.0335,0.065,2026-11-04,Elections,https://polymarket.com/event/georgia-senate-election-winner/will-the-republicans-win-the-georgia-senate-race-in-2026,https://www.predictit.org/markets/detail/8156,,,100.0
political,2026-SEN-IA,polymarket,predictit,Will the Democrats win the Iowa Senate race in 2026?,Which party will win the 2026 US Senate election in Iowa? — Democratic,90689690530039118737607894922148077480097700217322320781526913496162509181445,32443,0.425,0.53,2026-11-04,Elections,https://polymarket.com/event/iowa-senate-election-winner/will-the-democrats-win-the-iowa-senate-race-in-2026,https://www.predictit.org/markets/detail/8274,,,100.0
political,2026-SEN-ID,polymarket,predictit,Will the Republicans win the Idaho Senate race in 2026?,Which party will win the 2026 US Senate election in Idaho? — Republican,6756779810577885828704276397389282544084821591107025125954859235939281991675,33073,0.9465,0.95,2026-11-04,Elections,https://polymarket.com/event/idaho-senate-election-winner/will-the-republicans-win-the-idaho-senate-race-in-2026,https://www.predictit.org/markets/detail/8400,,,100.0
political,2026-SEN-IL,polymarket,predictit,Will the Republicans win the Illinois Senate race in 2026?,[flipped] Which party will win the 2026 US Senate election in Illinois? — Democratic,28293677056280080359554222049156424637171556977737746792223933800049748849083,33055,0.022,0.015,2026-11-04,Elections,https://polymarket.com/event/illinois-senate-election-winner/will-the-republicans-win-the-illinois-senate-race-in-2026,https://www.predictit.org/markets/detail/8392,,,100.0
political,2026-SEN-KS,polymarket,predictit,Will the Democrats win the Kansas Senate race in 2026?,[flipped] Which party will win the 2026 US Senate election in Kansas? — Republican,75079868093228966915894372964099062660587490227046756021175661325867722540666,33065,0.325,0.37,2026-11-04,Elections,https://polymarket.com/event/kansas-senate-election-winner/will-the-democrats-win-the-kansas-senate-race-in-2026,https://www.predictit.org/markets/detail/8396,,,100.0
political,2026-SEN-KY,polymarket,predictit,Will the Republicans win the Kentucky Senate race in 2026?,Which party will win the 2026 US Senate election in Kentucky? — Republican,48498511771232100148522166869811267217315069499419645745771730197179043728388,33042,0.965,0.945,2026-11-04,Elections,https://polymarket.com/event/kentucky-senate-election-winner/will-the-republicans-win-the-kentucky-senate-race-in-2026,https://www.predictit.org/markets/detail/8386,,,100.0
political,2026-SEN-MA,polymarket,predictit,Will the Republicans win the Massachusetts Senate race in 2026?,[flipped] Which party will win the 2026 US Senate election in Massachusetts? — Democratic,94720102345103978732985991591541449349105398685307981352929740529082927790385,33033,0.018,0.015,2026-11-04,Elections,https://polymarket.com/event/massachusetts-senate-election-winner/will-the-republicans-win-the-massachusetts-senate-race-in-2026,https://www.predictit.org/markets/detail/8381,,,100.0
political,2026-SEN-ME,polymarket,predictit,Will the Democrats win the Maine Senate race in 2026?,Which party will win the 2026 US Senate election in Maine? — Democratic,7589880081658059374445882095611024032084645048848237404312287942463647821549,31956,0.585,0.56,2026-11-04,Elections,https://polymarket.com/event/maine-senate-election-winner/will-the-democrats-win-the-maine-senate-race-in-2026,https://www.predictit.org/markets/detail/8159,,,100.0
political,2026-SEN-MI,polymarket,predictit,Will the Republicans win the Michigan Senate race in 2026?,[flipped] Which party will win the 2026 US Senate election in Michigan? — Democratic,1046980875306043125128331871114794349002409233139736033870402475326170083426,31954,0.265,0.285,2026-11-04,Elections,https://polymarket.com/event/michigan-senate-election-winner/will-the-republicans-win-the-michigan-senate-race-in-2026,https://www.predictit.org/markets/detail/8158,,,100.0
political,2026-SEN-MN,polymarket,predictit,Will the Republicans win the Minnesota Senate race in 2026?,[flipped] Which party will win the 2026 US Senate election in Minnesota? — Democratic,70179930004460104520571721963263381325865077807861641105900318902168490512539,31962,0.12,0.13,2026-11-04,Elections,https://polymarket.com/event/minnesota-senate-election-winner/will-the-republicans-win-the-minnesota-senate-race-in-2026,https://www.predictit.org/markets/detail/8162,,,100.0
political,2026-SEN-MS,polymarket,predictit,Will the Democrats win the Mississippi Senate race in 2026?,[flipped] Which party will win the 2026 US Senate election in Mississippi? — Republican,77001639760095266374534198365421436593389036687975321536722226607654949914567,33046,0.085,0.09,2026-11-04,Elections,https://polymarket.com/event/mississippi-senate-election-winner/will-the-democrats-win-the-mississippi-senate-race-in-2026,https://www.predictit.org/markets/detail/8388,,,100.0
political,2026-SEN-NC,polymarket,predictit,Will the Republicans win the North Carolina Senate race in 2026?,[flipped] Which party will win the 2026 US Senate election in North Carolina? — Democratic,62831517509825405761763142539845746280269675872170259538293560849475982647892,31958,0.0365,0.035,2026-11-04,Elections,https://polymarket.com/event/north-carolina-senate-election-winner/will-the-republicans-win-the-north-carolina-senate-race-in-2026,https://www.predictit.org/markets/detail/8160,,,100.0
political,2026-SEN-NH,polymarket,predictit,Will the Republicans win the New Hampshire Senate race in 2026?,[flipped] Which party will win the 2026 US Senate election in New Hampshire? — Democratic,62227089537100115269143206481757249285124282589590263790284791475153705872216,31960,0.135,0.165,2026-11-04,Elections,https://polymarket.com/event/new-hampshire-senate-election-winner/will-the-republicans-win-the-new-hampshire-senate-race-in-2026,https://www.predictit.org/markets/detail/8161,,,100.0
political,2026-SEN-NJ,polymarket,predictit,Will the Republicans win the New Jersey Senate race in 2026?,[flipped] Which party will win the 2026 US Senate election in New Jersey? — Democratic,80469582416211324277551196813384851504222711072116234686695188046152640511225,33037,0.019,0.015,2026-11-04,Elections,https://polymarket.com/event/new-jersey-senate-election-winner/will-the-republicans-win-the-new-jersey-senate-race-in-2026,https://www.predictit.org/markets/detail/8383,,,100.0
political,2026-SEN-NM,polymarket,predictit,Will the Republicans win the New Mexico Senate race in 2026?,[flipped] Which party will win the 2026 US Senate election in New Mexico? — Democratic,47410821361368319377218522333433306313753572972827491807608363074924233552004,33068,0.0155,0.04,2026-11-04,Elections,https://polymarket.com/event/new-mexico-senate-election-winner/will-the-republicans-win-the-new-mexico-senate-race-in-2026,https://www.predictit.org/markets/detail/8397,,,100.0
political,2026-SEN-OH-S,polymarket,predictit,Will the Democrats win the Ohio Senate race in 2026?,Which party will win the 2026 US Senate special election in Ohio? — Democratic,83018072688154066292491996133599479395547801317505487833443670253228061205312,32035,0.615,0.64,2026-11-04,Elections,https://polymarket.com/event/ohio-senate-election-winner/will-the-democrats-win-the-ohio-senate-race-in-2026,https://www.predictit.org/markets/detail/8175,,,100.0
political,2026-SEN-OK,polymarket,predictit,Will the Democrats win the Oklahoma Senate race in 2026?,[flipped] Which party will win the 2026 US Senate election in Oklahoma? — Republican,112281295057865404870041957222562306206517476142557838682690649172966968734671,33052,0.0145,0.03,2026-11-04,Elections,https://polymarket.com/event/oklahoma-senate-election-winner/will-the-democrats-win-the-oklahoma-senate-race-in-2026,https://www.predictit.org/markets/detail/8391,,,100.0
political,2026-SEN-OR,polymarket,predictit,Will the Republicans win the Oregon Senate race in 2026?,[flipped] Which party will win the 2026 US Senate election in Oregon? — Democratic,79489800771199803792838465972773376352837733018768490302999836500381020065853,33064,0.021,0.05,2026-11-04,Elections,https://polymarket.com/event/oregon-senate-election-winner/will-the-republicans-win-the-oregon-senate-race-in-2026,https://www.predictit.org/markets/detail/8395,,,100.0
political,2026-SEN-RI,polymarket,predictit,Will the Republicans win the Rhode Island Senate race in 2026?,[flipped] Which party will win the 2026 US Senate election in Rhode Island? — Democratic,18128207363125529330540526475108389147728645885887417700651189282375630645842,33035,0.008,0.025,2026-11-04,Elections,https://polymarket.com/event/rhode-island-senate-election-winner/will-the-republicans-win-the-rhode-island-senate-race-in-2026,https://www.predictit.org/markets/detail/8382,,,100.0
political,2026-SEN-SC,polymarket,predictit,Will the Democrats win the South Carolina Senate race in 2026?,[flipped] Which party will win the 2026 US Senate election in South Carolina? — Republican,30718966535311015751929217398361750334834655110246828806892843311659716192347,33005,0.155,0.175,2026-11-04,Elections,https://polymarket.com/event/south-carolina-senate-election-winner/will-the-democrats-win-the-south-carolina-senate-race-in-2026,https://www.predictit.org/markets/detail/8375,,,100.0
political,2026-SEN-TN,polymarket,predictit,Will the Democrats win the Tennessee Senate race in 2026?,[flipped] Which party will win the 2026 US Senate election in Tennessee? — Republican,109770398277480657132311708823042764648778271467537669934185093015733099277755,33040,0.0495,0.055,2026-11-04,Elections,https://polymarket.com/event/tennessee-senate-election-winner/will-the-democrats-win-the-tennessee-senate-race-in-2026,https://www.predictit.org/markets/detail/8385,,,100.0
political,2026-SEN-TX,polymarket,predictit,Will the Democrats win the Texas Senate race in 2026?,Which party will win the 2026 US Senate election in Texas? — Democrats (Talarico),15290572385458522370285732869432740297199321382471116558439914335588167718663,32031,0.645,0.625,2026-11-04,Elections,https://polymarket.com/event/texas-senate-election-winner/will-the-democrats-win-the-texas-senate-race-in-2026,https://www.predictit.org/markets/detail/8173,,,100.0
political,2026-SEN-VA,polymarket,predictit,Will the Republicans win the Virginia Senate race in 2026?,[flipped] Which party will win the 2026 US Senate election in Virginia? — Democratic,30879673422883665658998557649780314115615509792114924412311244164523672753717,32033,0.0215,0.025,2026-11-04,Elections,https://polymarket.com/event/virginia-senate-election-winner/will-the-republicans-win-the-virginia-senate-race-in-2026,https://www.predictit.org/markets/detail/8174,,,100.0
political,2026-SEN-WV,polymarket,predictit,Will the Democrats win the West Virginia Senate race in 2026?,[flipped] Which party will win the 2026 US Senate election in West Virginia? — Republican,110692470670299760609405767524469998656804613573367102042492015567399413436772,33044,0.0115,0.025,2026-11-04,Elections,https://polymarket.com/event/west-virginia-senate-election-winner/will-the-democrats-win-the-west-virginia-senate-race-in-2026,https://www.predictit.org/markets/detail/8387,,,100.0
political,2026-SEN-WY,polymarket,predictit,Will the Democrats win the Wyoming Senate race in 2026?,[flipped] Which party will win the 2026 US Senate election in Wyoming? — Republican,49797779751182114244550178900838522175054943127409025738411962628574218037267,33071,0.025,0.05,2026-11-04,Elections,https://polymarket.com/event/wyoming-senate-election-winner/will-the-democrats-win-the-wyoming-senate-race-in-2026,https://www.predictit.org/markets/detail/8399,,,100.0
threshold,,kalshi,polymarket,How low will BNB get in 2026? — Below $500.00,"Will BNB dip to $500 by December 31, 2026?",KXBNBMINY-BNB-26DEC31-50000,46569948406997487969128617020264754202600271845039170013337237269952135228072,0.25,0.12,2027-01-01,Crypto,https://kalshi.com/markets/kxbnbminy/kxbnbminy-bnb-26dec31,https://polymarket.com/event/what-price-will-bnb-hit-before-2027/will-bnb-dip-to-500-by-december-31-2026,655.69,32374.464757,100.0
threshold,,kalshi,polymarket,"How low will Bitcoin get in 2026? — Below $55,000.00","Will Bitcoin dip to $55,000 by December 31, 2026?",KXBTCMINY-27JAN01-55000.00,115462087336983275104521488923966022755348986822352694745153736621832003960847,0.1,0.075,2027-01-01,Crypto,https://kalshi.com/markets/kxbtcminy/kxbtcminy-27jan01,https://polymarket.com/event/what-price-will-bitcoin-hit-before-2027/will-bitcoin-dip-to-55000-by-december-31-2026-527-627-868-745-188-361-314-673-612-946-821-624-855-557-684-381-884-939-182-939-516,1734006.03,6505558.8913900005,100.0
threshold,,kalshi,polymarket,"How low will Bitcoin get in 2026? — Below $45,000.00","Will Bitcoin dip to $45,000 by December 31, 2026?",KXBTCMINY-27JAN01-45000.00,9894510651052373088408067031031513212801618531203062911959630395716258202132,0.06,0.0385,2027-01-01,Crypto,https://kalshi.com/markets/kxbtcminy/kxbtcminy-27jan01,https://polymarket.com/event/what-price-will-bitcoin-hit-before-2027/will-bitcoin-dip-to-45000-by-december-31-2026-674-923-755-971-998-525-926-245-316-517-544-589-965-923-986-841-815-224-586-231-289-533-573,994531.35,8185984.63729,100.0
threshold,,kalshi,polymarket,"How low will Bitcoin get in 2026? — Below $50,000.00","Will Bitcoin dip to $50,000 by December 31, 2026?",KXBTCMINY-27JAN01-50000.00,13887983551129862992605123088744175927084435631400400451585519366058907542147,0.06,0.055,2027-01-01,Crypto,https://kalshi.com/markets/kxbtcminy/kxbtcminy-27jan01,https://polymarket.com/event/what-price-will-bitcoin-hit-before-2027/will-bitcoin-dip-to-50000-by-december-31-2026-454-325-222-878-949-487-451-853-523-111,1485962.98,4109420.675951999,100.0
threshold,,kalshi,polymarket,"How low will Bitcoin get in 2026? — Below $40,000.00","Will Bitcoin dip to $40,000 by December 31, 2026?",KXBTCMINY-27JAN01-40000.00,4255890554350661695724949176183233033027635903850796430457642328613772591960,0.04,0.0295,2027-01-01,Crypto,https://kalshi.com/markets/kxbtcminy/kxbtcminy-27jan01,https://polymarket.com/event/what-price-will-bitcoin-hit-before-2027/will-bitcoin-dip-to-40000-by-december-31-2026-593-522-842-874-931-776-991-167-531-959,1367975.2,2527529.028183,100.0
threshold,,kalshi,polymarket,How high will XRP get in October? — Above $2.20,Will XRP reach $2.20 in October?,KXXRPMAXMON-XRP-26OCT31-220,47344964758159770372447704851105156415538139351603437753242794867730641829749,0.12,0.075,2026-11-01,Crypto,https://kalshi.com/markets/kxxrpmaxmon/kxxrpmaxmon-xrp-26oct31,https://polymarket.com/event/what-price-will-xrp-hit-in-october-2026/will-xrp-reach-2pt2-in-october-2026,7275.43,8701.394106,100.0
threshold,,kalshi,polymarket,How high will XRP get in October? — Above $2.00,Will XRP reach $2.00 in October?,KXXRPMAXMON-XRP-26OCT31-200,41807150672032239550477033541031451097075894048747941613625450986894643937985,0.08,0.085,2026-11-01,Crypto,https://kalshi.com/markets/kxxrpmaxmon/kxxrpmaxmon-xrp-26oct31,https://polymarket.com/event/what-price-will-xrp-hit-in-october-2026/will-xrp-reach-2-in-october-2026,2896.83,6930.619798999998,100.0
threshold,,kalshi,polymarket,How high will XRP get in October? — Above $1.80,Will XRP reach $1.80 in October?,KXXRPMAXMON-XRP-26OCT31-180,59058787761400807901390532679567717080046427256722027396709864449652228742276,0.25,0.215,2026-11-01,Crypto,https://kalshi.com/markets/kxxrpmaxmon/kxxrpmaxmon-xrp-26oct31,https://polymarket.com/event/what-price-will-xrp-hit-in-october-2026/will-xrp-reach-1pt8-in-october-2026,3199.84,14099.728008,100.0
threshold,,kalshi,polymarket,How high will XRP get in October? — Above $1.60,Will XRP reach $1.60 in October?,KXXRPMAXMON-XRP-26OCT31-160,114605195260478596412479860310296624196738533187453606884069962142242083822633,0.64,0.61,2026-11-01,Crypto,https://kalshi.com/markets/kxxrpmaxmon/kxxrpmaxmon-xrp-26oct31,https://polymarket.com/event/what-price-will-xrp-hit-in-october-2026/will-xrp-reach-1pt6-in-october-2026,4768.29,2787.77039,100.0
threshold,,kalshi,polymarket,"How high will ETH get in October? — Above $3,500.00","Will Ethereum reach $3,500 in October?",KXETHMAXMON-ETH-26OCT31-350000,28991287325870050372190509590836891410462334755071722874663958786337947947700,0.09,0.049,2026-11-01,Crypto,https://kalshi.com/markets/kxethmaxmon/kxethmaxmon-eth-26oct31,https://polymarket.com/event/what-price-will-ethereum-hit-in-october-2026/will-ethereum-reach-3500-in-october-2026,10659.52,20655.339427000006,100.0
threshold,,kalshi,polymarket,"How high will ETH get in October? — Above $3,000.00","Will Ethereum reach $3,000 in October?",KXETHMAXMON-ETH-26OCT31-300000,17706823263441590914557183278816891450251575643248106418922526300598367626289,0.4,0.365,2026-11-01,Crypto,https://kalshi.com/markets/kxethmaxmon/kxethmaxmon-eth-26oct31,https://polymarket.com/event/what-price-will-ethereum-hit-in-october-2026/will-ethereum-reach-3000-in-october-2026,9461.29,63815.592835,100.0
threshold,,kalshi,polymarket,How high will Solana get in 2026? — Above $300.00,"Will Solana reach $300 by December 31, 2026?",KXSOLMAXY-27JAN01-300,107456113693751845446699553459141275240400233632912701627570495868122391353404,0.08,0.023,2027-01-01,Crypto,https://kalshi.com/markets/kxsolmaxy/kxsolmaxy-27jan01,https://polymarket.com/event/what-price-will-solana-hit-before-2027/will-solana-reach-300-by-december-31-2026,30642.93,49935.36717599999,100.0
threshold,,kalshi,polymarket,How high will Solana get in 2026? — Above $200.00,"Will Solana reach $200 by December 31, 2026?",KXSOLMAXY-27JAN01-200,29657900483802754379544004377487179481041228193522261244980235518282996286953,0.11,0.095,2027-01-01,Crypto,https://kalshi.com/markets/kxsolmaxy/kxsolmaxy-27jan01,https://polymarket.com/event/what-price-will-solana-hit-before-2027/will-solana-reach-200-by-december-31-2026,38102.18,75351.40935899997,100.0
threshold,,kalshi,polymarket,How high will Solana get in 2026? — Above $180.00,"Will Solana reach $180 by December 31, 2026?",KXSOLMAXY-27JAN01-180,40391149144539591348178556823223213304223571613505107010092930579781588846486,0.21,0.1655,2027-01-01,Crypto,https://kalshi.com/markets/kxsolmaxy/kxsolmaxy-27jan01,https://polymarket.com/event/what-price-will-solana-hit-before-2027/will-solana-reach-180-by-december-31-2026,40956.23,141362.004981,100.0
threshold,,kalshi,polymarket,How high will Solana get in 2026? — Above $160.00,"Will Solana reach $160 by December 31, 2026?",KXSOLMAXY-27JAN01-160,109330882058614292316023690415034941592701651157216579359290853708015909209656,0.31,0.285,2027-01-01,Crypto,https://kalshi.com/markets/kxsolmaxy/kxsolmaxy-27jan01,https://polymarket.com/event/what-price-will-solana-hit-before-2027/will-solana-reach-160-by-december-31-2026,57280.15,140278.58422100003,100.0
threshold,,kalshi,polymarket,"How high will Bitcoin get in 2026? — Above $199,999.99","Will Bitcoin reach $200,000 by December 31, 2026?",KXBTCMAXY-26DEC31-199999.99,61368943128255287414565270336856615453000675377332178800733742873558311943412,0.02,0.0105,2027-01-01,Crypto,https://kalshi.com/markets/kxbtcmaxy/kxbtcmaxy-26dec31,https://polymarket.com/event/what-price-will-bitcoin-hit-before-2027/will-bitcoin-reach-200000-by-december-31-2026-752-232-389,876109.48,2077574.550293,100.0
threshold,,kalshi,polymarket,"How high will Bitcoin get in 2026? — Above $149,999.99","Will Bitcoin reach $150,000 by December 31, 2026?",KXBTCMAXY-26DEC31-149999.99,9408196828451163378822245032645030045707991112669125056198742225498158094445,0.03,0.0265,2027-01-01,Crypto,https://kalshi.com/markets/kxbtcmaxy/kxbtcmaxy-26dec31,https://polymarket.com/event/what-price-will-bitcoin-hit-before-2027/will-bitcoin-reach-150000-by-december-31-2026-557-246-971,466125.36,1243932.2479,100.0
threshold,,kalshi,polymarket,"How high will Bitcoin get in 2026? — Above $139,999.99","Will Bitcoin reach $140,000 by December 31, 2026?",KXBTCMAXY-26DEC31-139999.99,71296910957902084356560391757722633648005498400799774895345285101862220728868,0.03,0.0305,2027-01-01,Crypto,https://kalshi.com/markets/kxbtcmaxy/kxbtcmaxy-26dec31,https://polymarket.com/event/what-price-will-bitcoin-hit-before-2027/will-bitcoin-reach-140000-by-december-31-2026-131-829-299,329554.71,1299403.115899,100.0
threshold,,kalshi,polymarket,"How high will Bitcoin get in 2026? — Above $129,999.99","Will Bitcoin reach $130,000 by December 31, 2026?",KXBTCMAXY-26DEC31-129999.99,106722178102302988256241610384561546855057790384749278490135208236665942286983,0.08,0.0475,2027-01-01,Crypto,https://kalshi.com/markets/kxbtcmaxy/kxbtcmaxy-26dec31,https://polymarket.com/event/what-price-will-bitcoin-hit-before-2027/will-bitcoin-reach-130000-by-december-31-2026-756-151-855,466467.72,1963500.881565,100.0
threshold,,kalshi,polymarket,"How high will Bitcoin get in 2026? — Above $119,999.99","Will Bitcoin reach $120,000 by December 31, 2026?",KXBTCMAXY-26DEC31-119999.99,65965214225073605704712365855887384729237451947822407248598722221769498441791,0.12,0.085,2027-01-01,Crypto,https://kalshi.com/markets/kxbtcmaxy/kxbtcmaxy-26dec31,https://polymarket.com/event/what-price-will-bitcoin-hit-before-2027/will-bitcoin-reach-120000-by-december-31-2026-625-425-562,630969.0,2143480.727055,100.0
threshold,,kalshi,polymarket,"How high will Bitcoin get in 2026? — Above $109,999.99","Will Bitcoin reach $110,000 by December 31, 2026?",KXBTCMAXY-26DEC31-109999.99,74843373582432484858627201602003648342208168490128239235522790524493414154441,0.19,0.175,2027-01-01,Crypto,https://kalshi.com/markets/kxbtcmaxy/kxbtcmaxy-26dec31,https://polymarket.com/event/what-price-will-bitcoin-hit-before-2027/will-bitcoin-reach-110000-by-december-31-2026-658-339-969,661068.05,1944552.0146740004,100.0
threshold,,kalshi,polymarket,"How high will Bitcoin get in 2026? — Above $99,999.99","Will Bitcoin reach $100,000 by December 31, 2026?",KXBTCMAXY-26DEC31-99999.99,56078938060096976448086754249497300447360333783952000147427828224794011030104,0.4,0.355,2027-01-01,Crypto,https://kalshi.com/markets/kxbtcmaxy/kxbtcmaxy-26dec31,https://polymarket.com/event/what-price-will-bitcoin-hit-before-2027/will-bitcoin-reach-100000-by-december-31-2026-571-361-361,1548443.37,3726501.903562002,100.0
threshold,,kalshi,polymarket,How low will SOL get in October? — Below $110.00,Will Solana dip to $110 in October?,KXSOLMINMON-SOL-26OCT31-11000,56445307884323893496530237152435636459976231763995940001037415474094180642954,0.57,0.525,2026-11-01,Crypto,https://kalshi.com/markets/kxsolminmon/kxsolminmon-sol-26oct31,https://polymarket.com/event/what-price-will-solana-hit-in-october-2026/will-solana-dip-to-110-in-october-2026,1797.85,2146.591295,100.0
threshold,,kalshi,polymarket,How low will SOL get in October? — Below $100.00,Will Solana dip to $100 in October?,KXSOLMINMON-SOL-26OCT31-10000,17709235986797491431382950653733523784132383766642098600738977963396072393360,0.23,0.19,2026-11-01,Crypto,https://kalshi.com/markets/kxsolminmon/kxsolminmon-sol-26oct31,https://polymarket.com/event/what-price-will-solana-hit-in-october-2026/will-solana-dip-to-100-in-october-2026,6583.05,674.834297,100.0
threshold,,kalshi,polymarket,How low will SOL get in October? — Below $90.00,Will Solana dip to $90 in October?,KXSOLMINMON-SOL-26OCT31-9000,92788672402118996175068701119980519193846755150884517688902549157411772536189,0.09,0.07,2026-11-01,Crypto,https://kalshi.com/markets/kxsolminmon/kxsolminmon-sol-26oct31,https://polymarket.com/event/what-price-will-solana-hit-in-october-2026/will-solana-dip-to-90-in-october-2026,4619.49,4658.160193999999,100.0
threshold,,kalshi,polymarket,How low will SOL get in October? — Below $80.00,Will Solana dip to $80 in October?,KXSOLMINMON-SOL-26OCT31-8000,84807785274194437945906728080516137208389364570733356643013021533424363449893,0.04,0.035,2026-11-01,Crypto,https://kalshi.com/markets/kxsolminmon/kxsolminmon-sol-26oct31,https://polymarket.com/event/what-price-will-solana-hit-in-october-2026/will-solana-dip-to-80-in-october-2026,300.0,7044.307137,100.0
threshold,,kalshi,polymarket,How high will SOL get in October? — Above $150.00,Will Solana reach $150 in October?,KXSOLMAXMON-SOL-26OCT31-15000,95731611658871706594577170403433105048399591314451900683466699059584232952524,0.16,0.105,2026-11-01,Crypto,https://kalshi.com/markets/kxsolmaxmon/kxsolmaxmon-sol-26oct31,https://polymarket.com/event/what-price-will-solana-hit-in-october-2026/will-solana-reach-150-in-october-2026,2853.13,4159.93165,100.0
threshold,,kalshi,polymarket,How high will SOL get in October? — Above $140.00,Will Solana reach $140 in October?,KXSOLMAXMON-SOL-26OCT31-14000,61920662646389804979046394856613514667407984902141497092246720075855408051060,0.33,0.23,2026-11-01,Crypto,https://kalshi.com/markets/kxsolmaxmon/kxsolmaxmon-sol-26oct31,https://polymarket.com/event/what-price-will-solana-hit-in-october-2026/will-solana-reach-140-in-october-2026,784.16,2746.185405,100.0
threshold,,kalshi,polymarket,How high will SOL get in October? — Above $130.00,Will Solana reach $130 in October?,KXSOLMAXMON-SOL-26OCT31-13000,6558708246257676721120093058566058303613881566198905724326231947387046531577,0.61,0.52,2026-11-01,Crypto,https://kalshi.com/markets/kxsolmaxmon/kxsolmaxmon-sol-26oct31,https://polymarket.com/event/what-price-will-solana-hit-in-october-2026/will-solana-reach-130-in-october-2026,979.34,1855.141864,100.0
threshold,,kalshi,polymarket,"How low will BTC get in October? — Below $80,000.00","Will Bitcoin dip to $80,000 in October?",KXBTCMINMON-BTC-26OCT31-8000000,62976932459367828475383444586075066655037344433248730230369035658374295169513,0.48,0.475,2026-11-01,Crypto,https://kalshi.com/markets/kxbtcminmon/kxbtcminmon-btc-26oct31,https://polymarket.com/event/what-price-will-bitcoin-hit-in-october-2026/will-bitcoin-dip-to-80k-in-october-2026,9594.7,67041.52314000002,100.0
threshold,,kalshi,polymarket,"How low will BTC get in October? — Below $77,500.00","Will Bitcoin dip to $77,500 in October?",KXBTCMINMON-BTC-26OCT31-7750000,48045889863514434791027683165030484591150070525321329143007221367853467755508,0.29,0.285,2026-11-01,Crypto,https://kalshi.com/markets/kxbtcminmon/kxbtcminmon-btc-26oct31,https://polymarket.com/event/what-price-will-bitcoin-hit-in-october-2026/will-bitcoin-dip-to-77pt5k-in-october-2026,7598.72,77109.623526,100.0
threshold,,kalshi,polymarket,"How low will BTC get in October? — Below $75,000.00","Will Bitcoin dip to $75,000 in October?",KXBTCMINMON-BTC-26OCT31-7500000,65710340847928463620991566082994656002922673891777077235559888767925599088131,0.17,0.185,2026-11-01,Crypto,https://kalshi.com/markets/kxbtcminmon/kxbtcminmon-btc-26oct31,https://polymarket.com/event/what-price-will-bitcoin-hit-in-october-2026/will-bitcoin-dip-to-75k-in-october-2026,10798.39,123256.896245,100.0
threshold,,kalshi,polymarket,"How low will BTC get in October? — Below $72,500.00","Will Bitcoin dip to $72,500 in October?",KXBTCMINMON-BTC-26OCT31-7250000,112081340862783094288531507232939550290094225969740006580351083084588352390635,0.15,0.105,2026-11-01,Crypto,https://kalshi.com/markets/kxbtcminmon/kxbtcminmon-btc-26oct31,https://polymarket.com/event/what-price-will-bitcoin-hit-in-october-2026/will-bitcoin-dip-to-72pt5k-in-october-2026,9828.27,81915.520471,100.0
threshold,,kalshi,polymarket,"How low will BTC get in October? — Below $70,000.00","Will Bitcoin dip to $70,000 in October?",KXBTCMINMON-BTC-26OCT31-7000000,61652850125251950698207965617627574223915095535247898006231788162915017870855,0.07,0.075,2026-11-01,Crypto,https://kalshi.com/markets/kxbtcminmon/kxbtcminmon-btc-26oct31,https://polymarket.com/event/what-price-will-bitcoin-hit-in-october-2026/will-bitcoin-dip-to-70k-in-october-2026,7389.53,85506.202852,100.0
threshold,,kalshi,polymarket,"How low will BTC get in October? — Below $67,500.00","Will Bitcoin dip to $67,500 in October?",KXBTCMINMON-BTC-26OCT31-6750000,110564184572020789808791112779902116039352817949474164083544149647688039119715,0.06,0.055,2026-11-01,Crypto,https://kalshi.com/markets/kxbtcminmon/kxbtcminmon-btc-26oct31,https://polymarket.com/event/what-price-will-bitcoin-hit-in-october-2026/will-bitcoin-dip-to-67pt5k-in-october-2026,8735.48,90120.50959699998,100.0
threshold,,kalshi,polymarket,"How low will BTC get in October? — Below $65,000.00","Will Bitcoin dip to $65,000 in October?",KXBTCMINMON-BTC-26OCT31-6500000,31793794072376179132551384818263911726235333701947452088128571114300858276683,0.05,0.032,2026-11-01,Crypto,https://kalshi.com/markets/kxbtcminmon/kxbtcminmon-btc-26oct31,https://polymarket.com/event/what-price-will-bitcoin-hit-in-october-2026/will-bitcoin-dip-to-65k-in-october-2026,6648.69,133498.483315,100.0
threshold,,kalshi,polymarket,"How low will BTC get in October? — Below $62,500.00","Will Bitcoin dip to $62,500 in October?",KXBTCMINMON-BTC-26OCT31-6250000,44865398269639626482718658062115569114290261223861176267854655725463640094895,0.03,0.0185,2026-11-01,Crypto,https://kalshi.com/markets/kxbtcminmon/kxbtcminmon-btc-26oct31,https://polymarket.com/event/what-price-will-bitcoin-hit-in-october-2026/will-bitcoin-dip-to-62pt5k-in-october-2026,43498.75,175896.11617199995,100.0
threshold,,kalshi,polymarket,"How high will Ethereum get in 2026? — Above $6,000.00","Will Ethereum reach $6,000 by December 31, 2026?",KXETHMAXY-27JAN01-6000.00,16537215226734710045048844527142067159409454306081743842114211928607874903730,0.04,0.0285,2027-01-01,Crypto,https://kalshi.com/markets/kxethmaxy/kxethmaxy-27jan01,https://polymarket.com/event/what-price-will-ethereum-hit-before-2027/will-ethereum-reach-6000-by-december-31-2026,490567.63,336445.55681800004,100.0
threshold,,kalshi,polymarket,"How high will Ethereum get in 2026? — Above $5,000.00","Will Ethereum reach $5,000 by December 31, 2026?",KXETHMAXY-27JAN01-5000.00,93841346952584855760123043248359496404685819909908940687797546325562720625910,0.06,0.045,2027-01-01,Crypto,https://kalshi.com/markets/kxethmaxy/kxethmaxy-27jan01,https://polymarket.com/event/what-price-will-ethereum-hit-before-2027/will-ethereum-reach-5000-by-december-31-2026,371555.66,538124.5293599998,100.0
threshold,,kalshi,polymarket,"How high will Ethereum get in 2026? — Above $4,500.00","Will Ethereum reach $4,500 by December 31, 2026?",KXETHMAXY-27JAN01-4500.00,65019787528582062608620519721284938715030885357831318061954629653913636795950,0.09,0.055,2027-01-01,Crypto,https://kalshi.com/markets/kxethmaxy/kxethmaxy-27jan01,https://polymarket.com/event/what-price-will-ethereum-hit-before-2027/will-ethereum-reach-4500-by-december-31-2026,280692.64,490096.9344009999,100.0
threshold,,kalshi,polymarket,"How high will Ethereum get in 2026? — Above $4,000.00","Will Ethereum reach $4,000 by December 31, 2026?",KXETHMAXY-27JAN01-4000.00,72592268863590940134379238539821436400291742652781853158875216650430188037649,0.15,0.14,2027-01-01,Crypto,https://kalshi.com/markets/kxethmaxy/kxethmaxy-27jan01,https://polymarket.com/event/what-price-will-ethereum-hit-before-2027/will-ethereum-reach-4000-by-december-31-2026,321657.84,536511.435775,100.0
threshold,,kalshi,polymarket,"How high will Ethereum get in 2026? — Above $3,500.00","Will Ethereum reach $3,500 by December 31, 2026?",KXETHMAXY-27JAN01-3500.00,114795982188663428564917597167716379346421811703835638076510302263064007011486,0.29,0.275,2027-01-01,Crypto,https://kalshi.com/markets/kxethmaxy/kxethmaxy-27jan01,https://polymarket.com/event/what-price-will-ethereum-hit-before-2027/will-ethereum-reach-3500-by-december-31-2026,527243.34,942107.7114630002,100.0
threshold,,kalshi,polymarket,How low will SOL get in 2026? — Below $50.00,"Will Solana dip to $50 by December 31, 2026?",KXSOLMINY-SOL-26DEC31-5000,58958026272925465502756909652462416870904348509486730846825715531438131685488,0.8,0.045,2027-01-01,Crypto,https://kalshi.com/markets/kxsolminy/kxsolminy-sol-26dec31,https://polymarket.com/event/what-price-will-solana-hit-before-2027/will-solana-dip-to-50-by-december-31-2026-from-june-8,472.75,133426.707819,100.0
threshold,,kalshi,polymarket,How low will SOL get in 2026? — Below $70.00,"Will Solana dip to $70 by December 31, 2026?",KXSOLMINY-SOL-26DEC31-7000,63559053538741431098207271263016094415597625013068001020979700026910743490836,0.06,0.12,2027-01-01,Crypto,https://kalshi.com/markets/kxsolminy/kxsolminy-sol-26dec31,https://polymarket.com/event/what-price-will-solana-hit-before-2027/will-solana-dip-to-70-by-december-31-2026-from-july-6,2992.92,37001.12030100001,100.0
threshold,,kalshi,polymarket,How low will SOL get in 2026? — Below $60.00,"Will Solana dip to $60 by December 31, 2026?",KXSOLMINY-SOL-26DEC31-6000,69024779234100418825265716746602929644796752945259475286197657688432971405592,0.28,0.0655,2027-01-01,Crypto,https://kalshi.com/markets/kxsolminy/kxsolminy-sol-26dec31,https://polymarket.com/event/what-price-will-solana-hit-before-2027/will-solana-dip-to-60-by-december-31-2026-249-524,1525.38,227339.721818,100.0
threshold,,kalshi,polymarket,How low will SOL get in 2026? — Below $40.00,"Will Solana dip to $40 by December 31, 2026?",KXSOLMINY-SOL-26DEC31-4000,60939283599971443205863441964389237273348599405730669904573366241715938687248,0.07,0.03,2027-01-01,Crypto,https://kalshi.com/markets/kxsolminy/kxsolminy-sol-26dec31,https://polymarket.com/event/what-price-will-solana-hit-before-2027/will-solana-dip-to-40-by-december-31-2026-343-482,4229.61,232050.027137,100.0
threshold,,kalshi,polymarket,How low will XRP get in October? — Below $1.40,Will XRP dip to $1.40 in October?,KXXRPMINMON-XRP-26OCT31-140,88069234267031704792501379488173703391744549460612287669337685443933466274574,0.65,0.66,2026-11-01,Crypto,https://kalshi.com/markets/kxxrpminmon/kxxrpminmon-xrp-26oct31,https://polymarket.com/event/what-price-will-xrp-hit-in-october-2026/will-xrp-dip-to-1pt4-in-october-2026,757.8,813.19225,100.0
threshold,,kalshi,polymarket,How low will XRP get in October? — Below $1.20,Will XRP dip to $1.20 in October?,KXXRPMINMON-XRP-26OCT31-120,101235080267211258290436500938427772273559399330191423935393139198308329492554,0.15,0.145,2026-11-01,Crypto,https://kalshi.com/markets/kxxrpminmon/kxxrpminmon-xrp-26oct31,https://polymarket.com/event/what-price-will-xrp-hit-in-october-2026/will-xrp-dip-to-1pt2-in-october-2026,727.29,2056.665823,100.0
threshold,,kalshi,polymarket,How low will XRP get in October? — Below $1.00,Will XRP dip to $1.00 in October?,KXXRPMINMON-XRP-26OCT31-100,15247208627094587010916593385550943899218740129001988446881464749128315562048,0.06,0.04,2026-11-01,Crypto,https://kalshi.com/markets/kxxrpminmon/kxxrpminmon-xrp-26oct31,https://polymarket.com/event/what-price-will-xrp-hit-in-october-2026/will-xrp-dip-to-1-in-october-2026,463.07,4292.2,100.0
threshold,,kalshi,polymarket,"How low will ETH get in October? — Below $2,500.00","Will Ethereum dip to $2,500 in October?",KXETHMINMON-ETH-26OCT31-250000,21196725545759370097336350101324318716019056962499261658323251997024558015872,0.54,0.52,2026-11-01,Crypto,https://kalshi.com/markets/kxethminmon/kxethminmon-eth-26oct31,https://polymarket.com/event/what-price-will-ethereum-hit-in-october-2026/will-ethereum-dip-to-2500-in-october-2026,1694.17,18076.731609,100.0
threshold,,kalshi,polymarket,"How low will ETH get in October? — Below $2,000.00","Will Ethereum dip to $2,000 in October?",KXETHMINMON-ETH-26OCT31-200000,53110547926944158800724417394741060207636285558361074437947366541347471116763,0.03,0.0515,2026-11-01,Crypto,https://kalshi.com/markets/kxethminmon/kxethminmon-eth-26oct31,https://polymarket.com/event/what-price-will-ethereum-hit-in-october-2026/will-ethereum-dip-to-2000-in-october-2026,60.27,23493.014319,100.0
threshold,,kalshi,polymarket,How high will XRP get in 2026? — Above $6.00,"Will XRP reach $6.00 by December 31, 2026?",KXXRPMAXY-XRP-26DEC31-600,102705667113714931526898539585095533442650369551666814596642288052945621402958,0.07,0.02,2027-01-01,Crypto,https://kalshi.com/markets/kxxrpmaxy/kxxrpmaxy-xrp-26dec31,https://polymarket.com/event/what-price-will-xrp-hit-before-2027/will-xrp-reach-6pt00-by-december-31-2026,6341.42,231.45182,100.0
threshold,,kalshi,polymarket,How high will XRP get in 2026? — Above $5.00,"Will XRP reach $5.00 by December 31, 2026?",KXXRPMAXY-XRP-26DEC31-500,49298809552663577090953558115623306552793446323919551228841438478206311771334,0.05,0.0125,2027-01-01,Crypto,https://kalshi.com/markets/kxxrpmaxy/kxxrpmaxy-xrp-26dec31,https://polymarket.com/event/what-price-will-xrp-hit-before-2027/will-xrp-reach-5pt00-by-december-31-2026,9924.66,141646.10532000003,100.0
threshold,,kalshi,polymarket,How high will XRP get in 2026? — Above $4.00,"Will XRP reach $4.00 by December 31, 2026?",KXXRPMAXY-XRP-26DEC31-400,98453302482655365755754134883620842388466603758249592480783914572096716697930,0.07,0.0355,2027-01-01,Crypto,https://kalshi.com/markets/kxxrpmaxy/kxxrpmaxy-xrp-26dec31,https://polymarket.com/event/what-price-will-xrp-hit-before-2027/will-xrp-reach-4pt00-by-december-31-2026,9665.34,4819.589739999999,100.0
threshold,,kalshi,polymarket,How high will XRP get in 2026? — Above $3.00,"Will XRP reach $3.00 by December 31, 2026?",KXXRPMAXY-XRP-26DEC31-300,60175835114799931439622839258599029672036461599607782843459740558376415002562,0.15,0.076,2027-01-01,Crypto,https://kalshi.com/markets/kxxrpmaxy/kxxrpmaxy-xrp-26dec31,https://polymarket.com/event/what-price-will-xrp-hit-before-2027/will-xrp-reach-3pt00-by-december-31-2026,43668.62,23287.16515700001,100.0
threshold,,kalshi,polymarket,"How high will BTC get in October? — Above $102,500.00","Will Bitcoin reach $102,500 in October?",KXBTCMAXMON-BTC-26OCT31-10250000,17914254906987821103954724968898702177477465264491908783238145921759658492433,0.08,0.055,2026-11-01,Crypto,https://kalshi.com/markets/kxbtcmaxmon/kxbtcmaxmon-btc-26oct31,https://polymarket.com/event/what-price-will-bitcoin-hit-in-october-2026/will-bitcoin-reach-102pt5k-in-october-2026,19718.8,119207.94896599998,100.0
threshold,,kalshi,polymarket,"How high will BTC get in October? — Above $100,000.00","Will Bitcoin reach $100,000 in October?",KXBTCMAXMON-BTC-26OCT31-10000000,14921318335552450030431574095915413074609297124930453526360718034146246382072,0.08,0.105,2026-11-01,Crypto,https://kalshi.com/markets/kxbtcmaxmon/kxbtcmaxmon-btc-26oct31,https://polymarket.com/event/what-price-will-bitcoin-hit-in-october-2026/will-bitcoin-reach-100k-in-october-2026,37879.02,129160.417606,100.0
threshold,,kalshi,polymarket,"How high will BTC get in October? — Above $97,500.00","Will Bitcoin reach $97,500 in October?",KXBTCMAXMON-BTC-26OCT31-9750000,109800526277315231209722429316036702247205543438618130834410289059200560794384,0.15,0.135,2026-11-01,Crypto,https://kalshi.com/markets/kxbtcmaxmon/kxbtcmaxmon-btc-26oct31,https://polymarket.com/event/what-price-will-bitcoin-hit-in-october-2026/will-bitcoin-reach-97pt5k-in-october-2026,25805.68,139327.02760000003,100.0
threshold,,kalshi,polymarket,"How high will BTC get in October? — Above $95,000.00","Will Bitcoin reach $95,000 in October?",KXBTCMAXMON-BTC-26OCT31-9500000,53665396372658032656004566428944986037910380349696131244522039250854818095837,0.24,0.235,2026-11-01,Crypto,https://kalshi.com/markets/kxbtcmaxmon/kxbtcmaxmon-btc-26oct31,https://polymarket.com/event/what-price-will-bitcoin-hit-in-october-2026/will-bitcoin-reach-95k-in-october-2026,39764.86,93090.950717,100.0
threshold,,kalshi,polymarket,"How high will BTC get in October? — Above $92,500.00","Will Bitcoin reach $92,500 in October?",KXBTCMAXMON-BTC-26OCT31-9250000,5781470207346150088846857810979285179673387258576975786992756437466246032255,0.39,0.365,2026-11-01,Crypto,https://kalshi.com/markets/kxbtcmaxmon/kxbtcmaxmon-btc-26oct31,https://polymarket.com/event/what-price-will-bitcoin-hit-in-october-2026/will-bitcoin-reach-92pt5k-in-october-2026,22421.02,224198.3801070001,100.0
threshold,,kalshi,polymarket,"How high will BTC get in October? — Above $90,000.00","Will Bitcoin reach $90,000 in October?",KXBTCMAXMON-BTC-26OCT31-9000000,9725885586831319753022077956575535891028311255342474244273380293836298763086,0.59,0.545,2026-11-01,Crypto,https://kalshi.com/markets/kxbtcmaxmon/kxbtcmaxmon-btc-26oct31,https://polymarket.com/event/what-price-will-bitcoin-hit-in-october-2026/will-bitcoin-reach-90k-in-october-2026,38762.84,75038.217726,100.0
threshold,,kalshi,polymarket,"How high will BTC get in October? — Above $87,500.00","Will Bitcoin reach $87,500 in October?",KXBTCMAXMON-BTC-26OCT31-8750000,60853708478456543766262549859214991255573301006704578370875039498477095018713,0.76,0.755,2026-11-01,Crypto,https://kalshi.com/markets/kxbtcmaxmon/kxbtcmaxmon-btc-26oct31,https://polymarket.com/event/what-price-will-bitcoin-hit-in-october-2026/will-bitcoin-reach-87pt5k-in-october-2026,56519.58,323156.1856480001,100.0
threshold,,kalshi,polymarket,"How low will Ethereum get in 2026? — Below $1,250.00","Will Ethereum dip to $1,250 by December 31, 2026?",KXETHMINY-27JAN01-1250,27649489444549776237545541977549844348288139387147015807064757325433660937185,0.06,0.045,2027-01-01,Crypto,https://kalshi.com/markets/kxethminy/kxethminy-27jan01,https://polymarket.com/event/what-price-will-ethereum-hit-before-2027/will-ethereum-dip-to-1250-by-december-31-2026-from-june-8,455188.57,612459.9629180001,100.0
threshold,,kalshi,polymarket,"How low will Ethereum get in 2026? — Below $1,500.00","Will Ethereum dip to $1,500 by December 31, 2026?",KXETHMINY-27JAN01-1500,101639751789549589765350117072740510018809594718571111931328241076831078702528,0.1,0.0645,2027-01-01,Crypto,https://kalshi.com/markets/kxethminy/kxethminy-27jan01,https://polymarket.com/event/what-price-will-ethereum-hit-before-2027/will-ethereum-dip-to-1500-by-december-31-2026-865-787,496503.69,3063601.348628,100.0
threshold,,kalshi,polymarket,"How low will Ethereum get in 2026? — Below $1,000.00","Will Ethereum dip to $1,000 by December 31, 2026?",KXETHMINY-27JAN01-1000,111461019317477869113562870983413193129710955692959493083133606404494525367686,0.04,0.045,2027-01-01,Crypto,https://kalshi.com/markets/kxethminy/kxethminy-27jan01,https://polymarket.com/event/what-price-will-ethereum-hit-before-2027/will-ethereum-dip-to-1000-by-december-31-2026-273-175,212302.32,2218902.0029490003,100.0
fuzzy,,kalshi,polymarket,Will Trump recognize Somaliland? — Before 2027,Will Trump recognize Somaliland before 2027?,KXRECOGSOMALI-29-27,102929345572635447239887363328073498574489822201252070158392894695407110289078,0.07,0.042,2027-01-01,Politics,https://kalshi.com/markets/kxrecogsomali/kxrecogsomali-29,https://polymarket.com/event/will-trump-recognize-somaliland-before-2027,13362.34,181904.3079670001,100.0
fuzzy,,kalshi,polymarket,2028 Republican presidential nominee — Marjorie Taylor Greene,Will Marjorie Taylor Greene win the 2028 Republican presidential nomination?,KXPRESNOMR-28-MTG,65830295349944471218641822318218876930376684645620468557619951782520997909982,0.0075,0.0035,2028-11-07,Elections,https://kalshi.com/markets/kxpresnomr/kxpresnomr-28,https://polymarket.com/event/republican-presidential-nominee-2028/will-marjorie-taylor-greene-win-the-2028-republican-presidential-nomination,3067054.62,6770563.8551980015,88.4
fuzzy,,kalshi,polymarket,2028 Democratic presidential nominee — Alexandria Ocasio-Cortez,Will Alexandria Ocasio-Cortez win the 2028 Democratic presidential nomination?,KXPRESNOMD-28-AOC,107064985435494333113391038470401719113272800530429703182710416066774068907304,0.13,0.1795,2028-11-07,Elections,https://kalshi.com/markets/kxpresnomd/kxpresnomd-28,https://polymarket.com/event/democratic-presidential-nominee-2028/will-alexandria-ocasio-cortez-win-the-2028-democratic-presidential-nomination-653,9667507.91,15437980.083368003,88.7
fuzzy,,kalshi,polymarket,Prime Minister of Spain after the next election? — Alberto Núñez Feijóo,Will Alberto Núñez Feijóo be the next Prime Minister of Spain?,KXSPANISHPM-27AUG22-AFEI,30446115040994756735976163960167805883187697808359254957130669387440187908610,0.81,0.805,2028-08-22,Elections,https://kalshi.com/markets/kxspanishpm/kxspanishpm-27aug22,https://polymarket.com/event/next-prime-minister-of-spain-20260625005215443/will-alberto-nunez-feijoo-be-the-next-prime-minister-of-spain-20260625005710103,1837.6,193906.37946,88.7
fuzzy,,kalshi,polymarket,2027 French Presidential Election: who will be on the ballot? — Jean-Luc Mélenchon,Will Jean-Luc Mélenchon be on the ballot for the 2027 French presidential election?,KXFRPRESBALLOT-27JUN30-JMEL,2583738577203734007698009588440975382774630959481204634058705370506593419099,0.87,0.9425,2027-06-30,Elections,https://kalshi.com/markets/kxfrpresballot/kxfrpresballot-27jun30,https://polymarket.com/event/2027-french-presidential-election-who-will-be-on-the-ballot/will-jean-luc-mlenchon-be-on-the-ballot-for-the-2027-french-presidential-election,6.01,21561.654518000003,94.7
fuzzy,,kalshi,polymarket,2027 French Presidential Election: who will be on the ballot? — Marine Le Pen,Will Marine Le Pen be on the ballot for the 2027 French presidential election?,KXFRPRESBALLOT-27JUN30-MLEP,7754512371734273015215938178714173418935846391326977358390432779966177844819,0.92,0.915,2027-06-30,Elections,https://kalshi.com/markets/kxfrpresballot/kxfrpresballot-27jun30,https://polymarket.com/event/2027-french-presidential-election-who-will-be-on-the-ballot/will-marine-le-pen-be-on-the-ballot-for-the-2027-french-presidential-election,60.0,34208.87210800001,94.3
fuzzy,,kalshi,polymarket,2027 French Presidential Election: who will be on the ballot? — Édouard Philippe,Will Édouard Philippe be on the ballot for the 2027 French presidential election?,KXFRPRESBALLOT-27JUN30-EPHI,16012696160155626522186558850012056837092159839091646459794947761234922917246,0.9,0.895,2027-06-30,Elections,https://kalshi.com/markets/kxfrpresballot/kxfrpresballot-27jun30,https://polymarket.com/event/2027-french-presidential-election-who-will-be-on-the-ballot/will-douard-philippe-be-on-the-ballot-for-the-2027-french-presidential-election,614.01,20309.398912,94.5
fuzzy,,kalshi,polymarket,2027 French Presidential Election: who will be on the ballot? — Nathalie Arthaud,Will Nathalie Arthaud be on the ballot for the 2027 French presidential election?,KXFRPRESBALLOT-27JUN30-NART,43612859593689752150619592793340404702872324991306196189934020888278993577548,0.77,0.875,2027-06-30,Elections,https://kalshi.com/markets/kxfrpresballot/kxfrpresballot-27jun30,https://polymarket.com/event/2027-french-presidential-election-who-will-be-on-the-ballot/will-nathalie-arthaud-be-on-the-ballot-for-the-2027-french-presidential-election,8.76,8197.386672999999,94.5
fuzzy,,kalshi,polymarket,2027 French Presidential Election: who will be on the ballot? — Jordan Bardella,Will Jordan Bardella be on the ballot for the 2027 French presidential election?,KXFRPRESBALLOT-27JUN30-JBAR,79573545395113607499457980203629849481438069774375121306971189413049799198986,0.03,0.069,2027-06-30,Elections,https://kalshi.com/markets/kxfrpresballot/kxfrpresballot-27jun30,https://polymarket.com/event/2027-french-presidential-election-who-will-be-on-the-ballot/will-jordan-bardella-be-on-the-ballot-for-the-2027-french-presidential-election,382.01,32022.444461,94.4
fuzzy,,kalshi,polymarket,2027 French Presidential Election: who will be on the ballot? — Gabriel Attal,Will Gabriel Attal be on the ballot for the 2027 French presidential election?,KXFRPRESBALLOT-27JUN30-GATT,107522054548411774619306634308113991946472753213652905906071779736176841571061,0.26,0.17,2027-06-30,Elections,https://kalshi.com/markets/kxfrpresballot/kxfrpresballot-27jun30,https://polymarket.com/event/2027-french-presidential-election-who-will-be-on-the-ballot/will-gabriel-attal-be-on-the-ballot-for-the-2027-french-presidential-election,5051.87,17122.700993000002,94.3
fuzzy,,kalshi,polymarket,2027 French Presidential Election: who will be on the ballot? — Bruno Retailleau,Will Bruno Retailleau be on the ballot for the 2027 French presidential election?,KXFRPRESBALLOT-27JUN30-BRET,7593969562324822692501363565205182443860928099163461045185140593084672689930,0.51,0.55,2027-06-30,Elections,https://kalshi.com/markets/kxfrpresballot/kxfrpresballot-27jun30,https://polymarket.com/event/2027-french-presidential-election-who-will-be-on-the-ballot/will-bruno-retailleau-be-on-the-ballot-for-the-2027-french-presidential-election,2596.84,13877.240782999996,94.5
fuzzy,,kalshi,polymarket,2027 French Presidential Election: who will be on the ballot? — Raphaël Glucksmann,Will Raphaël Glucksmann be on the ballot for the 2027 French presidential election?,KXFRPRESBALLOT-27JUN30-RGLU,95128328459600672872431663414733611782699451407655762383098119578070541934329,0.41,0.62,2027-06-30,Elections,https://kalshi.com/markets/kxfrpresballot/kxfrpresballot-27jun30,https://polymarket.com/event/2027-french-presidential-election-who-will-be-on-the-ballot/will-raphal-glucksmann-be-on-the-ballot-for-the-2027-french-presidential-election,1920.09,14865.890662999998,94.7
fuzzy,,kalshi,polymarket,2027 French Presidential Election: who will be on the ballot? — François Ruffin,Will François Ruffin be on the ballot for the 2027 French presidential election?,KXFRPRESBALLOT-27JUN30-FRUF,8218933591218521191568748491997678960877502694016647511529255769025902596712,0.29,0.245,2027-06-30,Elections,https://kalshi.com/markets/kxfrpresballot/kxfrpresballot-27jun30,https://polymarket.com/event/2027-french-presidential-election-who-will-be-on-the-ballot/will-franois-ruffin-be-on-the-ballot-for-the-2027-french-presidential-election,114.74,2554.8967930000003,94.4
fuzzy,,kalshi,polymarket,2027 French Presidential Election: who will be on the ballot? — François Hollande,Will François Hollande be on the ballot for the 2027 French presidential election?,KXFRPRESBALLOT-27JUN30-FHOL,102262115230237987453449161184134133676754192566164424185713585786398680729646,0.4,0.47,2027-06-30,Elections,https://kalshi.com/markets/kxfrpresballot/kxfrpresballot-27jun30,https://polymarket.com/event/2027-french-presidential-election-who-will-be-on-the-ballot/will-franois-hollande-be-on-the-ballot-for-the-2027-french-presidential-election,2076.84,33186.298984,94.6
fuzzy,,kalshi,polymarket,2027 French Presidential Election: who will be on the ballot? — Marine Tondelier,Will Marine Tondelier be on the ballot for the 2027 French presidential election?,KXFRPRESBALLOT-27JUN30-MTON,52983298663339262026969404869995687109934741190374567200714264382560471690298,0.27,0.26,2027-06-30,Elections,https://kalshi.com/markets/kxfrpresballot/kxfrpresballot-27jun30,https://polymarket.com/event/2027-french-presidential-election-who-will-be-on-the-ballot/will-marine-tondelier-be-on-the-ballot-for-the-2027-french-presidential-election,102.74,12409.931281,91.8
fuzzy,,kalshi,polymarket,2027 French Presidential Election: who will be on the ballot? — Olivier Faure,Will Olivier Faure be on the ballot for the 2027 French presidential election?,KXFRPRESBALLOT-27JUN30-OFAU,113610682589657064555208385829185848089850346028778101808102378347014343368326,0.05,0.112,2027-06-30,Elections,https://kalshi.com/markets/kxfrpresballot/kxfrpresballot-27jun30,https://polymarket.com/event/2027-french-presidential-election-who-will-be-on-the-ballot/will-olivier-faure-be-on-the-ballot-for-the-2027-french-presidential-election,469.56,4737.799690000001,94.3
fuzzy,,kalshi,polymarket,2027 French Presidential Election: who will be on the ballot? — Clémentine Autain,Will Clémentine Autain be on the ballot for the 2027 French presidential election?,KXFRPRESBALLOT-27JUN30-CAUT,79035947522755921670509853832704034121892978210917213389824256046715686510163,0.08,0.0115,2027-06-30,Elections,https://kalshi.com/markets/kxfrpresballot/kxfrpresballot-27jun30,https://polymarket.com/event/2027-french-presidential-election-who-will-be-on-the-ballot/will-clmentine-autain-be-on-the-ballot-for-the-2027-french-presidential-election,1.01,1894.576327,94.6
fuzzy,,kalshi,polymarket,2027 French Presidential Election: who will be on the ballot? — Fabien Roussel,Will Fabien Roussel be on the ballot for the 2027 French presidential election?,KXFRPRESBALLOT-27JUN30-FROU,44146467575181363293684477134436449541840693765954391367217371109621873011911,0.79,0.81,2027-06-30,Elections,https://kalshi.com/markets/kxfrpresballot/kxfrpresballot-27jun30,https://polymarket.com/event/2027-french-presidential-election-who-will-be-on-the-ballot/will-fabien-roussel-be-on-the-ballot-for-the-2027-french-presidential-election,382.0,4587.260812,94.4
fuzzy,,kalshi,polymarket,2027 French Presidential Election: who will be on the ballot? — Éric Zemmour,Will Éric Zemmour be on the ballot for the 2027 French presidential election?,KXFRPRESBALLOT-27JUN30-EZEM,13019807592263695743949854781611320015506457057015747150989705856401994056334,0.83,0.885,2027-06-30,Elections,https://kalshi.com/markets/kxfrpresballot/kxfrpresballot-27jun30,https://polymarket.com/event/2027-french-presidential-election-who-will-be-on-the-ballot/will-ric-zemmour-be-on-the-ballot-for-the-2027-french-presidential-election,4466.44,18042.067049,94.2
fuzzy,,kalshi,polymarket,2027 French Presidential Election: who will be on the ballot? — Dominique de Villepin,Will Dominique de Villepin be on the ballot for the 2027 French presidential election?,KXFRPRESBALLOT-27JUN30-DVIL,34620880706763291086744449593876431828535078089978904746359513569434783647137,0.37,0.325,2027-06-30,Elections,https://kalshi.com/markets/kxfrpresballot/kxfrpresballot-27jun30,https://polymarket.com/event/2027-french-presidential-election-who-will-be-on-the-ballot/will-dominique-de-villepin-be-on-the-ballot-for-the-2027-french-presidential-election,1735.25,19713.390946,92.3
fuzzy,,kalshi,polymarket,2027 French Presidential Election: who will be on the ballot? — Nicolas Dupont-Aignan,Will Nicolas Dupont-Aignan be on the ballot for the 2027 French presidential election?,KXFRPRESBALLOT-27JUN30-NDUP,82903121930807702786217480234428931109017472227532892624292356390819776768070,0.67,0.605,2027-06-30,Elections,https://kalshi.com/markets/kxfrpresballot/kxfrpresballot-27jun30,https://polymarket.com/event/2027-french-presidential-election-who-will-be-on-the-ballot/will-nicolas-dupont-aignan-be-on-the-ballot-for-the-2027-french-presidential-election,157.6,2970.690211,94.9
fuzzy,,kalshi,polymarket,2027 French Presidential Election: who will be on the ballot? — François Asselineau,Will François Asselineau be on the ballot for the 2027 French presidential election?,KXFRPRESBALLOT-27JUN30-FASS,3169490839458870712170059782036116592435875549142224457893926188976932171850,0.1,0.12,2027-06-30,Elections,https://kalshi.com/markets/kxfrpresballot/kxfrpresballot-27jun30,https://polymarket.com/event/2027-french-presidential-election-who-will-be-on-the-ballot/will-franois-asselineau-be-on-the-ballot-for-the-2027-french-presidential-election,26.0,14013.48167,94.7
fuzzy,,kalshi,polymarket,2027 French Presidential Election: who will be on the ballot? — Bernard Cazeneuve,Will Bernard Cazeneuve be on the ballot for the 2027 French presidential election?,KXFRPRESBALLOT-27JUN30-BCAZ,29139242352168112015210152529441040785565078456425687098626280062222765900250,0.1,0.103,2027-06-30,Elections,https://kalshi.com/markets/kxfrpresballot/kxfrpresballot-27jun30,https://polymarket.com/event/2027-french-presidential-election-who-will-be-on-the-ballot/will-bernard-cazeneuve-be-on-the-ballot-for-the-2027-french-presidential-election,624.06,11990.989997,94.6
fuzzy,,kalshi,polymarket,2027 French Presidential Election: who will be on the ballot? — Jérôme Guedj,Will Jérôme Guedj be on the ballot for the 2027 French presidential election?,KXFRPRESBALLOT-27JUN30-JGUE,58951821754318908776964594536978834460038302476574549770753606964032824513411,0.04,0.0525,2027-06-30,Elections,https://kalshi.com/markets/kxfrpresballot/kxfrpresballot-27jun30,https://polymarket.com/event/2027-french-presidential-election-who-will-be-on-the-ballot/will-jrme-guedj-be-on-the-ballot-for-the-2027-french-presidential-election,226.01,7153.678548,94.2
fuzzy,,kalshi,polymarket,2027 French Presidential Election: who will be on the ballot? — Karim Bouamrane,Will Karim Bouamrane be on the ballot for the 2027 French presidential election?,KXFRPRESBALLOT-27JUN30-KBOU,295039928382764688380739557210096170250229349351908702544759177134980327113,0.03,0.045,2027-06-30,Elections,https://kalshi.com/markets/kxfrpresballot/kxfrpresballot-27jun30,https://polymarket.com/event/2027-french-presidential-election-who-will-be-on-the-ballot/will-karim-bouamrane-be-on-the-ballot-for-the-2027-french-presidential-election,365.01,11252.923028,94.4
fuzzy,,kalshi,polymarket,2027 French Presidential Election: who will be on the ballot? — Gérald Darmanin,Will Gérald Darmanin be on the ballot for the 2027 French presidential election?,KXFRPRESBALLOT-27JUN30-GDAR,79894339753879755955360295536107129148986153301664002890940402354026103217524,0.5,0.026,2027-06-30,Elections,https://kalshi.com/markets/kxfrpresballot/kxfrpresballot-27jun30,https://polymarket.com/event/2027-french-presidential-election-who-will-be-on-the-ballot/will-grald-darmanin-be-on-the-ballot-for-the-2027-french-presidential-election,0.01,6053.376074999998,94.4
fuzzy,,kalshi,polymarket,Who will de facto lead Venezuela at the end of 2026? — Vladimir Padrino López,Will Vladimir Padrino López be the de facto leader of Venezuela at the end of 2026?,KXVENEZDEFACTO-27JAN01-VLOP,8974244717652904327303216523495387783171428177047726748953726999270161495781,0.02,0.0015,2027-01-02,Politics,https://kalshi.com/markets/kxvenezdefacto/kxvenezdefacto-27jan01,https://polymarket.com/event/venezuela-de-facto-leader-end-of-2026/will-vladimir-padrino-lpez-be-the-de-facto-leader-of-venezuela-at-the-end-of-2026,2645.32,68197.11900000002,89.0
fuzzy,,kalshi,polymarket,Who will de facto lead Venezuela at the end of 2026? — María Corina Machado,Will María Corina Machado be the de facto leader of Venezuela at the end of 2026?,KXVENEZDEFACTO-27JAN01-MMAC,96886936890552020721190108929271308812318740977726605105912895102331802835294,0.02,0.0385,2027-01-02,Politics,https://kalshi.com/markets/kxvenezdefacto/kxvenezdefacto-27jan01,https://polymarket.com/event/venezuela-de-facto-leader-end-of-2026/will-mara-corina-machado-be-the-de-facto-leader-of-venezuela-at-the-end-of-2026,4845.54,54269.05381800001,88.7
fuzzy,,kalshi,polymarket,Will the DOJ fine Nvidia over the Groq deal in 2026?,DOJ fines Nvidia over Groq deal in 2026?,KXNVIDIAGROQFINE-26SEP-27JAN01,12898287549974848009922314645247727397783796119550715860387489455002101721691,0.13,0.135,2027-01-01,Politics,https://kalshi.com/markets/kxnvidiagroqfine/kxnvidiagroqfine-26sep,https://polymarket.com/event/doj-fines-nvidia-over-groq-deal-in-2026,2074.45,527.435523,92.3
fuzzy,,kalshi,polymarket,Will another country leave OPEC in 2026?,Will another country leave OPEC in 2026?,KXLEAVEOPEC-27,51521497779380154558858664227546451933112892150984250255096573026768867177192,0.14,0.105,2027-01-01,Politics,https://kalshi.com/markets/kxleaveopec/kxleaveopec-27,https://polymarket.com/event/will-another-country-leave-opec-in-2026,25529.65,189206.42830000003,100.0
fuzzy,,kalshi,polymarket,Next President of Kosovo? — Bekim Sejdiu,Will Bekim Sejdiu be the next President of Kosovo?,KXKOSOVOPRES-27JAN01-BSEJ,68950776029599062216512097627273728171898998651564575435472397620948224060872,0.32,0.305,2027-01-08,Elections,https://kalshi.com/markets/kxkosovopres/kxkosovopres-27jan01,https://polymarket.com/event/next-president-of-kosovo/will-bekim-sejdiu-be-the-next-president-of-kosovo,13763.04,14232.066556000002,91.4
fuzzy,,kalshi,polymarket,Next President of Kosovo? — Hatixhe Hoxha,Will Hatixhe Hoxha be the next President of Kosovo?,KXKOSOVOPRES-27JAN01-HHOX,96037675097531080136365759013158212997588115067737535925652630651764720797215,0.02,0.0255,2027-01-08,Elections,https://kalshi.com/markets/kxkosovopres/kxkosovopres-27jan01,https://polymarket.com/event/next-president-of-kosovo/will-hatixhe-hoxha-be-the-next-president-of-kosovo,3800.0,612.459685,91.6
fuzzy,,kalshi,polymarket,Next President of Kosovo? — Vjosa Osmani,Will Vjosa Osmani be the next President of Kosovo?,KXKOSOVOPRES-27JAN01-VOSM,28098468130289489198641235235549512140314994276310211748473620117092408515724,0.14,0.134,2027-01-08,Elections,https://kalshi.com/markets/kxkosovopres/kxkosovopres-27jan01,https://polymarket.com/event/next-president-of-kosovo/will-vjosa-osmani-be-the-next-president-of-kosovo,4756.0,3516.748642,91.4
fuzzy,,kalshi,polymarket,Next President of Kosovo? — Andin Hoti,Will Andin Hoti be the next President of Kosovo?,KXKOSOVOPRES-27JAN01-AHOT,74508621821784807509286309567178933974173100540060221779941684127962485439731,0.05,0.003,2027-01-08,Elections,https://kalshi.com/markets/kxkosovopres/kxkosovopres-27jan01,https://polymarket.com/event/next-president-of-kosovo/will-andin-hoti-be-the-next-president-of-kosovo,0.0,406.613666,90.9
fuzzy,,kalshi,polymarket,Next President of Kosovo? — Justina Pula,Will Justina Pula be the next President of Kosovo?,KXKOSOVOPRES-27JAN01-JPUL,64801755737815827090876334561688130063836317203791583812036641160681694066164,0.06,0.018,2027-01-08,Elections,https://kalshi.com/markets/kxkosovopres/kxkosovopres-27jan01,https://polymarket.com/event/next-president-of-kosovo/will-justina-pula-be-the-next-president-of-kosovo,0.0,414.117875,91.4
fuzzy,,kalshi,polymarket,Next President of Kosovo? — Veton Surroi,Will Veton Surroi be the next President of Kosovo?,KXKOSOVOPRES-27JAN01-VSUR,69958197227562600399025236608533435785297658868090661259359064910628512827880,0.06,0.039,2027-01-08,Elections,https://kalshi.com/markets/kxkosovopres/kxkosovopres-27jan01,https://polymarket.com/event/next-president-of-kosovo/will-veton-surroi-be-the-next-president-of-kosovo,0.0,376.6362370000001,91.4
fuzzy,,kalshi,polymarket,Next President of Kosovo? — Atifete Jahjaga,Will Atifete Jahjaga be the next President of Kosovo?,KXKOSOVOPRES-27JAN01-AJAH,95260936417625674704676901246738091807955078304739514988684559111833244122657,0.06,0.007,2027-01-08,Elections,https://kalshi.com/markets/kxkosovopres/kxkosovopres-27jan01,https://polymarket.com/event/next-president-of-kosovo/will-atifete-jahjaga-be-the-next-president-of-kosovo,0.0,1416.4106,92.0
fuzzy,,kalshi,polymarket,Next President of Estonia? — Ülle Madise,Will Ülle Madise be the next President of Estonia?,KXESTPRES-27JAN01-UMAD,74378131879943986644067606369107436052118679453261437653318895322745607397373,0.94,0.99,2027-01-08,Elections,https://kalshi.com/markets/kxestpres/kxestpres-27jan01,https://polymarket.com/event/next-president-of-estonia-20260727225811942/will-ulle-madise-be-the-next-president-of-estonia-20260727225811944,7193.47,44071.522696,91.4
fuzzy,,kalshi,polymarket,Who will recognize Palestine before 2027? — Italy,Will Italy recognize Palestine before 2027?,KXRECOGPALESTINE-27-ITA,16019571385933864398824687714763417628645678500362427226163740503698239790149,0.12,0.115,2027-01-01,Politics,https://kalshi.com/markets/kxrecogpalestine/kxrecogpalestine-27,https://polymarket.com/event/which-countries-will-recognize-palestine-before-2027/will-italy-recognize-palestine-before-2027,14337.58,28093.288517000005,94.9
fuzzy,,kalshi,polymarket,Who will recognize Palestine before 2027? — Greece,Will Greece recognize Palestine before 2027?,KXRECOGPALESTINE-27-GRE,9568640529628232620171982414821256284849638329588081306176647962997142501307,0.02,0.049,2027-01-01,Politics,https://kalshi.com/markets/kxrecogpalestine/kxrecogpalestine-27,https://polymarket.com/event/which-countries-will-recognize-palestine-before-2027/will-greece-recognize-palestine-before-2027,7231.42,46904.607534,95.0
fuzzy,,kalshi,polymarket,Who will recognize Palestine before 2027? — USA,Will the US recognize Palestine before 2027?,KXRECOGPALESTINE-27-USA,31196252735049957083374976220677288571569171003172878478181514853311587772855,0.1,0.0695,2027-01-01,Politics,https://kalshi.com/markets/kxrecogpalestine/kxrecogpalestine-27,https://polymarket.com/event/which-countries-will-recognize-palestine-before-2027/will-the-us-recognize-palestine-before-2027,6895.98,27807.378415999992,93.2
fuzzy,,kalshi,polymarket,Who will recognize Palestine before 2027? — Finland,Will Finland recognize Palestine before 2027?,KXRECOGPALESTINE-27-FIN,91293556511988900538926806981948713907225537435439161744582315555436298554300,0.011,0.075,2027-01-01,Politics,https://kalshi.com/markets/kxrecogpalestine/kxrecogpalestine-27,https://polymarket.com/event/which-countries-will-recognize-palestine-before-2027/will-finland-recognize-palestine-before-2027,10385.3,38570.117734,95.1
fuzzy,,kalshi,polymarket,Who will recognize Palestine before 2027? — Austria,Will Austria recognize Palestine before 2027?,KXRECOGPALESTINE-27-AUS,48231183216571643313157297374589383018034610842876126346275028070200172098914,0.088,0.041,2027-01-01,Politics,https://kalshi.com/markets/kxrecogpalestine/kxrecogpalestine-27,https://polymarket.com/event/which-countries-will-recognize-palestine-before-2027/will-austria-recognize-palestine-before-2027,8820.03,173415.11122199992,95.1
fuzzy,,kalshi,polymarket,Who will recognize Palestine before 2027? — Japan,Will Japan recognize Palestine before 2027?,KXRECOGPALESTINE-27-JAP,93747925421850041253162608689384881978335585009417855471648896512595953733092,0.07,0.09,2027-01-01,Politics,https://kalshi.com/markets/kxrecogpalestine/kxrecogpalestine-27,https://polymarket.com/event/which-countries-will-recognize-palestine-before-2027/will-japan-recognize-palestine-before-2027,14638.05,49003.35831300001,94.9
fuzzy,,kalshi,polymarket,Who will recognize Palestine before 2027? — New Zealand,Will New Zealand recognize Palestine before 2027?,KXRECOGPALESTINE-27-NZ,65570926759968481664272006070778261573308784359007307417544721102990194386816,0.12,0.1,2027-01-01,Politics,https://kalshi.com/markets/kxrecogpalestine/kxrecogpalestine-27,https://polymarket.com/event/which-countries-will-recognize-palestine-before-2027/will-new-zealand-recognize-palestine-before-2027,9866.48,124552.46644500004,95.6
fuzzy,,kalshi,polymarket,Who will recognize Palestine before 2027? — Germany,Will Germany recognize Palestine before 2027?,KXRECOGPALESTINE-27-GER,21932159496158844457790243656976073986638859993142115623608466574306792348767,0.093,0.044,2027-01-01,Politics,https://kalshi.com/markets/kxrecogpalestine/kxrecogpalestine-27,https://polymarket.com/event/which-countries-will-recognize-palestine-before-2027/will-germany-recognize-palestine-before-2027,6579.65,130271.926487,95.1
fuzzy,,kalshi,polymarket,Who will recognize Palestine before 2027? — The Netherlands,Will The Netherlands recognize Palestine before 2027?,KXRECOGPALESTINE-27-DUT,67289858866759555330449286775362832378193973230368657902755847806096722848893,0.12,0.11,2027-01-01,Politics,https://kalshi.com/markets/kxrecogpalestine/kxrecogpalestine-27,https://polymarket.com/event/which-countries-will-recognize-palestine-before-2027/will-the-netherlands-recognize-palestine-before-2027,5969.97,62895.58454599999,91.5
fuzzy,,kalshi,polymarket,"When will Serbia call its presidential election? — Before Oct 15, 2026","Will Serbia call its presidential election by October 15, 2026?",KXSERBIAELECTIONCALL-26NOV01-26OCT15,35350223540325059080243916579031626691649342485991263972370171428905753099242,0.05,0.055,2026-10-15,Elections,https://kalshi.com/markets/kxserbiaelectioncall/kxserbiaelectioncall-26nov01,https://polymarket.com/event/serbian-presidential-election-called-byptptpt/will-serbia-call-its-presidential-election-by-october-15-2026,5616.18,2129.4272090000004,88.1
fuzzy,,kalshi,polymarket,2026 Nobel Peace Prize winner — Doctors Without Borders,Will Doctors Without Borders win the Nobel Peace Prize in 2026?,KXNOBELPEACE-26-DOC,76373619264569949900664646847494496460377551802119268007560981285085248839808,0.03,0.0285,2026-12-31,Politics,https://kalshi.com/markets/kxnobelpeace/kxnobelpeace-26,https://polymarket.com/event/nobel-peace-prize-winner-2026-139/will-doctors-without-borders-win-the-nobel-peace-prize-in-2026,60844.67,30.0,88.2
fuzzy,,kalshi,polymarket,2026 Nobel Peace Prize winner — Sudan’s Emergency Response Rooms,Will Sudan's Emergency Response Rooms win the Nobel Peace Prize in 2026?,KXNOBELPEACE-26-SUD,113860439310209834379650305681784267754566328071884567820308690850948160355731,0.15,0.1465,2026-12-31,Politics,https://kalshi.com/markets/kxnobelpeace/kxnobelpeace-26,https://polymarket.com/event/nobel-peace-prize-winner-2026-139/will-sudans-emergency-response-rooms-win-the-nobel-peace-prize-in-2026,184792.09,72617.871982,90.0
fuzzy,,kalshi,polymarket,2026 Nobel Peace Prize winner — Committee to Protect Journalists,Will Committee to Protect Journalists win the Nobel Peace Prize in 2026?,KXNOBELPEACE-27-CPJ,2982941198819724769049162464851645519419973475826729269890970699176428607783,0.07,0.038,2027-01-01,Politics,https://kalshi.com/markets/kxnobelpeace/kxnobelpeace-26,https://polymarket.com/event/nobel-peace-prize-winner-2026-139/will-committee-to-protect-journalists-win-the-nobel-peace-prize-in-2026,11697.59,20265.871349,90.0
fuzzy,,kalshi,polymarket,2026 Nobel Peace Prize winner — International Criminal Court,Will the International Criminal Court win the Nobel Peace Prize in 2026?,KXNOBELPEACE-27-ICC,111039020963929609865806298049164026204309029223149180981120569413579476966265,0.07,0.05,2027-01-01,Politics,https://kalshi.com/markets/kxnobelpeace/kxnobelpeace-26,https://polymarket.com/event/nobel-peace-prize-winner-2026-139/will-the-international-criminal-court-win-the-nobel-peace-prize-in-2026,12008.58,2158.448034,89.3
fuzzy,,kalshi,polymarket,2026 Nobel Peace Prize winner — Tamim bin Hamad Al Thani,Will Tamim bin Hamad Al Thani win the Nobel Peace Prize in 2026?,KXNOBELPEACE-26-TAM,38629843016683821271278712298908281184814663635088376266062295059246738422381,0.003,0.014,2027-01-01,Politics,https://kalshi.com/markets/kxnobelpeace/kxnobelpeace-26,https://polymarket.com/event/nobel-peace-prize-winner-2026-139/will-tamim-bin-hamad-al-thani-win-the-nobel-peace-prize-in-2026-755,24161.38,808060.0562409998,88.5
fuzzy,,kalshi,polymarket,2026 Nobel Peace Prize winner — Parents Circle – Families Forum,Will the Parents Circle – Families Forum win the Nobel Peace Prize in 2026?,KXNOBELPEACE-26-PCFF,37854059247738605478603847554429071008227177847000608209691437187692991757295,0.002,0.019,2027-01-01,Politics,https://kalshi.com/markets/kxnobelpeace/kxnobelpeace-26,https://polymarket.com/event/nobel-peace-prize-winner-2026-139/will-the-parents-circle-families-forum-win-the-nobel-peace-prize-in-2026,18545.62,30.0,89.5
fuzzy,,kalshi,polymarket,Will the cap on gambling loss deduction be repealed? — Before 2027,Cap on gambling loss deductions repealed before 2027?,KXGAMBLINGREPEAL-26JAN-27,48378393363400661470216649657095000766643444730642238841537767196651546828224,0.2,0.17,2027-01-01,Politics,https://kalshi.com/markets/kxgamblingrepeal/kxgamblingrepeal-26jan,https://polymarket.com/event/cap-on-gambling-loss-deductions-repealed-before-2027,365811.59,72620.924229,96.2
fuzzy,,kalshi,polymarket,Will Trump eliminate capital gains taxes on crypto? — Before 2027,Trump eliminates capital gains tax on crypto before 2027?,KXCRYPTOCAPGAIN-26-27,38577956202894813911522423295759441226459985692799781876715891336671282746369,0.013,0.021,2027-01-01,Politics,https://kalshi.com/markets/kxcryptocapgain/kxcryptocapgain-26,https://polymarket.com/event/trump-eliminates-capital-gains-tax-on-crypto-in-2025/trump-eliminates-capital-gains-tax-on-crypto-before-2027,71135.85,33761.272635,97.3
fuzzy,,kalshi,polymarket,2027 Ryder Cup Winner — Team Europe,Will Team Europe win the 2027 Ryder Cup?,KXPGARYDER-RC27-EUR,24128152414068555748778311672321045501159475661340474663184721103050922250595,0.52,0.56,2027-10-03,Sports,https://kalshi.com/markets/kxpgaryder/kxpgaryder-rc27,https://polymarket.com/event/2027-ryder-cup-winner/will-team-europe-win-the-2027-ryder-cup,10060.71,170.024103,89.6
fuzzy,,kalshi,polymarket,2027 Ryder Cup Winner — Team USA,Will Team USA win the 2027 Ryder Cup?,KXPGARYDER-RC27-USA,89107393470830772166760540527560281945397796292892259140438235286994827924182,0.41,0.385,2027-10-03,Sports,https://kalshi.com/markets/kxpgaryder/kxpgaryder-rc27,https://polymarket.com/event/2027-ryder-cup-winner/will-team-usa-win-the-2027-ryder-cup,37842.69,60.0,88.5
fuzzy,,kalshi,polymarket,2027 CONCACAF Gold Cup Champion — Saudi Arabia,Will Saudi Arabia win the 2027 Concacaf Gold Cup?,KXCONCACAFGC-27-KSA,26476935079731666906852534784215635913705964495083831749493275684517502150393,0.02,0.0425,2027-08-15,Sports,https://kalshi.com/markets/kxconcacafgc/kxconcacafgc-27,https://polymarket.com/event/concacaf-2027-gold-cup-winner/will-saudi-arabia-win-the-2027-concacaf-gold-cup,5.0,383.68000000000006,80.5
fuzzy,,kalshi,polymarket,League Phase Top 8 Finishers — Arsenal,Will Arsenal finish top 8 in UCL league phase?,KXUCLTOP8-27-ARS,101147175432297566165325006774554867263052923329793597879107059331542027810950,0.92,0.72,2027-02-11,Sports,https://kalshi.com/markets/kxucltop8/kxucltop8-27,https://polymarket.com/event/uefa-champions-league-team-to-finish-top-8-in-league-phase/will-arsenal-finish-top-8-in-ucl-league-phase,21.93,2.768889,86.8
fuzzy,,kalshi,polymarket,League Phase Top 8 Finishers — Aston Villa,Will Aston Villa finish top 8 in UCL league phase?,KXUCLTOP8-27-AVL,97026810261211826030785259385103428528345196191296198208320592199049990669523,0.17,0.275,2027-02-11,Sports,https://kalshi.com/markets/kxucltop8/kxucltop8-27,https://polymarket.com/event/uefa-champions-league-team-to-finish-top-8-in-league-phase/will-aston-villa-finish-top-8-in-ucl-league-phase,0.0,,88.1
fuzzy,,kalshi,polymarket,League Phase Top 8 Finishers — Barcelona,Will Barcelona finish top 8 in UCL league phase?,KXUCLTOP8-27-BAR,106602434514124228099096459754066325238319373874311222065290624527735939433208,0.95,0.705,2027-02-11,Sports,https://kalshi.com/markets/kxucltop8/kxucltop8-27,https://polymarket.com/event/uefa-champions-league-team-to-finish-top-8-in-league-phase/will-barcelona-finish-top-8-in-ucl-league-phase,151.43,3639.545553,87.5
fuzzy,,kalshi,polymarket,League Phase Top 8 Finishers — Bayern Munich,Will Bayern Munich finish top 8 in UCL league phase?,KXUCLTOP8-27-BMU,52527998723398870235669883749711300218921978985717077719519719032848099875163,0.79,0.705,2027-02-11,Sports,https://kalshi.com/markets/kxucltop8/kxucltop8-27,https://polymarket.com/event/uefa-champions-league-team-to-finish-top-8-in-league-phase/will-bayern-munich-finish-top-8-in-ucl-league-phase,333.66,1314.928182,88.6
fuzzy,,kalshi,polymarket,League Phase Top 8 Finishers — Club Brugge,Will Club Brugge finish top 8 in UCL league phase?,KXUCLTOP8-27-BRU,87506708123481691913335432100363894150628863955711898779138741685737587022713,0.1,0.085,2027-02-11,Sports,https://kalshi.com/markets/kxucltop8/kxucltop8-27,https://polymarket.com/event/uefa-champions-league-team-to-finish-top-8-in-league-phase/will-club-brugge-finish-top-8-in-ucl-league-phase,12.0,,88.1
fuzzy,,kalshi,polymarket,League Phase Top 8 Finishers — Porto,Will Porto finish top 8 in UCL league phase?,KXUCLTOP8-27-FCP,28778780406795022381871732132305018136187072100473341916851802548430025056791,0.09,0.125,2027-02-11,Sports,https://kalshi.com/markets/kxucltop8/kxucltop8-27,https://polymarket.com/event/uefa-champions-league-team-to-finish-top-8-in-league-phase/will-porto-finish-top-8-in-ucl-league-phase,137.27,,86.1
fuzzy,,kalshi,polymarket,League Phase Top 8 Finishers — Galatasaray,Will Galatasaray finish top 8 in UCL league phase?,KXUCLTOP8-27-GAL,38980815832524737033585985811008429587338670111138119011267157594075870928635,0.04,0.053,2027-02-11,Sports,https://kalshi.com/markets/kxucltop8/kxucltop8-27,https://polymarket.com/event/uefa-champions-league-team-to-finish-top-8-in-league-phase/will-galatasaray-finish-top-8-in-ucl-league-phase,81.48,1108.878325,88.1
fuzzy,,kalshi,polymarket,League Phase Top 8 Finishers — Liverpool,Will Liverpool finish top 8 in UCL league phase?,KXUCLTOP8-27-LFC,1754760025944130864012083589444891427920752231475911782493590722886511693856,0.97,0.645,2027-02-11,Sports,https://kalshi.com/markets/kxucltop8/kxucltop8-27,https://polymarket.com/event/uefa-champions-league-team-to-finish-top-8-in-league-phase/will-liverpool-finish-top-8-in-ucl-league-phase,12.48,81.66,87.5
fuzzy,,kalshi,polymarket,League Phase Top 8 Finishers — Manchester City,Will Manchester City finish top 8 in UCL league phase?,KXUCLTOP8-27-MCI,26319661653580221782690487644668582568790357216542297091642458975130238399100,0.89,0.67,2027-02-11,Sports,https://kalshi.com/markets/kxucltop8/kxucltop8-27,https://polymarket.com/event/uefa-champions-league-team-to-finish-top-8-in-league-phase/will-manchester-city-finish-top-8-in-ucl-league-phase,28.99,,89.1
fuzzy,,kalshi,polymarket,League Phase Top 8 Finishers — Manchester United,Will Manchester United finish top 8 in UCL league phase?,KXUCLTOP8-27-MUN,22224754569834903690046028068810099185200777902777084548688531338006920170324,0.46,0.33,2027-02-11,Sports,https://kalshi.com/markets/kxucltop8/kxucltop8-27,https://polymarket.com/event/uefa-champions-league-team-to-finish-top-8-in-league-phase/will-manchester-united-finish-top-8-in-ucl-league-phase,45.02,,89.6
fuzzy,,kalshi,polymarket,League Phase Top 8 Finishers — Lens,Will Lens finish top 8 in UCL league phase?,KXUCLTOP8-27-RCL,102212288598697609372469332774190482791160803705176075541946624237599910580406,0.13,0.13,2027-02-11,Sports,https://kalshi.com/markets/kxucltop8/kxucltop8-27,https://polymarket.com/event/uefa-champions-league-team-to-finish-top-8-in-league-phase/will-lens-finish-top-8-in-ucl-league-phase,0.0,1.12359,85.7
fuzzy,,kalshi,polymarket,League Phase Top 8 Finishers — Real Madrid,Will Real Madrid finish top 8 in UCL league phase?,KXUCLTOP8-27-RMA,4417495335237419680285037325920120235960135049889636844931091274720459650107,0.91,0.72,2027-02-11,Sports,https://kalshi.com/markets/kxucltop8/kxucltop8-27,https://polymarket.com/event/uefa-champions-league-team-to-finish-top-8-in-league-phase/will-real-madrid-finish-top-8-in-ucl-league-phase,61.09,1926.17,88.1
fuzzy,,kalshi,polymarket,League Phase Top 8 Finishers — Roma,Will Roma finish top 8 in UCL league phase?,KXUCLTOP8-27-ROM,11372873755858137282759106508908117491329148532942434262765826530075408482161,0.175,0.145,2027-02-11,Sports,https://kalshi.com/markets/kxucltop8/kxucltop8-27,https://polymarket.com/event/uefa-champions-league-team-to-finish-top-8-in-league-phase/will-roma-finish-top-8-in-ucl-league-phase,0.0,,85.7
fuzzy,,kalshi,polymarket,League Phase Top 8 Finishers — Stuttgart,Will VfB Stuttgart finish top 8 in UCL league phase?,KXUCLTOP8-27-VFB,68107416848975397733144130273927647877816132247544452481057855775271454624238,0.13,0.22,2027-02-11,Sports,https://kalshi.com/markets/kxucltop8/kxucltop8-27,https://polymarket.com/event/uefa-champions-league-team-to-finish-top-8-in-league-phase/will-vfb-stuttgart-finish-top-8-in-ucl-league-phase,44.94,101.265823,83.3
fuzzy,,kalshi,polymarket,League Phase Top 8 Finishers — Villarreal,Will Villarreal finish top 8 in UCL league phase?,KXUCLTOP8-27-VIL,3961336658460542752652132196462980149028792102668823637536304668703592223383,0.12,0.125,2027-02-11,Sports,https://kalshi.com/markets/kxucltop8/kxucltop8-27,https://polymarket.com/event/uefa-champions-league-team-to-finish-top-8-in-league-phase/will-villarreal-finish-top-8-in-ucl-league-phase,0.0,21.0,87.8
fuzzy,,kalshi,polymarket,Who will win the Ballon d'Or in 2026? — Kylian Mbappe,Will Kylian Mbappé win the 2026 Ballon d'Or?,KXBALLONDOR-26-KMBA,95640549996905293510297955529586737178285694064878854803914367446504739764113,0.03,0.0215,2026-12-31,Sports,https://kalshi.com/markets/kxballondor/kxballondor-26,https://polymarket.com/event/ballon-dor-winner-2026/will-kylian-mbapp-win-the-2026-ballon-dor,2032187.15,3157744.892665998,85.3
fuzzy,,kalshi,polymarket,Who will win the Ballon d'Or in 2026? — Lamine Yamal,Will Lamine Yamal win the 2026 Ballon d'Or?,KXBALLONDOR-26-LYAM,10466835326554416965099784068156829774726248334728156046559014834812912458273,0.49,0.4605,2026-12-31,Sports,https://kalshi.com/markets/kxballondor/kxballondor-26,https://polymarket.com/event/ballon-dor-winner-2026/will-lamine-yamal-win-the-2026-ballon-dor,1846118.27,3581238.7815440013,87.7
fuzzy,,kalshi,polymarket,Who will win the Ballon d'Or in 2026? — Harry Kane,Will Harry Kane win the 2026 Ballon d'Or?,KXBALLONDOR-26-HKAN,72710166409980712002774407052535905861151156175854323762835102340552522606004,0.47,0.4825,2026-12-31,Sports,https://kalshi.com/markets/kxballondor/kxballondor-26,https://polymarket.com/event/ballon-dor-winner-2026/will-harry-kane-win-the-2026-ballon-dor,2073226.26,5101169.997546994,87.0
fuzzy,,kalshi,polymarket,Who will win the Ballon d'Or in 2026? — Lionel Messi,Will Lionel Messi win the 2026 Ballon d'Or?,KXBALLONDOR-26-LMES,14940935985254400645996902276818598247231942791302218826999289776538227075176,0.03,0.0215,2026-12-31,Sports,https://kalshi.com/markets/kxballondor/kxballondor-26,https://polymarket.com/event/ballon-dor-winner-2026/will-lionel-messi-win-the-2026-ballon-dor,2457557.36,3845216.148970997,87.7
fuzzy,,kalshi,polymarket,Who will win the Ballon d'Or in 2026? — Rodri,Will Rodri win the 2026 Ballon d'Or?,KXBALLONDOR-26-RODR,78803948342995070838836736012795017072053448960983345349841661545681081452350,0.015,0.011,2026-12-31,Sports,https://kalshi.com/markets/kxballondor/kxballondor-26,https://polymarket.com/event/ballon-dor-winner-2026/will-rodri-win-the-2026-ballon-dor,1025457.17,2616529.9248590004,84.7
fuzzy,,kalshi,polymarket,"Welterweight Title Holder on Dec 31, 2026? — Islam Makhachev","Will Islam Makhachev be the UFC Welterweight Champion on December 31, 2026?",KXUFCWELTERWEIGHTTITLE-26-IMAK,115664665876223446375692742966249619149538335947583111251556453270207916680903,0.94,0.9375,2026-12-31,Sports,https://kalshi.com/markets/kxufcwelterweighttitle/kxufcwelterweighttitle-26,https://polymarket.com/event/who-will-be-ufc-welterweight-champion-at-the-end-of-2026/will-islam-makhachev-be-the-ufc-welterweight-champion-on-december-31-2026,104477.32,25905.612031,80.6
fuzzy,,kalshi,polymarket,"Middleweight Title Holder on Dec 31, 2026? — Nassourdine Imavov","Will Nassourdine Imavov be the UFC Middleweight Champion on December 31, 2026?",KXUFCMIDDLEWEIGHTTITLE-26-NIMA,50735109117093880295317736800180945352251645172879785979925943581661699601259,0.02,0.029,2026-12-31,Sports,https://kalshi.com/markets/kxufcmiddleweighttitle/kxufcmiddleweighttitle-26,https://polymarket.com/event/who-will-be-ufc-middleweight-champion-at-the-end-of-2026/will-nassourdine-imavov-be-the-ufc-middleweight-champion-on-december-31-2026,46192.83,42065.118687,81.5
fuzzy,,kalshi,polymarket,"Middleweight Title Holder on Dec 31, 2026? — Sean Strickland","Will Sean Strickland be the UFC Middleweight Champion on December 31, 2026?",KXUFCMIDDLEWEIGHTTITLE-26-SSTR,20378600951485464849672966369201654683307593621002954347556085141663626930283,0.92,0.9375,2026-12-31,Sports,https://kalshi.com/markets/kxufcmiddleweighttitle/kxufcmiddleweighttitle-26,https://polymarket.com/event/who-will-be-ufc-middleweight-champion-at-the-end-of-2026/will-sean-strickland-be-the-ufc-middleweight-champion-on-december-31-2026,91187.54,42281.32334699998,80.6
fuzzy,,kalshi,polymarket,"Lightweight Title Holder on Dec 31, 2026? — Arman Tsarukyan","Will Arman Tsarukyan be the UFC Lightweight Champion on December 31, 2026?",KXUFCLIGHTWEIGHTTITLE-26-ATSA,109653694401587996238634579753195888081567274889934639277234443069656570216996,0.06,0.0585,2026-12-31,Sports,https://kalshi.com/markets/kxufclightweighttitle/kxufclightweighttitle-26,https://polymarket.com/event/who-will-be-ufc-lightweight-champion-at-the-end-of-2026/will-arman-tsarukyan-be-the-ufc-lightweight-champion-on-december-31-2026,319430.43,37628.014117,80.3
fuzzy,,kalshi,polymarket,"Light Heavyweight Title on Dec 31, 2026? — Magomed Ankalaev","Will Magomed Ankalaev be the UFC Light Heavyweight Champion on December 31, 2026?",KXUFCLHEAVYWEIGHTTITLE-26-MANK,55915863759114441227254612684581936053726000439613771783855987051654948195200,0.07,0.0505,2026-12-31,Sports,https://kalshi.com/markets/kxufclheavyweighttitle/kxufclheavyweighttitle-26,https://polymarket.com/event/who-will-be-ufc-light-heavyweight-champion-at-the-end-of-2026/will-magomed-ankalaev-be-the-ufc-light-heavyweight-champion-on-december-31-2026,119012.06,36508.094483,80.6
fuzzy,,kalshi,polymarket,"Bantamweight Title Holder on Dec 31, 2026? — Sean O'Malley","Will Sean O'Malley be the UFC Bantamweight Champion on December 31, 2026?",KXUFCBANTAMWEIGHTTITLE-26-SOMA,37531944126436716865087298086812371923490919478075074832306162393673754224072,0.03,0.005,2026-12-31,Sports,https://kalshi.com/markets/kxufcbantamweighttitle/kxufcbantamweighttitle-26,https://polymarket.com/event/who-will-be-ufc-bantamweight-champion-at-the-end-of-2026/will-sean-omalley-be-the-ufc-bantamweight-champion-on-december-31-2026,23979.57,9761.838041,80.0
fuzzy,,kalshi,polymarket,College Football Undefeated Regular Season — Indiana,Will Indiana have an undefeated CFB regular season?,KXNCAAFUNDEFEATED-26-IND,40882398648538826144778994072944041647179264704845440708046461750229116805655,0.2,0.19,2026-12-28,Sports,https://kalshi.com/markets/kxncaafundefeated/kxncaafundefeated-26,https://polymarket.com/event/ncaa-football-team-to-have-an-undefeated-season-20260804202438626/will-indiana-have-an-undefeated-cfb-regular-season-20260804202438631,58466.37,,80.0
fuzzy,,kalshi,polymarket,College Football Undefeated Regular Season — Texas Tech,Will Texas Tech have an undefeated CFB regular season?,KXNCAAFUNDEFEATED-26-TTU,76908126982834266488628697988884956224930837143523772208734287112646488078678,0.23,0.215,2026-12-28,Sports,https://kalshi.com/markets/kxncaafundefeated/kxncaafundefeated-26,https://polymarket.com/event/ncaa-football-team-to-have-an-undefeated-season-20260804202438626/will-texas-tech-have-an-undefeated-cfb-regular-season-20260804202438628,159199.52,896.074253,81.2
fuzzy,,kalshi,polymarket,College Football Undefeated Regular Season — Alabama,Will Alabama have an undefeated CFB regular season?,KXNCAAFUNDEFEATED-26-ALA,73704413486891881155237259373427964911154474256613813738457073005902413622274,0.14,0.1005,2026-12-28,Sports,https://kalshi.com/markets/kxncaafundefeated/kxncaafundefeated-26,https://polymarket.com/event/ncaa-football-team-to-have-an-undefeated-season-20260804202438626/will-alabama-have-an-undefeated-cfb-regular-season-20260804202438637,39734.46,409.969061,80.0
fuzzy,,kalshi,polymarket,Copa Libertadores Champion — Palmeiras,Will Palmeiras win Copa Libertadores?,KXCONMEBOLLIB-26-PAL,28740386853072534471032014291680134189099526112241741507320998596140192279457,0.15,0.265,2026-12-14,Sports,https://kalshi.com/markets/kxconmebollib/kxconmebollib-26,https://polymarket.com/event/2026-soccer-copa-libertadores-winner/2026-soccer-copa-libertadores-winner-palmeiras,2093.48,1737.875412,80.6
fuzzy,,kalshi,polymarket,Copa Libertadores Champion — Flamengo,Will Flamengo win Copa Libertadores?,KXCONMEBOLLIB-26-FLA,111647140921819961466230176319542016424137968439193555707992994475920171888594,0.43,0.415,2026-12-14,Sports,https://kalshi.com/markets/kxconmebollib/kxconmebollib-26,https://polymarket.com/event/2026-soccer-copa-libertadores-winner/2026-soccer-copa-libertadores-winner-flamengo,2750.9,1505.5623679999997,80.0
fuzzy,,kalshi,polymarket,Chinese Super League Champion — Chengdu Rongcheng,Will Chengdu Rongcheng win Chinese Super League?,KXCHNSL-26-CHR,102279894940958133209705731129266544317321555932758211037478019810712425316343,0.97,0.9815,2026-11-30,Sports,https://kalshi.com/markets/kxchnsl/kxchnsl-26,https://polymarket.com/event/2026-soccer-chinese-super-league-winner/2026-soccer-chinese-super-league-winner-chengdu-rongcheng,1036.86,1170.029236,85.4
fuzzy,,kalshi,polymarket,Women's Ballon d'Or Winner 2026 — Alexia Putellas,Will Alexia Putellas win the 2026 Women's Ballon d'Or?,KXBALLONDORAWARD-26WBAL-APUT,17319096107860737100124063441255962811124901713052101303022930606768812982160,0.92,0.8815,2026-11-03,Sports,https://kalshi.com/markets/kxballondoraward/kxballondoraward-26wbal,https://polymarket.com/event/womens-ballon-dor-winner-2026/will-alexia-putellas-win-the-2026-womens-ballon-dor,1439.59,10214.591512,92.6
fuzzy,,kalshi,polymarket,Ballon d'Or 2026: Top 5 Finishers — Pau Cubarsí,Will Pau Cubarsi finish in the top 5 of the 2026 Ballon d'Or?,KXBALLONDORRANK-26T5-PCUB,82597455094285121115078463322908616146918229299631996455061669013691676707375,0.1,0.0315,2026-11-10,Sports,https://kalshi.com/markets/kxballondorrank/kxballondorrank-26t5,https://polymarket.com/event/ballon-dor-top-5-finish-2026/will-pau-cubarsi-finish-in-the-top-5-of-the-2026-ballon-dor,480.82,3953.337472,80.8
fuzzy,,kalshi,polymarket,Ballon d'Or 2026: Top 5 Finishers — Ousmane Dembélé,Will Ousmane Dembélé finish in the top 5 of the 2026 Ballon d'Or?,KXBALLONDORRANK-26T5-ODEM,44613633232591746645419871917900189174660534680053981544864349720412194970193,0.25,0.285,2026-11-10,Sports,https://kalshi.com/markets/kxballondorrank/kxballondorrank-26t5,https://polymarket.com/event/ballon-dor-top-5-finish-2026/will-ousmane-dembele-finish-in-the-top-5-of-the-2026-ballon-dor,1350.15,8952.193069,84.1
fuzzy,,kalshi,polymarket,Ballon d'Or 2026: Top 5 Finishers — Erling Haaland,Will Erling Haaland finish in the top 5 of the 2026 Ballon d'Or?,KXBALLONDORRANK-26T5-EHAA,52518065834752760512799289163791459750937055667270871350956454421691959219019,0.12,0.1,2026-11-10,Sports,https://kalshi.com/markets/kxballondorrank/kxballondorrank-26t5,https://polymarket.com/event/ballon-dor-top-5-finish-2026/will-erling-haaland-finish-in-the-top-5-of-the-2026-ballon-dor,929.34,4913.032694999999,83.8
fuzzy,,kalshi,polymarket,Ballon d'Or 2026: Top 5 Finishers — Harry Kane,Will Harry Kane finish in the top 5 of the 2026 Ballon d'Or?,KXBALLONDORRANK-26T5-HKAN,54185463123177219219383302867202930005160038390033845277092313713710133585807,0.94,0.977,2026-11-10,Sports,https://kalshi.com/markets/kxballondorrank/kxballondorrank-26t5,https://polymarket.com/event/ballon-dor-top-5-finish-2026/will-harry-kane-finish-in-the-top-5-of-the-2026-ballon-dor,60.01,3395.563708,82.5
fuzzy,,kalshi,polymarket,Ballon d'Or 2026: Top 5 Finishers — Khvicha Kvaratskhelia,Will Khvicha Kvaratskhelia finish in the top 5 of the 2026 Ballon d'Or?,KXBALLONDORRANK-26T5-KKVA,109508305811608362481552936177321415656634089861862696307207579214123744668556,0.37,0.345,2026-11-10,Sports,https://kalshi.com/markets/kxballondorrank/kxballondorrank-26t5,https://polymarket.com/event/ballon-dor-top-5-finish-2026/will-khvicha-kvaratskhelia-finish-in-the-top-5-of-the-2026-ballon-dor,1769.41,18593.98234,85.7
fuzzy,,kalshi,polymarket,Ballon d'Or 2026: Top 5 Finishers — Lamine Yamal,Will Lamine Yamal finish in the top 5 of the 2026 Ballon d'Or?,KXBALLONDORRANK-26T5-LYAM,62495438701992550950006785500129391581048562867519866224090316757077511023509,0.98,0.9855,2026-11-10,Sports,https://kalshi.com/markets/kxballondorrank/kxballondorrank-26t5,https://polymarket.com/event/ballon-dor-top-5-finish-2026/will-lamine-yamal-finish-in-the-top-5-of-the-2026-ballon-dor,647.09,8988.58323,83.2
fuzzy,,kalshi,polymarket,Ballon d'Or 2026: Top 5 Finishers — Kylian Mbappé,Will Kylian Mbappé finish in the top 5 of the 2026 Ballon d'Or?,KXBALLONDORRANK-26T5-KMBA,87606932765903027745095443717187877834118899018734389711624404260810199794745,0.95,0.93,2026-11-10,Sports,https://kalshi.com/markets/kxballondorrank/kxballondorrank-26t5,https://polymarket.com/event/ballon-dor-top-5-finish-2026/will-kylian-mbappe-finish-in-the-top-5-of-the-2026-ballon-dor,1392.92,12979.602774000005,83.5
fuzzy,,kalshi,polymarket,Ballon d'Or 2026: Top 5 Finishers — Lionel Messi,Will Lionel Messi finish in the top 5 of the 2026 Ballon d'Or?,KXBALLONDORRANK-26T5-LMES,108344148092703014113967081676852784504655588478314930682261629377150250575610,0.67,0.675,2026-11-10,Sports,https://kalshi.com/markets/kxballondorrank/kxballondorrank-26t5,https://polymarket.com/event/ballon-dor-top-5-finish-2026/will-lionel-messi-finish-in-the-top-5-of-the-2026-ballon-dor,2053.69,19603.187932,83.2
fuzzy,,kalshi,polymarket,Ballon d'Or 2026: Top 5 Finishers — Michael Olise,Will Michael Olise finish in the top 5 of the 2026 Ballon d'Or?,KXBALLONDORRANK-26T5-MOLI,36693872774218995033645893637748977819030531512059538001601640452972177189873,0.38,0.355,2026-11-10,Sports,https://kalshi.com/markets/kxballondorrank/kxballondorrank-26t5,https://polymarket.com/event/ballon-dor-top-5-finish-2026/will-michael-olise-finish-in-the-top-5-of-the-2026-ballon-dor,1978.84,8773.7961,83.5
fuzzy,,kalshi,polymarket,Ballon d'Or 2026: Top 5 Finishers — Rodri,Will Rodri finish in the top 5 of the 2026 Ballon d'Or?,KXBALLONDORRANK-26T5-RODR,76229642320639990049043633849133012825415801561516341121315404598702037786511,0.62,0.645,2026-11-10,Sports,https://kalshi.com/markets/kxballondorrank/kxballondorrank-26t5,https://polymarket.com/event/ballon-dor-top-5-finish-2026/will-rodri-finish-in-the-top-5-of-the-2026-ballon-dor,650.97,5515.111711,80.5
fuzzy,,kalshi,polymarket,Ballon d'Or 2026: Top 5 Finishers — Fabián Ruiz,Will Fabian Ruiz finish in the top 5 of the 2026 Ballon d'Or?,KXBALLONDORRANK-26T5-FRUI,96248616642887738753848198287717414129527826190964695892502116103872897913430,0.24,0.1095,2026-11-10,Sports,https://kalshi.com/markets/kxballondorrank/kxballondorrank-26t5,https://polymarket.com/event/ballon-dor-top-5-finish-2026/will-fabian-ruiz-finish-in-the-top-5-of-the-2026-ballon-dor,1305.18,16707.024492,80.8
fuzzy,,kalshi,polymarket,Ballon d'Or 2026: Top 3 Finishers — Jude Bellingham,Will Jude Bellingham finish in the top 3 of the 2026 Ballon d'Or?,KXBALLONDORRANK-26T3-JBEL,12476871404495017604805060169536960912280596949676271347394558912043414236330,0.07,0.018,2026-11-10,Sports,https://kalshi.com/markets/kxballondorrank/kxballondorrank-26t3,https://polymarket.com/event/ballon-dor-top-3-finish-2026/will-jude-bellingham-finish-in-the-top-3-of-the-2026-ballon-dor,214.92,682.464583,84.1
fuzzy,,kalshi,polymarket,Ballon d'Or 2026: Top 3 Finishers — Ousmane Dembélé,Will Ousmane Dembélé finish in the top 3 of the 2026 Ballon d'Or?,KXBALLONDORRANK-26T3-ODEM,35134500188544784670217568673324639554618834173880098858795023800055456359897,0.1,0.06,2026-11-10,Sports,https://kalshi.com/markets/kxballondorrank/kxballondorrank-26t3,https://polymarket.com/event/ballon-dor-top-3-finish-2026/will-ousmane-dembele-finish-in-the-top-3-of-the-2026-ballon-dor,653.96,12165.454189000002,84.1
fuzzy,,kalshi,polymarket,Ballon d'Or 2026: Top 3 Finishers — Harry Kane,Will Harry Kane finish in the top 3 of the 2026 Ballon d'Or?,KXBALLONDORRANK-26T3-HKAN,82409000335425278488665362664302751035390635261239067486132710111934029644470,0.94,0.968,2026-11-10,Sports,https://kalshi.com/markets/kxballondorrank/kxballondorrank-26t3,https://polymarket.com/event/ballon-dor-top-3-finish-2026/will-harry-kane-finish-in-the-top-3-of-the-2026-ballon-dor,1399.85,85126.372732,82.5
fuzzy,,kalshi,polymarket,Ballon d'Or 2026: Top 3 Finishers — Khvicha Kvaratskhelia,Will Khvicha Kvaratskhelia finish in the top 3 of the 2026 Ballon d'Or?,KXBALLONDORRANK-26T3-KKVA,99975367604500535077605564565321403148071344046573903670475200827637974064283,0.85,0.12,2026-11-10,Sports,https://kalshi.com/markets/kxballondorrank/kxballondorrank-26t3,https://polymarket.com/event/ballon-dor-top-3-finish-2026/will-khvicha-kvaratskhelia-finish-in-the-top-3-of-the-2026-ballon-dor,734.58,17758.121431000003,85.7
fuzzy,,kalshi,polymarket,Ballon d'Or 2026: Top 3 Finishers — Lamine Yamal,Will Lamine Yamal finish in the top 3 of the 2026 Ballon d'Or?,KXBALLONDORRANK-26T3-LYAM,20244707896856009517518608521959978978331246275620618377629957629913871784296,0.62,0.9775,2026-11-10,Sports,https://kalshi.com/markets/kxballondorrank/kxballondorrank-26t3,https://polymarket.com/event/ballon-dor-top-3-finish-2026/will-lamine-yamal-finish-in-the-top-3-of-the-2026-ballon-dor,1661.36,32861.65442,83.2
fuzzy,,kalshi,polymarket,Ballon d'Or 2026: Top 3 Finishers — Kylian Mbappé,Will Kylian Mbappé finish in the top 3 of the 2026 Ballon d'Or?,KXBALLONDORRANK-26T3-KMBA,74473996442012992380676870006739770237037057336567567233855106290930440805273,0.64,0.605,2026-11-10,Sports,https://kalshi.com/markets/kxballondorrank/kxballondorrank-26t3,https://polymarket.com/event/ballon-dor-top-3-finish-2026/will-kylian-mbappe-finish-in-the-top-3-of-the-2026-ballon-dor,2708.34,18564.432681,83.5
fuzzy,,kalshi,polymarket,Ballon d'Or 2026: Top 3 Finishers — Lionel Messi,Will Lionel Messi finish in the top 3 of the 2026 Ballon d'Or?,KXBALLONDORRANK-26T3-LMES,112435591087016076493208960534401323722333105737554100813225815674637878259660,0.32,0.295,2026-11-10,Sports,https://kalshi.com/markets/kxballondorrank/kxballondorrank-26t3,https://polymarket.com/event/ballon-dor-top-3-finish-2026/will-lionel-messi-finish-in-the-top-3-of-the-2026-ballon-dor,3721.94,20436.496298000005,83.2
fuzzy,,kalshi,polymarket,Ballon d'Or 2026: Top 3 Finishers — Michael Olise,Will Michael Olise finish in the top 3 of the 2026 Ballon d'Or?,KXBALLONDORRANK-26T3-MOLI,58386635724516440458415335260500030929166596152828032393784060930506114672165,0.06,0.0625,2026-11-10,Sports,https://kalshi.com/markets/kxballondorrank/kxballondorrank-26t3,https://polymarket.com/event/ballon-dor-top-3-finish-2026/will-michael-olise-finish-in-the-top-3-of-the-2026-ballon-dor,986.21,12875.861362,83.5
fuzzy,,kalshi,polymarket,Ballon d'Or 2026: Top 3 Finishers — Rodri,Will Rodri finish in the top 3 of the 2026 Ballon d'Or?,KXBALLONDORRANK-26T3-RODR,24791976294583322276800111719984853803927020120808752661366180123701483089790,0.19,0.145,2026-11-10,Sports,https://kalshi.com/markets/kxballondorrank/kxballondorrank-26t3,https://polymarket.com/event/ballon-dor-top-3-finish-2026/will-rodri-finish-in-the-top-3-of-the-2026-ballon-dor,982.05,8018.817996000001,80.5
fuzzy,,kalshi,polymarket,Ballon d'Or 2026: Top 3 Finishers — Fabián Ruiz,Will Fabian Ruiz finish in the top 3 of the 2026 Ballon d'Or?,KXBALLONDORRANK-26T3-FRUI,6109648521992864850662261498111575102456231785363366567728408332175085743081,0.1,0.0515,2026-11-10,Sports,https://kalshi.com/markets/kxballondorrank/kxballondorrank-26t3,https://polymarket.com/event/ballon-dor-top-3-finish-2026/will-fabian-ruiz-finish-in-the-top-3-of-the-2026-ballon-dor,1156.31,22021.926880000003,80.8
fuzzy,,kalshi,polymarket,Ballon d'Or 2026: Top 10 Finishers — Jude Bellingham,Will Jude Bellingham finish in the top 10 of the 2026 Ballon d'Or?,KXBALLONDORRANK-26T10-JBEL,7976652874302228116562387963397020451716203034693320092234554396171137983702,0.7,0.665,2026-11-10,Sports,https://kalshi.com/markets/kxballondorrank/kxballondorrank-26t10,https://polymarket.com/event/ballon-dor-top-10-finish-2026/will-jude-bellingham-finish-in-the-top-10-of-the-2026-ballon-dor,1748.57,776.3547269999999,84.4
fuzzy,,kalshi,polymarket,Ballon d'Or 2026: Top 10 Finishers — Pau Cubarsí,Will Pau Cubarsi finish in the top 10 of the 2026 Ballon d'Or?,KXBALLONDORRANK-26T10-PCUB,23085296494206099285519909421058339893862715769009165536354035784667776218344,0.45,0.45,2026-11-10,Sports,https://kalshi.com/markets/kxballondorrank/kxballondorrank-26t10,https://polymarket.com/event/ballon-dor-top-10-finish-2026/will-pau-cubarsi-finish-in-the-top-10-of-the-2026-ballon-dor,1241.52,1632.7019530000002,81.2
fuzzy,,kalshi,polymarket,Ballon d'Or 2026: Top 10 Finishers — Ousmane Dembélé,Will Ousmane Dembélé finish in the top 10 of the 2026 Ballon d'Or?,KXBALLONDORRANK-26T10-ODEM,2878219488340103421575326580498601038503473856696152740661653594753315459510,0.77,0.805,2026-11-10,Sports,https://kalshi.com/markets/kxballondorrank/kxballondorrank-26t10,https://polymarket.com/event/ballon-dor-top-10-finish-2026/will-ousmane-dembele-finish-in-the-top-10-of-the-2026-ballon-dor,1219.47,2896.372093,84.4
fuzzy,,kalshi,polymarket,Ballon d'Or 2026: Top 10 Finishers — Luis Díaz,Will Luis Diaz finish in the top 10 of the 2026 Ballon d'Or?,KXBALLONDORRANK-26T10-LDIA,60315408439955463582057129389780799477612291978672598220569880351698488009427,0.1,0.105,2026-11-10,Sports,https://kalshi.com/markets/kxballondorrank/kxballondorrank-26t10,https://polymarket.com/event/ballon-dor-top-10-finish-2026/will-luis-diaz-finish-in-the-top-10-of-the-2026-ballon-dor,495.1,523.627017,80.4
fuzzy,,kalshi,polymarket,Ballon d'Or 2026: Top 10 Finishers — Bruno Fernandes,Will Bruno Fernandes finish in the top 10 of the 2026 Ballon d'Or?,KXBALLONDORRANK-26T10-BFER,32448249249211123860031738464016706171003307422435092244589488841197023126130,0.1,0.095,2026-11-10,Sports,https://kalshi.com/markets/kxballondorrank/kxballondorrank-26t10,https://polymarket.com/event/ballon-dor-top-10-finish-2026/will-bruno-fernandes-finish-in-the-top-10-of-the-2026-ballon-dor,120.33,507.513778,84.4
fuzzy,,kalshi,polymarket,Ballon d'Or 2026: Top 10 Finishers — Erling Haaland,Will Erling Haaland finish in the top 10 of the 2026 Ballon d'Or?,KXBALLONDORRANK-26T10-EHAA,3035991149599791032531329032939065037530116810755197461227891272821538001960,0.91,0.78,2026-11-10,Sports,https://kalshi.com/markets/kxballondorrank/kxballondorrank-26t10,https://polymarket.com/event/ballon-dor-top-10-finish-2026/will-erling-haaland-finish-in-the-top-10-of-the-2026-ballon-dor,1343.85,732.156026,84.1
fuzzy,,kalshi,polymarket,Ballon d'Or 2026: Top 10 Finishers — Achraf Hakimi,Will Achraf Hakimi finish in the top 10 of the 2026 Ballon d'Or?,KXBALLONDORRANK-26T10-AHAK,71986476495218656049611551708364928440089440895571453226631432837986690332503,0.11,0.115,2026-11-10,Sports,https://kalshi.com/markets/kxballondorrank/kxballondorrank-26t10,https://polymarket.com/event/ballon-dor-top-10-finish-2026/will-achraf-hakimi-finish-in-the-top-10-of-the-2026-ballon-dor,966.23,840.348309,83.8
fuzzy,,kalshi,polymarket,Ballon d'Or 2026: Top 10 Finishers — Harry Kane,Will Harry Kane finish in the top 10 of the 2026 Ballon d'Or?,KXBALLONDORRANK-26T10-HKAN,51700813574417087202989794940236027881389344452173550786921808142887385655223,0.965,0.9945,2026-11-10,Sports,https://kalshi.com/markets/kxballondorrank/kxballondorrank-26t10,https://polymarket.com/event/ballon-dor-top-10-finish-2026/will-harry-kane-finish-in-the-top-10-of-the-2026-ballon-dor,438.0,110.0,82.8
fuzzy,,kalshi,polymarket,Ballon d'Or 2026: Top 10 Finishers — Khvicha Kvaratskhelia,Will Khvicha Kvaratskhelia finish in the top 10 of the 2026 Ballon d'Or?,KXBALLONDORRANK-26T10-KKVA,84135700551503332048724915771867624181170551560436553747930960664713968131366,0.86,0.9,2026-11-10,Sports,https://kalshi.com/markets/kxballondorrank/kxballondorrank-26t10,https://polymarket.com/event/ballon-dor-top-10-finish-2026/will-khvicha-kvaratskhelia-finish-in-the-top-10-of-the-2026-ballon-dor,90.72,2137.695298,86.0
fuzzy,,kalshi,polymarket,Ballon d'Or 2026: Top 10 Finishers — Lamine Yamal,Will Lamine Yamal finish in the top 10 of the 2026 Ballon d'Or?,KXBALLONDORRANK-26T10-LYAM,19378848842506606701896892011589113130015320375710121887420539928373875012091,0.965,0.995,2026-11-10,Sports,https://kalshi.com/markets/kxballondorrank/kxballondorrank-26t10,https://polymarket.com/event/ballon-dor-top-10-finish-2026/will-lamine-yamal-finish-in-the-top-10-of-the-2026-ballon-dor,577.04,1098.706409,83.5
fuzzy,,kalshi,polymarket,Ballon d'Or 2026: Top 10 Finishers — Lautaro Martínez,Will Lautaro Martinez finish in the top 10 of the 2026 Ballon d'Or?,KXBALLONDORRANK-26T10-LMAR,87440808879292242455630485127396760353894361028463735743179519722160047134535,0.045,0.0495,2026-11-10,Sports,https://kalshi.com/markets/kxballondorrank/kxballondorrank-26t10,https://polymarket.com/event/ballon-dor-top-10-finish-2026/will-lautaro-martinez-finish-in-the-top-10-of-the-2026-ballon-dor,0.0,403.64,82.9
fuzzy,,kalshi,polymarket,Ballon d'Or 2026: Top 10 Finishers — Kylian Mbappé,Will Kylian Mbappé finish in the top 10 of the 2026 Ballon d'Or?,KXBALLONDORRANK-26T10-KMBA,43335234683627662515749262278834382262882767648227917928715790387433511938003,0.97,0.9815,2026-11-10,Sports,https://kalshi.com/markets/kxballondorrank/kxballondorrank-26t10,https://polymarket.com/event/ballon-dor-top-10-finish-2026/will-kylian-mbappe-finish-in-the-top-10-of-the-2026-ballon-dor,1148.94,148.13,83.8
fuzzy,,kalshi,polymarket,Ballon d'Or 2026: Top 10 Finishers — Nuno Mendes,Will Nuno Mendes finish in the top 10 of the 2026 Ballon d'Or?,KXBALLONDORRANK-26T10-NMEN,90357195281160375060868146323482555279810010443558842437460774803352522517857,0.09,0.12,2026-11-10,Sports,https://kalshi.com/markets/kxballondorrank/kxballondorrank-26t10,https://polymarket.com/event/ballon-dor-top-10-finish-2026/will-nuno-mendes-finish-in-the-top-10-of-the-2026-ballon-dor,0.0,20.0,83.2
fuzzy,,kalshi,polymarket,Ballon d'Or 2026: Top 10 Finishers — Lionel Messi,Will Lionel Messi finish in the top 10 of the 2026 Ballon d'Or?,KXBALLONDORRANK-26T10-LMES,90491879642624292759308658346576318407571303394657172842597644260749357712663,0.93,0.9665,2026-11-10,Sports,https://kalshi.com/markets/kxballondorrank/kxballondorrank-26t10,https://polymarket.com/event/ballon-dor-top-10-finish-2026/will-lionel-messi-finish-in-the-top-10-of-the-2026-ballon-dor,1560.89,1008.4,83.5
fuzzy,,kalshi,polymarket,Ballon d'Or 2026: Top 10 Finishers — Michael Olise,Will Michael Olise finish in the top 10 of the 2026 Ballon d'Or?,KXBALLONDORRANK-26T10-MOLI,25198581480353363344724715170756563531030779669634598392322462068588763244731,0.6,0.9,2026-11-10,Sports,https://kalshi.com/markets/kxballondorrank/kxballondorrank-26t10,https://polymarket.com/event/ballon-dor-top-10-finish-2026/will-michael-olise-finish-in-the-top-10-of-the-2026-ballon-dor,2723.46,875.0,83.8
fuzzy,,kalshi,polymarket,Ballon d'Or 2026: Top 10 Finishers — Julián Quiñones,Will Julián Quiñones finish in the top 10 of the 2026 Ballon d'Or?,KXBALLONDORRANK-26T10-JQUI,74978210291657812655457309410832896663975200378771956800772331235245910935670,0.02,0.029,2026-11-10,Sports,https://kalshi.com/markets/kxballondorrank/kxballondorrank-26t10,https://polymarket.com/event/ballon-dor-top-10-finish-2026/will-julian-quinones-finish-in-the-top-10-of-the-2026-ballon-dor,990.32,278.19,84.4
fuzzy,,kalshi,polymarket,Ballon d'Or 2026: Top 10 Finishers — Declan Rice,Will Declan Rice finish in the top 10 of the 2026 Ballon d'Or?,KXBALLONDORRANK-26T10-DRIC,3258747462691925405012194657693024465929337199227131928378618947945736498230,0.28,0.29,2026-11-10,Sports,https://kalshi.com/markets/kxballondorrank/kxballondorrank-26t10,https://polymarket.com/event/ballon-dor-top-10-finish-2026/will-declan-rice-finish-in-the-top-10-of-the-2026-ballon-dor,733.88,6194.314114999999,83.2
fuzzy,,kalshi,polymarket,Ballon d'Or 2026: Top 10 Finishers — Rodri,Will Rodri finish in the top 10 of the 2026 Ballon d'Or?,KXBALLONDORRANK-26T10-RODR,36584317187255946530208348593052788204080318532825431349930038971717345670693,0.97,0.9705,2026-11-10,Sports,https://kalshi.com/markets/kxballondorrank/kxballondorrank-26t10,https://polymarket.com/event/ballon-dor-top-10-finish-2026/will-rodri-finish-in-the-top-10-of-the-2026-ballon-dor,52.51,62.833334,80.9
fuzzy,,kalshi,polymarket,Ballon d'Or 2026: Top 10 Finishers — Fabián Ruiz,Will Fabian Ruiz finish in the top 10 of the 2026 Ballon d'Or?,KXBALLONDORRANK-26T10-FRUI,65656829621880301998133251468073913557037182530286790867043663721521488731044,0.36,0.39,2026-11-10,Sports,https://kalshi.com/markets/kxballondorrank/kxballondorrank-26t10,https://polymarket.com/event/ballon-dor-top-10-finish-2026/will-fabian-ruiz-finish-in-the-top-10-of-the-2026-ballon-dor,3084.69,4756.025183,81.2
fuzzy,,kalshi,polymarket,Ballon d'Or 2026: Top 10 Finishers — Vitinha,Will Vitinha finish in the top 10 of the 2026 Ballon d'Or?,KXBALLONDORRANK-26T10-VITI,88402100451331974118537945139586765517987652029817279808587103567183080669633,0.18,0.08,2026-11-10,Sports,https://kalshi.com/markets/kxballondorrank/kxballondorrank-26t10,https://polymarket.com/event/ballon-dor-top-10-finish-2026/will-vitinha-finish-in-the-top-10-of-the-2026-ballon-dor,250.77,2701.298384,81.7
fuzzy,,kalshi,polymarket,Bragantino vs Cruzeiro: BTTS — Both Teams To Score,Red Bull Bragantino vs. Cruzeiro EC: Both Teams to Score,KXBRASILEIROBTTS-26OCT12RBBCRU-BTTS,51622171526838988564509819991489007997297858042396908077681934410845819090005,0.57,0.57,2026-10-15,Sports,https://kalshi.com/markets/kxbrasileirobtts/kxbrasileirobtts-26oct12rbbcru,https://polymarket.com/event/bra-bra-cru-2026-10-12-more-markets/bra-bra-cru-2026-10-12-btts,0.0,,87.1
fuzzy,,kalshi,polymarket,Levante vs Sevilla: BTTS — Both Teams To Score,Levante UD vs. Sevilla FC: Both Teams to Score,KXLALIGABTTS-26OCT12LEVSEV-BTTS,89223082454463434760451886299656210386638412601914654829062880753116748388743,0.53,0.535,2026-10-14,Sports,https://kalshi.com/markets/kxlaligabtts/kxlaligabtts-26oct12levsev,https://polymarket.com/event/lal-lev-sev-2026-10-12-more-markets/lal-lev-sev-2026-10-12-btts,0.0,110.872341,89.7
fuzzy,,kalshi,polymarket,Coventry vs Newcastle: BTTS — Both Teams To Score,Coventry City FC vs. Newcastle United FC: Both Teams to Score,KXEPLBTTS-26OCT12COVNEW-BTTS,107244734960669704387506620971935683182929741413191748595434422256513680016744,0.605,0.61,2026-10-14,Sports,https://kalshi.com/markets/kxeplbtts/kxeplbtts-26oct12covnew,https://polymarket.com/event/epl-cov-new-2026-10-12-more-markets/epl-cov-new-2026-10-12-btts,0.0,30.3,81.9
fuzzy,,kalshi,polymarket,Coritiba vs Botafogo: BTTS — Both Teams To Score,Coritiba FBC vs. Botafogo FR: Both Teams to Score,KXBRASILEIROBTTS-26OCT12CFCBOT-BTTS,25553574358860800293026109832498260786390843615447862754568374672243577240421,0.565,0.575,2026-10-14,Sports,https://kalshi.com/markets/kxbrasileirobtts/kxbrasileirobtts-26oct12cfcbot,https://polymarket.com/event/bra-cor-bot-2026-10-12-more-markets/bra-cor-bot-2026-10-12-btts,0.0,,87.0
fuzzy,,kalshi,polymarket,Torino vs Udinese: BTTS — Both Teams To Score,Torino FC vs. Udinese Calcio: Both Teams to Score,KXSERIEABTTS-26OCT12TORUDI-BTTS,50262732276159549379923002457499835816369924699028047388490723342563521886128,0.53,0.54,2026-10-14,Sports,https://kalshi.com/markets/kxserieabtts/kxserieabtts-26oct12torudi,https://polymarket.com/event/sea-tor-udi-2026-10-12-more-markets/sea-tor-udi-2026-10-12-btts,0.0,99.980771,85.4
fuzzy,,kalshi,polymarket,Atalanta vs Venezia: BTTS — Both Teams To Score,Atalanta BC vs. Venezia FC: Both Teams to Score,KXSERIEABTTS-26OCT12ATAVEN-BTTS,7812359169318347416238561102417800014867908222209856845822304933863559493232,0.575,0.575,2026-10-14,Sports,https://kalshi.com/markets/kxserieabtts/kxserieabtts-26oct12ataven,https://polymarket.com/event/sea-ata-ven-2026-10-12-more-markets/sea-ata-ven-2026-10-12-btts,0.0,99.994286,89.9
fuzzy,,kalshi,polymarket,Pumas UNAM vs Cruz Azul: BTTS — Both Teams To Score,Pumas de la UNAM vs. CF Cruz Azul: Both Teams to Score,KXLIGAMXBTTS-26OCT11PUMCRA-BTTS,81499073740698132578156268006487201283982186123695593388318186619560772031288,0.595,0.61,2026-10-14,Sports,https://kalshi.com/markets/kxligamxbtts/kxligamxbtts-26oct11pumcra,https://polymarket.com/event/mex-pum-caz-2026-10-11-more-markets/mex-pum-caz-2026-10-11-btts,0.0,,88.0
fuzzy,,kalshi,polymarket,Pachuca vs Necaxa: BTTS — Both Teams To Score,CF Pachuca vs. Club Necaxa: Both Teams to Score,KXLIGAMXBTTS-26OCT11PACNCX-BTTS,62795140593291539130158540612207623637208657798035939627751696971469946214382,0.575,0.57,2026-10-13,Sports,https://kalshi.com/markets/kxligamxbtts/kxligamxbtts-26oct11pacncx,https://polymarket.com/event/mex-pac-nec-2026-10-11-more-markets/mex-pac-nec-2026-10-11-btts,0.0,,89.7
fuzzy,,kalshi,polymarket,Saint Louis vs Los Angeles G: BTTS — Both Teams To Score,St. Louis City SC vs. Los Angeles Galaxy: Both Teams to Score,KXMLSBTTS-26OCT11STLLAG-BTTS,47645951380182965187724391630160254770861172374083338745882681077971982853861,0.68,0.655,2026-10-13,Sports,https://kalshi.com/markets/kxmlsbtts/kxmlsbtts-26oct11stllag,https://polymarket.com/event/mls-stl-lag-2026-10-11-more-markets/mls-stl-lag-2026-10-11-btts,14.0,,82.9
fuzzy,,kalshi,polymarket,San Luis vs Santos Laguna: BTTS — Both Teams To Score,Atlético San Luis vs. Club Santos Laguna: Both Teams to Score,KXLIGAMXBTTS-26OCT11ASLSLA-BTTS,4006574027910873222590075355455248109288128764839330676304116221584334133460,0.595,0.6,2026-10-13,Sports,https://kalshi.com/markets/kxligamxbtts/kxligamxbtts-26oct11aslsla,https://polymarket.com/event/mex-asl-san-2026-10-11-more-markets/mex-asl-san-2026-10-11-btts,0.0,,86.2
fuzzy,,kalshi,polymarket,Bahia vs Mirassol: BTTS — Both Teams To Score,EC Bahia vs. Mirassol FC: Both Teams to Score,KXBRASILEIROBTTS-26OCT11BAHMIR-BTTS,38150265788627422101537888211431628863901527062172375603979619448234101151542,0.555,0.55,2026-10-13,Sports,https://kalshi.com/markets/kxbrasileirobtts/kxbrasileirobtts-26oct11bahmir,https://polymarket.com/event/bra-bah-mir-2026-10-11-more-markets/bra-bah-mir-2026-10-11-btts,0.0,,89.4
fuzzy,,kalshi,polymarket,Palmeiras vs Corinthians: BTTS — Both Teams To Score,SE Palmeiras vs. SC Corinthians Paulista: Both Teams to Score,KXBRASILEIROBTTS-26OCT11PALCOR-BTTS,52089428769702322867127015407868493082064550490566805222322437470526769021425,0.44,0.44,2026-10-13,Sports,https://kalshi.com/markets/kxbrasileirobtts/kxbrasileirobtts-26oct11palcor,https://polymarket.com/event/bra-pal-cor1-2026-10-11-more-markets/bra-pal-cor1-2026-10-11-btts,0.0,,81.5
fuzzy,,kalshi,polymarket,Gremio vs Internacional: BTTS — Both Teams To Score,Grêmio FBPA vs. SC Internacional: Both Teams to Score,KXBRASILEIROBTTS-26OCT11GPAINT-BTTS,17320950379490151092085240432737569031943474385692175188829713078744937380916,0.535,0.535,2026-10-13,Sports,https://kalshi.com/markets/kxbrasileirobtts/kxbrasileirobtts-26oct11gpaint,https://polymarket.com/event/bra-gre-int-2026-10-11-more-markets/bra-gre-int-2026-10-11-btts,0.0,,88.9
fuzzy,,kalshi,polymarket,Flamengo vs Fluminense: BTTS — Both Teams To Score,CR Flamengo vs. Fluminense FC: Both Teams to Score,KXBRASILEIROBTTS-26OCT11FLAFLU-BTTS,25762295643145355252693601752338351418979094743097104255660968289894391356549,0.455,0.455,2026-10-13,Sports,https://kalshi.com/markets/kxbrasileirobtts/kxbrasileirobtts-26oct11flaflu,https://polymarket.com/event/bra-fla-flu-2026-10-11-more-markets/bra-fla-flu-2026-10-11-btts,0.0,,90.5
fuzzy,,kalshi,polymarket,Atletico Mineiro vs Santos: BTTS — Both Teams To Score,CA Mineiro vs. Santos FC: Both Teams to Score,KXBRASILEIROBTTS-26OCT11ATLSAN-BTTS,40352137724808465545957353289870107699794477293373461664210687280347069509687,0.535,0.52,2026-10-13,Sports,https://kalshi.com/markets/kxbrasileirobtts/kxbrasileirobtts-26oct11atlsan,https://polymarket.com/event/bra-cam-san-2026-10-11-more-markets/bra-cam-san-2026-10-11-btts,0.0,,80.9
fuzzy,,kalshi,polymarket,Cagliari vs Juventus: BTTS — Both Teams To Score,Cagliari Calcio vs. Juventus FC: Both Teams to Score,KXSERIEABTTS-26OCT11CAGJUV-BTTS,50486560071082796578748347434262926910190107389099840027214182060854751112520,0.46,0.46,2026-10-13,Sports,https://kalshi.com/markets/kxserieabtts/kxserieabtts-26oct11cagjuv,https://polymarket.com/event/sea-cag-juv-2026-10-11-more-markets/sea-cag-juv-2026-10-11-btts,0.0,,84.2
fuzzy,,kalshi,polymarket,Troyes vs Marseille: BTTS — Both Teams To Score,ES Troyes AC vs. Olympique de Marseille: Both Teams to Score,KXLIGUE1BTTS-26OCT11ESTOLM-BTTS,41258419681972522173658479236296554389574379220447852822598781774300541886870,0.605,0.615,2026-10-13,Sports,https://kalshi.com/markets/kxligue1btts/kxligue1btts-26oct11estolm,https://polymarket.com/event/fl1-tro-olm-2026-10-11-more-markets/fl1-tro-olm-2026-10-11-btts,0.0,130.288136,80.4
fuzzy,,kalshi,polymarket,Real Betis vs Osasuna: BTTS — Both Teams To Score,Real Betis Balompié vs. CA Osasuna: Both Teams to Score,KXLALIGABTTS-26OCT11RBBOSA-BTTS,59207555531598802009720159056383577826172845599832637128925798440693774210172,0.525,0.535,2026-10-13,Sports,https://kalshi.com/markets/kxlaligabtts/kxlaligabtts-26oct11rbbosa,https://polymarket.com/event/lal-bet-osa-2026-10-11-more-markets/lal-bet-osa-2026-10-11-btts,0.0,130.282609,84.8
fuzzy,,kalshi,polymarket,Sassuolo vs Milan: BTTS — Both Teams To Score,US Sassuolo Calcio vs. AC Milan: Both Teams to Score,KXSERIEABTTS-26OCT11SASACM-BTTS,47179928791163305521547523509825602505680794662614430402098631116161739357549,0.56,0.56,2026-10-13,Sports,https://kalshi.com/markets/kxserieabtts/kxserieabtts-26oct11sasacm,https://polymarket.com/event/sea-sas-mil-2026-10-11-more-markets/sea-sas-mil-2026-10-11-btts,0.0,104.981482,82.6
fuzzy,,kalshi,polymarket,Liverpool vs Manchester City: BTTS — Both Teams To Score,Liverpool FC vs. Manchester City FC: Both Teams to Score,KXEPLBTTS-26OCT11LFCMCI-BTTS,16891885923923223242088976695967838714170688302676401356920802731408615857381,0.65,0.64,2026-10-13,Sports,https://kalshi.com/markets/kxeplbtts/kxeplbtts-26oct11lfcmci,https://polymarket.com/event/epl-liv-mac-2026-10-11-more-markets/epl-liv-mac-2026-10-11-btts,276.99,244.191892,89.7
fuzzy,,kalshi,polymarket,Freiburg vs Schalke: BTTS — Both Teams To Score,SC Freiburg vs. FC Schalke 04: Both Teams to Score,KXBUNDESLIGABTTS-26OCT11SCFSCH-BTTS,544915442702641586831781069598436681671403656250010394452068022077323863189,0.575,0.58,2026-10-13,Sports,https://kalshi.com/markets/kxbundesligabtts/kxbundesligabtts-26oct11scfsch,https://polymarket.com/event/bun-fre-s04-2026-10-11-more-markets/bun-fre-s04-2026-10-11-btts,0.0,116.906977,87.0
fuzzy,,kalshi,polymarket,Stade Rennais vs Auxerre: BTTS — Both Teams To Score,Stade Rennais FC 1901 vs. AJ Auxerre: Both Teams to Score,KXLIGUE1BTTS-26OCT11RENAUX-BTTS,1373871622695071757889601537556450629372117039031719553405897318899303670820,0.56,0.575,2026-10-13,Sports,https://kalshi.com/markets/kxligue1btts/kxligue1btts-26oct11renaux,https://polymarket.com/event/fl1-ren-aja-2026-10-11-more-markets/fl1-ren-aja-2026-10-11-btts,0.0,99.981819,86.5
fuzzy,,kalshi,polymarket,Real Sociedad vs Deportivo De La Coruna: BTTS — Both Teams To Score,Real Sociedad de Fútbol vs. RC Deportivo A Coruña: Both Teams to Score,KXLALIGABTTS-26OCT11RSODEP-BTTS,29310602335210637514654880907564239692499563474383856135503728618670350617372,0.535,0.54,2026-10-13,Sports,https://kalshi.com/markets/kxlaligabtts/kxlaligabtts-26oct11rsodep,https://polymarket.com/event/lal-rso-dep-2026-10-11-more-markets/lal-rso-dep-2026-10-11-btts,0.0,99.977779,86.4
fuzzy,,kalshi,polymarket,Lecce vs Bologna: BTTS — Both Teams To Score,US Lecce vs. Bologna FC 1909: Both Teams to Score,KXSERIEABTTS-26OCT11LECBFC-BTTS,96075342917508639349545861199387151383679071895387581886039142268021942556033,0.5,0.5,2026-10-13,Sports,https://kalshi.com/markets/kxserieabtts/kxserieabtts-26oct11lecbfc,https://polymarket.com/event/sea-lec-bol-2026-10-11-more-markets/sea-lec-bol-2026-10-11-btts,0.0,,84.1
fuzzy,,kalshi,polymarket,Lazio vs Monza: BTTS — Both Teams To Score,SS Lazio vs. AC Monza: Both Teams to Score,KXSERIEABTTS-26OCT11LAZMON-BTTS,61498375657159494835513408430817417395474198597822157391344158788091015506808,0.505,0.495,2026-10-13,Sports,https://kalshi.com/markets/kxserieabtts/kxserieabtts-26oct11lazmon,https://polymarket.com/event/sea-laz-mon-2026-10-11-more-markets/sea-laz-mon-2026-10-11-btts,0.0,120.0,86.1
fuzzy,,kalshi,polymarket,Nice vs Strasbourg Alsace: BTTS — Both Teams To Score,OGC Nice vs. RC Strasbourg Alsace: Both Teams to Score,KXLIGUE1BTTS-26OCT11NICRCS-BTTS,58369055288041455369171970946019210670694038280681483193593536564398310476199,0.595,0.6,2026-10-13,Sports,https://kalshi.com/markets/kxligue1btts/kxligue1btts-26oct11nicrcs,https://polymarket.com/event/fl1-ogc-str-2026-10-11-more-markets/fl1-ogc-str-2026-10-11-btts,0.0,99.983049,88.2
fuzzy,,kalshi,polymarket,Hull City vs Everton: BTTS — Both Teams To Score,Hull City AFC vs. Everton FC: Both Teams to Score,KXEPLBTTS-26OCT11HULEVE-BTTS,6421630367017571630705728306190737825274396075534768843775225483870837888729,0.52,0.52,2026-10-13,Sports,https://kalshi.com/markets/kxeplbtts/kxeplbtts-26oct11huleve,https://polymarket.com/event/epl-hul-eve-2026-10-11-more-markets/epl-hul-eve-2026-10-11-btts,1.86,119.132276,87.0
fuzzy,,kalshi,polymarket,Crystal Palace vs Nottingham Forest: BTTS — Both Teams To Score,Crystal Palace FC vs. Nottingham Forest FC: Both Teams to Score,KXEPLBTTS-26OCT11CRYNFO-BTTS,80580624119724713511093685005625002141408752549106258301011541891689970812970,0.55,0.545,2026-10-13,Sports,https://kalshi.com/markets/kxeplbtts/kxeplbtts-26oct11crynfo,https://polymarket.com/event/epl-cry-not-2026-10-11-more-markets/epl-cry-not-2026-10-11-btts,0.0,,90.9
fuzzy,,kalshi,polymarket,Elche vs Celta Vigo: BTTS — Both Teams To Score,Elche CF vs. RC Celta de Vigo: Both Teams to Score,KXLALIGABTTS-26OCT11ELCRCC-BTTS,17307797726435209978688235773507857882827579024449608496453146107960990558004,0.535,0.535,2026-10-13,Sports,https://kalshi.com/markets/kxlaligabtts/kxlaligabtts-26oct11elcrcc,https://polymarket.com/event/lal-elc-cel-2026-10-11-more-markets/lal-elc-cel-2026-10-11-btts,0.0,99.998262,84.8
fuzzy,,kalshi,polymarket,Como vs Roma: BTTS — Both Teams To Score,Como 1907 vs. AS Roma: Both Teams to Score,KXSERIEABTTS-26OCT11COMROM-BTTS,14184129505306790966355147740839455321915068811322404742577784267548137765956,0.62,0.615,2026-10-13,Sports,https://kalshi.com/markets/kxserieabtts/kxserieabtts-26oct11comrom,https://polymarket.com/event/sea-com-rom-2026-10-11-more-markets/sea-com-rom-2026-10-11-btts,0.0,5.0,83.1
fuzzy,,kalshi,polymarket,America vs Monterrey: BTTS — Both Teams To Score,CF América vs. CF Monterrey: Both Teams to Score,KXLIGAMXBTTS-26OCT10AMEMON-BTTS,69990440399015694599625611508507555555673870539343828695598006072423366770358,0.62,0.59,2026-10-13,Sports,https://kalshi.com/markets/kxligamxbtts/kxligamxbtts-26oct10amemon,https://polymarket.com/event/mex-ame-mon1-2026-10-10-more-markets/mex-ame-mon1-2026-10-10-btts,1.09,,87.9
fuzzy,,kalshi,polymarket,Los Angeles F vs Vancouver: BTTS — Both Teams To Score,Los Angeles FC vs. Vancouver Whitecaps FC: Both Teams to Score,KXMLSBTTS-26OCT10LAFCVAN-BTTS,41787016439045361667944384452260472882368483144789879625734790903026503996078,0.66,0.635,2026-10-13,Sports,https://kalshi.com/markets/kxmlsbtts/kxmlsbtts-26oct10lafcvan,https://polymarket.com/event/mls-laf-vwh-2026-10-10-more-markets/mls-laf-vwh-2026-10-10-btts,14.0,,84.7
fuzzy,,kalshi,polymarket,Atlas vs Guadalajara: BTTS — Both Teams To Score,Atlas FC vs. CD Guadalajara: Both Teams to Score,KXLIGAMXBTTS-26OCT10ATLCDG-BTTS,40701100540575251101003054221324840294870819250827129914382757778296630641881,0.62,0.605,2026-10-13,Sports,https://kalshi.com/markets/kxligamxbtts/kxligamxbtts-26oct10atlcdg,https://polymarket.com/event/mex-atl-gua-2026-10-10-more-markets/mex-atl-gua-2026-10-10-btts,15.71,7.90625,90.1
fuzzy,,kalshi,polymarket,Minnesota vs Houston: BTTS — Both Teams To Score,Minnesota United FC vs. Houston Dynamo: Both Teams to Score,KXMLSBTTS-26OCT10MINHOU-BTTS,58661074719803590605205525938551345706418950930048562067492251562886478098706,0.6,0.6,2026-10-13,Sports,https://kalshi.com/markets/kxmlsbtts/kxmlsbtts-26oct10minhou,https://polymarket.com/event/mls-min-hou-2026-10-10-more-markets/mls-min-hou-2026-10-10-btts,0.0,,80.4
fuzzy,,kalshi,polymarket,Austin vs Nashville: BTTS — Both Teams To Score,Austin FC vs. Nashville SC: Both Teams to Score,KXMLSBTTS-26OCT10ATXNSH-BTTS,31761195583972638615968811265186693240452566596454844926431189117101443805797,0.565,0.575,2026-10-13,Sports,https://kalshi.com/markets/kxmlsbtts/kxmlsbtts-26oct10atxnsh,https://polymarket.com/event/mls-aus-nas-2026-10-10-more-markets/mls-aus-nas-2026-10-10-btts,0.0,20.606123,89.9
fuzzy,,kalshi,polymarket,Philadelphia vs Salt Lake: BTTS — Both Teams To Score,Philadelphia Union vs. Real Salt Lake: Both Teams to Score,KXMLSBTTS-26OCT10PHIRSL-BTTS,47228287290152050570231378625699893197348328869269043788488833955890805693606,0.605,0.61,2026-10-12,Sports,https://kalshi.com/markets/kxmlsbtts/kxmlsbtts-26oct10phirsl,https://polymarket.com/event/mls-phi-rsl-2026-10-10-more-markets/mls-phi-rsl-2026-10-10-btts,0.0,,84.9
fuzzy,,kalshi,polymarket,Orlando vs Columbus: BTTS — Both Teams To Score,Orlando City SC vs. Columbus Crew: Both Teams to Score,KXMLSBTTS-26OCT10ORLCLB-BTTS,60164007649499437005735557615719590337739511383362795289553966497503052199598,0.675,0.68,2026-10-12,Sports,https://kalshi.com/markets/kxmlsbtts/kxmlsbtts-26oct10orlclb,https://polymarket.com/event/mls-orl-clb-2026-10-10-more-markets/mls-orl-clb-2026-10-10-btts,0.0,,85.4
fuzzy,,kalshi,polymarket,New York RB vs San Diego FC: BTTS — Both Teams To Score,New York Red Bulls vs. San Diego FC: Both Teams to Score,KXMLSBTTS-26OCT10NYRBSD-BTTS,68639335787235302739549613161838235110087614963505910950800354498635353327405,0.69,0.69,2026-10-12,Sports,https://kalshi.com/markets/kxmlsbtts/kxmlsbtts-26oct10nyrbsd,https://polymarket.com/event/mls-nyr-sdg-2026-10-10-more-markets/mls-nyr-sdg-2026-10-10-btts,0.0,,92.5
fuzzy,,kalshi,polymarket,Miami vs DC United: BTTS — Both Teams To Score,Inter Miami CF vs. D.C. United SC: Both Teams to Score,KXMLSBTTS-26OCT10MIADCU-BTTS,3804129798535084249997356488165959720493725591511215386737019824924064447171,0.66,0.635,2026-10-12,Sports,https://kalshi.com/markets/kxmlsbtts/kxmlsbtts-26oct10miadcu,https://polymarket.com/event/mls-mia-dcu-2026-10-10-more-markets/mls-mia-dcu-2026-10-10-btts,133.0,,80.9
fuzzy,,kalshi,polymarket,Charlotte vs Dallas: BTTS — Both Teams To Score,Charlotte FC vs. FC Dallas: Both Teams to Score,KXMLSBTTS-26OCT10CLTDAL-BTTS,53347825465691450098774967095085274748371692926819942387725572980768147890715,0.64,0.645,2026-10-12,Sports,https://kalshi.com/markets/kxmlsbtts/kxmlsbtts-26oct10cltdal,https://polymarket.com/event/mls-clt-dal-2026-10-10-more-markets/mls-clt-dal-2026-10-10-btts,0.0,,87.6
fuzzy,,kalshi,polymarket,Atlanta vs Cincinnati: BTTS — Both Teams To Score,Atlanta United FC vs. FC Cincinnati: Both Teams to Score,KXMLSBTTS-26OCT10ATLCIN-BTTS,86209451466910592041999281443516141169662035535420756774148372955815904200152,0.685,0.695,2026-10-12,Sports,https://kalshi.com/markets/kxmlsbtts/kxmlsbtts-26oct10atlcin,https://polymarket.com/event/mls-atl-fcc-2026-10-10-more-markets/mls-atl-fcc-2026-10-10-btts,0.0,,82.0
fuzzy,,kalshi,polymarket,Queretaro vs Atlante: BTTS — Both Teams To Score,Querétaro FC vs. Atlante FC: Both Teams to Score,KXLIGAMXBTTS-26OCT10QUEALA-BTTS,27928689797605613492071205575745371188446509204156682547218452372104547412987,0.575,0.575,2026-10-12,Sports,https://kalshi.com/markets/kxligamxbtts/kxligamxbtts-26oct10queala,https://polymarket.com/event/mex-que-atla-2026-10-10-more-markets/mex-que-atla-2026-10-10-btts,0.0,,87.9
fuzzy,,kalshi,polymarket,Juarez vs Tijuana: BTTS — Both Teams To Score,FC Juárez vs. Club Tijuana: Both Teams to Score,KXLIGAMXBTTS-26OCT10JUATIJ-BTTS,92633379941438740576216092530247504211554359239353621484196219330285916057751,0.58,0.58,2026-10-12,Sports,https://kalshi.com/markets/kxligamxbtts/kxligamxbtts-26oct10juatij,https://polymarket.com/event/mex-jua-tij-2026-10-10-more-markets/mex-jua-tij-2026-10-10-btts,65.56,,87.4
fuzzy,,kalshi,polymarket,Vasco da Gama vs Remo: BTTS — Both Teams To Score,CR Vasco da Gama vs. Clube do Remo: Both Teams to Score,KXBRASILEIROBTTS-26OCT10VDGCR-BTTS,88843726001812022970544354407533117270815853314877062919473168633025653160849,0.48,0.485,2026-10-12,Sports,https://kalshi.com/markets/kxbrasileirobtts/kxbrasileirobtts-26oct10vdgcr,https://polymarket.com/event/bra-vas-cre-2026-10-10-more-markets/bra-vas-cre-2026-10-10-btts,0.0,,86.9
fuzzy,,kalshi,polymarket,Real Madrid vs Villarreal: BTTS — Both Teams To Score,Real Madrid CF vs. Villarreal CF: Both Teams to Score,KXLALIGABTTS-26OCT10RMAVIL-BTTS,39607898827818301180029133275494212217290723737484522135214770499499931413269,0.64,0.62,2026-10-12,Sports,https://kalshi.com/markets/kxlaligabtts/kxlaligabtts-26oct10rmavil,https://polymarket.com/event/lal-rea-vil-2026-10-10-more-markets/lal-rea-vil-2026-10-10-btts,60.0,,91.1
fuzzy,,kalshi,polymarket,Napoli vs Frosinone: BTTS — Both Teams To Score,SSC Napoli vs. Frosinone Calcio: Both Teams to Score,KXSERIEABTTS-26OCT10NAPFRO-BTTS,108337782775387288762569561032514999373158325050479330169082462091369489652874,0.57,0.57,2026-10-12,Sports,https://kalshi.com/markets/kxserieabtts/kxserieabtts-26oct10napfro,https://polymarket.com/event/sea-nap-fro-2026-10-10-more-markets/sea-nap-fro-2026-10-10-btts,0.0,,85.1
fuzzy,,kalshi,polymarket,Stade Brest 29 vs Angers: BTTS — Both Teams To Score,Stade Brestois 29 vs. Angers SCO: Both Teams to Score,KXLIGUE1BTTS-26OCT10STBANG-BTTS,3851034935051853510582095815591932193315429157418321514321901803777241231951,0.575,0.575,2026-10-12,Sports,https://kalshi.com/markets/kxligue1btts/kxligue1btts-26oct10stbang,https://polymarket.com/event/fl1-sbr-ang-2026-10-10-more-markets/fl1-sbr-ang-2026-10-10-btts,0.0,99.982455,92.0
fuzzy,,kalshi,polymarket,Lorient vs Paris FC: BTTS — Both Teams To Score,FC Lorient vs. Paris FC: Both Teams to Score,KXLIGUE1BTTS-26OCT10FCLPAR-BTTS,11234189034966730520555283718723826016677541630963424099835923199834761940801,0.545,0.545,2026-10-12,Sports,https://kalshi.com/markets/kxligue1btts/kxligue1btts-26oct10fclpar,https://polymarket.com/event/fl1-lor-pfc-2026-10-10-more-markets/fl1-lor-pfc-2026-10-10-btts,0.0,,93.0
fuzzy,,kalshi,polymarket,Monaco vs Toulouse: BTTS — Both Teams To Score,AS Monaco FC vs. Toulouse FC: Both Teams to Score,KXLIGUE1BTTS-26OCT10ASMTFC-BTTS,68128098245011313026846332026262824657895179021154847110311765849415308055283,0.585,0.575,2026-10-12,Sports,https://kalshi.com/markets/kxligue1btts/kxligue1btts-26oct10asmtfc,https://polymarket.com/event/fl1-asm-tou-2026-10-10-more-markets/fl1-asm-tou-2026-10-10-btts,0.0,108.609878,86.7
fuzzy,,kalshi,polymarket,Chicago Fire vs New York City: BTTS — Both Teams To Score,Chicago Fire FC vs. New York City FC: Both Teams to Score,KXMLSBTTS-26OCT10CHINYC-BTTS,106730855164647467406615658460258169238432372994817741048798726209993695642578,0.66,0.625,2026-10-12,Sports,https://kalshi.com/markets/kxmlsbtts/kxmlsbtts-26oct10chinyc,https://polymarket.com/event/mls-chi-nyc-2026-10-10-more-markets/mls-chi-nyc-2026-10-10-btts,7.39,,89.9
fuzzy,,kalshi,polymarket,Toronto vs Montreal: BTTS — Both Teams To Score,Toronto FC vs. CF Montréal: Both Teams to Score,KXMLSBTTS-26OCT10TORMTL-BTTS,110518844766347275405789736675846827910575102604028483620529081827148096525199,0.64,0.64,2026-10-12,Sports,https://kalshi.com/markets/kxmlsbtts/kxmlsbtts-26oct10tormtl,https://polymarket.com/event/mls-tor-mim-2026-10-10-more-markets/mls-tor-mim-2026-10-10-btts,0.0,,87.6
fuzzy,,kalshi,polymarket,Barcelona vs Getafe: BTTS — Both Teams To Score,FC Barcelona vs. Getafe CF: Both Teams to Score,KXLALIGABTTS-26OCT10BARGET-BTTS,21735258320169663281177933565996225693575554342445824877336710929840315963406,0.4,0.41,2026-10-12,Sports,https://kalshi.com/markets/kxlaligabtts/kxlaligabtts-26oct10barget,https://polymarket.com/event/lal-bar-get-2026-10-10-more-markets/lal-bar-get-2026-10-10-btts,444.16,570.3140289999999,89.9
fuzzy,,kalshi,polymarket,Manchester United vs Tottenham: BTTS — Both Teams To Score,Manchester United FC vs. Tottenham Hotspur FC: Both Teams to Score,KXEPLBTTS-26OCT10MUNTOT-BTTS,46095676877376642102134773003275365051451620689700714014373959914543809373982,0.62,0.615,2026-10-12,Sports,https://kalshi.com/markets/kxeplbtts/kxeplbtts-26oct10muntot,https://polymarket.com/event/epl-mun-tot-2026-10-10-more-markets/epl-mun-tot-2026-10-10-btts,128.81,418.153847,89.1
fuzzy,,kalshi,polymarket,Leipzig vs Frankfurt: BTTS — Both Teams To Score,RB Leipzig vs. Eintracht Frankfurt: Both Teams to Score,KXBUNDESLIGABTTS-26OCT10RBLSGE-BTTS,31086084096129016340734883080905532968523783865781157079946736361489185075068,0.675,0.675,2026-10-12,Sports,https://kalshi.com/markets/kxbundesligabtts/kxbundesligabtts-26oct10rblsge,https://polymarket.com/event/bun-lei-ein-2026-10-10-more-markets/bun-lei-ein-2026-10-10-btts,0.0,130.009788,87.8
fuzzy,,kalshi,polymarket,Lille vs Le Havre: BTTS — Both Teams To Score,Lille OSC vs. Le Havre AC: Both Teams to Score,KXLIGUE1BTTS-26OCT10LILHAC-BTTS,67582811982383062613886147656938153734881165382322605378521189601336213099309,0.51,0.515,2026-10-12,Sports,https://kalshi.com/markets/kxligue1btts/kxligue1btts-26oct10lilhac,https://polymarket.com/event/fl1-lil-hac-2026-10-10-more-markets/fl1-lil-hac-2026-10-10-btts,0.0,114.807693,86.0
fuzzy,,kalshi,polymarket,Ipswich Town vs Fulham: BTTS — Both Teams To Score,Ipswich Town FC vs. Fulham FC: Both Teams to Score,KXEPLBTTS-26OCT10IPSFUL-BTTS,2224882477184774791216616980917599351274799095131865604707311676142451842743,0.59,0.595,2026-10-12,Sports,https://kalshi.com/markets/kxeplbtts/kxeplbtts-26oct10ipsful,https://polymarket.com/event/epl-ips-ful-2026-10-10-more-markets/epl-ips-ful-2026-10-10-btts,0.0,100.0,90.5
fuzzy,,kalshi,polymarket,Chelsea vs Bournemouth: BTTS — Both Teams To Score,Chelsea FC vs. AFC Bournemouth: Both Teams to Score,KXEPLBTTS-26OCT10CFCBOU-BTTS,53034605605849516907040420736092357488618095675817215458888115049607059525536,0.65,0.63,2026-10-12,Sports,https://kalshi.com/markets/kxeplbtts/kxeplbtts-26oct10cfcbou,https://polymarket.com/event/epl-che-bou-2026-10-10-more-markets/epl-che-bou-2026-10-10-btts,74.0,5.0,87.5
fuzzy,,kalshi,polymarket,Aston Villa vs Brentford: BTTS — Both Teams To Score,Aston Villa FC vs. Brentford FC: Both Teams to Score,KXEPLBTTS-26OCT10AVLBRE-BTTS,33244970013462140258721194272952115740184827666479528239887763993157889622661,0.63,0.61,2026-10-12,Sports,https://kalshi.com/markets/kxeplbtts/kxeplbtts-26oct10avlbre,https://polymarket.com/event/epl-ast-bre-2026-10-10-more-markets/epl-ast-bre-2026-10-10-btts,38.0,18.153847,90.9
fuzzy,,kalshi,polymarket,Union Berlin vs Elversberg: BTTS — Both Teams To Score,1. FC Union Berlin vs. SV 07 Elversberg: Both Teams to Score,KXBUNDESLIGABTTS-26OCT10UNISVE-BTTS,92681761868377008507528261248083742615680606649905890254688373654271970962772,0.635,0.635,2026-10-12,Sports,https://kalshi.com/markets/kxbundesligabtts/kxbundesligabtts-26oct10unisve,https://polymarket.com/event/bun-uni-elv-2026-10-10-more-markets/bun-uni-elv-2026-10-10-btts,0.0,,85.2
fuzzy,,kalshi,polymarket,Paderborn vs Stuttgart: BTTS — Both Teams To Score,SC Paderborn 07 vs. VfB Stuttgart: Both Teams to Score,KXBUNDESLIGABTTS-26OCT10PADVFB-BTTS,51901008371952875339788190346209566199589959271437518356245913453138092474379,0.65,0.65,2026-10-12,Sports,https://kalshi.com/markets/kxbundesligabtts/kxbundesligabtts-26oct10padvfb,https://polymarket.com/event/bun-scp-stu-2026-10-10-more-markets/bun-scp-stu-2026-10-10-btts,0.0,19.277778,84.8
fuzzy,,kalshi,polymarket,Mainz vs Leverkusen: BTTS — Both Teams To Score,1. FSV Mainz 05 vs. Bayer 04 Leverkusen: Both Teams to Score,KXBUNDESLIGABTTS-26OCT10M05LEV-BTTS,33301131597128422146794579868922473998018010171898186990109387763693737579450,0.675,0.675,2026-10-12,Sports,https://kalshi.com/markets/kxbundesligabtts/kxbundesligabtts-26oct10m05lev,https://polymarket.com/event/bun-mai-b04-2026-10-10-more-markets/bun-mai-b04-2026-10-10-btts,0.0,99.985072,81.2
fuzzy,,kalshi,polymarket,Augsburg vs Bayern Munich: BTTS — Both Teams To Score,FC Augsburg vs. FC Bayern München: Both Teams to Score,KXBUNDESLIGABTTS-26OCT10FCABMU-BTTS,44862972307535232419001692847644772201291080304250167458965794423063455398711,0.67,0.655,2026-10-12,Sports,https://kalshi.com/markets/kxbundesligabtts/kxbundesligabtts-26oct10fcabmu,https://polymarket.com/event/bun-aug-bay-2026-10-10-more-markets/bun-aug-bay-2026-10-10-btts,36.47,100.514287,86.3
fuzzy,,kalshi,polymarket,Genoa vs Fiorentina: BTTS — Both Teams To Score,Genoa CFC vs. ACF Fiorentina: Both Teams to Score,KXSERIEABTTS-26OCT10GENFIO-BTTS,30773294874511109453067914634763342059037282362492300455302069101466085379480,0.535,0.53,2026-10-12,Sports,https://kalshi.com/markets/kxserieabtts/kxserieabtts-26oct10genfio,https://polymarket.com/event/sea-gen-fio-2026-10-10-more-markets/sea-gen-fio-2026-10-10-btts,0.0,100.0,87.9
fuzzy,,kalshi,polymarket,Arsenal vs Leeds United: BTTS — Both Teams To Score,Arsenal FC vs. Leeds United FC: Both Teams to Score,KXEPLBTTS-26OCT10ARSLEE-BTTS,42970621697080370994712295505330749469627431713860109818166947649832202817682,0.455,0.465,2026-10-12,Sports,https://kalshi.com/markets/kxeplbtts/kxeplbtts-26oct10arslee,https://polymarket.com/event/epl-ars-lee-2026-10-10-more-markets/epl-ars-lee-2026-10-10-btts,0.0,,90.7
fuzzy,,kalshi,polymarket,Puebla vs Leon: BTTS — Both Teams To Score,Club Puebla vs. Club León FC: Both Teams to Score,KXLIGAMXBTTS-26OCT09PUELEO-BTTS,28798632530989374220903254402872094240792547721812429978407826622764266466092,0.6,0.56,2026-10-12,Sports,https://kalshi.com/markets/kxligamxbtts/kxligamxbtts-26oct09pueleo,https://polymarket.com/event/mex-pue-leo-2026-10-09-more-markets/mex-pue-leo-2026-10-09-btts,25.0,8.161289,81.4
fuzzy,,kalshi,polymarket,Palmeiras vs Bahia: BTTS — Both Teams To Score,SE Palmeiras vs. EC Bahia: Both Teams to Score,KXBRASILEIROBTTS-26OCT08PALBAH-BTTS,103343191584784613941353239940871549068417552444273491839738302199658439331705,0.545,0.545,2026-10-11,Sports,https://kalshi.com/markets/kxbrasileirobtts/kxbrasileirobtts-26oct08palbah,https://polymarket.com/event/bra-pal-bah-2026-10-08-more-markets/bra-pal-bah-2026-10-08-btts,0.0,,89.7
fuzzy,,kalshi,polymarket,Fluminense vs Coritiba: BTTS — Both Teams To Score,Fluminense FC vs. Coritiba FBC: Both Teams to Score,KXBRASILEIROBTTS-26OCT08FLUCFC-BTTS,10785820309038535455173944195080415461657366991997677682593660728428494159434,0.475,0.47,2026-10-11,Sports,https://kalshi.com/markets/kxbrasileirobtts/kxbrasileirobtts-26oct08flucfc,https://polymarket.com/event/bra-flu-cor-2026-10-08-more-markets/bra-flu-cor-2026-10-08-btts,0.0,,87.5
fuzzy,,kalshi,polymarket,Paranaense vs Atletico Mineiro: BTTS — Both Teams To Score,CA Paranaense vs. CA Mineiro: Both Teams to Score,KXBRASILEIROBTTS-26OCT08CAPATL-BTTS,57280666911478897188404702635527948139361784466062499258199931000768070184865,0.535,0.53,2026-10-10,Sports,https://kalshi.com/markets/kxbrasileirobtts/kxbrasileirobtts-26oct08capatl,https://polymarket.com/event/bra-cap-cam-2026-10-08-more-markets/bra-cap-cam-2026-10-08-btts,0.0,,82.4
fuzzy,,kalshi,polymarket,Santos vs Flamengo: BTTS — Both Teams To Score,Santos FC vs. CR Flamengo: Both Teams to Score,KXBRASILEIROBTTS-26OCT08SANFLA-BTTS,100983132562380612131685050904674933019556770854301344612038213581250587216692,0.6,0.565,2026-10-10,Sports,https://kalshi.com/markets/kxbrasileirobtts/kxbrasileirobtts-26oct08sanfla,https://polymarket.com/event/bra-san-fla-2026-10-08-more-markets/bra-san-fla-2026-10-08-btts,0.16,,89.7
fuzzy,,kalshi,polymarket,Botafogo vs Vasco da Gama: BTTS — Both Teams To Score,Botafogo FR vs. CR Vasco da Gama: Both Teams to Score,KXBRASILEIROBTTS-26OCT07BOTVDG-BTTS,92869698115172310181667666300842148283145049411081179425350162478501064800659,0.58,0.59,2026-10-09,Sports,https://kalshi.com/markets/kxbrasileirobtts/kxbrasileirobtts-26oct07botvdg,https://polymarket.com/event/bra-bot-vas-2026-10-07-more-markets/bra-bot-vas-2026-10-07-btts,0.0,22.190477,91.1
fuzzy,,kalshi,polymarket,Vila Nova vs Cuiaba: BTTS — Both Teams To Score,Vila Nova FC vs. Cuiabá EC: Both Teams to Score,KXBRASILEIROBBTTS-26OCT07VINCUI-BTTS,78492330395338946833025619604468908925616607779875837247542258905850759230451,0.46,0.455,2026-10-09,Sports,https://kalshi.com/markets/kxbrasileirobbtts/kxbrasileirobbtts-26oct07vincui,https://polymarket.com/event/bra2-vln-cui-2026-10-07-more-markets/bra2-vln-cui-2026-10-07-btts,0.0,,85.4
fuzzy,,kalshi,polymarket,America FC vs Fortaleza: BTTS — Both Teams To Score,América FC vs. Fortaleza EC: Both Teams to Score,KXBRASILEIROBBTTS-26OCT07AMGFOR-BTTS,45904488800554065491824593498379638800991763649859374122215460527997426039969,0.51,0.515,2026-10-09,Sports,https://kalshi.com/markets/kxbrasileirobbtts/kxbrasileirobbtts-26oct07amgfor,https://polymarket.com/event/bra2-afc-fec-2026-10-07-more-markets/bra2-afc-fec-2026-10-07-btts,0.0,,91.5
fuzzy,,kalshi,polymarket,Botafogo vs Vasco da Gama: First Half BTTS — 1st Half: Both Teams To Score,Botafogo FR vs. CR Vasco da Gama: Both Teams to Score in First Half,KXBRASILEIRO1HBTTS-26OCT07BOTVDG-BTTS,614480165753215451919876229683787664817434268242649299456687430245588163770,0.21,0.21,2026-10-09,Sports,https://kalshi.com/markets/kxbrasileiro1hbtts/kxbrasileiro1hbtts-26oct07botvdg,https://polymarket.com/event/bra-bot-vas-2026-10-07-more-markets/bra-bot-vas-2026-10-07-btts-first-half,0.0,,85.9
fuzzy,,kalshi,polymarket,Bragantino vs Mirassol: BTTS — Both Teams To Score,Red Bull Bragantino vs. Mirassol FC: Both Teams to Score,KXBRASILEIROBTTS-26OCT07RBBMIR-BTTS,13387637090320548587053719825513906958610207816296159600884277176266331163316,0.555,0.565,2026-10-09,Sports,https://kalshi.com/markets/kxbrasileirobtts/kxbrasileirobtts-26oct07rbbmir,https://polymarket.com/event/bra-bra-mir-2026-10-07-more-markets/bra-bra-mir-2026-10-07-btts,0.0,,87.1
fuzzy,,kalshi,polymarket,Internacional vs Corinthians: BTTS — Both Teams To Score,SC Internacional vs. SC Corinthians Paulista: Both Teams to Score,KXBRASILEIROBTTS-26OCT07INTCOR-BTTS,74158041864494781879644405476757868784882752162459496323001047201895928570500,0.53,0.51,2026-10-09,Sports,https://kalshi.com/markets/kxbrasileirobtts/kxbrasileirobtts-26oct07intcor,https://polymarket.com/event/bra-int-cor1-2026-10-07-more-markets/bra-int-cor1-2026-10-07-btts,182.66,9.26,82.8
fuzzy,,kalshi,polymarket,Remo vs Gremio: BTTS — Both Teams To Score,Clube do Remo vs. Grêmio FBPA: Both Teams to Score,KXBRASILEIROBTTS-26OCT07CRGPA-BTTS,107765117492593371118871455706546632708716860131097861621277988936797199307173,0.56,0.56,2026-10-09,Sports,https://kalshi.com/markets/kxbrasileirobtts/kxbrasileirobtts-26oct07crgpa,https://polymarket.com/event/bra-cre-gre-2026-10-07-more-markets/bra-cre-gre-2026-10-07-btts,0.0,,80.5
fuzzy,,kalshi,polymarket,Ferroviario vs Botafogo: BTTS — Both Teams To Score,Operário Ferroviário EC vs. Botafogo FC: Both Teams to Score,KXBRASILEIROBBTTS-26OCT07FERBOT-BTTS,98227441125972659127493618733411443177826922313865390899057536946894382357247,0.495,0.5,2026-10-09,Sports,https://kalshi.com/markets/kxbrasileirobbtts/kxbrasileirobbtts-26oct07ferbot,https://polymarket.com/event/bra2-ope-bot-2026-10-07-more-markets/bra2-ope-bot-2026-10-07-btts,0.0,,81.1
fuzzy,,kalshi,polymarket,Avai vs Londrina: BTTS — Both Teams To Score,Avaí FC vs. Londrina EC: Both Teams to Score,KXBRASILEIROBBTTS-26OCT07AVALON-BTTS,389166549974332537106031503449879207223914897414915823493164786452429371100,0.49,0.49,2026-10-09,Sports,https://kalshi.com/markets/kxbrasileirobbtts/kxbrasileirobbtts-26oct07avalon,https://polymarket.com/event/bra2-ava-lon-2026-10-07-more-markets/bra2-ava-lon-2026-10-07-btts,0.0,,86.7
fuzzy,,kalshi,polymarket,Bragantino vs Mirassol: First Half BTTS — 1st Half: Both Teams To Score,Red Bull Bragantino vs. Mirassol FC: Both Teams to Score in First Half,KXBRASILEIRO1HBTTS-26OCT07RBBMIR-BTTS,96623846916338767378342662277607749716637155274612802037574834885291875610726,0.2,0.2,2026-10-09,Sports,https://kalshi.com/markets/kxbrasileiro1hbtts/kxbrasileiro1hbtts-26oct07rbbmir,https://polymarket.com/event/bra-bra-mir-2026-10-07-more-markets/bra-bra-mir-2026-10-07-btts-first-half,0.0,,83.0
fuzzy,,kalshi,polymarket,Internacional vs Corinthians: First Half BTTS — 1st Half: Both Teams To Score,SC Internacional vs. SC Corinthians Paulista: Both Teams to Score in First Half,KXBRASILEIRO1HBTTS-26OCT07INTCOR-BTTS,28189458395722796423574129935468508749543639191470796117148707715501091745033,0.16,0.17,2026-10-09,Sports,https://kalshi.com/markets/kxbrasileiro1hbtts/kxbrasileiro1hbtts-26oct07intcor,https://polymarket.com/event/bra-int-cor1-2026-10-07-more-markets/bra-int-cor1-2026-10-07-btts-first-half,0.0,,80.0
fuzzy,,kalshi,polymarket,Ponte Preta vs Juventude RS: BTTS — Both Teams To Score,AA Ponte Preta vs. EC Juventude: Both Teams to Score,KXBRASILEIROBBTTS-26OCT06PONJUV-BTTS,54633791689372142455276095390004864443859494515195516905675690345414123767622,0.4,0.405,2026-10-09,Sports,https://kalshi.com/markets/kxbrasileirobbtts/kxbrasileirobbtts-26oct06ponjuv,https://polymarket.com/event/bra2-pop-juv-2026-10-06-more-markets/bra2-pop-juv-2026-10-06-btts,2.55,1653.847591,88.2
fuzzy,,kalshi,polymarket,Ponte Preta vs Juventude RS: First Half BTTS — 1st Half: Both Teams To Score,AA Ponte Preta vs. EC Juventude: Both Teams to Score in First Half,KXBRASILEIROB1HBTTS-26OCT06PONJUV-BTTS,59164443576435200193328383490297080582022593952178279811005830700436408357904,0.135,0.125,2026-10-09,Sports,https://kalshi.com/markets/kxbrasileirob1hbtts/kxbrasileirob1hbtts-26oct06ponjuv,https://polymarket.com/event/bra2-pop-juv-2026-10-06-more-markets/bra2-pop-juv-2026-10-06-btts-first-half,0.0,,85.3
fuzzy,,kalshi,polymarket,Goias vs Athletic Club Sjdr: BTTS — Both Teams To Score,Goiás EC vs. Athletic Club: Both Teams to Score,KXBRASILEIROBBTTS-26OCT06GGOATH-BTTS,110775740568304421807099867764538030497542247902479853961086709074459238006252,0.44,0.445,2026-10-08,Sports,https://kalshi.com/markets/kxbrasileirobbtts/kxbrasileirobbtts-26oct06ggoath,https://polymarket.com/event/bra2-goi-ath-2026-10-06-more-markets/bra2-goi-ath-2026-10-06-btts,1.5,39.341271,84.5
fuzzy,,kalshi,polymarket,Goias vs Athletic Club Sjdr: First Half BTTS — 1st Half: Both Teams To Score,Goiás EC vs. Athletic Club: Both Teams to Score in First Half,KXBRASILEIROB1HBTTS-26OCT06GGOATH-BTTS,14146884489215578033824973081217634637204477412872610043350012039947384455065,0.145,0.135,2026-10-08,Sports,https://kalshi.com/markets/kxbrasileirob1hbtts/kxbrasileirob1hbtts-26oct06ggoath,https://polymarket.com/event/bra2-goi-ath-2026-10-06-more-markets/bra2-goi-ath-2026-10-06-btts-first-half,0.0,,80.9
fuzzy,,kalshi,polymarket,Antigua & Barbuda vs Aruba: BTTS — Both Teams To Score,Antigua and Barbuda vs. Aruba: Both Teams to Score,KXCONCACAFNLBTTS-26OCT06ANTARU-BTTS,90891281832820919341430622363722423594655173063942994030947029267140995057703,0.54,0.53,2026-10-08,Sports,https://kalshi.com/markets/kxconcacafnlbtts/kxconcacafnlbtts-26oct06antaru,https://polymarket.com/event/conl-atg-aru-2026-10-06-more-markets/conl-atg-aru-2026-10-06-btts,20.7,5.454546,90.7
fuzzy,,kalshi,polymarket,Antigua & Barbuda vs Aruba: First Half BTTS — 1st Half: Both Teams To Score,Antigua and Barbuda vs. Aruba: Both Teams to Score in First Half,KXCONCACAFNL1HBTTS-26OCT06ANTARU-BTTS,74778340212493268275827181358752099548472901675327910208466686174023161710703,0.145,0.23,2026-10-08,Sports,https://kalshi.com/markets/kxconcacafnl1hbtts/kxconcacafnl1hbtts-26oct06antaru,https://polymarket.com/event/conl-atg-aru-2026-10-06-more-markets/conl-atg-aru-2026-10-06-btts-first-half,0.0,,87.0
fuzzy,,kalshi,polymarket,Sport Recife vs Sao Bernardo: BTTS — Both Teams To Score,SC Recife vs. São Bernardo FC: Both Teams to Score,KXBRASILEIROBBTTS-26OCT06RECSBE-BTTS,8552472209661939752832892670480293084761578073449051584994924411174131045565,0.52,0.515,2026-10-08,Sports,https://kalshi.com/markets/kxbrasileirobbtts/kxbrasileirobbtts-26oct06recsbe,https://polymarket.com/event/bra2-rec-ber-2026-10-06-more-markets/bra2-rec-ber-2026-10-06-btts,1.42,67.625088,87.1
fuzzy,,kalshi,polymarket,Sport Recife vs Sao Bernardo: First Half BTTS — 1st Half: Both Teams To Score,SC Recife vs. São Bernardo FC: Both Teams to Score in First Half,KXBRASILEIROB1HBTTS-26OCT06RECSBE-BTTS,185820986396403676523263172925788062910425215805521990489474268228881724282,0.175,0.175,2026-10-08,Sports,https://kalshi.com/markets/kxbrasileirob1hbtts/kxbrasileirob1hbtts-26oct06recsbe,https://polymarket.com/event/bra2-rec-ber-2026-10-06-more-markets/bra2-rec-ber-2026-10-06-btts-first-half,0.0,,83.0
fuzzy,,kalshi,polymarket,Los Angeles D vs Atlanta: Extra Innings — Game goes to extra innings,Will the game go to extra innings?: Los Angeles Dodgers vs. Atlanta Braves,KXMLBEXTRAS-26OCT061800LADATL-EXTRAS,5376661286042971736748490369493775180163095148025935275663557036601243655875,0.12,0.11,2026-10-08,Sports,https://kalshi.com/markets/kxmlbextras/kxmlbextras-26oct061800ladatl,https://polymarket.com/event/mlb-lad-atl-2026-10-06/mlb-lad-atl-2026-10-06-extra-innings,577.01,,80.3
fuzzy,,kalshi,polymarket,Vincent Grenadines vs Sint Maarten: BTTS — Both Teams To Score,St. Vincent and the Grenadines vs. Sint Maarten: Both Teams to Score,KXCONCACAFNLBTTS-26OCT06VCTSIN-BTTS,54484026552497064911714444573453479059719795965928680934497676490831344729551,0.57,0.575,2026-10-08,Sports,https://kalshi.com/markets/kxconcacafnlbtts/kxconcacafnlbtts-26oct06vctsin,https://polymarket.com/event/conl-vin-sxm-2026-10-06-more-markets/conl-vin-sxm-2026-10-06-btts,28.53,,87.1
fuzzy,,kalshi,polymarket,Montserrat vs Turks & Caicos: BTTS — Both Teams To Score,Montserrat vs. Turks and Caicos Islands: Both Teams to Score,KXCONCACAFNLBTTS-26OCT06MSRTCA-BTTS,33095457067981256403407092318292512935597288967609293685331017009180345730176,0.34,0.345,2026-10-08,Sports,https://kalshi.com/markets/kxconcacafnlbtts/kxconcacafnlbtts-26oct06msrtca,https://polymarket.com/event/conl-msr-tci-2026-10-06-more-markets/conl-msr-tci-2026-10-06-btts,2288.39,515.351095,84.4
fuzzy,,kalshi,polymarket,Titled Tuesday Winner: Oct 6 — Arjun Erigaisi,Will Arjun Erigaisi win Titled Tuesday on October 6?,KXTITLEDTUESDAY-26OCT06-AERI,113128214042034981836874711283708848498289121552070560288843357253564024701300,0.015,0.038,2026-10-20,Sports,https://kalshi.com/markets/kxtitledtuesday/kxtitledtuesday-26oct06,https://polymarket.com/event/titled-tuesday-2026-10-06-winner/titled-tuesday-2026-10-06-winner-arjun-erigaisi,0.0,,88.6
fuzzy,,kalshi,polymarket,Titled Tuesday Winner: Oct 6 — Sina Movahed,Will Sina Movahed win Titled Tuesday on October 6?,KXTITLEDTUESDAY-26OCT06-SMOV,40554596476529016915148320264569288574210986097262733843106572900860621698982,0.045,0.04,2026-10-20,Sports,https://kalshi.com/markets/kxtitledtuesday/kxtitledtuesday-26oct06,https://polymarket.com/event/titled-tuesday-2026-10-06-winner/titled-tuesday-2026-10-06-winner-sina-movahed,0.0,,88.1
fuzzy,,kalshi,polymarket,Titled Tuesday Winner: Oct 6 — Dmitry Andreikin,Will Dmitry Andreikin win Titled Tuesday on October 6?,KXTITLEDTUESDAY-26OCT06-DAND,19775468698949216567091881199464319878885571318790416615391112895628934419253,0.015,0.0355,2026-10-20,Sports,https://kalshi.com/markets/kxtitledtuesday/kxtitledtuesday-26oct06,https://polymarket.com/event/titled-tuesday-2026-10-06-winner/titled-tuesday-2026-10-06-winner-dmitry-andreikin,0.0,,89.1
fuzzy,,kalshi,polymarket,Titled Tuesday Winner: Oct 6 — Hikaru Nakamura,Will Hikaru Nakamura win Titled Tuesday on October 6?,KXTITLEDTUESDAY-26OCT06-HNAM,22351316667513561887318091222335326524040916459208692542384892483035683304879,0.16,0.14,2026-10-20,Sports,https://kalshi.com/markets/kxtitledtuesday/kxtitledtuesday-26oct06,https://polymarket.com/event/titled-tuesday-2026-10-06-winner/titled-tuesday-2026-10-06-winner-hikaru-nakamura,2577.11,,88.9
fuzzy,,kalshi,polymarket,Titled Tuesday Winner: Oct 6 — Jan-Krzysztof Duda,Will Jan-Krzysztof Duda win Titled Tuesday on October 6?,KXTITLEDTUESDAY-26OCT06-JDUD,18434312521521743414515371318835463974789277793629827145647368629230675481565,0.045,0.039,2026-10-20,Sports,https://kalshi.com/markets/kxtitledtuesday/kxtitledtuesday-26oct06,https://polymarket.com/event/titled-tuesday-2026-10-06-winner/titled-tuesday-2026-10-06-winner-jan-krzysztof-duda,0.0,,89.6
fuzzy,,kalshi,polymarket,Titled Tuesday Winner: Oct 6 — Aleksei Sarana,Will Aleksei Sarana win Titled Tuesday on October 6?,KXTITLEDTUESDAY-26OCT06-ASAR,52296494987056185640903415488330093241282582827866694753013865810944600143634,0.045,0.06,2026-10-20,Sports,https://kalshi.com/markets/kxtitledtuesday/kxtitledtuesday-26oct06,https://polymarket.com/event/titled-tuesday-2026-10-06-winner/titled-tuesday-2026-10-06-winner-aleksei-sarana,0.0,,88.6
fuzzy,,kalshi,polymarket,Titled Tuesday Winner: Oct 6 — Fabiano Caruana,Will Fabiano Caruana win Titled Tuesday on October 6?,KXTITLEDTUESDAY-26OCT06-FCAR,7494752540290660594548145653708000956637503635317319262517452281590694173489,0.015,0.0395,2026-10-20,Sports,https://kalshi.com/markets/kxtitledtuesday/kxtitledtuesday-26oct06,https://polymarket.com/event/titled-tuesday-2026-10-06-winner/titled-tuesday-2026-10-06-winner-fabiano-caruana,0.0,,88.9
fuzzy,,kalshi,polymarket,Titled Tuesday Winner: Oct 6 — Wesley So,Will Wesley So win Titled Tuesday on October 6?,KXTITLEDTUESDAY-26OCT06-WSO,16398838039420655415934381870092763816137868937487993845571787698631216132610,0.015,0.0305,2026-10-20,Sports,https://kalshi.com/markets/kxtitledtuesday/kxtitledtuesday-26oct06,https://polymarket.com/event/titled-tuesday-2026-10-06-winner/titled-tuesday-2026-10-06-winner-wesley-so,0.0,,87.2
fuzzy,,kalshi,polymarket,Titled Tuesday Winner: Oct 6 — Haik Martirosyan,Will Haik Martirosyan win Titled Tuesday on October 6?,KXTITLEDTUESDAY-26OCT06-HMAR,24632249803097111449667737275436415581454438021070260742719945311830886865533,0.015,0.0345,2026-10-20,Sports,https://kalshi.com/markets/kxtitledtuesday/kxtitledtuesday-26oct06,https://polymarket.com/event/titled-tuesday-2026-10-06-winner/titled-tuesday-2026-10-06-winner-haik-martirosyan,0.0,,89.1
fuzzy,,kalshi,polymarket,Titled Tuesday Winner: Oct 6 — Pranav Venkatesh,Will Pranav Venkatesh win Titled Tuesday on October 6?,KXTITLEDTUESDAY-26OCT06-PVEN,31497844846750828650423240289266114874578266728858403801950311887373933002686,0.015,0.026,2026-10-20,Sports,https://kalshi.com/markets/kxtitledtuesday/kxtitledtuesday-26oct06,https://polymarket.com/event/titled-tuesday-2026-10-06-winner/titled-tuesday-2026-10-06-winner-pranav-venkatesh,0.0,,89.1
fuzzy,,kalshi,polymarket,Titled Tuesday Winner: Oct 6 — Hans Niemann,Will Hans Niemann win Titled Tuesday on October 6?,KXTITLEDTUESDAY-26OCT06-HNIE,111626082268662228802982783199739222055379755673143334003667333548691860255694,0.015,0.0345,2026-10-20,Sports,https://kalshi.com/markets/kxtitledtuesday/kxtitledtuesday-26oct06,https://polymarket.com/event/titled-tuesday-2026-10-06-winner/titled-tuesday-2026-10-06-winner-hans-niemann,0.0,,88.1
fuzzy,,kalshi,polymarket,Titled Tuesday Winner: Oct 6 — Parham Maghsoodloo,Will Parham Maghsoodloo win Titled Tuesday on October 6?,KXTITLEDTUESDAY-26OCT06-PMAG,17329897851986746255582592656330205421222140539188459283705761609750690406123,0.035,0.039,2026-10-20,Sports,https://kalshi.com/markets/kxtitledtuesday/kxtitledtuesday-26oct06,https://polymarket.com/event/titled-tuesday-2026-10-06-winner/titled-tuesday-2026-10-06-winner-parham-maghsoodloo,0.0,,89.6
fuzzy,,kalshi,polymarket,Titled Tuesday Winner: Oct 6 — Ian Nepomniachtchi,Will Ian Nepomniachtchi win Titled Tuesday on October 6?,KXTITLEDTUESDAY-26OCT06-INEP,113779617075819101356639157270695342185457171014836886948846748868867949178409,0.025,0.039,2026-10-20,Sports,https://kalshi.com/markets/kxtitledtuesday/kxtitledtuesday-26oct06,https://polymarket.com/event/titled-tuesday-2026-10-06-winner/titled-tuesday-2026-10-06-winner-ian-nepomniachtchi,0.0,,89.6
fuzzy,,kalshi,polymarket,Titled Tuesday Winner: Oct 6 — Jeffery Xiong,Will Jeffery Xiong win Titled Tuesday on October 6?,KXTITLEDTUESDAY-26OCT06-JXIO,45640858965352351980548397958101985984959983514228824703482342652700761414329,0.015,0.0305,2026-10-20,Sports,https://kalshi.com/markets/kxtitledtuesday/kxtitledtuesday-26oct06,https://polymarket.com/event/titled-tuesday-2026-10-06-winner/titled-tuesday-2026-10-06-winner-jeffery-xiong,0.0,,88.4
fuzzy,,kalshi,polymarket,Titled Tuesday Winner: Oct 6 — Vincent Keymer,Will Vincent Keymer win Titled Tuesday on October 6?,KXTITLEDTUESDAY-26OCT06-VKEY,46843351494704038804479436088488001784660896073491311140688239487585784946769,0.015,0.0385,2026-10-20,Sports,https://kalshi.com/markets/kxtitledtuesday/kxtitledtuesday-26oct06,https://polymarket.com/event/titled-tuesday-2026-10-06-winner/titled-tuesday-2026-10-06-winner-vincent-keymer,0.0,,88.6
fuzzy,,kalshi,polymarket,Titled Tuesday Winner: Oct 6 — Magnus Carlsen,Will Magnus Carlsen win Titled Tuesday on October 6?,KXTITLEDTUESDAY-26OCT06-MCAR,107291308085750571802300824770284069123339249468784866729383614833608168376481,0.08,0.07,2026-10-20,Sports,https://kalshi.com/markets/kxtitledtuesday/kxtitledtuesday-26oct06,https://polymarket.com/event/titled-tuesday-2026-10-06-winner/titled-tuesday-2026-10-06-winner-magnus-carlsen,985.65,32.582584000000004,88.6
fuzzy,,kalshi,polymarket,Titled Tuesday Winner: Oct 6 — Jules Moussard,Will Jules Moussard win Titled Tuesday on October 6?,KXTITLEDTUESDAY-26OCT06-JMOU,50005852883473244619345984526704085279206149452249259734012574282199472046896,0.015,0.0345,2026-10-20,Sports,https://kalshi.com/markets/kxtitledtuesday/kxtitledtuesday-26oct06,https://polymarket.com/event/titled-tuesday-2026-10-06-winner/titled-tuesday-2026-10-06-winner-jules-moussard,0.0,,88.6
fuzzy,,kalshi,polymarket,Titled Tuesday Winner: Oct 6 — Alireza Firouzja,Will Alireza Firouzja win Titled Tuesday on October 6?,KXTITLEDTUESDAY-26OCT06-AFIR,54303243799736413389421892016338605046924028438772291092550436075697643310141,0.08,0.07,2026-10-20,Sports,https://kalshi.com/markets/kxtitledtuesday/kxtitledtuesday-26oct06,https://polymarket.com/event/titled-tuesday-2026-10-06-winner/titled-tuesday-2026-10-06-winner-alireza-firouzja,60.6,,89.1
fuzzy,,kalshi,polymarket,Scotland vs Slovenia: First Team to Score — Scotland,Scotland to score first vs. Slovenia?,KXUEFANLFTTS-26OCT06SCOSLO-SCO,109365437366916287759811214390597737654995601116318049881040144826476712752028,0.61,0.605,2026-10-09,Sports,https://kalshi.com/markets/kxuefanlftts/kxuefanlftts-26oct06scoslo,https://polymarket.com/event/unl-sco-slv-2026-10-06-first-to-score/unl-sco-slv-2026-10-06-first-to-score-home,0.0,,83.3
fuzzy,,kalshi,polymarket,Scotland vs Slovenia: First Team to Score — Slovenia,Slovenia to score first vs. Scotland?,KXUEFANLFTTS-26OCT06SCOSLO-SLO,21816048309122003197386716180812561830445358050292677946031355480956209941581,0.31,0.285,2026-10-09,Sports,https://kalshi.com/markets/kxuefanlftts/kxuefanlftts-26oct06scoslo,https://polymarket.com/event/unl-sco-slv-2026-10-06-first-to-score/unl-sco-slv-2026-10-06-first-to-score-away,3.06,,83.3
fuzzy,,kalshi,polymarket,Moldova vs Slovakia: First Team to Score — Moldova,Moldova to score first vs. Slovakia?,KXUEFANLFTTS-26OCT06MDASVK-MDA,78922546357696415142249941362056403215411225876684451098223702683582289440272,0.225,0.215,2026-10-09,Sports,https://kalshi.com/markets/kxuefanlftts/kxuefanlftts-26oct06mdasvk,https://polymarket.com/event/unl-mol-svk-2026-10-06-first-to-score/unl-mol-svk-2026-10-06-first-to-score-home,0.0,,84.0
fuzzy,,kalshi,polymarket,Moldova vs Slovakia: First Team to Score — Slovakia,Slovakia to score first vs. Moldova?,KXUEFANLFTTS-26OCT06MDASVK-SVK,101952160267538730299129929658643406215328179000077489299645973413349285393007,0.67,0.725,2026-10-09,Sports,https://kalshi.com/markets/kxuefanlftts/kxuefanlftts-26oct06mdasvk,https://polymarket.com/event/unl-mol-svk-2026-10-06-first-to-score/unl-mol-svk-2026-10-06-first-to-score-away,0.0,,82.9
fuzzy,,kalshi,polymarket,Luxembourg vs Bulgaria: First Team to Score — Luxembourg,Luxembourg to score first vs. Bulgaria?,KXUEFANLFTTS-26OCT06LUXBUL-LUX,86073381901319699779436939672987430546915641554213150577265389829551264414100,0.515,0.505,2026-10-09,Sports,https://kalshi.com/markets/kxuefanlftts/kxuefanlftts-26oct06luxbul,https://polymarket.com/event/unl-lux-bul-2026-10-06-first-to-score/unl-lux-bul-2026-10-06-first-to-score-home,0.0,,82.2
fuzzy,,kalshi,polymarket,Luxembourg vs Bulgaria: First Team to Score — Bulgaria,Bulgaria to score first vs. Luxembourg?,KXUEFANLFTTS-26OCT06LUXBUL-BUL,54072539867067500235669311675074778836854586703480276322779201231054064837058,0.38,0.375,2026-10-09,Sports,https://kalshi.com/markets/kxuefanlftts/kxuefanlftts-26oct06luxbul,https://polymarket.com/event/unl-lux-bul-2026-10-06-first-to-score/unl-lux-bul-2026-10-06-first-to-score-away,27.71,,84.1
fuzzy,,kalshi,polymarket,Estonia vs Iceland: First Team to Score — Estonia,Estonia to score first vs. Iceland?,KXUEFANLFTTS-26OCT06ESTISL-EST,18917995244803383548900023718682750042573397129471909043952696583668005228792,0.295,0.285,2026-10-09,Sports,https://kalshi.com/markets/kxuefanlftts/kxuefanlftts-26oct06estisl,https://polymarket.com/event/unl-est-isl-2026-10-06-first-to-score/unl-est-isl-2026-10-06-first-to-score-home,0.0,,83.5
fuzzy,,kalshi,polymarket,Estonia vs Iceland: First Team to Score — Iceland,Iceland to score first vs. Estonia?,KXUEFANLFTTS-26OCT06ESTISL-ISL,81224200145621518066552869302717978389752930690133203924025284122338559387447,0.66,0.655,2026-10-09,Sports,https://kalshi.com/markets/kxuefanlftts/kxuefanlftts-26oct06estisl,https://polymarket.com/event/unl-est-isl-2026-10-06-first-to-score/unl-est-isl-2026-10-06-first-to-score-away,0.0,,83.5
fuzzy,,kalshi,polymarket,England vs Czechia: First Team to Score — England,England to score first vs. Czechia?,KXUEFANLFTTS-26OCT06ENGCZE-ENG,86250191647271829855000016551515127043385886671298719304292840027971124322766,0.845,0.835,2026-10-09,Sports,https://kalshi.com/markets/kxuefanlftts/kxuefanlftts-26oct06engcze,https://polymarket.com/event/unl-eng-cze-2026-10-06-first-to-score/unl-eng-cze-2026-10-06-first-to-score-home,0.0,,83.5
fuzzy,,kalshi,polymarket,England vs Czechia: First Team to Score — Czechia,Czechia to score first vs. England?,KXUEFANLFTTS-26OCT06ENGCZE-CZE,15088006250527825153930460650752377500921661715023627303886491400585871203310,0.14,0.145,2026-10-09,Sports,https://kalshi.com/markets/kxuefanlftts/kxuefanlftts-26oct06engcze,https://polymarket.com/event/unl-eng-cze-2026-10-06-first-to-score/unl-eng-cze-2026-10-06-first-to-score-away,0.0,,83.5
fuzzy,,kalshi,polymarket,Croatia vs Spain: First Team to Score — Croatia,Croatia to score first vs. Spain?,KXUEFANLFTTS-26OCT06CROESP-CRO,78158996781462559605251251398383951739050712786953469671158224171648067303014,0.22,0.215,2026-10-09,Sports,https://kalshi.com/markets/kxuefanlftts/kxuefanlftts-26oct06croesp,https://polymarket.com/event/unl-hrv-esp-2026-10-06-first-to-score/unl-hrv-esp-2026-10-06-first-to-score-home,0.0,,82.7
fuzzy,,kalshi,polymarket,Croatia vs Spain: First Team to Score — Spain,Spain to score first vs. Croatia?,KXUEFANLFTTS-26OCT06CROESP-ESP,9597239911496484506835749125652653418741451433333582151080788303064227103331,0.78,0.77,2026-10-09,Sports,https://kalshi.com/markets/kxuefanlftts/kxuefanlftts-26oct06croesp,https://polymarket.com/event/unl-hrv-esp-2026-10-06-first-to-score/unl-hrv-esp-2026-10-06-first-to-score-away,99.66,18.076917,84.9
fuzzy,,kalshi,polymarket,Belarus vs Finland: First Team to Score — Belarus,Belarus to score first vs. Finland?,KXUEFANLFTTS-26OCT06BLRFIN-BLR,92943810189570835276363283902454619817743647681445055461701979764780523262982,0.3,0.325,2026-10-09,Sports,https://kalshi.com/markets/kxuefanlftts/kxuefanlftts-26oct06blrfin,https://polymarket.com/event/unl-bela-fin-2026-10-06-first-to-score/unl-bela-fin-2026-10-06-first-to-score-home,0.0,,83.5
fuzzy,,kalshi,polymarket,Belarus vs Finland: First Team to Score — Finland,Finland to score first vs. Belarus?,KXUEFANLFTTS-26OCT06BLRFIN-FIN,57412956565235466623026363638367723189330097817743292016803063713429908644383,0.59,0.565,2026-10-09,Sports,https://kalshi.com/markets/kxuefanlftts/kxuefanlftts-26oct06blrfin,https://polymarket.com/event/unl-bela-fin-2026-10-06-first-to-score/unl-bela-fin-2026-10-06-first-to-score-away,8.23,,83.5
fuzzy,,kalshi,polymarket,Albania vs San Marino: First Team to Score — San Marino,San Marino to score first vs. Albania?,KXUEFANLFTTS-26OCT06ALBSMR-SMR,95217849730319745377875622258588531056075277065547103865396330022640072054647,0.08,0.05,2026-10-09,Sports,https://kalshi.com/markets/kxuefanlftts/kxuefanlftts-26oct06albsmr,https://polymarket.com/event/unl-alb-smr-2026-10-06-first-to-score/unl-alb-smr-2026-10-06-first-to-score-away,7.0,,81.8
fuzzy,,kalshi,polymarket,Kazakhstan vs Faroe Islands: First Team to Score — Kazakhstan,Kazakhstan to score first vs. Faroe Islands?,KXUEFANLFTTS-26OCT06KAZFRO-KAZ,109973580240042049517497640974008639948141720700116934334388822867311204438936,0.48,0.475,2026-10-08,Sports,https://kalshi.com/markets/kxuefanlftts/kxuefanlftts-26oct06kazfro,https://polymarket.com/event/unl-kaz-far-2026-10-06-first-to-score/unl-kaz-far-2026-10-06-first-to-score-home,0.0,,84.0
fuzzy,,kalshi,polymarket,Kazakhstan vs Faroe Islands: First Team to Score — Faroe Islands,Faroe Islands to score first vs. Kazakhstan?,KXUEFANLFTTS-26OCT06KAZFRO-FRO,52541407789998183353756521554763216953857481339734223588571894058941444224183,0.42,0.415,2026-10-08,Sports,https://kalshi.com/markets/kxuefanlftts/kxuefanlftts-26oct06kazfro,https://polymarket.com/event/unl-kaz-far-2026-10-06-first-to-score/unl-kaz-far-2026-10-06-first-to-score-away,34.32,,81.6
fuzzy,,kalshi,polymarket,China vs Tajikistan: BTTS — Both Teams To Score,China PR vs. Tajikistan: Both Teams to Score,KXINTLFRIENDLYBTTS-26OCT06CHNTJK-BTTS,87271955873224487549645456253541474540000509903418309349313281279797102675236,0.48,0.485,2026-10-08,Sports,https://kalshi.com/markets/kxintlfriendlybtts/kxintlfriendlybtts-26oct06chntjk,https://polymarket.com/event/fif-chn-tjk-2026-10-06-more-markets/fif-chn-tjk-2026-10-06-btts,1125.88,156.450723,90.7
fuzzy,,kalshi,polymarket,China vs Tajikistan: First Half BTTS — 1st Half: Both Teams To Score,China PR vs. Tajikistan: Both Teams to Score in First Half,KXINTLFRIENDLY1HBTTS-26OCT06CHNTJK-BTTS,51136516211170294918658011031433321728011665550795373979912017576674972089086,0.17,0.165,2026-10-08,Sports,https://kalshi.com/markets/kxintlfriendly1hbtts/kxintlfriendly1hbtts-26oct06chntjk,https://polymarket.com/event/fif-chn-tjk-2026-10-06-more-markets/fif-chn-tjk-2026-10-06-btts-first-half,77.82,,85.0
fuzzy,,kalshi,polymarket,Shijiazhuang Gongfu vs Dalian Kun City: BTTS — Both Teams To Score,Shijiazhuang Gongfu FC vs. Dalian Kun City: Both Teams to Score,KXCHNL1BTTS-26OCT06SHIDAL-BTTS,69721044884368991986694363394452418329077113486183012805980780732489136292434,0.53,0.51,2026-10-08,Sports,https://kalshi.com/markets/kxchnl1btts/kxchnl1btts-26oct06shidal,https://polymarket.com/event/chi2-shi-dal-2026-10-06-more-markets/chi2-shi-dal-2026-10-06-btts,946.56,4.0,93.5
fuzzy,,kalshi,polymarket,Nantong Zhiyun vs Ningbo Professional: BTTS — Both Teams To Score,Nantong Zhiyun vs. Ningbo Professional FC: Both Teams to Score,KXCHNL1BTTS-26OCT06NANNIP-BTTS,91764175135816159271946198532312057984365332180628991584059537572425314944178,0.42,0.44,2026-10-08,Sports,https://kalshi.com/markets/kxchnl1btts/kxchnl1btts-26oct06nannip,https://polymarket.com/event/chi2-nan-nip-2026-10-06-more-markets/chi2-nan-nip-2026-10-06-btts,347.77,,95.1
fuzzy,,kalshi,polymarket,Republic of Korea vs Uzbekistan: BTTS — Both Teams To Score,Korea Republic vs. Uzbekistan: Both Teams to Score,KXINTLFRIENDLYBTTS-26OCT06KORUZB-BTTS,83907094310559876892522280808912750214500095305444326711783260148678322838120,0.53,0.535,2026-10-08,Sports,https://kalshi.com/markets/kxintlfriendlybtts/kxintlfriendlybtts-26oct06koruzb,https://polymarket.com/event/fif-kr-uzb-2026-10-06-more-markets/fif-kr-uzb-2026-10-06-btts,6542.66,931.55524,92.3
fuzzy,,kalshi,polymarket,Republic of Korea vs Uzbekistan: First Half BTTS — 1st Half: Both Teams To Score,Korea Republic vs. Uzbekistan: Both Teams to Score in First Half,KXINTLFRIENDLY1HBTTS-26OCT06KORUZB-BTTS,77068367174135960500856553528705442388844488405780681318472328166803234791189,0.18,0.195,2026-10-08,Sports,https://kalshi.com/markets/kxintlfriendly1hbtts/kxintlfriendly1hbtts-26oct06koruzb,https://polymarket.com/event/fif-kr-uzb-2026-10-06-more-markets/fif-kr-uzb-2026-10-06-btts-first-half,588.05,33.25,87.0
fuzzy,,kalshi,polymarket,Who will release a new album in 2026? — Travis Scott,Will Travis Scott release an album in 2026?,KXALBUMRELEASE-26-TRA,40029381760081050112801967580991218233798562626350829646473621219930246438625,0.4,0.42,2027-01-01,Entertainment,https://kalshi.com/markets/kxalbumrelease/kxalbumrelease-26,https://polymarket.com/event/which-artists-will-release-new-albums-in-2026/will-travis-scott-release-an-album-in-2026,7199.58,620.2125090000001,86.2
fuzzy,,kalshi,polymarket,Who will release a new album in 2026? — Rihanna,Will Rihanna release an album in 2026?,KXALBUMRELEASE-26-RIH,68407245983392836969924042565767686053748721311080576767933165488094611677276,0.03,0.075,2027-01-01,Entertainment,https://kalshi.com/markets/kxalbumrelease/kxalbumrelease-26,https://polymarket.com/event/which-artists-will-release-new-albums-in-2026/will-rihanna-release-an-album-in-2026,4621.62,12716.696811,83.6
fuzzy,,kalshi,polymarket,Who will release a new album in 2026? — Kendrick Lamar,Will Kendrick Lamar release an album in 2026?,KXALBUMRELEASE-26-KEN,90633861759372555740852149703875448376258793985771040949818672067551420508000,0.32,0.36,2027-01-01,Entertainment,https://kalshi.com/markets/kxalbumrelease/kxalbumrelease-26,https://polymarket.com/event/which-artists-will-release-new-albums-in-2026/will-kendrick-lamar-release-an-album-in-2026,9266.59,33199.273003999995,81.2
fuzzy,,kalshi,polymarket,Who will release a new album in 2026? — Lana Del Rey,Will Lana Del Rey release an album in 2026?,KXALBUMRELEASE-26-LAN,36059578813532330542563536537442057270140188776628011512570728768051482293732,0.66,0.505,2027-01-01,Entertainment,https://kalshi.com/markets/kxalbumrelease/kxalbumrelease-26,https://polymarket.com/event/which-artists-will-release-new-albums-in-2026/will-lana-del-rey-release-an-album-in-2026,9598.02,9143.447385,80.0
fuzzy,,kalshi,polymarket,Who will release a new album in 2026? — Sabrina Carpenter,Will Sabrina Carpenter release an album in 2026?,KXALBUMRELEASE-26-SAB,1187347430800231076141381546185422323198658666785623758599595328882074297301,0.23,0.225,2027-01-01,Entertainment,https://kalshi.com/markets/kxalbumrelease/kxalbumrelease-26,https://polymarket.com/event/which-artists-will-release-new-albums-in-2026/will-sabrina-carpenter-release-an-album-in-2026-611,7776.54,208.0,82.7
fuzzy,,kalshi,polymarket,Who will release a new album in 2026? — Playboi Carti,Will Playboi Carti release an album in 2026?,KXALBUMRELEASE-26-PLA,97241647044849455443945852653017387715663007384380666452165406958342625182602,0.38,0.28,2027-01-01,Entertainment,https://kalshi.com/markets/kxalbumrelease/kxalbumrelease-26,https://polymarket.com/event/which-artists-will-release-new-albums-in-2026/will-playboi-carti-release-an-album-in-2026,10853.75,8949.753311,80.6
fuzzy,,kalshi,polymarket,Time's Person of the Year for 2026 — Taylor Swift,Will Taylor Swift be TIME Person of the Year 2026?,KXTIME-26-TS,4123149736118864694566230758163571517520946389210330950664168360590565059249,0.04,0.034,2027-01-01,Entertainment,https://kalshi.com/markets/kxtime/kxtime-26,https://polymarket.com/event/time-person-of-the-year-2026/will-taylor-swift-be-time-person-of-the-year-2026,32429.71,133.64897100000002,92.3
fuzzy,,kalshi,polymarket,Time's Person of the Year for 2026 — Donald Trump,Will Donald Trump be TIME Person of the Year 2026?,KXTIME-26-DT,55660108007606265786043981619562704583897999652265582673499371383418897683387,0.07,0.07,2027-01-01,Entertainment,https://kalshi.com/markets/kxtime/kxtime-26,https://polymarket.com/event/time-person-of-the-year-2026/will-donald-trump-be-time-person-of-the-year-2026,161005.44,12737.967981,90.1
fuzzy,,kalshi,polymarket,Time's Person of the Year for 2026 — Sam Altman,Will Sam Altman be TIME Person of the Year 2026?,KXTIME-26-SA,91195573269222885139319238736030855111206053072927457343337731770808533820424,0.05,0.034,2027-01-01,Entertainment,https://kalshi.com/markets/kxtime/kxtime-26,https://polymarket.com/event/time-person-of-the-year-2026/will-sam-altman-be-time-person-of-the-year-2026,26697.25,291.109518,92.0
fuzzy,,kalshi,polymarket,Time's Person of the Year for 2026 — ChatGPT,Will ChatGPT be TIME Person of the Year 2026?,KXTIME-26-GPT,78815940021045606641440422428300777753054439603144468994915704317778192677336,0.04,0.032,2027-01-01,Entertainment,https://kalshi.com/markets/kxtime/kxtime-26,https://polymarket.com/event/time-person-of-the-year-2026/will-chatgpt-be-time-person-of-the-year-2026,17793.58,146.14,88.9
fuzzy,,kalshi,polymarket,Time's Person of the Year for 2026 — Jerome Powell,Will Jerome Powell be TIME Person of the Year 2026?,KXTIME-26-JP,79318443007323814887195500370242534687162014170584305007006859210229821236100,0.03,0.021,2027-01-01,Entertainment,https://kalshi.com/markets/kxtime/kxtime-26,https://polymarket.com/event/time-person-of-the-year-2026/will-jerome-powell-be-time-person-of-the-year-2026,19069.62,289.410311,92.5
fuzzy,,kalshi,polymarket,Time's Person of the Year for 2026 — Zohran Mamdani,Will Zohran Mamdani be TIME Person of the Year 2026?,KXTIME-26-ZOH,75219721190829533004296881569889865263645607082195400521306397405990606723860,0.29,0.27,2027-01-01,Entertainment,https://kalshi.com/markets/kxtime/kxtime-26,https://polymarket.com/event/time-person-of-the-year-2026/will-zohran-mamdani-be-time-person-of-the-year-2026,842803.31,34725.070027,92.6
fuzzy,,kalshi,polymarket,Time's Person of the Year for 2026 — Pope Leo XIV,Will Pope Leo XIV be TIME Person of the Year 2026?,KXTIME-26-POP,93547204301728188493186073729566863961255963880889581557252027015925549390518,0.1,0.095,2027-01-01,Entertainment,https://kalshi.com/markets/kxtime/kxtime-26,https://polymarket.com/event/time-person-of-the-year-2026/will-pope-leo-xiv-be-time-person-of-the-year-2026,173477.19,22623.499452,92.3
fuzzy,,kalshi,polymarket,Time's Person of the Year for 2026 — Dario Amodei,Will Dario Amodei be TIME Person of the Year 2026?,KXTIME-26-DAR,55324856138639668378123269728786302535994859173020263965580593909204298656516,0.1,0.071,2027-01-01,Entertainment,https://kalshi.com/markets/kxtime/kxtime-26,https://polymarket.com/event/time-person-of-the-year-2026/will-dario-amodei-be-time-person-of-the-year-2026,22021.73,3262.09261,90.1
fuzzy,,kalshi,polymarket,Time's Person of the Year for 2026 — Shehbaz Sharif,Will Shehbaz Sharif be TIME Person of the Year 2026?,KXTIME-26-SHE,20710961152362241880774442976502891078724213888530081154312839354174397302350,0.04,0.0365,2027-01-01,Entertainment,https://kalshi.com/markets/kxtime/kxtime-26,https://polymarket.com/event/time-person-of-the-year-2026/will-shehbaz-sharif-be-time-person-of-the-year-2026,1945.88,149.655329,92.6
fuzzy,,kalshi,polymarket,Time's Person of the Year for 2026 — Reid Wiseman,Will Reid Wiseman be TIME Person of the Year 2026?,KXTIME-26-REI,98727053670810188490443574758442026915055539356758025977721425782935482884614,0.05,0.058,2027-01-01,Entertainment,https://kalshi.com/markets/kxtime/kxtime-26,https://polymarket.com/event/time-person-of-the-year-2026/will-reid-wiseman-be-time-person-of-the-year-2026,10785.7,118.25733,92.3
fuzzy,,kalshi,polymarket,Time's Person of the Year for 2026 — Victor Glover,Will Victor Glover be TIME Person of the Year 2026?,KXTIME-26-VIC,75367588828315360472160079256172432293386038873034820850918099354645625473,0.06,0.0565,2027-01-01,Entertainment,https://kalshi.com/markets/kxtime/kxtime-26,https://polymarket.com/event/time-person-of-the-year-2026/will-victor-glover-be-time-person-of-the-year-2026,3407.41,121.962889,92.5
fuzzy,,kalshi,polymarket,Time's Person of the Year for 2026 — Christina Koch,Will Christina Koch be TIME Person of the Year 2026?,KXTIME-26-CHR,93008287820878887200712974821467347075999656260599302238263917376369194140081,0.04,0.0605,2027-01-01,Entertainment,https://kalshi.com/markets/kxtime/kxtime-26,https://polymarket.com/event/time-person-of-the-year-2026/will-christina-koch-be-time-person-of-the-year-2026,5741.82,174.62989900000002,90.5
fuzzy,,kalshi,polymarket,Time's Person of the Year for 2026 — Marco Rubio,Will Marco Rubio be TIME Person of the Year 2026?,KXTIME-26-MAR,80715501435278800376538251697430664442452728911302405234327845338824540021870,0.02,0.035,2027-01-01,Entertainment,https://kalshi.com/markets/kxtime/kxtime-26,https://polymarket.com/event/time-person-of-the-year-2026/will-marco-rubio-be-time-person-of-the-year-2026,4126.84,712.557811,92.1
fuzzy,,kalshi,polymarket,Time's Person of the Year for 2026 — James Talarico,Will James Talarico be TIME Person of the Year 2026?,KXTIME-26-JAM,11851956469848634980207520526898346338982459773540369636173629205859966642440,0.07,0.066,2027-01-01,Entertainment,https://kalshi.com/markets/kxtime/kxtime-26,https://polymarket.com/event/time-person-of-the-year-2026/will-james-talarico-be-time-person-of-the-year-2026,7405.6,104.443325,92.6
fuzzy,,kalshi,polymarket,Time's Person of the Year for 2026 — Péter Magyar,Will Péter Magyar be TIME Person of the Year 2026?,KXTIME-26-PET,25355603116220024644264183514305246858377103748103450198992774898439760029079,0.03,0.0335,2027-01-01,Entertainment,https://kalshi.com/markets/kxtime/kxtime-26,https://polymarket.com/event/time-person-of-the-year-2026/will-pter-magyar-be-time-person-of-the-year-2026,2262.8,274.45696300000003,92.3
fuzzy,,kalshi,polymarket,Time's Person of the Year for 2026 — Mohammad-Bagher Ghalibaf,Will Mohammad-Bagher Ghalibaf be TIME Person of the Year 2026?,KXTIME-26-MOH,19529461727473340015632106766376024119061265189139390324721125014506108674892,0.05,0.0385,2027-01-01,Entertainment,https://kalshi.com/markets/kxtime/kxtime-26,https://polymarket.com/event/time-person-of-the-year-2026/will-mohammad-bagher-ghalibaf-be-time-person-of-the-year-2026,4531.23,9127.542004,93.9
fuzzy,,kalshi,polymarket,Time's Person of the Year for 2026 — Mojtaba Khamenei,Will Mojtaba Khamenei be TIME Person of the Year 2026?,KXTIME-26-MOJ,7447086616240009244549196791097257101387909390912150910213412713825696964252,0.04,0.0435,2027-01-01,Entertainment,https://kalshi.com/markets/kxtime/kxtime-26,https://polymarket.com/event/time-person-of-the-year-2026/will-mojtaba-khamenei-be-time-person-of-the-year-2026,4295.58,318.99,92.9
fuzzy,,kalshi,polymarket,Time's Person of the Year for 2026 — Bernie Sanders,Will Bernie Sanders be TIME Person of the Year 2026?,KXTIME-26-BER,21022716531966878854280832600479966102818065895563547772083442698010564402301,0.015,0.0385,2027-01-01,Entertainment,https://kalshi.com/markets/kxtime/kxtime-26,https://polymarket.com/event/time-person-of-the-year-2026/will-bernie-sanders-be-time-person-of-the-year-2026,10800.0,208.63,90.5
fuzzy,,kalshi,polymarket,Time's Person of the Year for 2026 — Alexandria Ocasio-Cortez,Will Alexandria Ocasio-Cortez be TIME Person of the Year 2026?,KXTIME-26-ALE,26387194225619385553503961016114493170943112242943435071534032097349589256300,0.05,0.04,2027-01-01,Entertainment,https://kalshi.com/markets/kxtime/kxtime-26,https://polymarket.com/event/time-person-of-the-year-2026/will-alexandria-ocasio-cortez-be-time-person-of-the-year-2026,1371.03,181.98,92.2
fuzzy,,kalshi,polymarket,Time's Person of the Year for 2026 — Mark Carney,Will Mark Carney be TIME Person of the Year 2026?,KXTIME-26-MARK,19801257871010915928461715426701726678695986988088749487395531360119171753647,0.19,0.18,2027-01-01,Entertainment,https://kalshi.com/markets/kxtime/kxtime-26,https://polymarket.com/event/time-person-of-the-year-2026/will-mark-carney-be-time-person-of-the-year-2026,29167.67,8369.377944999998,89.9
fuzzy,,kalshi,polymarket,Top Album on Spotify in 2026? — DeBÍ TiRAR MáS FOToS,Will Debí Tirar Más Fotos be the top Spotify album for 2026?,KXTOPALBUMSPOTIFY-26-BAD,25220100596185851028567635190748284279545392897649574634975674224643594816097,0.85,0.895,2026-12-31,Entertainment,https://kalshi.com/markets/kxtopalbumspotify/kxtopalbumspotify-26,https://polymarket.com/event/top-spotify-album-2026/will-deb-tirar-ms-fotos-be-the-top-spotify-album-for-2026,19124.57,10394.461111,80.0
fuzzy,,kalshi,polymarket,People's Sexiest Man Alive for 2026 — Bad Bunny,Will Bad Bunny be named People's Sexiest Man Alive in 2026?,KXSEXYMAN-26-BAD,31852593636801991200086898906828499880658531575792109649084400623596845659364,0.1,0.08,2027-01-01,Entertainment,https://kalshi.com/markets/kxsexyman/kxsexyman-26,https://polymarket.com/event/peoples-sexiest-man-alive-2026/will-bad-bunny-be-named-peoples-sexiest-man-alive-in-2026-617,29327.66,3249.408643,80.0
fuzzy,,kalshi,polymarket,Top 5 most searched people on Google in 2026 — Donald Trump,Will Donald Trump rank in Google’s Top 5 Most Searched People of 2026?,KXRANKLISTGOOGLESEARCHTOP5-26DEC-DON,19302538567606598791946363427403624794117988527436123311713209665010988362684,0.11,0.1,2026-12-31,Entertainment,https://kalshi.com/markets/kxranklistgooglesearchtop5/kxranklistgooglesearchtop5-26dec,https://polymarket.com/event/top-5-most-searched-people-on-google-2026/will-donald-trump-rank-in-googles-top-5-most-searched-people-of-2026,97394.69,2191.83056,85.0
fuzzy,,kalshi,polymarket,Top 5 most searched people on Google in 2026 — Bad Bunny,Will Bad Bunny rank in Google’s Top 5 Most Searched People of 2026?,KXRANKLISTGOOGLESEARCHTOP5-26DEC-BAD,114688188808045687221868226759845020757945838218994207466606303218761773349498,0.39,0.285,2026-12-31,Entertainment,https://kalshi.com/markets/kxranklistgooglesearchtop5/kxranklistgooglesearchtop5-26dec,https://polymarket.com/event/top-5-most-searched-people-on-google-2026/will-bad-bunny-rank-in-googles-top-5-most-searched-people-of-2026,11826.27,6020.514878,84.1
fuzzy,,kalshi,polymarket,Top 5 most searched people on Google in 2026 — Nicolás Maduro,Will Nicolás Maduro rank in Google’s Top 5 Most Searched People of 2026?,KXRANKLISTGOOGLESEARCHTOP5-26DEC-NICO,54150514860306311782084435397910507654244936941693378336013788527840876797073,0.31,0.335,2026-12-31,Entertainment,https://kalshi.com/markets/kxranklistgooglesearchtop5/kxranklistgooglesearchtop5-26dec,https://polymarket.com/event/top-5-most-searched-people-on-google-2026/will-nicolas-maduro-rank-in-googles-top-5-most-searched-people-of-2026,3604.66,2878.770307,85.5
fuzzy,,kalshi,polymarket,Top 5 most searched people on Google in 2026 — Erling Haaland,Will Erling Haaland rank in Google’s Top 5 Most Searched People of 2026?,KXRANKLISTGOOGLESEARCHTOP5-26DEC-ERL,30092806564231685579391445519454433672339053951875889173589008392546684243657,0.52,0.54,2026-12-31,Entertainment,https://kalshi.com/markets/kxranklistgooglesearchtop5/kxranklistgooglesearchtop5-26dec,https://polymarket.com/event/top-5-most-searched-people-on-google-2026/will-erling-haaland-rank-in-googles-top-5-most-searched-people-of-2026,9417.28,3429.939078,85.5
fuzzy,,kalshi,polymarket,Top 5 most searched people on Google in 2026 — Lindsay Clancy,Will Lindsay Clancy rank in Google’s Top 5 Most Searched People of 2026?,KXRANKLISTGOOGLESEARCHTOP5-26-LIN,32522742101340653792731068174468712584905340565583833835742068373274309296797,0.74,0.8,2026-12-31,Entertainment,https://kalshi.com/markets/kxranklistgooglesearchtop5/kxranklistgooglesearchtop5-26dec,https://polymarket.com/event/top-5-most-searched-people-on-google-2026/will-lindsay-clancy-rank-in-googles-top-5-most-searched-people-of-2026,1232.96,4706.003984,85.5
fuzzy,,kalshi,polymarket,Grand Theft Auto VI: The Album · Features — Kendrick Lamar,Will Kendrick Lamar be featured on GTA VI: The Album?,KXFEATURE-26GTA6-KEN,51756651129063286836478056810964393647279938649695891397322968393705394468398,0.15,0.21,2026-12-31,Entertainment,https://kalshi.com/markets/kxfeature/kxfeature-26gta6,https://polymarket.com/event/who-will-be-featured-on-gta-vi-the-album/will-kendrick-lamar-be-featured-on-gta-vi-the-album,1791.77,4050.976255,80.8
fuzzy,,kalshi,polymarket,Dancing with the Stars Season 35 · Winner — Jenna Dewan,Will Jenna Dewan win Dancing With the Stars: Season 35?,KXDANCINGWITHTHESTARS-26DEC31-JDEW,24056442946863066082853025312633281548432184148051382574057358623013506961764,0.1,0.115,2027-01-07,Entertainment,https://kalshi.com/markets/kxdancingwiththestars/kxdancingwiththestars-26dec31,https://polymarket.com/event/who-will-win-dancing-with-the-stars-season-35/will-jenna-dewan-win-dancing-with-the-stars-season-35,184523.34,1549.991226,97.0
fuzzy,,kalshi,polymarket,Dancing with the Stars Season 35 · Winner — Ezra Frech,Will Ezra Frech win Dancing With the Stars: Season 35?,KXDANCINGWITHTHESTARS-26DEC31-EFRE,27655427333696032650642694463650923031195279558056605394593015148420087142616,0.44,0.465,2027-01-07,Entertainment,https://kalshi.com/markets/kxdancingwiththestars/kxdancingwiththestars-26dec31,https://polymarket.com/event/who-will-win-dancing-with-the-stars-season-35/will-ezra-frech-win-dancing-with-the-stars-season-35,427442.58,11309.499844,96.9
fuzzy,,kalshi,polymarket,Dancing with the Stars Season 35 · Winner — Amber Glenn,Will Amber Glenn win Dancing With the Stars: Season 35?,KXDANCINGWITHTHESTARS-26DEC31-AGLE,97877480261684094627470872701385477771870336725202297465631095558632175903427,0.14,0.14,2027-01-07,Entertainment,https://kalshi.com/markets/kxdancingwiththestars/kxdancingwiththestars-26dec31,https://polymarket.com/event/who-will-win-dancing-with-the-stars-season-35/will-amber-glenn-win-dancing-with-the-stars-season-35,281022.1,10780.002565,97.0
fuzzy,,kalshi,polymarket,Dancing with the Stars Season 35 · Winner — Connor Wood,Will Connor Wood win Dancing With the Stars: Season 35?,KXDANCINGWITHTHESTARS-26DEC31-CWOO,72540658670905172181341624659603024114375634670959021587083307460196760506860,0.02,0.0315,2027-01-07,Entertainment,https://kalshi.com/markets/kxdancingwiththestars/kxdancingwiththestars-26dec31,https://polymarket.com/event/who-will-win-dancing-with-the-stars-season-35/will-connor-wood-win-dancing-with-the-stars-season-35,294380.41,958.6,97.0
fuzzy,,kalshi,polymarket,Dancing with the Stars Season 35 · Winner — Harry Shum Jr.,Will Harry Shum Jr. win Dancing With the Stars: Season 35?,KXDANCINGWITHTHESTARS-26DEC31-HSHU,112920461345949814353255975219984007102101347372263250273463681181342517591304,0.11,0.105,2027-01-07,Entertainment,https://kalshi.com/markets/kxdancingwiththestars/kxdancingwiththestars-26dec31,https://polymarket.com/event/who-will-win-dancing-with-the-stars-season-35/will-harry-shum-jr-win-dancing-with-the-stars-season-35,287766.65,6345.824496999998,97.1
fuzzy,,kalshi,polymarket,Dancing with the Stars Season 35 · Winner — Guillermo Rodriguez,Will Guillermo Rodriguez win Dancing With the Stars: Season 35?,KXDANCINGWITHTHESTARS-26DEC31-GROD,115499407508668664348044588493084458060597867099815915391386228662721866736162,0.05,0.037,2027-01-07,Entertainment,https://kalshi.com/markets/kxdancingwiththestars/kxdancingwiththestars-26dec31,https://polymarket.com/event/who-will-win-dancing-with-the-stars-season-35/will-guillermo-rodriguez-win-dancing-with-the-stars-season-35,464312.36,124.6,97.4
fuzzy,,kalshi,polymarket,Dancing with the Stars Season 35 · Winner — Maura Higgins,Will Maura Higgins win Dancing With the Stars: Season 35?,KXDANCINGWITHTHESTARS-26DEC31-MHIG,66098501642786767104392043935317279793946246986981371544469439928517283542755,0.12,0.1,2027-01-07,Entertainment,https://kalshi.com/markets/kxdancingwiththestars/kxdancingwiththestars-26dec31,https://polymarket.com/event/who-will-win-dancing-with-the-stars-season-35/will-maura-higgins-win-dancing-with-the-stars-season-35,438015.0,15594.460457,97.1
fuzzy,,kalshi,polymarket,Dancing with the Stars Season 35 · Winner — Jackson Olson,Will Jackson Olson win Dancing With the Stars: Season 35?,KXDANCINGWITHTHESTARS-26DEC31-JOLS,10890348502425643176428983423297741320409956036782369716079420882445190183342,0.015,0.025,2027-01-07,Entertainment,https://kalshi.com/markets/kxdancingwiththestars/kxdancingwiththestars-26dec31,https://polymarket.com/event/who-will-win-dancing-with-the-stars-season-35/will-jackson-olson-win-dancing-with-the-stars-season-35,226089.2,558.5857880000001,97.1
fuzzy,,kalshi,polymarket,Will a hurricane make landfall in Hawaii in 2026? — Before 2027,Will a hurricane make landfall in Hawaii before 2027?,KXHURPATHHAWAII-26DEC,35060136240132571395133165793544488174574304926549949902253752591503618653125,0.04,0.105,2027-01-01,Climate and Weather,https://kalshi.com/markets/kxhurpathhawaii/kxhurpathhawaii-26dec,https://polymarket.com/event/will-a-hurricane-make-landfall-in-hawaii-before-2027-20260721182828397,163473.43,52340.86066800001,100.0
fuzzy,,polymarket,predictit,Will Trump meet with Pope Leo XIV in 2026?,Will Trump meet with Pope Leo in 2026? — Will Trump meet with Pope Leo in 2026?,65010487040936466597267185412491985361570642285166438358723811499766235473448,34445,0.0345,0.04,2027-01-02,Politics,https://polymarket.com/event/who-will-trump-meet-with-in-2026/will-trump-meet-with-pope-leo-xiv-in-2026,https://www.predictit.org/markets/detail/8707,31029.582465,,92.3
fuzzy,,polymarket,predictit,Will Congress override any veto in 2026?,Will Congress override a veto in 2026? — Will Congress override a veto in 2026?,57034376311603961348585747118614868773649102919261403071621710359790452292609,33363,0.0715,0.05,2027-01-01,Politics,https://polymarket.com/event/will-congress-override-any-veto-in-2026-20260624150337322,https://www.predictit.org/markets/detail/8480,15444.309172999996,,96.0
