ticker,event_ticker,series_ticker,title,raw_market_title,subtitle,yes_sub_title,category,tags,race_id,yes_bid,yes_ask,no_bid,no_ask,implied_prob,open_interest,volume,close_date,url,fetched_at,fee_type,fee_multiplier
KXRECOGSOMALI-29-27,KXRECOGSOMALI-29,KXRECOGSOMALI,Will Trump recognize Somaliland? — Before 2027,Will Trump recognize Somaliland?,During Trump's term,Before 2027,Politics,,,0.07,0.089,0.911,0.93,0.07,4777.44,13362.34,2027-01-01,https://kalshi.com/markets/kxrecogsomali/kxrecogsomali-29,2026-10-06T18:32:27.627581+00:00,quadratic,1.0
KXPRESNOMR-28-MTG,KXPRESNOMR-28,KXPRESNOMR,2028 Republican presidential nominee — Marjorie Taylor Greene,Will Marjorie Taylor Greene be the nominee for the Presidency for the Republican party?,In 2028,Marjorie Taylor Greene,Elections,,,0.007,0.008,0.992,0.993,0.0075,1746181.57,3067171.5,2028-11-07,https://kalshi.com/markets/kxpresnomr/kxpresnomr-28,2026-10-06T18:32:27.637044+00:00,quadratic,1.0
KXPRESNOMD-28-AOC,KXPRESNOMD-28,KXPRESNOMD,2028 Democratic presidential nominee — Alexandria Ocasio-Cortez,Will Alexandria Ocasio-Cortez be the Democratic Presidential nominee in 2028?,In 2028,Alexandria Ocasio-Cortez,Elections,,,0.13,0.14,0.86,0.87,0.14,4743534.32,9684514.28,2028-11-07,https://kalshi.com/markets/kxpresnomd/kxpresnomd-28,2026-10-06T18:32:27.637468+00:00,quadratic,1.0
KXSPANISHPM-27AUG22-AFEI,KXSPANISHPM-27AUG22,KXSPANISHPM,Prime Minister of Spain after the next election? — Alberto Núñez Feijóo,Will Alberto Núñez Feijóo become Prime Minister of Spain following the next Spanish general election?,"Before Aug 22, 2028",Alberto Núñez Feijóo,Elections,,,0.78,0.81,0.19,0.22,0.78,962.27,1953.6,2028-08-22,https://kalshi.com/markets/kxspanishpm/kxspanishpm-27aug22,2026-10-06T18:32:27.640644+00:00,quadratic,1.0
KXPGARYDER-RC27-EUR,KXPGARYDER-RC27,KXPGARYDER,2027 Ryder Cup Winner — Team Europe,Will Team Europe win the Ryder Cup?,2027 Ryder Cup,Team Europe,Sports,,,0.52,0.56,0.44,0.48,0.52,4636.64,10060.71,2027-10-03,https://kalshi.com/markets/kxpgaryder/kxpgaryder-rc27,2026-10-06T18:32:27.829351+00:00,quadratic_with_maker_fees,1.0
KXPGARYDER-RC27-USA,KXPGARYDER-RC27,KXPGARYDER,2027 Ryder Cup Winner — Team USA,Will Team USA win the Ryder Cup?,2027 Ryder Cup,Team USA,Sports,,,0.39,0.4,0.6,0.61,0.41,12532.43,37842.69,2027-10-03,https://kalshi.com/markets/kxpgaryder/kxpgaryder-rc27,2026-10-06T18:32:27.829367+00:00,quadratic_with_maker_fees,1.0
KXFRPRESBALLOT-27JUN30-JMEL,KXFRPRESBALLOT-27JUN30,KXFRPRESBALLOT,2027 French Presidential Election: who will be on the ballot? — Jean-Luc Mélenchon,Will Jean-Luc Mélenchon appear on the official candidate list for the first round of the 2027 French presidential election?,"Before Jun 30, 2027",Jean-Luc Mélenchon,Elections,,,0.95,0.99,0.01,0.05,0.87,6.01,6.01,2027-06-30,https://kalshi.com/markets/kxfrpresballot/kxfrpresballot-27jun30,2026-10-06T18:32:27.882454+00:00,quadratic,1.0
KXFRPRESBALLOT-27JUN30-MLEP,KXFRPRESBALLOT-27JUN30,KXFRPRESBALLOT,2027 French Presidential Election: who will be on the ballot? — Marine Le Pen,Will Marine Le Pen appear on the official candidate list for the first round of the 2027 French presidential election?,"Before Jun 30, 2027",Marine Le Pen,Elections,,,0.93,0.98,0.02,0.07,0.92,37.0,60.0,2027-06-30,https://kalshi.com/markets/kxfrpresballot/kxfrpresballot-27jun30,2026-10-06T18:32:27.882470+00:00,quadratic,1.0
KXFRPRESBALLOT-27JUN30-EPHI,KXFRPRESBALLOT-27JUN30,KXFRPRESBALLOT,2027 French Presidential Election: who will be on the ballot? — Édouard Philippe,Will Édouard Philippe appear on the official candidate list for the first round of the 2027 French presidential election?,"Before Jun 30, 2027",Édouard Philippe,Elections,,,0.87,0.91,0.09,0.13,0.9,233.0,614.01,2027-06-30,https://kalshi.com/markets/kxfrpresballot/kxfrpresballot-27jun30,2026-10-06T18:32:27.882486+00:00,quadratic,1.0
KXFRPRESBALLOT-27JUN30-NART,KXFRPRESBALLOT-27JUN30,KXFRPRESBALLOT,2027 French Presidential Election: who will be on the ballot? — Nathalie Arthaud,Will Nathalie Arthaud appear on the official candidate list for the first round of the 2027 French presidential election?,"Before Jun 30, 2027",Nathalie Arthaud,Elections,,,0.86,0.93,0.07,0.14,0.77,8.76,8.76,2027-06-30,https://kalshi.com/markets/kxfrpresballot/kxfrpresballot-27jun30,2026-10-06T18:32:27.882502+00:00,quadratic,1.0
KXFRPRESBALLOT-27JUN30-JBAR,KXFRPRESBALLOT-27JUN30,KXFRPRESBALLOT,2027 French Presidential Election: who will be on the ballot? — Jordan Bardella,Will Jordan Bardella appear on the official candidate list for the first round of the 2027 French presidential election?,"Before Jun 30, 2027",Jordan Bardella,Elections,,,0.02,0.08,0.92,0.98,0.03,154.0,382.01,2027-06-30,https://kalshi.com/markets/kxfrpresballot/kxfrpresballot-27jun30,2026-10-06T18:32:27.882517+00:00,quadratic,1.0
KXFRPRESBALLOT-27JUN30-GATT,KXFRPRESBALLOT-27JUN30,KXFRPRESBALLOT,2027 French Presidential Election: who will be on the ballot? — Gabriel Attal,Will Gabriel Attal appear on the official candidate list for the first round of the 2027 French presidential election?,"Before Jun 30, 2027",Gabriel Attal,Elections,,,0.25,0.29,0.71,0.75,0.25,2771.18,5065.87,2027-06-30,https://kalshi.com/markets/kxfrpresballot/kxfrpresballot-27jun30,2026-10-06T18:32:27.882533+00:00,quadratic,1.0
KXFRPRESBALLOT-27JUN30-BRET,KXFRPRESBALLOT-27JUN30,KXFRPRESBALLOT,2027 French Presidential Election: who will be on the ballot? — Bruno Retailleau,Will Bruno Retailleau appear on the official candidate list for the first round of the 2027 French presidential election?,"Before Jun 30, 2027",Bruno Retailleau,Elections,,,0.49,0.52,0.48,0.51,0.51,643.03,2596.84,2027-06-30,https://kalshi.com/markets/kxfrpresballot/kxfrpresballot-27jun30,2026-10-06T18:32:27.882547+00:00,quadratic,1.0
KXFRPRESBALLOT-27JUN30-RGLU,KXFRPRESBALLOT-27JUN30,KXFRPRESBALLOT,2027 French Presidential Election: who will be on the ballot? — Raphaël Glucksmann,Will Raphaël Glucksmann appear on the official candidate list for the first round of the 2027 French presidential election?,"Before Jun 30, 2027",Raphaël Glucksmann,Elections,,,0.53,0.58,0.42,0.47,0.41,1523.0,1920.09,2027-06-30,https://kalshi.com/markets/kxfrpresballot/kxfrpresballot-27jun30,2026-10-06T18:32:27.882563+00:00,quadratic,1.0
KXFRPRESBALLOT-27JUN30-FRUF,KXFRPRESBALLOT-27JUN30,KXFRPRESBALLOT,2027 French Presidential Election: who will be on the ballot? — François Ruffin,Will François Ruffin appear on the official candidate list for the first round of the 2027 French presidential election?,"Before Jun 30, 2027",François Ruffin,Elections,,,0.3,0.36,0.64,0.7,0.29,44.74,114.74,2027-06-30,https://kalshi.com/markets/kxfrpresballot/kxfrpresballot-27jun30,2026-10-06T18:32:27.882579+00:00,quadratic,1.0
KXFRPRESBALLOT-27JUN30-FHOL,KXFRPRESBALLOT-27JUN30,KXFRPRESBALLOT,2027 French Presidential Election: who will be on the ballot? — François Hollande,Will François Hollande appear on the official candidate list for the first round of the 2027 French presidential election?,"Before Jun 30, 2027",François Hollande,Elections,,,0.42,0.49,0.51,0.58,0.4,2030.0,2076.84,2027-06-30,https://kalshi.com/markets/kxfrpresballot/kxfrpresballot-27jun30,2026-10-06T18:32:27.882594+00:00,quadratic,1.0
KXFRPRESBALLOT-27JUN30-MTON,KXFRPRESBALLOT-27JUN30,KXFRPRESBALLOT,2027 French Presidential Election: who will be on the ballot? — Marine Tondelier,Will Marine Tondelier appear on the official candidate list for the first round of the 2027 French presidential election?,"Before Jun 30, 2027",Marine Tondelier,Elections,,,0.21,0.28,0.72,0.79,0.27,96.25,102.74,2027-06-30,https://kalshi.com/markets/kxfrpresballot/kxfrpresballot-27jun30,2026-10-06T18:32:27.882609+00:00,quadratic,1.0
KXFRPRESBALLOT-27JUN30-OFAU,KXFRPRESBALLOT-27JUN30,KXFRPRESBALLOT,2027 French Presidential Election: who will be on the ballot? — Olivier Faure,Will Olivier Faure appear on the official candidate list for the first round of the 2027 French presidential election?,"Before Jun 30, 2027",Olivier Faure,Elections,,,0.05,0.13,0.87,0.95,0.05,309.56,469.56,2027-06-30,https://kalshi.com/markets/kxfrpresballot/kxfrpresballot-27jun30,2026-10-06T18:32:27.882624+00:00,quadratic,1.0
KXFRPRESBALLOT-27JUN30-CAUT,KXFRPRESBALLOT-27JUN30,KXFRPRESBALLOT,2027 French Presidential Election: who will be on the ballot? — Clémentine Autain,Will Clémentine Autain appear on the official candidate list for the first round of the 2027 French presidential election?,"Before Jun 30, 2027",Clémentine Autain,Elections,,,0.01,0.08,0.92,0.99,0.08,1.01,1.01,2027-06-30,https://kalshi.com/markets/kxfrpresballot/kxfrpresballot-27jun30,2026-10-06T18:32:27.882639+00:00,quadratic,1.0
KXFRPRESBALLOT-27JUN30-FROU,KXFRPRESBALLOT-27JUN30,KXFRPRESBALLOT,2027 French Presidential Election: who will be on the ballot? — Fabien Roussel,Will Fabien Roussel appear on the official candidate list for the first round of the 2027 French presidential election?,"Before Jun 30, 2027",Fabien Roussel,Elections,,,0.75,0.81,0.19,0.25,0.79,380.0,382.0,2027-06-30,https://kalshi.com/markets/kxfrpresballot/kxfrpresballot-27jun30,2026-10-06T18:32:27.882655+00:00,quadratic,1.0
KXFRPRESBALLOT-27JUN30-EZEM,KXFRPRESBALLOT-27JUN30,KXFRPRESBALLOT,2027 French Presidential Election: who will be on the ballot? — Éric Zemmour,Will Éric Zemmour appear on the official candidate list for the first round of the 2027 French presidential election?,"Before Jun 30, 2027",Éric Zemmour,Elections,,,0.85,0.91,0.09,0.15,0.83,1333.28,4466.44,2027-06-30,https://kalshi.com/markets/kxfrpresballot/kxfrpresballot-27jun30,2026-10-06T18:32:27.882685+00:00,quadratic,1.0
KXFRPRESBALLOT-27JUN30-DVIL,KXFRPRESBALLOT-27JUN30,KXFRPRESBALLOT,2027 French Presidential Election: who will be on the ballot? — Dominique de Villepin,Will Dominique de Villepin appear on the official candidate list for the first round of the 2027 French presidential election?,"Before Jun 30, 2027",Dominique de Villepin,Elections,,,0.37,0.38,0.62,0.63,0.37,1721.23,1735.25,2027-06-30,https://kalshi.com/markets/kxfrpresballot/kxfrpresballot-27jun30,2026-10-06T18:32:27.882702+00:00,quadratic,1.0
KXFRPRESBALLOT-27JUN30-NDUP,KXFRPRESBALLOT-27JUN30,KXFRPRESBALLOT,2027 French Presidential Election: who will be on the ballot? — Nicolas Dupont-Aignan,Will Nicolas Dupont-Aignan appear on the official candidate list for the first round of the 2027 French presidential election?,"Before Jun 30, 2027",Nicolas Dupont-Aignan,Elections,,,0.6,0.65,0.35,0.4,0.67,88.0,157.6,2027-06-30,https://kalshi.com/markets/kxfrpresballot/kxfrpresballot-27jun30,2026-10-06T18:32:27.882718+00:00,quadratic,1.0
KXFRPRESBALLOT-27JUN30-FASS,KXFRPRESBALLOT-27JUN30,KXFRPRESBALLOT,2027 French Presidential Election: who will be on the ballot? — François Asselineau,Will François Asselineau appear on the official candidate list for the first round of the 2027 French presidential election?,"Before Jun 30, 2027",François Asselineau,Elections,,,0.09,0.14,0.86,0.91,0.1,5.0,26.0,2027-06-30,https://kalshi.com/markets/kxfrpresballot/kxfrpresballot-27jun30,2026-10-06T18:32:27.882734+00:00,quadratic,1.0
KXFRPRESBALLOT-27JUN30-BCAZ,KXFRPRESBALLOT-27JUN30,KXFRPRESBALLOT,2027 French Presidential Election: who will be on the ballot? — Bernard Cazeneuve,Will Bernard Cazeneuve appear on the official candidate list for the first round of the 2027 French presidential election?,"Before Jun 30, 2027",Bernard Cazeneuve,Elections,,,0.1,0.17,0.83,0.9,0.1,512.05,624.06,2027-06-30,https://kalshi.com/markets/kxfrpresballot/kxfrpresballot-27jun30,2026-10-06T18:32:27.882749+00:00,quadratic,1.0
KXFRPRESBALLOT-27JUN30-JGUE,KXFRPRESBALLOT-27JUN30,KXFRPRESBALLOT,2027 French Presidential Election: who will be on the ballot? — Jérôme Guedj,Will Jérôme Guedj appear on the official candidate list for the first round of the 2027 French presidential election?,"Before Jun 30, 2027",Jérôme Guedj,Elections,,,0.05,0.13,0.87,0.95,0.04,47.01,226.01,2027-06-30,https://kalshi.com/markets/kxfrpresballot/kxfrpresballot-27jun30,2026-10-06T18:32:27.882764+00:00,quadratic,1.0
KXFRPRESBALLOT-27JUN30-KBOU,KXFRPRESBALLOT-27JUN30,KXFRPRESBALLOT,2027 French Presidential Election: who will be on the ballot? — Karim Bouamrane,Will Karim Bouamrane appear on the official candidate list for the first round of the 2027 French presidential election?,"Before Jun 30, 2027",Karim Bouamrane,Elections,,,0.03,0.11,0.89,0.97,0.03,168.01,365.01,2027-06-30,https://kalshi.com/markets/kxfrpresballot/kxfrpresballot-27jun30,2026-10-06T18:32:27.882779+00:00,quadratic,1.0
KXFRPRESBALLOT-27JUN30-GDAR,KXFRPRESBALLOT-27JUN30,KXFRPRESBALLOT,2027 French Presidential Election: who will be on the ballot? — Gérald Darmanin,Will Gérald Darmanin appear on the official candidate list for the first round of the 2027 French presidential election?,"Before Jun 30, 2027",Gérald Darmanin,Elections,,,0.02,0.1,0.9,0.98,0.5,0.01,0.01,2027-06-30,https://kalshi.com/markets/kxfrpresballot/kxfrpresballot-27jun30,2026-10-06T18:32:27.882794+00:00,quadratic,1.0
KXUCLTOP8-27-ARS,KXUCLTOP8-27,KXUCLTOP8,League Phase Top 8 Finishers — Arsenal,Will Arsenal finish in the top 8 of the table in the league phase for the Champions League?,2026-27,Arsenal,Sports,,,0.62,0.92,0.08,0.38,0.92,21.93,21.93,2027-02-11,https://kalshi.com/markets/kxucltop8/kxucltop8-27,2026-10-06T18:32:28.147878+00:00,quadratic,1.0
KXUCLTOP8-27-AVL,KXUCLTOP8-27,KXUCLTOP8,League Phase Top 8 Finishers — Aston Villa,Will Aston Villa finish in the top 8 of the table in the league phase for the Champions League?,2026-27,Aston Villa,Sports,,,0.03,0.32,0.68,0.97,0.175,0.0,0.0,2027-02-11,https://kalshi.com/markets/kxucltop8/kxucltop8-27,2026-10-06T18:32:28.147910+00:00,quadratic,1.0
KXUCLTOP8-27-BAR,KXUCLTOP8-27,KXUCLTOP8,League Phase Top 8 Finishers — Barcelona,Will Barcelona finish in the top 8 of the table in the league phase for the Champions League?,2026-27,Barcelona,Sports,,,0.48,0.92,0.08,0.52,0.95,79.76,151.43,2027-02-11,https://kalshi.com/markets/kxucltop8/kxucltop8-27,2026-10-06T18:32:28.147919+00:00,quadratic,1.0
KXUCLTOP8-27-BMU,KXUCLTOP8-27,KXUCLTOP8,League Phase Top 8 Finishers — Bayern Munich,Will Bayern Munich finish in the top 8 of the table in the league phase for the Champions League?,2026-27,Bayern Munich,Sports,,,0.5,0.78,0.22,0.5,0.79,310.87,346.13,2027-02-11,https://kalshi.com/markets/kxucltop8/kxucltop8-27,2026-10-06T18:32:28.147929+00:00,quadratic,1.0
KXUCLTOP8-27-BRU,KXUCLTOP8-27,KXUCLTOP8,League Phase Top 8 Finishers — Club Brugge,Will Club Brugge finish in the top 8 of the table in the league phase for the Champions League?,2026-27,Club Brugge,Sports,,,0.03,0.1,0.9,0.97,0.1,12.0,12.0,2027-02-11,https://kalshi.com/markets/kxucltop8/kxucltop8-27,2026-10-06T18:32:28.147951+00:00,quadratic,1.0
KXUCLTOP8-27-FCP,KXUCLTOP8-27,KXUCLTOP8,League Phase Top 8 Finishers — Porto,Will Porto finish in the top 8 of the table in the league phase for the Champions League?,2026-27,Porto,Sports,,,0.1,0.26,0.74,0.9,0.09,115.27,137.27,2027-02-11,https://kalshi.com/markets/kxucltop8/kxucltop8-27,2026-10-06T18:32:28.147981+00:00,quadratic,1.0
KXUCLTOP8-27-GAL,KXUCLTOP8-27,KXUCLTOP8,League Phase Top 8 Finishers — Galatasaray,Will Galatasaray finish in the top 8 of the table in the league phase for the Champions League?,2026-27,Galatasaray,Sports,,,0.04,0.12,0.88,0.96,0.04,5.0,81.48,2027-02-11,https://kalshi.com/markets/kxucltop8/kxucltop8-27,2026-10-06T18:32:28.148012+00:00,quadratic,1.0
KXUCLTOP8-27-LFC,KXUCLTOP8-27,KXUCLTOP8,League Phase Top 8 Finishers — Liverpool,Will Liverpool finish in the top 8 of the table in the league phase for the Champions League?,2026-27,Liverpool,Sports,,,0.29,0.85,0.15,0.71,0.97,12.48,12.48,2027-02-11,https://kalshi.com/markets/kxucltop8/kxucltop8-27,2026-10-06T18:32:28.148032+00:00,quadratic,1.0
KXUCLTOP8-27-MCI,KXUCLTOP8-27,KXUCLTOP8,League Phase Top 8 Finishers — Manchester City,Will Manchester City finish in the top 8 of the table in the league phase for the Champions League?,2026-27,Manchester City,Sports,,,0.29,0.89,0.11,0.71,0.89,16.49,28.99,2027-02-11,https://kalshi.com/markets/kxucltop8/kxucltop8-27,2026-10-06T18:32:28.148052+00:00,quadratic,1.0
KXUCLTOP8-27-MUN,KXUCLTOP8-27,KXUCLTOP8,League Phase Top 8 Finishers — Manchester United,Will Manchester United finish in the top 8 of the table in the league phase for the Champions League?,2026-27,Manchester United,Sports,,,0.03,0.48,0.52,0.97,0.46,45.02,45.02,2027-02-11,https://kalshi.com/markets/kxucltop8/kxucltop8-27,2026-10-06T18:32:28.148062+00:00,quadratic,1.0
KXUCLTOP8-27-RCL,KXUCLTOP8-27,KXUCLTOP8,League Phase Top 8 Finishers — Lens,Will Lens finish in the top 8 of the table in the league phase for the Champions League?,2026-27,Lens,Sports,,,0.04,0.22,0.78,0.96,0.13,0.0,0.0,2027-02-11,https://kalshi.com/markets/kxucltop8/kxucltop8-27,2026-10-06T18:32:28.148123+00:00,quadratic,1.0
KXUCLTOP8-27-RMA,KXUCLTOP8-27,KXUCLTOP8,League Phase Top 8 Finishers — Real Madrid,Will Real Madrid finish in the top 8 of the table in the league phase for the Champions League?,2026-27,Real Madrid,Sports,,,0.52,0.85,0.15,0.48,0.91,41.09,61.09,2027-02-11,https://kalshi.com/markets/kxucltop8/kxucltop8-27,2026-10-06T18:32:28.148133+00:00,quadratic,1.0
KXUCLTOP8-27-ROM,KXUCLTOP8-27,KXUCLTOP8,League Phase Top 8 Finishers — Roma,Will Roma finish in the top 8 of the table in the league phase for the Champions League?,2026-27,Roma,Sports,,,0.04,0.31,0.69,0.96,0.175,0.0,0.0,2027-02-11,https://kalshi.com/markets/kxucltop8/kxucltop8-27,2026-10-06T18:32:28.148143+00:00,quadratic,1.0
KXUCLTOP8-27-VFB,KXUCLTOP8-27,KXUCLTOP8,League Phase Top 8 Finishers — Stuttgart,Will Stuttgart finish in the top 8 of the table in the league phase for the Champions League?,2026-27,Stuttgart,Sports,,,0.07,0.2,0.8,0.93,0.13,32.94,44.94,2027-02-11,https://kalshi.com/markets/kxucltop8/kxucltop8-27,2026-10-06T18:32:28.148204+00:00,quadratic,1.0
KXUCLTOP8-27-VIL,KXUCLTOP8-27,KXUCLTOP8,League Phase Top 8 Finishers — Villarreal,Will Villarreal finish in the top 8 of the table in the league phase for the Champions League?,2026-27,Villarreal,Sports,,,0.03,0.21,0.79,0.97,0.12,0.0,0.0,2027-02-11,https://kalshi.com/markets/kxucltop8/kxucltop8-27,2026-10-06T18:32:28.148224+00:00,quadratic,1.0
GOVPARTYSC-26-D,GOVPARTYSC-26,GOVPARTYSC,South Carolina Governor winner? — Jermaine Johnson,Will the Democratic party win the governorship in South Carolina,In 2026,Jermaine Johnson,Elections,,2026-GOV-SC,0.051,0.062,0.938,0.949,0.05,12704.38,17558.62,2027-11-03,https://kalshi.com/markets/govpartysc/govpartysc-26,2026-10-06T18:32:28.156122+00:00,quadratic,1.0
GOVPARTYTX-26-D,GOVPARTYTX-26,GOVPARTYTX,Texas Governor winner? — Gina Hinojosa,Will the Democratic party win the governorship in Texas,In 2026,Gina Hinojosa,Elections,,2026-GOV-TX,0.26,0.27,0.73,0.74,0.27,734792.1,1150424.57,2027-11-03,https://kalshi.com/markets/govpartytx/govpartytx-26,2026-10-06T18:32:28.159764+00:00,quadratic,1.0
GOVPARTYAL-26-D,GOVPARTYAL-26,GOVPARTYAL,Alabama Governor winner? — Doug Jones,Will the Democratic party win the governorship in Alabama,In 2026,Doug Jones,Elections,,2026-GOV-AL,0.083,0.095,0.905,0.917,0.095,68384.77,91929.62,2027-11-03,https://kalshi.com/markets/govpartyal/govpartyal-26,2026-10-06T18:32:28.159800+00:00,quadratic,1.0
GOVPARTYTN-26-D,GOVPARTYTN-26,GOVPARTYTN,Tennessee Governor winner? — Jerri Green,Will the Democratic party win the governorship in Tennessee,In 2026,Jerri Green,Elections,,2026-GOV-TN,0.05,0.064,0.936,0.95,0.064,36298.44,52675.36,2027-11-03,https://kalshi.com/markets/govpartytn/govpartytn-26,2026-10-06T18:32:28.160246+00:00,quadratic,1.0
GOVPARTYMD-26-D,GOVPARTYMD-26,GOVPARTYMD,Maryland Governor winner? — Wes Moore,Will the Democratic party win the governorship in Maryland,In 2026,Wes Moore,Elections,,2026-GOV-MD,0.961,0.977,0.023,0.039,0.977,4630.15,5787.94,2027-11-03,https://kalshi.com/markets/govpartymd/govpartymd-26,2026-10-06T18:32:28.178872+00:00,quadratic,1.0
GOVPARTYPA-26-D,GOVPARTYPA-26,GOVPARTYPA,Pennsylvania Governor winner? — Josh Shapiro,Will the Democratic party win the governorship in Pennsylvania,In 2026,Josh Shapiro,Elections,,2026-GOV-PA,0.975,0.978,0.022,0.025,0.978,92529.36,105554.29,2027-11-03,https://kalshi.com/markets/govpartypa/govpartypa-26,2026-10-06T18:32:28.192229+00:00,quadratic,1.0
GOVPARTYOK-26-D,GOVPARTYOK-26,GOVPARTYOK,Oklahoma Governor winner? — Cyndi Munson,Will the Democratic party win the governorship in Oklahoma,In 2026,Cyndi Munson,Elections,,2026-GOV-OK,0.084,0.089,0.911,0.916,0.089,76164.88,114147.1,2027-11-03,https://kalshi.com/markets/govpartyok/govpartyok-26,2026-10-06T18:32:28.196089+00:00,quadratic,1.0
GOVPARTYOH-26-D,GOVPARTYOH-26,GOVPARTYOH,Ohio Governor winner? — Amy Acton,Will the Democratic party win the governorship in Ohio,In 2026,Amy Acton,Elections,,2026-GOV-OH,0.66,0.67,0.33,0.34,0.68,661952.61,921424.36,2027-11-03,https://kalshi.com/markets/govpartyoh/govpartyoh-26,2026-10-06T18:32:28.196123+00:00,quadratic,1.0
GOVPARTYIL-26-D,GOVPARTYIL-26,GOVPARTYIL,Illinois Governor winner? — JB Pritzker,Will the Democratic party win the governorship in Illinois,In 2026,JB Pritzker,Elections,,2026-GOV-IL,0.956,0.979,0.021,0.044,0.954,72094.35,89387.11,2027-11-03,https://kalshi.com/markets/govpartyil/govpartyil-26,2026-10-06T18:32:28.196179+00:00,quadratic,1.0
GOVPARTYIA-26-D,GOVPARTYIA-26,GOVPARTYIA,Iowa Governor winner? — Rob Sand,Will the Democratic party win the governorship in Iowa,In 2026,Rob Sand,Elections,,2026-GOV-IA,0.88,0.89,0.11,0.12,0.87,309190.39,448283.39,2027-11-03,https://kalshi.com/markets/govpartyia/govpartyia-26,2026-10-06T18:32:28.196212+00:00,quadratic,1.0
GOVPARTYGA-26-D,GOVPARTYGA-26,GOVPARTYGA,Georgia Governor winner? — Keisha Lance Bottoms,Will the Democratic party win the governorship in Georgia,In 2026,Keisha Lance Bottoms,Elections,,2026-GOV-GA,0.46,0.47,0.53,0.54,0.46,277688.16,614877.5,2027-11-03,https://kalshi.com/markets/govpartyga/govpartyga-26,2026-10-06T18:32:28.196244+00:00,quadratic,1.0
GOVPARTYAR-26-D,GOVPARTYAR-26,GOVPARTYAR,Arkansas Governor winner? — Fred Love,Will the Democratic party win the governorship in Arkansas,In 2026,Fred Love,Elections,,2026-GOV-AR,0.016,0.064,0.936,0.984,0.064,2362.8,3827.44,2027-11-03,https://kalshi.com/markets/govpartyar/govpartyar-26,2026-10-06T18:32:28.210736+00:00,quadratic,1.0
GOVPARTYOR-26-D,GOVPARTYOR-26,GOVPARTYOR,Oregon Governor winner? — Tina Kotek,Will the Democratic party win the governorship in Oregon,In 2026,Tina Kotek,Elections,,2026-GOV-OR,0.75,0.77,0.23,0.25,0.77,59047.32,91230.16,2027-11-03,https://kalshi.com/markets/govpartyor/govpartyor-26,2026-10-06T18:32:28.211226+00:00,quadratic,1.0
GOVPARTYCT-26-D,GOVPARTYCT-26,GOVPARTYCT,Connecticut Governor winner? — Ned Lamont,Will the Democratic party win the governorship in Connecticut,In 2026,Ned Lamont,Elections,,2026-GOV-CT,0.952,0.984,0.016,0.048,0.986,12100.6,15993.54,2027-11-03,https://kalshi.com/markets/govpartyct/govpartyct-26,2026-10-06T18:32:28.211259+00:00,quadratic,1.0
KXVENEZDEFACTO-27JAN01-VLOP,KXVENEZDEFACTO-27JAN01,KXVENEZDEFACTO,Who will de facto lead Venezuela at the end of 2026? — Vladimir Padrino López,Will Vladimir Padrino López de facto hold head of state of Venezuela at the end of 2026?,2026,Vladimir Padrino López,Politics,,,0.01,0.04,0.96,0.99,0.02,2645.32,2645.32,2027-01-02,https://kalshi.com/markets/kxvenezdefacto/kxvenezdefacto-27jan01,2026-10-06T18:32:28.212458+00:00,quadratic,1.0
KXVENEZDEFACTO-27JAN01-MMAC,KXVENEZDEFACTO-27JAN01,KXVENEZDEFACTO,Who will de facto lead Venezuela at the end of 2026? — María Corina Machado,Will María Corina Machado de facto hold head of state of Venezuela at the end of 2026?,2026,María Corina Machado,Politics,,,0.01,0.03,0.97,0.99,0.02,2854.66,4845.54,2027-01-02,https://kalshi.com/markets/kxvenezdefacto/kxvenezdefacto-27jan01,2026-10-06T18:32:28.212474+00:00,quadratic,1.0
KXNVIDIAGROQFINE-26SEP-27JAN01,KXNVIDIAGROQFINE-26SEP,KXNVIDIAGROQFINE,Will the DOJ fine Nvidia over the Groq deal in 2026?,Will the DOJ fine Nvidia over the Groq deal before 2027?,"Before Jan 1, 2027",Yes,Politics,,,0.09,0.13,0.87,0.91,0.13,1657.72,2074.45,2027-01-01,https://kalshi.com/markets/kxnvidiagroqfine/kxnvidiagroqfine-26sep,2026-10-06T18:32:28.215117+00:00,quadratic,1.0
KXLEAVEOPEC-27,KXLEAVEOPEC-27,KXLEAVEOPEC,Will another country leave OPEC in 2026?,Will another country leave OPEC in 2026?,"Before Jan 1, 2027",Yes,Politics,,,0.1,0.14,0.86,0.9,0.14,4256.19,25529.65,2027-01-01,https://kalshi.com/markets/kxleaveopec/kxleaveopec-27,2026-10-06T18:32:28.216224+00:00,quadratic,1.0
KXKOSOVOPRES-27JAN01-BSEJ,KXKOSOVOPRES-27JAN01,KXKOSOVOPRES,Next President of Kosovo? — Bekim Sejdiu,"Will Bekim Sejdiu be the next President of Kosovo before Jan 1, 2027?","Before Jan 1, 2027",Bekim Sejdiu,Elections,,,0.31,0.38,0.62,0.69,0.32,3478.63,13763.04,2027-01-08,https://kalshi.com/markets/kxkosovopres/kxkosovopres-27jan01,2026-10-06T18:32:28.216323+00:00,quadratic,1.0
KXKOSOVOPRES-27JAN01-HHOX,KXKOSOVOPRES-27JAN01,KXKOSOVOPRES,Next President of Kosovo? — Hatixhe Hoxha,"Will Hatixhe Hoxha be the next President of Kosovo before Jan 1, 2027?","Before Jan 1, 2027",Hatixhe Hoxha,Elections,,,0.01,0.02,0.98,0.99,0.02,1575.0,3800.0,2027-01-08,https://kalshi.com/markets/kxkosovopres/kxkosovopres-27jan01,2026-10-06T18:32:28.216398+00:00,quadratic,1.0
KXKOSOVOPRES-27JAN01-VOSM,KXKOSOVOPRES-27JAN01,KXKOSOVOPRES,Next President of Kosovo? — Vjosa Osmani,"Will Vjosa Osmani be the next President of Kosovo before Jan 1, 2027?","Before Jan 1, 2027",Vjosa Osmani,Elections,,,0.09,0.16,0.84,0.91,0.15,1786.0,4776.0,2027-01-08,https://kalshi.com/markets/kxkosovopres/kxkosovopres-27jan01,2026-10-06T18:32:28.216443+00:00,quadratic,1.0
KXKOSOVOPRES-27JAN01-AHOT,KXKOSOVOPRES-27JAN01,KXKOSOVOPRES,Next President of Kosovo? — Andin Hoti,"Will Andin Hoti be the next President of Kosovo before Jan 1, 2027?","Before Jan 1, 2027",Andin Hoti,Elections,,,0.01,0.09,0.91,0.99,0.05,0.0,0.0,2027-01-08,https://kalshi.com/markets/kxkosovopres/kxkosovopres-27jan01,2026-10-06T18:32:28.216474+00:00,quadratic,1.0
KXKOSOVOPRES-27JAN01-JPUL,KXKOSOVOPRES-27JAN01,KXKOSOVOPRES,Next President of Kosovo? — Justina Pula,"Will Justina Pula be the next President of Kosovo before Jan 1, 2027?","Before Jan 1, 2027",Justina Pula,Elections,,,0.02,0.1,0.9,0.98,0.06,0.0,0.0,2027-01-08,https://kalshi.com/markets/kxkosovopres/kxkosovopres-27jan01,2026-10-06T18:32:28.216490+00:00,quadratic,1.0
KXKOSOVOPRES-27JAN01-VSUR,KXKOSOVOPRES-27JAN01,KXKOSOVOPRES,Next President of Kosovo? — Veton Surroi,"Will Veton Surroi be the next President of Kosovo before Jan 1, 2027?","Before Jan 1, 2027",Veton Surroi,Elections,,,0.02,0.1,0.9,0.98,0.06,0.0,0.0,2027-01-08,https://kalshi.com/markets/kxkosovopres/kxkosovopres-27jan01,2026-10-06T18:32:28.216522+00:00,quadratic,1.0
KXKOSOVOPRES-27JAN01-AJAH,KXKOSOVOPRES-27JAN01,KXKOSOVOPRES,Next President of Kosovo? — Atifete Jahjaga,"Will Atifete Jahjaga be the next President of Kosovo before Jan 1, 2027?","Before Jan 1, 2027",Atifete Jahjaga,Elections,,,0.02,0.1,0.9,0.98,0.06,0.0,0.0,2027-01-08,https://kalshi.com/markets/kxkosovopres/kxkosovopres-27jan01,2026-10-06T18:32:28.216537+00:00,quadratic,1.0
KXESTPRES-27JAN01-UMAD,KXESTPRES-27JAN01,KXESTPRES,Next President of Estonia? — Ülle Madise,"Will Ülle Madise be the next President of Estonia before Jan 1, 2027?","Before Jan 1, 2027",Ülle Madise,Elections,,,0.95,1.0,0.0,0.05,0.94,5654.5,7193.47,2027-01-08,https://kalshi.com/markets/kxestpres/kxestpres-27jan01,2026-10-06T18:32:28.217531+00:00,quadratic,1.0
GOVPARTYSD-26-D,GOVPARTYSD-26,GOVPARTYSD,South Dakota Governor winner? — Dan Ahlers,Will the Democratic party win the governorship in South Dakota,In 2026,Dan Ahlers,Elections,,2026-GOV-SD,0.01,0.053,0.947,0.99,0.043,3998.18,4728.33,2027-11-03,https://kalshi.com/markets/govpartysd/govpartysd-26,2026-10-06T18:32:28.219055+00:00,quadratic,1.0
GOVPARTYFL-26-D,GOVPARTYFL-26,GOVPARTYFL,Florida Governor winner? — David Jolly,Will the Democratic party win the governorship in Florida,In 2026,David Jolly,Elections,,2026-GOV-FL,0.23,0.24,0.76,0.77,0.24,535000.62,754739.3,2027-11-03,https://kalshi.com/markets/govpartyfl/govpartyfl-26,2026-10-06T18:32:28.219088+00:00,quadratic,1.0
GOVPARTYCO-26-D,GOVPARTYCO-26,GOVPARTYCO,Colorado Governor winner? — Phil Weiser,Will the Democratic party win the governorship in Colorado,In 2026,Phil Weiser,Elections,,2026-GOV-CO,0.961,0.969,0.031,0.039,0.969,38934.44,50708.3,2027-11-03,https://kalshi.com/markets/govpartyco/govpartyco-26,2026-10-06T18:32:28.219121+00:00,quadratic,1.0
GOVPARTYWY-26-D,GOVPARTYWY-26,GOVPARTYWY,Wyoming Governor winner? — Kenneth Casner,Will the Democratic party win the governorship in Wyoming,In 2026,Kenneth Casner,Elections,,2026-GOV-WY,0.03,0.037,0.963,0.97,0.038,3188.15,3265.67,2027-11-03,https://kalshi.com/markets/govpartywy/govpartywy-26,2026-10-06T18:32:28.222873+00:00,quadratic,1.0
GOVPARTYWI-26-D,GOVPARTYWI-26,GOVPARTYWI,Wisconsin Governor winner? — David Crowley,Will the Democratic party win the governorship in Wisconsin,In 2026,David Crowley,Elections,,2026-GOV-WI,0.79,0.8,0.2,0.21,0.79,230688.76,496485.45,2027-11-03,https://kalshi.com/markets/govpartywi/govpartywi-26,2026-10-06T18:32:28.222906+00:00,quadratic,1.0
GOVPARTYMN-26-D,GOVPARTYMN-26,GOVPARTYMN,Minnesota Governor winner? — Amy Klobuchar,Will the Democratic party win the governorship in Minnesota,In 2026,Amy Klobuchar,Elections,,2026-GOV-MN,0.946,0.957,0.043,0.054,0.956,104193.24,199193.78,2027-11-03,https://kalshi.com/markets/govpartymn/govpartymn-26,2026-10-06T18:32:28.222938+00:00,quadratic,1.0
GOVPARTYID-26-D,GOVPARTYID-26,GOVPARTYID,Idaho Governor winner? — Terri Pickens,Will the Democratic party win the governorship in Idaho,In 2026,Terri Pickens,Elections,,2026-GOV-ID,0.009,0.036,0.964,0.991,0.036,2188.26,2616.09,2027-11-03,https://kalshi.com/markets/govpartyid/govpartyid-26,2026-10-06T18:32:28.222971+00:00,quadratic,1.0
GOVPARTYRI-26-D,GOVPARTYRI-26,GOVPARTYRI,Rhode Island Governor winner? — Helena Foulkes,Will the Democratic party win the governorship in Rhode Island,In 2026,Helena Foulkes,Elections,,2026-GOV-RI,0.956,0.98,0.02,0.044,0.957,8315.0,12134.45,2027-11-03,https://kalshi.com/markets/govpartyri/govpartyri-26,2026-10-06T18:32:28.224299+00:00,quadratic,1.0
GOVPARTYVT-26-D,GOVPARTYVT-26,GOVPARTYVT,Vermont Governor winner? — Amanda Janoo,Will the Democratic party win the governorship in Vermont,In 2026,Amanda Janoo,Elections,,2026-GOV-VT,0.24,0.25,0.75,0.76,0.25,130131.76,217883.31,2027-11-03,https://kalshi.com/markets/govpartyvt/govpartyvt-26,2026-10-06T18:32:28.226041+00:00,quadratic,1.0
GOVPARTYMA-26-D,GOVPARTYMA-26,GOVPARTYMA,Massachusetts Governor winner? — Maura Healey,Will the Democratic party win the governorship in Massachusetts,In 2026,Maura Healey,Elections,,2026-GOV-MA,0.95,0.958,0.042,0.05,0.949,58372.66,86543.97,2027-11-03,https://kalshi.com/markets/govpartyma/govpartyma-26,2026-10-06T18:32:28.226073+00:00,quadratic,1.0
SENATEWY-26-D,SENATEWY-26,SENATEWY,Wyoming Senate winner? — James Byrd,Will Democratics win the Senate race in Wyoming?,In 2026,James Byrd,Elections,,2026-SEN-WY,0.024,0.027,0.973,0.976,0.026,8278.75,9950.73,2027-11-03,https://kalshi.com/markets/senatewy/senatewy-26,2026-10-06T18:32:28.237462+00:00,quadratic,1.0
SENATEWV-26-D,SENATEWV-26,SENATEWV,West Virginia Senate winner? — Rachel Fetty Anderson,Will Democratics win the Senate race in West Virginia?,In 2026,Rachel Fetty Anderson,Elections,,2026-SEN-WV,0.022,0.028,0.972,0.978,0.027,12032.84,16019.78,2027-11-03,https://kalshi.com/markets/senatewv/senatewv-26,2026-10-06T18:32:28.237493+00:00,quadratic,1.0
SENATEVA-26-D,SENATEVA-26,SENATEVA,Virginia Senate winner? — Mark Warner,Will Democratics win the Senate race in Virginia?,In 2026,Mark Warner,Elections,,2026-SEN-VA,0.977,0.99,0.01,0.023,0.978,4861.51,18901.55,2027-11-03,https://kalshi.com/markets/senateva/senateva-26,2026-10-06T18:32:28.237524+00:00,quadratic,1.0
SENATETX-26-D,SENATETX-26,SENATETX,Texas Senate winner? — James Talarico,Will Democratics win the Senate race in Texas?,In 2026,James Talarico,Elections,,2026-SEN-TX,0.65,0.66,0.34,0.35,0.66,5489954.26,7840867.91,2027-11-03,https://kalshi.com/markets/senatetx/senatetx-26,2026-10-06T18:32:28.237554+00:00,quadratic,1.0
SENATETN-26-D,SENATETN-26,SENATETN,Tennessee Senate winner? — Marquita Bradshaw,Will Democratics win the Senate race in Tennessee?,In 2026,Marquita Bradshaw,Elections,,2026-SEN-TN,0.032,0.048,0.952,0.968,0.05,41075.32,63506.34,2027-11-03,https://kalshi.com/markets/senatetn/senatetn-26,2026-10-06T18:32:28.237584+00:00,quadratic,1.0
SENATESD-26-D,SENATESD-26,SENATESD,South Dakota Senate winner? — Julian Beaudion,Will Democratics win the Senate race in South Dakota?,In 2026,Julian Beaudion,Elections,,2026-SEN-SD,0.001,0.002,0.998,0.999,0.0015,18012.13,35248.39,2027-11-03,https://kalshi.com/markets/senatesd/senatesd-26,2026-10-06T18:32:28.237615+00:00,quadratic,1.0
SENATESC-26-D,SENATESC-26,SENATESC,South Carolina Senate winner? — Annie Andrews,Will Democratics win the Senate race in South Carolina?,In 2026,Annie Andrews,Elections,,2026-SEN-SC,0.13,0.14,0.86,0.87,0.14,1024822.67,1465327.44,2027-11-03,https://kalshi.com/markets/senatesc/senatesc-26,2026-10-06T18:32:28.237657+00:00,quadratic,1.0
SENATERI-26-D,SENATERI-26,SENATERI,Rhode Island Senate winner? — Jack Reed,Will Democratics win the Senate race in Rhode Island?,In 2026,Jack Reed,Elections,,2026-SEN-RI,0.988,0.992,0.008,0.012,0.99,9492.85,18755.78,2027-11-03,https://kalshi.com/markets/senateri/senateri-26,2026-10-06T18:32:28.237711+00:00,quadratic,1.0
SENATEOR-26-D,SENATEOR-26,SENATEOR,Oregon Senate winner? — Jeff Merkley,Will Democratics win the Senate race in Oregon?,In 2026,Jeff Merkley,Elections,,2026-SEN-OR,0.977,0.994,0.006,0.023,0.9855,3016.66,4909.55,2027-11-03,https://kalshi.com/markets/senateor/senateor-26,2026-10-06T18:32:28.237742+00:00,quadratic,1.0
SENATEOK-26-D,SENATEOK-26,SENATEOK,Oklahoma Senate winner? — N’Kiyla Thomas,Will Democratics win the Senate race in Oklahoma?,In 2026,N’Kiyla Thomas,Elections,,2026-SEN-OK,0.027,0.039,0.961,0.973,0.057,12974.28,19496.78,2027-11-03,https://kalshi.com/markets/senateok/senateok-26,2026-10-06T18:32:28.237773+00:00,quadratic,1.0
SENATEOHS-26-D,SENATEOHS-26,SENATEOHS,Ohio Senate winner? — Sherrod Brown,Will Democratics win the Senate race in Ohio?,In 2026,Sherrod Brown,Elections,,2026-SEN-OH-S,0.63,0.64,0.36,0.37,0.63,2308322.2,3079945.03,2027-11-03,https://kalshi.com/markets/senateohs/senateohs-26,2026-10-06T18:32:28.237804+00:00,quadratic,1.0
SENATENM-26-D,SENATENM-26,SENATENM,New Mexico Senate winner? — Ben Ray Luján,Will Democratics win the Senate race in New Mexico?,In 2026,Ben Ray Luján,Elections,,2026-SEN-NM,0.977,0.993,0.007,0.023,0.985,7143.86,21830.58,2027-11-03,https://kalshi.com/markets/senatenm/senatenm-26,2026-10-06T18:32:28.237835+00:00,quadratic,1.0
SENATENJ-26-D,SENATENJ-26,SENATENJ,New Jersey Senate winner? — Cory Booker,Will Democratics win the Senate race in New Jersey?,In 2026,Cory Booker,Elections,,2026-SEN-NJ,0.987,0.99,0.01,0.013,0.9885,4006.21,12142.41,2027-11-03,https://kalshi.com/markets/senatenj/senatenj-26,2026-10-06T18:32:28.237866+00:00,quadratic,1.0
SENATENH-26-D,SENATENH-26,SENATENH,New Hampshire Senate winner? — Chris Pappas,Will Democratics win the Senate race in New Hampshire?,In 2026,Chris Pappas,Elections,,2026-SEN-NH,0.89,0.9,0.1,0.11,0.9,244749.21,554864.11,2027-11-03,https://kalshi.com/markets/senatenh/senatenh-26,2026-10-06T18:32:28.237900+00:00,quadratic,1.0
SENATENC-26-D,SENATENC-26,SENATENC,North Carolina Senate winner? — Roy Cooper,Will Democratics win the Senate race in North Carolina?,In 2026,Roy Cooper,Elections,,2026-SEN-NC,0.967,0.973,0.027,0.033,0.966,1350125.18,1523068.75,2027-11-03,https://kalshi.com/markets/senatenc/senatenc-26,2026-10-06T18:32:28.237974+00:00,quadratic,1.0
SENATEMT-26-D,SENATEMT-26,SENATEMT,Montana Senate winner? — Alani Bankhead,Will Democratics win the Senate race in Montana?,In 2026,Alani Bankhead,Elections,,2026-SEN-MT,0.008,0.01,0.99,0.992,0.009,133069.43,171667.93,2027-11-03,https://kalshi.com/markets/senatemt/senatemt-26,2026-10-06T18:32:28.238006+00:00,quadratic,1.0
SENATEMS-26-D,SENATEMS-26,SENATEMS,Mississippi Senate winner? — Scott Colom,Will Democratics win the Senate race in Mississippi?,In 2026,Scott Colom,Elections,,2026-SEN-MS,0.095,0.097,0.903,0.905,0.097,117646.74,181309.0,2027-11-03,https://kalshi.com/markets/senatems/senatems-26,2026-10-06T18:32:28.238050+00:00,quadratic,1.0
SENATEMI-26-D,SENATEMI-26,SENATEMI,Michigan Senate winner? — Abdul El-Sayed,Will Democratics win the Senate race in Michigan?,In 2026,Abdul El-Sayed,Elections,,2026-SEN-MI,0.73,0.74,0.26,0.27,0.74,1383126.95,2200719.04,2027-11-03,https://kalshi.com/markets/senatemi/senatemi-26,2026-10-06T18:32:28.238111+00:00,quadratic,1.0
SENATEME-26-D,SENATEME-26,SENATEME,Maine Senate winner? — Troy Jackson,Will Democratics win the Senate race in Maine?,In 2026,Troy Jackson,Elections,,2026-SEN-ME,0.56,0.57,0.43,0.44,0.57,1115002.12,3643611.84,2027-11-03,https://kalshi.com/markets/senateme/senateme-26,2026-10-06T18:32:28.238142+00:00,quadratic,1.0
SENATEMA-26-D,SENATEMA-26,SENATEMA,Massachusetts Senate winner? — Ed Markey,Will Democratics win the Senate race in Massachusetts?,In 2026,Ed Markey,Elections,,2026-SEN-MA,0.978,0.987,0.013,0.022,0.979,8258.71,9245.01,2027-11-03,https://kalshi.com/markets/senatema/senatema-26,2026-10-06T18:32:28.238171+00:00,quadratic,1.0
SENATEKS-26-D,SENATEKS-26,SENATEKS,Kansas Senate winner? — Adam Hamilton,Will Democratics win the Senate race in Kansas?,In 2026,Adam Hamilton,Elections,,2026-SEN-KS,0.34,0.35,0.65,0.66,0.35,1138072.87,1645095.39,2027-11-03,https://kalshi.com/markets/senateks/senateks-26,2026-10-06T18:32:28.238232+00:00,quadratic,1.0
SENATEIL-26-D,SENATEIL-26,SENATEIL,Illinois Senate winner? — Juliana Stratton,Will Democratics win the Senate race in Illinois?,In 2026,Juliana Stratton,Elections,,2026-SEN-IL,0.973,0.987,0.013,0.027,0.974,8371.07,9794.97,2027-11-03,https://kalshi.com/markets/senateil/senateil-26,2026-10-06T18:32:28.238261+00:00,quadratic,1.0
SENATEIA-26-D,SENATEIA-26,SENATEIA,Iowa Senate winner? — Josh Turek,Will Democratics win the Senate race in Iowa?,In 2026,Josh Turek,Elections,,2026-SEN-IA,0.45,0.46,0.54,0.55,0.46,1363480.75,2352940.07,2027-11-03,https://kalshi.com/markets/senateia/senateia-26,2026-10-06T18:32:28.238337+00:00,quadratic,1.0
SENATEGA-26-D,SENATEGA-26,SENATEGA,Georgia Senate winner? — Jon Ossoff,Will Democratics win the Senate race in Georgia?,In 2026,Jon Ossoff,Elections,,2026-SEN-GA,0.962,0.964,0.036,0.038,0.964,253588.12,457090.66,2027-11-03,https://kalshi.com/markets/senatega/senatega-26,2026-10-06T18:32:28.238366+00:00,quadratic,1.0
SENATEFLS-26-D,SENATEFLS-26,SENATEFLS,Florida Senate winner? — Angie Nixon,Will Democratics win the Senate race in Florida?,In 2026,Angie Nixon,Elections,,2026-SEN-FL-S,0.1,0.11,0.89,0.9,0.11,649156.43,813951.75,2027-11-03,https://kalshi.com/markets/senatefls/senatefls-26,2026-10-06T18:32:28.238396+00:00,quadratic,1.0
SENATEDE-26-D,SENATEDE-26,SENATEDE,Delaware Senate winner? — Democratic party,Will Democratics win the Senate race in Delaware?,In 2026,Democratic party,Elections,,2026-SEN-DE,0.985,0.989,0.011,0.015,0.987,5620.47,7568.46,2027-11-03,https://kalshi.com/markets/senatede/senatede-26,2026-10-06T18:32:28.238426+00:00,quadratic,1.0
SENATECO-26-D,SENATECO-26,SENATECO,Colorado Senate winner? — John Hickenlooper,Will Democratics win the Senate race in Colorado?,In 2026,John Hickenlooper,Elections,,2026-SEN-CO,0.984,0.998,0.002,0.016,0.991,9783.65,12474.79,2027-11-03,https://kalshi.com/markets/senateco/senateco-26,2026-10-06T18:32:28.238456+00:00,quadratic,1.0
SENATEAR-26-D,SENATEAR-26,SENATEAR,Arkansas Senate winner? — Hallie Shoffner,Will Democratics win the Senate race in Arkansas?,In 2026,Hallie Shoffner,Elections,,2026-SEN-AR,0.065,0.068,0.932,0.935,0.069,117997.18,146942.68,2027-11-03,https://kalshi.com/markets/senatear/senatear-26,2026-10-06T18:32:28.238486+00:00,quadratic,1.0
SENATEAL-26-D,SENATEAL-26,SENATEAL,Alabama Senate winner? — Everett Wess,Will Democratics win the Senate race in Alabama?,In 2026,Everett Wess,Elections,,2026-SEN-AL,0.011,0.036,0.964,0.989,0.037,6158.08,9297.77,2027-11-03,https://kalshi.com/markets/senateal/senateal-26,2026-10-06T18:32:28.238514+00:00,quadratic,1.0
SENATEAK-26-D,SENATEAK-26,SENATEAK,Alaska Senate winner? — Democratic party,Will Democratics win the Senate race in Alaska?,In 2026,Democratic party,Elections,,2026-SEN-AK,0.74,0.75,0.25,0.26,0.75,616290.79,978857.28,2027-11-03,https://kalshi.com/markets/senateak/senateak-26,2026-10-06T18:32:28.238543+00:00,quadratic,1.0
KXSENATELA-26NOV-D,KXSENATELA-26NOV,KXSENATELA,Louisiana Senate winner? — Jamie Davis,Will Democratics win the Senate race in Louisiana?,In 2026,Jamie Davis,Elections,,2026-SEN-LA,0.042,0.06,0.94,0.958,0.043,32550.14,67385.81,2027-11-03,https://kalshi.com/markets/kxsenatela/kxsenatela-26nov,2026-10-06T18:32:28.239186+00:00,quadratic,1.0
KXHOUSEWA8-26-D,KXHOUSEWA8-26,KXHOUSEWA8,WA-08 House winner? — Kim Schrier,Will a Democrat win the House race for WA-08?,In 2026,Kim Schrier,Elections,,2026-H-WA-08,0.93,0.98,0.02,0.07,0.957,1820.0,4226.24,2027-11-03,https://kalshi.com/markets/kxhousewa8/kxhousewa8-26,2026-10-06T18:32:28.240345+00:00,quadratic,1.0
KXHOUSEVA10-26-D,KXHOUSEVA10-26,KXHOUSEVA10,VA-10 House winner? — Suhas Subramanyam,Will a Democrat win the House race for VA-10?,In 2026,Suhas Subramanyam,Elections,,2026-H-VA-10,0.954,0.98,0.02,0.046,0.963,525.63,4440.63,2027-11-03,https://kalshi.com/markets/kxhouseva10/kxhouseva10-26,2026-10-06T18:32:28.240376+00:00,quadratic,1.0
KXHOUSEUT03-26-D,KXHOUSEUT03-26,KXHOUSEUT03,UT-03 House winner? — Kent Udell,Will Democratic win the House race for UT-03?,In 2026,Kent Udell,Elections,,2026-H-UT-03,0.032,0.11,0.89,0.968,0.047,1478.0,2190.0,2027-11-03,https://kalshi.com/markets/kxhouseut03/kxhouseut03-26,2026-10-06T18:32:28.240418+00:00,quadratic,1.0
KXHOUSEUT02-26-D,KXHOUSEUT02-26,KXHOUSEUT02,UT-02 House winner? — Peter Crosby,Will Democratic win the House race for UT-02?,In 2026,Peter Crosby,Elections,,2026-H-UT-02,0.012,0.065,0.935,0.988,0.04,2275.65,4280.65,2027-11-03,https://kalshi.com/markets/kxhouseut02/kxhouseut02-26,2026-10-06T18:32:28.240446+00:00,quadratic,1.0
KXHOUSEUT01-26-D,KXHOUSEUT01-26,KXHOUSEUT01,UT-01 House winner? — Ben McAdams,Will Democratic win the House race for UT-01?,In 2026,Ben McAdams,Elections,,2026-H-UT-01,0.941,0.977,0.023,0.059,0.94,2850.51,5855.25,2027-11-03,https://kalshi.com/markets/kxhouseut01/kxhouseut01-26,2026-10-06T18:32:28.240459+00:00,quadratic,1.0
KXHOUSETX9-26-D,KXHOUSETX9-26,KXHOUSETX9,TX-09 House winner? — Leticia Gutierrez,Will Democratic win the House race for TX-09?,In 2026,Leticia Gutierrez,Elections,,2026-H-TX-09,0.16,0.19,0.81,0.84,0.18,6264.58,11335.25,2027-11-03,https://kalshi.com/markets/kxhousetx9/kxhousetx9-26,2026-10-06T18:32:28.240486+00:00,quadratic,1.0
KXHOUSETX35-26-D,KXHOUSETX35-26,KXHOUSETX35,TX-35 House winner? — Johnny C. Garcia,Will Democratic win the House race for TX-35?,In 2026,Johnny C. Garcia,Elections,,2026-H-TX-35,0.6,0.63,0.37,0.4,0.61,35806.81,50965.34,2027-11-03,https://kalshi.com/markets/kxhousetx35/kxhousetx35-26,2026-10-06T18:32:28.240513+00:00,quadratic,1.0
KXHOUSETX32-26-D,KXHOUSETX32-26,KXHOUSETX32,TX-32 House winner? — Dan Barrios,Will Democratic win the House race for TX-32?,In 2026,Dan Barrios,Elections,,2026-H-TX-32,0.1,0.13,0.87,0.9,0.1,8682.69,18500.22,2027-11-03,https://kalshi.com/markets/kxhousetx32/kxhousetx32-26,2026-10-06T18:32:28.240541+00:00,quadratic,1.0
KXHOUSENC11-26-DEM,KXHOUSENC11-26,KXHOUSENC11,NC-11 House winner? — Jamie Ager,Will Democratic win the House race for NC-11?,In 2026,Jamie Ager,Elections,,2026-H-NC-11,0.68,0.7,0.3,0.32,0.7,63919.3,84897.98,2027-11-03,https://kalshi.com/markets/kxhousenc11/kxhousenc11-26,2026-10-06T18:32:28.240569+00:00,quadratic,1.0
KXHOUSEMO5-26-D,KXHOUSEMO5-26,KXHOUSEMO5,MO-05 House winner? — Democratic party,Will Democratic win the House race for MO-05?,In 2026,Democratic party,Elections,,2026-H-MO-05,0.947,0.965,0.035,0.053,0.965,19806.19,61529.36,2027-11-03,https://kalshi.com/markets/kxhousemo5/kxhousemo5-26,2026-10-06T18:32:28.240597+00:00,quadratic,1.0
KXHOUSEIN7-26-D,KXHOUSEIN7-26,KXHOUSEIN7,IN-07 House winner? — André Carson,Will Democrats win the House race for IN-07?,In 2026,André Carson,Elections,,2026-H-IN-07,0.962,0.98,0.02,0.038,0.98,8690.0,19777.0,2027-11-03,https://kalshi.com/markets/kxhousein7/kxhousein7-26,2026-10-06T18:32:28.240624+00:00,quadratic,1.0
HOUSEWI3-26-D,HOUSEWI3-26,HOUSEWI3,WI-03 House winner? — Rebecca Cooke,Will a Democrat win the House race for WI-3?,In 2026,Rebecca Cooke,Elections,,2026-H-WI-03,0.72,0.74,0.26,0.28,0.74,24723.39,117309.9,2027-11-03,https://kalshi.com/markets/housewi3/housewi3-26,2026-10-06T18:32:28.259624+00:00,quadratic,1.0
HOUSEWI1-26-D,HOUSEWI1-26,HOUSEWI1,WI-01 House winner? — Mitchell Berman,Will Democratic win the House race for WI-1?,In 2026,Mitchell Berman,Elections,,2026-H-WI-01,0.34,0.37,0.63,0.66,0.35,15706.55,19819.21,2027-11-03,https://kalshi.com/markets/housewi1/housewi1-26,2026-10-06T18:32:28.259653+00:00,quadratic,1.0
HOUSEWA3-26-D,HOUSEWA3-26,HOUSEWA3,WA-03 House winner? — Marie Gluesenkamp Perez,Will Democratic win the House race for WA-3?,In 2026,Marie Gluesenkamp Perez,Elections,,2026-H-WA-03,0.9,0.903,0.097,0.1,0.9,31609.86,48045.48,2027-11-03,https://kalshi.com/markets/housewa3/housewa3-26,2026-10-06T18:32:28.259696+00:00,quadratic,1.0
HOUSEVA7-26-D,HOUSEVA7-26,HOUSEVA7,VA-07 House winner? — Eugene Vindman,Will Democratic win the House race for VA-07?,In 2026,Eugene Vindman,Elections,,2026-H-VA-07,0.917,0.957,0.043,0.083,0.964,9548.06,13839.68,2027-11-03,https://kalshi.com/markets/houseva7/houseva7-26,2026-10-06T18:32:28.259724+00:00,quadratic,1.0
HOUSEVA2-26-D,HOUSEVA2-26,HOUSEVA2,VA-02 House winner? — Elaine Luria,Will Democratic win the House race for VA-2?,In 2026,Elaine Luria,Elections,,2026-H-VA-02,0.82,0.83,0.17,0.18,0.83,49726.76,82750.64,2027-11-03,https://kalshi.com/markets/houseva2/houseva2-26,2026-10-06T18:32:28.259751+00:00,quadratic,1.0
HOUSEVA1-26-D,HOUSEVA1-26,HOUSEVA1,VA-01 House winner? — Shannon Taylor,Will Democratic win the House race for VA-1?,In 2026,Shannon Taylor,Elections,,2026-H-VA-01,0.5,0.52,0.48,0.5,0.51,40613.86,84977.96,2027-11-03,https://kalshi.com/markets/houseva1/houseva1-26,2026-10-06T18:32:28.259776+00:00,quadratic,1.0
HOUSETX34-26-D,HOUSETX34-26,HOUSETX34,TX-34 House winner? — Vicente Gonzalez,Will Democratic win the House race for TX-34?,In 2026,Vicente Gonzalez,Elections,,2026-H-TX-34,0.82,0.85,0.15,0.18,0.83,19756.3,35124.86,2027-11-03,https://kalshi.com/markets/housetx34/housetx34-26,2026-10-06T18:32:28.259804+00:00,quadratic,1.0
HOUSETX28-26-D,HOUSETX28-26,HOUSETX28,TX-28 House winner? — Henry Cuellar,Will Democratic win the House race for TX-28?,In 2026,Henry Cuellar,Elections,,2026-H-TX-28,0.88,0.89,0.11,0.12,0.89,79860.29,153239.7,2027-11-03,https://kalshi.com/markets/housetx28/housetx28-26,2026-10-06T18:32:28.259832+00:00,quadratic,1.0
HOUSETX15-26-D,HOUSETX15-26,HOUSETX15,TX-15 House winner? — Bobby Pulido,Will Democratic win the House race for TX-15?,In 2026,Bobby Pulido,Elections,,2026-H-TX-15,0.81,0.82,0.18,0.19,0.82,309805.43,481118.15,2027-11-03,https://kalshi.com/markets/housetx15/housetx15-26,2026-10-06T18:32:28.259858+00:00,quadratic,1.0
HOUSEPA8-26-D,HOUSEPA8-26,HOUSEPA8,PA-08 House winner? — Paige Cognetti,Will Democratic win the House race for PA-8?,In 2026,Paige Cognetti,Elections,,2026-H-PA-08,0.69,0.71,0.29,0.31,0.7,31614.25,39740.06,2027-11-03,https://kalshi.com/markets/housepa8/housepa8-26,2026-10-06T18:32:28.259884+00:00,quadratic,1.0
HOUSEPA7-26-D,HOUSEPA7-26,HOUSEPA7,PA-07 House winner? — Bob Brooks,Will Democratic win the House race for PA-7?,In 2026,Bob Brooks,Elections,,2026-H-PA-07,0.85,0.86,0.14,0.15,0.86,76844.74,229249.01,2027-11-03,https://kalshi.com/markets/housepa7/housepa7-26,2026-10-06T18:32:28.259911+00:00,quadratic,1.0
HOUSEPA17-26-D,HOUSEPA17-26,HOUSEPA17,PA-17 House winner? — Chris Deluzio,Will Democratic win the House race for PA-17?,In 2026,Chris Deluzio,Elections,,2026-H-PA-17,0.942,0.97,0.03,0.058,0.942,3582.09,7414.43,2027-11-03,https://kalshi.com/markets/housepa17/housepa17-26,2026-10-06T18:32:28.259939+00:00,quadratic,1.0
HOUSEPA1-26-D,HOUSEPA1-26,HOUSEPA1,PA-01 House winner? — Bob Harvie,Will Democratic win the House race for PA-1?,In 2026,Bob Harvie,Elections,,2026-H-PA-01,0.37,0.38,0.62,0.63,0.38,168866.42,177502.02,2027-11-03,https://kalshi.com/markets/housepa1/housepa1-26,2026-10-06T18:32:28.259965+00:00,quadratic,1.0
HOUSEPA10-26-D,HOUSEPA10-26,HOUSEPA10,PA-10 House winner? — Janelle Stelson,Will Democratic win the House race for PA-10?,In 2026,Janelle Stelson,Elections,,2026-H-PA-10,0.79,0.8,0.2,0.21,0.8,8142.53,10310.68,2027-11-03,https://kalshi.com/markets/housepa10/housepa10-26,2026-10-06T18:32:28.259990+00:00,quadratic,1.0
HOUSEOR5-26-D,HOUSEOR5-26,HOUSEOR5,OR-05 House winner? — Janelle Bynum,Will Democratic win the House race for OR-5?,In 2026,Janelle Bynum,Elections,,2026-H-OR-05,0.957,0.97,0.03,0.043,0.97,1988.0,2815.0,2027-11-03,https://kalshi.com/markets/houseor5/houseor5-26,2026-10-06T18:32:28.260016+00:00,quadratic,1.0
HOUSEOH9-26-D,HOUSEOH9-26,HOUSEOH9,OH-09 House winner? — Marcy Kaptur,Will Democratic win the House race for OH-9?,In 2026,Marcy Kaptur,Elections,,2026-H-OH-09,0.69,0.71,0.29,0.31,0.72,26239.06,42820.75,2027-11-03,https://kalshi.com/markets/houseoh9/houseoh9-26,2026-10-06T18:32:28.260041+00:00,quadratic,1.0
HOUSEOH13-26-D,HOUSEOH13-26,HOUSEOH13,OH-13 House winner? — Emilia Sykes,Will Democratic win the House race for OH-13?,In 2026,Emilia Sykes,Elections,,2026-H-OH-13,0.934,0.969,0.031,0.066,0.969,2940.68,6520.72,2027-11-03,https://kalshi.com/markets/houseoh13/houseoh13-26,2026-10-06T18:32:28.260067+00:00,quadratic,1.0
HOUSEOH1-26-D,HOUSEOH1-26,HOUSEOH1,OH-01 House winner? — Greg Landsman,Will a Democrat win the House race for OH-1?,In 2026,Greg Landsman,Elections,,2026-H-OH-01,0.85,0.87,0.13,0.15,0.84,23406.02,27089.87,2027-11-03,https://kalshi.com/markets/houseoh1/houseoh1-26,2026-10-06T18:32:28.260094+00:00,quadratic,1.0
HOUSENY4-26-D,HOUSENY4-26,HOUSENY4,NY-04 House winner? — Laura Gillen,Will Democratic win the House race for NY-4?,In 2026,Laura Gillen,Elections,,2026-H-NY-04,0.88,0.904,0.096,0.12,0.88,13163.56,16259.32,2027-11-03,https://kalshi.com/markets/houseny4/houseny4-26,2026-10-06T18:32:28.260120+00:00,quadratic,1.0
HOUSENY3-26-D,HOUSENY3-26,HOUSENY3,NY-03 House winner? — Tom Suozzi,Will a Democrat win the House race for NY-3?,In 2026,Tom Suozzi,Elections,,2026-H-NY-03,0.87,0.89,0.11,0.13,0.89,5276.1,5905.03,2027-11-03,https://kalshi.com/markets/houseny3/houseny3-26,2026-10-06T18:32:28.260147+00:00,quadratic,1.0
HOUSENY22-26-D,HOUSENY22-26,HOUSENY22,NY-22 House winner? — John Mannion,Will a Democrat win the House race for NY-22?,In 2026,John Mannion,Elections,,2026-H-NY-22,0.941,0.962,0.038,0.059,0.958,3935.0,4754.0,2027-11-03,https://kalshi.com/markets/houseny22/houseny22-26,2026-10-06T18:32:28.260172+00:00,quadratic,1.0
HOUSENY19-26-D,HOUSENY19-26,HOUSENY19,NY-19 House winner? — Josh Riley,Will Democratic win the House race for NY-19?,In 2026,Josh Riley,Elections,,2026-H-NY-19,0.958,0.983,0.017,0.042,0.966,4851.57,7910.27,2027-11-03,https://kalshi.com/markets/houseny19/houseny19-26,2026-10-06T18:32:28.260196+00:00,quadratic,1.0
HOUSENY18-26-D,HOUSENY18-26,HOUSENY18,NY-18 House winner? — Pat Ryan,Will a Democrat win the House race for NY-18?,In 2026,Pat Ryan,Elections,,2026-H-NY-18,0.942,0.944,0.056,0.058,0.944,2422.84,7320.27,2027-11-03,https://kalshi.com/markets/houseny18/houseny18-26,2026-10-06T18:32:28.260223+00:00,quadratic,1.0
HOUSENY17-26-D,HOUSENY17-26,HOUSENY17,NY-17 House winner? — Cait Conley,Will Democratic win the House race for NY-17?,In 2026,Cait Conley,Elections,,2026-H-NY-17,0.63,0.64,0.36,0.37,0.64,61206.13,83843.1,2027-11-03,https://kalshi.com/markets/houseny17/houseny17-26,2026-10-06T18:32:28.260250+00:00,quadratic,1.0
HOUSENV4-26-D,HOUSENV4-26,HOUSENV4,NV-04 House winner? — Steven Horsford,Will a Democrat win the House race for NV-4?,In 2026,Steven Horsford,Elections,,2026-H-NV-04,0.952,0.97,0.03,0.048,0.97,3506.11,6260.27,2027-11-03,https://kalshi.com/markets/housenv4/housenv4-26,2026-10-06T18:32:28.260275+00:00,quadratic,1.0
HOUSENV3-26-D,HOUSENV3-26,HOUSENV3,NV-03 House winner? — Susie Lee,Will Democratic win the House race for NV-3?,In 2026,Susie Lee,Elections,,2026-H-NV-03,0.903,0.93,0.07,0.097,0.907,4859.67,9343.69,2027-11-03,https://kalshi.com/markets/housenv3/housenv3-26,2026-10-06T18:32:28.260302+00:00,quadratic,1.0
HOUSENV1-26-D,HOUSENV1-26,HOUSENV1,NV-01 House winner? — Dina Titus,Will a Democrat win the House race for NV-1?,In 2026,Dina Titus,Elections,,2026-H-NV-01,0.939,0.971,0.029,0.061,0.964,1819.08,6731.63,2027-11-03,https://kalshi.com/markets/housenv1/housenv1-26,2026-10-06T18:32:28.260327+00:00,quadratic,1.0
HOUSENM2-26-D,HOUSENM2-26,HOUSENM2,NM-02 House winner? — Gabe Vasquez,Will Democratic win the House race for NM-2?,In 2026,Gabe Vasquez,Elections,,2026-H-NM-02,0.928,0.948,0.052,0.072,0.947,12742.82,17393.71,2027-11-03,https://kalshi.com/markets/housenm2/housenm2-26,2026-10-06T18:32:28.260354+00:00,quadratic,1.0
HOUSENJ9-26-D,HOUSENJ9-26,HOUSENJ9,NJ-09 House winner? — Nellie Pou,Will Democratic win the House race for NJ-9?,In 2026,Nellie Pou,Elections,,2026-H-NJ-09,0.961,0.968,0.032,0.039,0.967,4237.79,11553.06,2027-11-03,https://kalshi.com/markets/housenj9/housenj9-26,2026-10-06T18:32:28.260380+00:00,quadratic,1.0
HOUSENJ7-26-D,HOUSENJ7-26,HOUSENJ7,NJ-07 House winner? — Rebecca Bennett,Will Democratic win the House race for NJ-7?,In 2026,Rebecca Bennett,Elections,,2026-H-NJ-07,0.89,0.918,0.082,0.11,0.9,15407.92,130137.8,2027-11-03,https://kalshi.com/markets/housenj7/housenj7-26,2026-10-06T18:32:28.260406+00:00,quadratic,1.0
HOUSENJ5-26-D,HOUSENJ5-26,HOUSENJ5,NJ-05 House winner? — Josh Gottheimer,Will a Democrat win the House race for NJ-5?,In 2026,Josh Gottheimer,Elections,,2026-H-NJ-05,0.927,0.984,0.016,0.073,0.935,3265.84,4112.64,2027-11-03,https://kalshi.com/markets/housenj5/housenj5-26,2026-10-06T18:32:28.260431+00:00,quadratic,1.0
HOUSENH1-26-D,HOUSENH1-26,HOUSENH1,NH-01 House winner? — Stefany Shaheen,Will a Democrat win the House race for NH-1?,In 2026,Stefany Shaheen,Elections,,2026-H-NH-01,0.915,0.959,0.041,0.085,0.96,2729.74,7324.99,2027-11-03,https://kalshi.com/markets/housenh1/housenh1-26,2026-10-06T18:32:28.260456+00:00,quadratic,1.0
HOUSENE2-26-D,HOUSENE2-26,HOUSENE2,NE-02 House winner? — Denise Powell,Will Democratic win the House race for NE-2?,In 2026,Denise Powell,Elections,,2026-H-NE-02,0.916,0.927,0.073,0.084,0.921,16361.19,19110.35,2027-11-03,https://kalshi.com/markets/housene2/housene2-26,2026-10-06T18:32:28.260482+00:00,quadratic,1.0
HOUSENC1-26-D,HOUSENC1-26,HOUSENC1,NC-01 House winner? — Don Davis,Will Democratic win the House race for NC-1?,In 2026,Don Davis,Elections,,2026-H-NC-01,0.61,0.63,0.37,0.39,0.63,28098.74,56768.78,2027-11-03,https://kalshi.com/markets/housenc1/housenc1-26,2026-10-06T18:32:28.260507+00:00,quadratic,1.0
HOUSEMT1-26-D,HOUSEMT1-26,HOUSEMT1,MT-01 House winner? — Sam Forstag,Will Democratic win the House race for MT-1?,In 2026,Sam Forstag,Elections,,2026-H-MT-01,0.32,0.34,0.66,0.68,0.34,124138.88,156884.79,2027-11-03,https://kalshi.com/markets/housemt1/housemt1-26,2026-10-06T18:32:28.260532+00:00,quadratic,1.0
HOUSEMN2-26-D,HOUSEMN2-26,HOUSEMN2,MN-02 House winner? — Matt Little,Will a Democrat win the House race for MN-2?,In 2026,Matt Little,Elections,,2026-H-MN-02,0.908,0.935,0.065,0.092,0.94,2125.04,5209.27,2027-11-03,https://kalshi.com/markets/housemn2/housemn2-26,2026-10-06T18:32:28.260558+00:00,quadratic,1.0
HOUSEMI8-26-D,HOUSEMI8-26,HOUSEMI8,MI-08 House winner? — Kristen McDonald Rivet,Will Democratic win the House race for MI-8?,In 2026,Kristen McDonald Rivet,Elections,,2026-H-MI-08,0.913,0.941,0.059,0.087,0.94,2420.75,3480.94,2027-11-03,https://kalshi.com/markets/housemi8/housemi8-26,2026-10-06T18:32:28.260583+00:00,quadratic,1.0
HOUSEMI7-26-D,HOUSEMI7-26,HOUSEMI7,MI-07 House winner? — William Lawrence,Will Democratic win the House race for MI-7?,In 2026,William Lawrence,Elections,,2026-H-MI-07,0.59,0.6,0.4,0.41,0.6,33783.6,43579.56,2027-11-03,https://kalshi.com/markets/housemi7/housemi7-26,2026-10-06T18:32:28.260609+00:00,quadratic,1.0
HOUSEMI4-26-D,HOUSEMI4-26,HOUSEMI4,MI-04 House winner? — Sean McCann,Will Democratic win the House race for MI-4?,In 2026,Sean McCann,Elections,,2026-H-MI-04,0.46,0.47,0.53,0.54,0.47,9014.0,12989.12,2027-11-03,https://kalshi.com/markets/housemi4/housemi4-26,2026-10-06T18:32:28.260634+00:00,quadratic,1.0
HOUSEMI3-26-D,HOUSEMI3-26,HOUSEMI3,MI-03 House winner? — Hillary Scholten,Will a Democrat win the House race for MI-3?,In 2026,Hillary Scholten,Elections,,2026-H-MI-03,0.945,0.97,0.03,0.055,0.958,3417.81,5829.39,2027-11-03,https://kalshi.com/markets/housemi3/housemi3-26,2026-10-06T18:32:28.260660+00:00,quadratic,1.0
HOUSEMI10-26-D,HOUSEMI10-26,HOUSEMI10,MI-10 House winner? — Christina Hines,Will Democratic win the House race for MI-10?,In 2026,Christina Hines,Elections,,2026-H-MI-10,0.65,0.66,0.34,0.35,0.66,6985.45,12682.24,2027-11-03,https://kalshi.com/markets/housemi10/housemi10-26,2026-10-06T18:32:28.260702+00:00,quadratic,1.0
HOUSEME2-26-D,HOUSEME2-26,HOUSEME2,ME-02 House winner? — Matt Dunlap,Will Democratic win the House race for ME-2?,In 2026,Matt Dunlap,Elections,,2026-H-ME-02,0.34,0.35,0.65,0.66,0.35,35494.47,57638.24,2027-11-03,https://kalshi.com/markets/houseme2/houseme2-26,2026-10-06T18:32:28.260728+00:00,quadratic,1.0
HOUSEIN1-26-D,HOUSEIN1-26,HOUSEIN1,IN-01 House winner? — Frank Mrvan,Will a Democrat win the House race for IN-1?,In 2026,Frank Mrvan,Elections,,2026-H-IN-01,0.948,0.975,0.025,0.052,0.974,5289.22,10227.71,2027-11-03,https://kalshi.com/markets/housein1/housein1-26,2026-10-06T18:32:28.260754+00:00,quadratic,1.0
HOUSEIL17-26-D,HOUSEIL17-26,HOUSEIL17,IL-17 House winner? — Eric Sorensen,Will a Democrat win the House race for IL-17?,In 2026,Eric Sorensen,Elections,,2026-H-IL-17,0.928,0.976,0.024,0.072,0.951,1656.92,3159.62,2027-11-03,https://kalshi.com/markets/houseil17/houseil17-26,2026-10-06T18:32:28.260783+00:00,quadratic,1.0
HOUSEIA3-26-D,HOUSEIA3-26,HOUSEIA3,IA-03 House winner? — Sarah Trone Garriott,Will Democratic win the House race for IA-3?,In 2026,Sarah Trone Garriott,Elections,,2026-H-IA-03,0.76,0.78,0.22,0.24,0.76,36970.48,44636.85,2027-11-03,https://kalshi.com/markets/houseia3/houseia3-26,2026-10-06T18:32:28.260808+00:00,quadratic,1.0
HOUSEIA1-26-D,HOUSEIA1-26,HOUSEIA1,IA-01 House winner? — Christina Bohannan,Will Democratic win the House race for IA-1?,In 2026,Christina Bohannan,Elections,,2026-H-IA-01,0.84,0.85,0.15,0.16,0.85,61204.43,185428.37,2027-11-03,https://kalshi.com/markets/houseia1/houseia1-26,2026-10-06T18:32:28.260835+00:00,quadratic,1.0
HOUSEFL23-26-D,HOUSEFL23-26,HOUSEFL23,FL-23 House winner? — Lois Frankel,Will Democratic win the House race for FL-23?,In 2026,Lois Frankel,Elections,,2026-H-FL-23,0.929,0.97,0.03,0.071,0.94,1940.28,9284.47,2027-11-03,https://kalshi.com/markets/housefl23/housefl23-26,2026-10-06T18:32:28.260877+00:00,quadratic,1.0
HOUSEFL13-26-D,HOUSEFL13-26,HOUSEFL13,FL-13 House winner? — Leela Gray,Will Democratic win the House race for FL-13?,In 2026,Leela Gray,Elections,,2026-H-FL-13,0.26,0.27,0.73,0.74,0.26,6280.99,8548.05,2027-11-03,https://kalshi.com/markets/housefl13/housefl13-26,2026-10-06T18:32:28.260905+00:00,quadratic,1.0
HOUSECT5-26-D,HOUSECT5-26,HOUSECT5,CT-05 House winner? — Jahana Hayes,Will a Democrat win the House race for CT-5?,In 2026,Jahana Hayes,Elections,,2026-H-CT-05,0.925,0.969,0.031,0.075,0.961,3046.62,5669.63,2027-11-03,https://kalshi.com/markets/housect5/housect5-26,2026-10-06T18:32:28.260931+00:00,quadratic,1.0
HOUSECO8-26-D,HOUSECO8-26,HOUSECO8,CO-08 House winner? — Manny Rutinel,Will Democratic win the House race for CO-8?,In 2026,Manny Rutinel,Elections,,2026-H-CO-08,0.83,0.87,0.13,0.17,0.86,10241.05,14917.11,2027-11-03,https://kalshi.com/markets/houseco8/houseco8-26,2026-10-06T18:32:28.260958+00:00,quadratic,1.0
HOUSECO3-26-D,HOUSECO3-26,HOUSECO3,CO-03 House winner? — Dwayne Romero,Will Democratic win the House race for CO-3?,In 2026,Dwayne Romero,Elections,,2026-H-CO-03,0.28,0.29,0.71,0.72,0.28,12867.13,16218.83,2027-11-03,https://kalshi.com/markets/houseco3/houseco3-26,2026-10-06T18:32:28.260984+00:00,quadratic,1.0
HOUSECA9-26-D,HOUSECA9-26,HOUSECA9,CA-09 House winner? — Josh Harder,Will Democratic win the House race for CA-9?,In 2026,Josh Harder,Elections,,2026-H-CA-09,0.962,0.977,0.023,0.038,0.98,3107.01,4247.69,2027-11-03,https://kalshi.com/markets/houseca9/houseca9-26,2026-10-06T18:32:28.261009+00:00,quadratic,1.0
HOUSECA49-26-D,HOUSECA49-26,HOUSECA49,CA-49 House winner? — Mike Levin,Will a Democrat win the House race for CA-49?,In 2026,Mike Levin,Elections,,2026-H-CA-49,0.964,0.98,0.02,0.036,0.96,8410.0,14061.0,2027-11-03,https://kalshi.com/markets/houseca49/houseca49-26,2026-10-06T18:32:28.261035+00:00,quadratic,1.0
HOUSECA47-26-D,HOUSECA47-26,HOUSECA47,CA-47 House winner? — Dave Min,Will Democratic win the House race for CA-47?,In 2026,Dave Min,Elections,,2026-H-CA-47,0.947,0.96,0.04,0.053,0.946,3282.61,5289.3,2027-11-03,https://kalshi.com/markets/houseca47/houseca47-26,2026-10-06T18:32:28.261061+00:00,quadratic,1.0
HOUSECA45-26-D,HOUSECA45-26,HOUSECA45,CA-45 House winner? — Derek Tran,Will Democratic win the House race for CA-45?,In 2026,Derek Tran,Elections,,2026-H-CA-45,0.915,0.951,0.049,0.085,0.936,18401.92,27313.4,2027-11-03,https://kalshi.com/markets/houseca45/houseca45-26,2026-10-06T18:32:28.261087+00:00,quadratic,1.0
HOUSECA41-26-D,HOUSECA41-26,HOUSECA41,CA-41 House winner? — Linda Sánchez,Will Democratic win the House race for CA-41?,In 2026,Linda Sánchez,Elections,,2026-H-CA-41,0.942,0.976,0.024,0.058,0.931,2742.0,6186.91,2027-11-03,https://kalshi.com/markets/houseca41/houseca41-26,2026-10-06T18:32:28.261114+00:00,quadratic,1.0
HOUSECA3-26-D,HOUSECA3-26,HOUSECA3,CA-03 House winner? — Ami Bera,Will Democratic win the House race for CA-3?,In 2026,Ami Bera,Elections,,2026-H-CA-03,0.953,0.969,0.031,0.047,0.97,9652.82,16054.68,2027-11-03,https://kalshi.com/markets/houseca3/houseca3-26,2026-10-06T18:32:28.261140+00:00,quadratic,1.0
HOUSECA27-26-D,HOUSECA27-26,HOUSECA27,CA-27 House winner? — George Whitesides,Will Democratic win the House race for CA-27?,In 2026,George Whitesides,Elections,,2026-H-CA-27,0.942,0.968,0.032,0.058,0.954,1457.89,5247.63,2027-11-03,https://kalshi.com/markets/houseca27/houseca27-26,2026-10-06T18:32:28.261166+00:00,quadratic,1.0
HOUSECA22-26-D,HOUSECA22-26,HOUSECA22,CA-22 House winner? — Randy Villegas,Will Democratic win the House race for CA-22?,In 2026,Randy Villegas,Elections,,2026-H-CA-22,0.9,0.926,0.074,0.1,0.916,40564.12,55284.65,2027-11-03,https://kalshi.com/markets/houseca22/houseca22-26,2026-10-06T18:32:28.261192+00:00,quadratic,1.0
HOUSECA21-26-D,HOUSECA21-26,HOUSECA21,CA-21 House winner? — Jim Costa,Will a Democrat win the House race for CA-21?,In 2026,Jim Costa,Elections,,2026-H-CA-21,0.937,0.958,0.042,0.063,0.918,3386.81,4358.71,2027-11-03,https://kalshi.com/markets/houseca21/houseca21-26,2026-10-06T18:32:28.261219+00:00,quadratic,1.0
HOUSECA13-26-D,HOUSECA13-26,HOUSECA13,CA-13 House winner? — Adam Gray,Will Democratic win the House race for CA-13?,In 2026,Adam Gray,Elections,,2026-H-CA-13,0.964,0.966,0.034,0.036,0.966,6835.77,19543.34,2027-11-03,https://kalshi.com/markets/houseca13/houseca13-26,2026-10-06T18:32:28.261245+00:00,quadratic,1.0
HOUSEAZ6-26-D,HOUSEAZ6-26,HOUSEAZ6,AZ-06 House winner? — JoAnna Mendoza,Will Democratic win the House race for AZ-6?,In 2026,JoAnna Mendoza,Elections,,2026-H-AZ-06,0.83,0.85,0.15,0.17,0.85,4725.53,8257.28,2027-11-03,https://kalshi.com/markets/houseaz6/houseaz6-26,2026-10-06T18:32:28.261271+00:00,quadratic,1.0
HOUSEAZ2-26-D,HOUSEAZ2-26,HOUSEAZ2,AZ-02 House winner? — Jonathan Nez,Will Democratic win the House race for AZ-2?,In 2026,Jonathan Nez,Elections,,2026-H-AZ-02,0.3,0.32,0.68,0.7,0.3,4977.17,8321.06,2027-11-03,https://kalshi.com/markets/houseaz2/houseaz2-26,2026-10-06T18:32:28.261297+00:00,quadratic,1.0
HOUSEAZ1-26-D,HOUSEAZ1-26,HOUSEAZ1,AZ-01 House winner? — Amish Shah,Will Democratic win the House race for AZ-1?,In 2026,Amish Shah,Elections,,2026-H-AZ-01,0.79,0.81,0.19,0.21,0.79,26733.74,33845.63,2027-11-03,https://kalshi.com/markets/houseaz1/houseaz1-26,2026-10-06T18:32:28.261323+00:00,quadratic,1.0
GOVPARTYNV-26-D,GOVPARTYNV-26,GOVPARTYNV,Nevada Governor winner? — Aaron Ford,Will the Democratic party win the governorship in Nevada,In 2026,Aaron Ford,Elections,,2026-GOV-NV,0.5,0.51,0.49,0.5,0.51,420876.25,897392.21,2027-11-03,https://kalshi.com/markets/govpartynv/govpartynv-26,2026-10-06T18:32:28.657014+00:00,quadratic,1.0
GOVPARTYME-26-D,GOVPARTYME-26,GOVPARTYME,Maine Governor winner? — Hannah Pingree,Will the Democratic party win the governorship in Maine,In 2026,Hannah Pingree,Elections,,2026-GOV-ME,0.942,0.956,0.044,0.058,0.956,19354.94,30513.79,2027-11-03,https://kalshi.com/markets/govpartyme/govpartyme-26,2026-10-06T18:32:28.657049+00:00,quadratic,1.0
GOVPARTYAZ-26-D,GOVPARTYAZ-26,GOVPARTYAZ,Arizona Governor winner? — Katie Hobbs,Will the Democratic party win the governorship in Arizona,In 2026,Katie Hobbs,Elections,,2026-GOV-AZ,0.89,0.9,0.1,0.11,0.89,170904.19,348600.75,2027-11-03,https://kalshi.com/markets/govpartyaz/govpartyaz-26,2026-10-06T18:32:28.657097+00:00,quadratic,1.0
KXALBUMRELEASE-26-JUS,KXALBUMRELEASE-26,KXALBUMRELEASE,Who will release a new album in 2026? — Justin Bieber,Will Justin Bieber release a new album in 2026?,2026,Justin Bieber,Entertainment,,,0.22,0.6,0.4,0.78,0.24,2391.19,9180.27,2027-01-01,https://kalshi.com/markets/kxalbumrelease/kxalbumrelease-26,2026-10-06T18:32:28.658266+00:00,quadratic,1.0
KXALBUMRELEASE-26-TRA,KXALBUMRELEASE-26,KXALBUMRELEASE,Who will release a new album in 2026? — Travis Scott,Will Travis Scott release a new album in 2026?,2026,Travis Scott,Entertainment,,,0.39,0.61,0.39,0.61,0.4,3503.75,7199.58,2027-01-01,https://kalshi.com/markets/kxalbumrelease/kxalbumrelease-26,2026-10-06T18:32:28.658311+00:00,quadratic,1.0
KXALBUMRELEASE-26-KEN,KXALBUMRELEASE-26,KXALBUMRELEASE,Who will release a new album in 2026? — Kendrick Lamar,Will Kendrick Lamar release a new album in 2026?,2026,Kendrick Lamar,Entertainment,,,0.26,0.38,0.62,0.74,0.32,4175.06,9266.59,2027-01-01,https://kalshi.com/markets/kxalbumrelease/kxalbumrelease-26,2026-10-06T18:32:28.658422+00:00,quadratic,1.0
KXALBUMRELEASE-26-LAN,KXALBUMRELEASE-26,KXALBUMRELEASE,Who will release a new album in 2026? — Lana Del Rey,Will Lana Del Rey release a new album in 2026?,2026,Lana Del Rey,Entertainment,,,0.35,0.64,0.36,0.65,0.66,3894.04,9598.02,2027-01-01,https://kalshi.com/markets/kxalbumrelease/kxalbumrelease-26,2026-10-06T18:32:28.658542+00:00,quadratic,1.0
KXALBUMRELEASE-26-SAB,KXALBUMRELEASE-26,KXALBUMRELEASE,Who will release a new album in 2026? — Sabrina Carpenter,Will Sabrina Carpenter release a new album in 2026?,2026,Sabrina Carpenter,Entertainment,,,0.22,0.75,0.25,0.78,0.23,2410.53,7776.54,2027-01-01,https://kalshi.com/markets/kxalbumrelease/kxalbumrelease-26,2026-10-06T18:32:28.659405+00:00,quadratic,1.0
KXALBUMRELEASE-26-PLA,KXALBUMRELEASE-26,KXALBUMRELEASE,Who will release a new album in 2026? — Playboi Carti,Will Playboi Carti release a new album in 2026?,2026,Playboi Carti,Entertainment,,,0.26,0.35,0.65,0.74,0.38,3280.03,10853.75,2027-01-01,https://kalshi.com/markets/kxalbumrelease/kxalbumrelease-26,2026-10-06T18:32:28.659534+00:00,quadratic,1.0
KXTIME-26-TS,KXTIME-26,KXTIME,Time's Person of the Year for 2026 — Taylor Swift,Will Taylor Swift be Time Person of the Year in 2026?,In 2026,Taylor Swift,Entertainment,,,0.02,0.04,0.96,0.98,0.02,10085.06,32454.71,2027-01-01,https://kalshi.com/markets/kxtime/kxtime-26,2026-10-06T18:32:28.668534+00:00,quadratic,1.0
KXTIME-26-DT,KXTIME-26,KXTIME,Time's Person of the Year for 2026 — Donald Trump,Will Donald Trump be Time Person of the Year in 2026?,In 2026,Donald Trump,Entertainment,,,0.06,0.07,0.93,0.94,0.06,82489.07,161016.32,2027-01-01,https://kalshi.com/markets/kxtime/kxtime-26,2026-10-06T18:32:28.668549+00:00,quadratic,1.0
KXTIME-26-SA,KXTIME-26,KXTIME,Time's Person of the Year for 2026 — Sam Altman,Will Sam Altman be Time Person of the Year in 2026?,In 2026,Sam Altman,Entertainment,,,0.05,0.06,0.94,0.95,0.05,11525.81,26697.25,2027-01-01,https://kalshi.com/markets/kxtime/kxtime-26,2026-10-06T18:32:28.668564+00:00,quadratic,1.0
KXTIME-26-GPT,KXTIME-26,KXTIME,Time's Person of the Year for 2026 — ChatGPT,Will ChatGPT be Time Person of the Year in 2026?,In 2026,ChatGPT,Entertainment,,,0.03,0.04,0.96,0.97,0.04,8558.94,17910.7,2027-01-01,https://kalshi.com/markets/kxtime/kxtime-26,2026-10-06T18:32:28.668608+00:00,quadratic,1.0
KXTIME-26-JP,KXTIME-26,KXTIME,Time's Person of the Year for 2026 — Jerome Powell,Will Jerome Powell be Time Person of the Year in 2026?,In 2026,Jerome Powell,Entertainment,,,0.01,0.03,0.97,0.99,0.03,4196.26,19069.62,2027-01-01,https://kalshi.com/markets/kxtime/kxtime-26,2026-10-06T18:32:28.668622+00:00,quadratic,1.0
KXTIME-26-ZOH,KXTIME-26,KXTIME,Time's Person of the Year for 2026 — Zohran Mamdani,Will Zohran Mamdani be Time Person of the Year in 2026?,In 2026,Zohran Mamdani,Entertainment,,,0.28,0.29,0.71,0.72,0.28,426170.01,843473.93,2027-01-01,https://kalshi.com/markets/kxtime/kxtime-26,2026-10-06T18:32:28.668652+00:00,quadratic,1.0
KXTIME-26-POP,KXTIME-26,KXTIME,Time's Person of the Year for 2026 — Pope Leo XIV,Will Pope Leo XIV be Time Person of the Year in 2026?,In 2026,Pope Leo XIV,Entertainment,,,0.09,0.1,0.9,0.91,0.09,82243.85,173575.99,2027-01-01,https://kalshi.com/markets/kxtime/kxtime-26,2026-10-06T18:32:28.668666+00:00,quadratic,1.0
KXTIME-26-DAR,KXTIME-26,KXTIME,Time's Person of the Year for 2026 — Dario Amodei,Will Dario Amodei be Time Person of the Year in 2026?,In 2026,Dario Amodei,Entertainment,,,0.07,0.1,0.9,0.93,0.1,12941.24,22021.73,2027-01-01,https://kalshi.com/markets/kxtime/kxtime-26,2026-10-06T18:32:28.668716+00:00,quadratic,1.0
KXTIME-26-SHE,KXTIME-26,KXTIME,Time's Person of the Year for 2026 — Shehbaz Sharif,Will Shehbaz Sharif be Time Person of the Year in 2026?,In 2026,Shehbaz Sharif,Entertainment,,,0.03,0.04,0.96,0.97,0.03,1194.14,1947.88,2027-01-01,https://kalshi.com/markets/kxtime/kxtime-26,2026-10-06T18:32:28.668733+00:00,quadratic,1.0
KXTIME-26-REI,KXTIME-26,KXTIME,Time's Person of the Year for 2026 — Reid Wiseman,Will Reid Wiseman be Time Person of the Year in 2026?,In 2026,Reid Wiseman,Entertainment,,,0.04,0.05,0.95,0.96,0.05,5106.42,10785.7,2027-01-01,https://kalshi.com/markets/kxtime/kxtime-26,2026-10-06T18:32:28.668748+00:00,quadratic,1.0
KXTIME-26-VIC,KXTIME-26,KXTIME,Time's Person of the Year for 2026 — Victor Glover,Will Victor Glover be Time Person of the Year in 2026?,In 2026,Victor Glover,Entertainment,,,0.04,0.05,0.95,0.96,0.06,1115.42,3407.41,2027-01-01,https://kalshi.com/markets/kxtime/kxtime-26,2026-10-06T18:32:28.668776+00:00,quadratic,1.0
KXTIME-26-CHR,KXTIME-26,KXTIME,Time's Person of the Year for 2026 — Christina Koch,Will Christina Koch be Time Person of the Year in 2026?,In 2026,Christina Koch,Entertainment,,,0.04,0.06,0.94,0.96,0.04,2404.87,5741.82,2027-01-01,https://kalshi.com/markets/kxtime/kxtime-26,2026-10-06T18:32:28.668791+00:00,quadratic,1.0
KXTIME-26-MAR,KXTIME-26,KXTIME,Time's Person of the Year for 2026 — Marco Rubio,Will Marco Rubio be Time Person of the Year in 2026?,In 2026,Marco Rubio,Entertainment,,,0.02,0.03,0.97,0.98,0.02,3023.87,4126.84,2027-01-01,https://kalshi.com/markets/kxtime/kxtime-26,2026-10-06T18:32:28.668835+00:00,quadratic,1.0
KXTIME-26-JAM,KXTIME-26,KXTIME,Time's Person of the Year for 2026 — James Talarico,Will James Talarico be Time Person of the Year in 2026?,In 2026,James Talarico,Entertainment,,,0.05,0.07,0.93,0.95,0.07,3711.38,7405.6,2027-01-01,https://kalshi.com/markets/kxtime/kxtime-26,2026-10-06T18:32:28.668849+00:00,quadratic,1.0
KXTIME-26-PET,KXTIME-26,KXTIME,Time's Person of the Year for 2026 — Péter Magyar,Will Péter Magyar be Time Person of the Year in 2026?,In 2026,Péter Magyar,Entertainment,,,0.02,0.03,0.97,0.98,0.03,1258.65,2262.8,2027-01-01,https://kalshi.com/markets/kxtime/kxtime-26,2026-10-06T18:32:28.668864+00:00,quadratic,1.0
KXTIME-26-MOH,KXTIME-26,KXTIME,Time's Person of the Year for 2026 — Mohammad-Bagher Ghalibaf,Will Mohammad-Bagher Ghalibaf be Time Person of the Year in 2026?,In 2026,Mohammad-Bagher Ghalibaf,Entertainment,,,0.04,0.05,0.95,0.96,0.05,1806.83,4531.23,2027-01-01,https://kalshi.com/markets/kxtime/kxtime-26,2026-10-06T18:32:28.668878+00:00,quadratic,1.0
KXTIME-26-MOJ,KXTIME-26,KXTIME,Time's Person of the Year for 2026 — Mojtaba Khamenei,Will Mojtaba Khamenei be Time Person of the Year in 2026?,In 2026,Mojtaba Khamenei,Entertainment,,,0.04,0.05,0.95,0.96,0.04,1622.33,4295.58,2027-01-01,https://kalshi.com/markets/kxtime/kxtime-26,2026-10-06T18:32:28.668893+00:00,quadratic,1.0
KXTIME-26-BER,KXTIME-26,KXTIME,Time's Person of the Year for 2026 — Bernie Sanders,Will Bernie Sanders be Time Person of the Year in 2026?,In 2026,Bernie Sanders,Entertainment,,,0.01,0.02,0.98,0.99,0.015,10800.0,10800.0,2027-01-01,https://kalshi.com/markets/kxtime/kxtime-26,2026-10-06T18:32:28.668938+00:00,quadratic,1.0
KXTIME-26-MARK,KXTIME-26,KXTIME,Time's Person of the Year for 2026 — Mark Carney,Will Mark Carney be Time Person of the Year in 2026?,In 2026,Mark Carney,Entertainment,,,0.18,0.19,0.81,0.82,0.18,24223.26,29223.17,2027-01-01,https://kalshi.com/markets/kxtime/kxtime-26,2026-10-06T18:32:28.669112+00:00,quadratic,1.0
KXRECOGPALESTINE-27-ITA,KXRECOGPALESTINE-27,KXRECOGPALESTINE,Who will recognize Palestine before 2027? — Italy,Who will recognize Palestine?,Before 2027,Italy,Politics,,,0.048,0.12,0.88,0.952,0.12,4938.74,14337.58,2027-01-01,https://kalshi.com/markets/kxrecogpalestine/kxrecogpalestine-27,2026-10-06T18:32:28.672611+00:00,quadratic,1.0
KXRECOGPALESTINE-27-GRE,KXRECOGPALESTINE-27,KXRECOGPALESTINE,Who will recognize Palestine before 2027? — Greece,Who will recognize Palestine?,Before 2027,Greece,Politics,,,0.01,0.02,0.98,0.99,0.02,3601.05,7231.42,2027-01-01,https://kalshi.com/markets/kxrecogpalestine/kxrecogpalestine-27,2026-10-06T18:32:28.672621+00:00,quadratic,1.0
KXRECOGPALESTINE-27-USA,KXRECOGPALESTINE-27,KXRECOGPALESTINE,Who will recognize Palestine before 2027? — USA,Who will recognize Palestine?,Before 2027,USA,Politics,,,0.014,0.099,0.901,0.986,0.1,2789.54,6895.98,2027-01-01,https://kalshi.com/markets/kxrecogpalestine/kxrecogpalestine-27,2026-10-06T18:32:28.672632+00:00,quadratic,1.0
KXRECOGPALESTINE-27-FIN,KXRECOGPALESTINE-27,KXRECOGPALESTINE,Who will recognize Palestine before 2027? — Finland,Who will recognize Palestine?,Before 2027,Finland,Politics,,,0.014,0.061,0.939,0.986,0.011,3714.39,10385.3,2027-01-01,https://kalshi.com/markets/kxrecogpalestine/kxrecogpalestine-27,2026-10-06T18:32:28.672642+00:00,quadratic,1.0
KXRECOGPALESTINE-27-AUS,KXRECOGPALESTINE-27,KXRECOGPALESTINE,Who will recognize Palestine before 2027? — Austria,Who will recognize Palestine?,Before 2027,Austria,Politics,,,0.03,0.099,0.901,0.97,0.088,3561.02,8820.03,2027-01-01,https://kalshi.com/markets/kxrecogpalestine/kxrecogpalestine-27,2026-10-06T18:32:28.672652+00:00,quadratic,1.0
KXRECOGPALESTINE-27-JAP,KXRECOGPALESTINE-27,KXRECOGPALESTINE,Who will recognize Palestine before 2027? — Japan,Who will recognize Palestine?,Before 2027,Japan,Politics,,,0.05,0.069,0.931,0.95,0.07,4949.08,14638.05,2027-01-01,https://kalshi.com/markets/kxrecogpalestine/kxrecogpalestine-27,2026-10-06T18:32:28.672687+00:00,quadratic,1.0
KXRECOGPALESTINE-27-NZ,KXRECOGPALESTINE-27,KXRECOGPALESTINE,Who will recognize Palestine before 2027? — New Zealand,Who will recognize Palestine?,Before 2027,New Zealand,Politics,,,0.028,0.11,0.89,0.972,0.12,3002.42,9866.48,2027-01-01,https://kalshi.com/markets/kxrecogpalestine/kxrecogpalestine-27,2026-10-06T18:32:28.672710+00:00,quadratic,1.0
KXRECOGPALESTINE-27-GER,KXRECOGPALESTINE-27,KXRECOGPALESTINE,Who will recognize Palestine before 2027? — Germany,Who will recognize Palestine?,Before 2027,Germany,Politics,,,0.037,0.084,0.916,0.963,0.093,2090.42,6579.65,2027-01-01,https://kalshi.com/markets/kxrecogpalestine/kxrecogpalestine-27,2026-10-06T18:32:28.672721+00:00,quadratic,1.0
KXRECOGPALESTINE-27-DUT,KXRECOGPALESTINE-27,KXRECOGPALESTINE,Who will recognize Palestine before 2027? — The Netherlands,Who will recognize Palestine?,Before 2027,The Netherlands,Politics,,,0.051,0.13,0.87,0.949,0.12,1036.41,5969.97,2027-01-01,https://kalshi.com/markets/kxrecogpalestine/kxrecogpalestine-27,2026-10-06T18:32:28.672742+00:00,quadratic,1.0
KXBALLONDOR-26-KMBA,KXBALLONDOR-26,KXBALLONDOR,Who will win the Ballon d'Or in 2026? — Kylian Mbappe,Who will win the Ballon d'Or in 2026?,In 2026,Kylian Mbappe,Sports,,,0.03,0.04,0.96,0.97,0.04,1123382.14,2073913.07,2026-12-31,https://kalshi.com/markets/kxballondor/kxballondor-26,2026-10-06T18:32:28.689327+00:00,quadratic_with_maker_fees,1.0
KXBALLONDOR-26-LYAM,KXBALLONDOR-26,KXBALLONDOR,Who will win the Ballon d'Or in 2026? — Lamine Yamal,Who will win the Ballon d'Or in 2026?,In 2026,Lamine Yamal,Sports,,,0.48,0.49,0.51,0.52,0.49,1086883.43,1867535.09,2026-12-31,https://kalshi.com/markets/kxballondor/kxballondor-26,2026-10-06T18:32:28.689342+00:00,quadratic_with_maker_fees,1.0
KXBALLONDOR-26-HKAN,KXBALLONDOR-26,KXBALLONDOR,Who will win the Ballon d'Or in 2026? — Harry Kane,Who will win the Ballon d'Or in 2026?,In 2026,Harry Kane,Sports,,,0.46,0.48,0.52,0.54,0.46,1400943.31,2084979.56,2026-12-31,https://kalshi.com/markets/kxballondor/kxballondor-26,2026-10-06T18:32:28.689357+00:00,quadratic_with_maker_fees,1.0
KXBALLONDOR-26-LMES,KXBALLONDOR-26,KXBALLONDOR,Who will win the Ballon d'Or in 2026? — Lionel Messi,Who will win the Ballon d'Or in 2026?,In 2026,Lionel Messi,Sports,,,0.03,0.04,0.96,0.97,0.04,1355396.87,2494149.91,2026-12-31,https://kalshi.com/markets/kxballondor/kxballondor-26,2026-10-06T18:32:28.689444+00:00,quadratic_with_maker_fees,1.0
KXBALLONDOR-26-RODR,KXBALLONDOR-26,KXBALLONDOR,Who will win the Ballon d'Or in 2026? — Rodri,Who will win the Ballon d'Or in 2026?,In 2026,Rodri,Sports,,,0.01,0.02,0.98,0.99,0.02,516815.01,1039866.56,2026-12-31,https://kalshi.com/markets/kxballondor/kxballondor-26,2026-10-06T18:32:28.689751+00:00,quadratic_with_maker_fees,1.0
GOVPARTYNY-26-D,GOVPARTYNY-26,GOVPARTYNY,New York Governor winner? — Kathy Hochul,Will the Democratic party win the governorship in New York,In 2026,Kathy Hochul,Elections,,2026-GOV-NY,0.959,0.96,0.04,0.041,0.959,358718.96,450845.1,2027-11-03,https://kalshi.com/markets/govpartyny/govpartyny-26,2026-10-06T18:32:28.692793+00:00,quadratic,1.0
GOVPARTYNM-26-D,GOVPARTYNM-26,GOVPARTYNM,New Mexico Governor winner? — Deb Haaland,Will the Democratic party win the governorship in New Mexico,In 2026,Deb Haaland,Elections,,2026-GOV-NM,0.946,0.947,0.053,0.054,0.948,21115.49,27524.65,2027-11-03,https://kalshi.com/markets/govpartynm/govpartynm-26,2026-10-06T18:32:28.692829+00:00,quadratic,1.0
GOVPARTYMI-26-D,GOVPARTYMI-26,GOVPARTYMI,Michigan Governor winner? — Jocelyn Benson,Will the Democratic party win the governorship in Michigan,In 2026,Jocelyn Benson,Elections,,2026-GOV-MI,0.935,0.939,0.061,0.065,0.934,60853.17,80662.45,2027-11-03,https://kalshi.com/markets/govpartymi/govpartymi-26,2026-10-06T18:32:28.692862+00:00,quadratic,1.0
KXSOLMAXY-27JAN01-160,KXSOLMAXY-27JAN01,KXSOLMAXY,How high will Solana get in 2026? — Above $160.00,"Will the spot price of Solana be above $160.00 before Jan 1, 2027 at 12:00 AM ET?",2026,Above $160.00,Crypto,,,0.27,0.31,0.69,0.73,0.31,20386.18,57280.15,2027-01-01,https://kalshi.com/markets/kxsolmaxy/kxsolmaxy-27jan01,2026-10-06T18:32:28.697194+00:00,quadratic,1.0
KXSOLMAXY-27JAN01-180,KXSOLMAXY-27JAN01,KXSOLMAXY,How high will Solana get in 2026? — Above $180.00,"Will the spot price of Solana be above $180.00 before Jan 1, 2027 at 12:00 AM ET?",2026,Above $180.00,Crypto,,,0.18,0.22,0.78,0.82,0.21,11547.72,40956.23,2027-01-01,https://kalshi.com/markets/kxsolmaxy/kxsolmaxy-27jan01,2026-10-06T18:32:28.697224+00:00,quadratic,1.0
KXSOLMAXY-27JAN01-200,KXSOLMAXY-27JAN01,KXSOLMAXY,How high will Solana get in 2026? — Above $200.00,"Will the spot price of Solana be above $200.00 before Jan 1, 2027 at 12:00 AM ET?",2026,Above $200.00,Crypto,,,0.14,0.15,0.85,0.86,0.14,12580.02,38120.85,2027-01-01,https://kalshi.com/markets/kxsolmaxy/kxsolmaxy-27jan01,2026-10-06T18:32:28.697254+00:00,quadratic,1.0
KXSOLMAXY-27JAN01-300,KXSOLMAXY-27JAN01,KXSOLMAXY,How high will Solana get in 2026? — Above $300.00,"Will the spot price of Solana be above $300.00 before Jan 1, 2027 at 12:00 AM ET?",2026,Above $300.00,Crypto,,,0.05,0.1,0.9,0.95,0.075,13945.54,30642.93,2027-01-01,https://kalshi.com/markets/kxsolmaxy/kxsolmaxy-27jan01,2026-10-06T18:32:28.697284+00:00,quadratic,1.0
KXETHMINY-27JAN01-1500,KXETHMINY-27JAN01,KXETHMINY,"How low will Ethereum get in 2026? — Below $1,500.00","Will Ethereum reach below $1500.00 by Jan 1, 2027 at 12:00AM ET?",2026,"Below $1,500.00",Crypto,,,0.09,0.11,0.89,0.91,0.11,169126.49,496522.69,2027-01-01,https://kalshi.com/markets/kxethminy/kxethminy-27jan01,2026-10-06T18:32:28.697924+00:00,quadratic,1.0
KXETHMINY-27JAN01-1250,KXETHMINY-27JAN01,KXETHMINY,"How low will Ethereum get in 2026? — Below $1,250.00","Will Ethereum reach below $1250.00 by Jan 1, 2027 at 12:00AM ET?",2026,"Below $1,250.00",Crypto,,,0.08,0.1,0.9,0.92,0.07,184974.04,455295.86,2027-01-01,https://kalshi.com/markets/kxethminy/kxethminy-27jan01,2026-10-06T18:32:28.697940+00:00,quadratic,1.0
KXETHMINY-27JAN01-1000,KXETHMINY-27JAN01,KXETHMINY,"How low will Ethereum get in 2026? — Below $1,000.00","Will Ethereum reach below $1000.00 by Jan 1, 2027 at 12:00AM ET?",2026,"Below $1,000.00",Crypto,,,0.04,0.05,0.95,0.96,0.04,60765.42,215352.72,2027-01-01,https://kalshi.com/markets/kxethminy/kxethminy-27jan01,2026-10-06T18:32:28.697954+00:00,quadratic,1.0
KXETHMAXY-27JAN01-3500.00,KXETHMAXY-27JAN01,KXETHMAXY,"How high will Ethereum get in 2026? — Above $3,500.00","Will Ethereum reach above $3500.00 by Jan 1, 2027 at 12:00AM?",2026,"Above $3,500.00",Crypto,,,0.29,0.3,0.7,0.71,0.29,122181.29,527771.23,2027-01-01,https://kalshi.com/markets/kxethmaxy/kxethmaxy-27jan01,2026-10-06T18:32:28.697986+00:00,quadratic,1.0
KXETHMAXY-27JAN01-4000.00,KXETHMAXY-27JAN01,KXETHMAXY,"How high will Ethereum get in 2026? — Above $4,000.00","Will Ethereum reach above $4000.00 by Jan 1, 2027 at 12:00AM?",2026,"Above $4,000.00",Crypto,,,0.16,0.17,0.83,0.84,0.18,95113.19,321873.13,2027-01-01,https://kalshi.com/markets/kxethmaxy/kxethmaxy-27jan01,2026-10-06T18:32:28.698016+00:00,quadratic,1.0
KXETHMAXY-27JAN01-4500.00,KXETHMAXY-27JAN01,KXETHMAXY,"How high will Ethereum get in 2026? — Above $4,500.00","Will Ethereum reach above $4500.00 by Jan 1, 2027 at 12:00AM?",2026,"Above $4,500.00",Crypto,,,0.08,0.09,0.91,0.92,0.07,69928.52,280742.44,2027-01-01,https://kalshi.com/markets/kxethmaxy/kxethmaxy-27jan01,2026-10-06T18:32:28.698045+00:00,quadratic,1.0
KXETHMAXY-27JAN01-5000.00,KXETHMAXY-27JAN01,KXETHMAXY,"How high will Ethereum get in 2026? — Above $5,000.00","Will Ethereum reach above $5000.00 by Jan 1, 2027 at 12:00AM?",2026,"Above $5,000.00",Crypto,,,0.06,0.07,0.93,0.94,0.06,105970.93,371692.72,2027-01-01,https://kalshi.com/markets/kxethmaxy/kxethmaxy-27jan01,2026-10-06T18:32:28.698075+00:00,quadratic,1.0
KXETHMAXY-27JAN01-6000.00,KXETHMAXY-27JAN01,KXETHMAXY,"How high will Ethereum get in 2026? — Above $6,000.00","Will Ethereum reach above $6000.00 by Jan 1, 2027 at 12:00AM?",2026,"Above $6,000.00",Crypto,,,0.03,0.04,0.96,0.97,0.03,171119.23,490731.8,2027-01-01,https://kalshi.com/markets/kxethmaxy/kxethmaxy-27jan01,2026-10-06T18:32:28.698090+00:00,quadratic,1.0
KXBTCMINY-27JAN01-55000.00,KXBTCMINY-27JAN01,KXBTCMINY,"How low will Bitcoin get in 2026? — Below $55,000.00","Will Bitcoin be below $55000.00 by Jan 1, 2027 at 12:00am ET?",In 2026,"Below $55,000.00",Crypto,,,0.09,0.1,0.9,0.91,0.09,596781.17,1734235.61,2027-01-01,https://kalshi.com/markets/kxbtcminy/kxbtcminy-27jan01,2026-10-06T18:32:28.698185+00:00,quadratic,1.0
KXBTCMINY-27JAN01-50000.00,KXBTCMINY-27JAN01,KXBTCMINY,"How low will Bitcoin get in 2026? — Below $50,000.00","Will Bitcoin be below $50000.00 by Jan 1, 2027 at 12:00am ET?",In 2026,"Below $50,000.00",Crypto,,,0.06,0.07,0.93,0.94,0.07,613819.55,1487939.37,2027-01-01,https://kalshi.com/markets/kxbtcminy/kxbtcminy-27jan01,2026-10-06T18:32:28.698200+00:00,quadratic,1.0
KXBTCMINY-27JAN01-45000.00,KXBTCMINY-27JAN01,KXBTCMINY,"How low will Bitcoin get in 2026? — Below $45,000.00","Will Bitcoin be below $45000.00 by Jan 1, 2027 at 12:00am ET?",In 2026,"Below $45,000.00",Crypto,,,0.05,0.06,0.94,0.95,0.06,339810.22,995742.31,2027-01-01,https://kalshi.com/markets/kxbtcminy/kxbtcminy-27jan01,2026-10-06T18:32:28.698215+00:00,quadratic,1.0
KXBTCMINY-27JAN01-40000.00,KXBTCMINY-27JAN01,KXBTCMINY,"How low will Bitcoin get in 2026? — Below $40,000.00","Will Bitcoin be below $40000.00 by Jan 1, 2027 at 12:00am ET?",In 2026,"Below $40,000.00",Crypto,,,0.04,0.06,0.94,0.96,0.04,526921.5,1368986.94,2027-01-01,https://kalshi.com/markets/kxbtcminy/kxbtcminy-27jan01,2026-10-06T18:32:28.698230+00:00,quadratic,1.0
KXXRPMAXY-XRP-26DEC31-300,KXXRPMAXY-XRP-26DEC31,KXXRPMAXY,How high will XRP get in 2026? — Above $3.00,"Will XRP trimmed mean be above $3.00 by 11:59 PM ET on Dec 31, 2026?",2026,Above $3.00,Crypto,,,0.1,0.14,0.86,0.9,0.11,22415.9,43831.03,2027-01-01,https://kalshi.com/markets/kxxrpmaxy/kxxrpmaxy-xrp-26dec31,2026-10-06T18:32:28.698497+00:00,quadratic,1.0
KXXRPMAXY-XRP-26DEC31-400,KXXRPMAXY-XRP-26DEC31,KXXRPMAXY,How high will XRP get in 2026? — Above $4.00,"Will XRP trimmed mean be above $4.00 by 11:59 PM ET on Dec 31, 2026?",2026,Above $4.00,Crypto,,,0.1,0.13,0.87,0.9,0.1,6455.82,9715.34,2027-01-01,https://kalshi.com/markets/kxxrpmaxy/kxxrpmaxy-xrp-26dec31,2026-10-06T18:32:28.698528+00:00,quadratic,1.0
KXXRPMAXY-XRP-26DEC31-500,KXXRPMAXY-XRP-26DEC31,KXXRPMAXY,How high will XRP get in 2026? — Above $5.00,"Will XRP trimmed mean be above $5.00 by 11:59 PM ET on Dec 31, 2026?",2026,Above $5.00,Crypto,,,0.08,0.16,0.84,0.92,0.05,7013.97,9924.66,2027-01-01,https://kalshi.com/markets/kxxrpmaxy/kxxrpmaxy-xrp-26dec31,2026-10-06T18:32:28.698559+00:00,quadratic,1.0
KXXRPMAXY-XRP-26DEC31-600,KXXRPMAXY-XRP-26DEC31,KXXRPMAXY,How high will XRP get in 2026? — Above $6.00,"Will XRP trimmed mean be above $6.00 by 11:59 PM ET on Dec 31, 2026?",2026,Above $6.00,Crypto,,,0.08,0.14,0.86,0.92,0.07,4889.23,6341.42,2027-01-01,https://kalshi.com/markets/kxxrpmaxy/kxxrpmaxy-xrp-26dec31,2026-10-06T18:32:28.698588+00:00,quadratic,1.0
KXSOLMINY-SOL-26DEC31-7000,KXSOLMINY-SOL-26DEC31,KXSOLMINY,How low will SOL get in 2026? — Below $70.00,"Will SOL trimmed mean be below $70.00 by 11:59 PM ET on Dec 31, 2026?",2026,Below $70.00,Crypto,,,0.09,0.18,0.82,0.91,0.06,1811.35,2992.92,2027-01-01,https://kalshi.com/markets/kxsolminy/kxsolminy-sol-26dec31,2026-10-06T18:32:28.698839+00:00,quadratic,1.0
KXSOLMINY-SOL-26DEC31-6000,KXSOLMINY-SOL-26DEC31,KXSOLMINY,How low will SOL get in 2026? — Below $60.00,"Will SOL trimmed mean be below $60.00 by 11:59 PM ET on Dec 31, 2026?",2026,Below $60.00,Crypto,,,0.09,0.17,0.83,0.91,0.28,333.66,1525.38,2027-01-01,https://kalshi.com/markets/kxsolminy/kxsolminy-sol-26dec31,2026-10-06T18:32:28.698871+00:00,quadratic,1.0
KXSOLMINY-SOL-26DEC31-5000,KXSOLMINY-SOL-26DEC31,KXSOLMINY,How low will SOL get in 2026? — Below $50.00,"Will SOL trimmed mean be below $50.00 by 11:59 PM ET on Dec 31, 2026?",2026,Below $50.00,Crypto,,,0.09,0.17,0.83,0.91,0.8,258.72,472.75,2027-01-01,https://kalshi.com/markets/kxsolminy/kxsolminy-sol-26dec31,2026-10-06T18:32:28.698902+00:00,quadratic,1.0
KXSOLMINY-SOL-26DEC31-4000,KXSOLMINY-SOL-26DEC31,KXSOLMINY,How low will SOL get in 2026? — Below $40.00,"Will SOL trimmed mean be below $40.00 by 11:59 PM ET on Dec 31, 2026?",2026,Below $40.00,Crypto,,,0.03,0.07,0.93,0.97,0.07,1406.84,4229.61,2027-01-01,https://kalshi.com/markets/kxsolminy/kxsolminy-sol-26dec31,2026-10-06T18:32:28.698931+00:00,quadratic,1.0
KXBNBMINY-BNB-26DEC31-50000,KXBNBMINY-BNB-26DEC31,KXBNBMINY,How low will BNB get in 2026? — Below $500.00,"Will BNB trimmed mean be below $500.00 by 11:59 PM ET on Dec 31, 2026?",2026,Below $500.00,Crypto,,,0.07,0.15,0.85,0.93,0.25,401.0,655.69,2027-01-01,https://kalshi.com/markets/kxbnbminy/kxbnbminy-bnb-26dec31,2026-10-06T18:32:28.702236+00:00,quadratic,1.0
KXHURPATHHAWAII-26DEC,KXHURPATHHAWAII-26DEC,KXHURPATHHAWAII,Will a hurricane make landfall in Hawaii in 2026? — Before 2027,Will a hurricane make landfall in Hawaii during the 2026 hurricane season?,In 2026,Before 2027,Climate and Weather,,,0.05,0.07,0.93,0.95,0.07,53413.87,163552.18,2027-01-01,https://kalshi.com/markets/kxhurpathhawaii/kxhurpathhawaii-26dec,2026-10-06T18:32:28.705084+00:00,quadratic,1.0
KXBTCMAXY-26DEC31-99999.99,KXBTCMAXY-26DEC31,KXBTCMAXY,"How high will Bitcoin get in 2026? — Above $99,999.99","Will Bitcoin be above $99,999.99 by Dec 31, 2026 at 11:59 PM ET?","Before Dec 31, 2026 at 11:59 PM ET","Above $99,999.99",Crypto,,,0.39,0.4,0.6,0.61,0.39,360236.89,1550628.94,2027-01-01,https://kalshi.com/markets/kxbtcmaxy/kxbtcmaxy-26dec31,2026-10-06T18:32:28.705271+00:00,quadratic,1.0
KXBTCMAXY-26DEC31-109999.99,KXBTCMAXY-26DEC31,KXBTCMAXY,"How high will Bitcoin get in 2026? — Above $109,999.99","Will Bitcoin be above $109,999.99 by Dec 31, 2026 at 11:59 PM ET?","Before Dec 31, 2026 at 11:59 PM ET","Above $109,999.99",Crypto,,,0.19,0.2,0.8,0.81,0.19,135200.92,661079.05,2027-01-01,https://kalshi.com/markets/kxbtcmaxy/kxbtcmaxy-26dec31,2026-10-06T18:32:28.705287+00:00,quadratic,1.0
KXBTCMAXY-26DEC31-119999.99,KXBTCMAXY-26DEC31,KXBTCMAXY,"How high will Bitcoin get in 2026? — Above $119,999.99","Will Bitcoin be above $119,999.99 by Dec 31, 2026 at 11:59 PM ET?","Before Dec 31, 2026 at 11:59 PM ET","Above $119,999.99",Crypto,,,0.1,0.12,0.88,0.9,0.11,161220.73,631490.82,2027-01-01,https://kalshi.com/markets/kxbtcmaxy/kxbtcmaxy-26dec31,2026-10-06T18:32:28.705303+00:00,quadratic,1.0
KXBTCMAXY-26DEC31-129999.99,KXBTCMAXY-26DEC31,KXBTCMAXY,"How high will Bitcoin get in 2026? — Above $129,999.99","Will Bitcoin be above $129,999.99 by Dec 31, 2026 at 11:59 PM ET?","Before Dec 31, 2026 at 11:59 PM ET","Above $129,999.99",Crypto,,,0.06,0.07,0.93,0.94,0.06,118310.97,466517.72,2027-01-01,https://kalshi.com/markets/kxbtcmaxy/kxbtcmaxy-26dec31,2026-10-06T18:32:28.705317+00:00,quadratic,1.0
KXBTCMAXY-26DEC31-139999.99,KXBTCMAXY-26DEC31,KXBTCMAXY,"How high will Bitcoin get in 2026? — Above $139,999.99","Will Bitcoin be above $139,999.99 by Dec 31, 2026 at 11:59 PM ET?","Before Dec 31, 2026 at 11:59 PM ET","Above $139,999.99",Crypto,,,0.03,0.05,0.95,0.97,0.04,95414.99,329754.71,2027-01-01,https://kalshi.com/markets/kxbtcmaxy/kxbtcmaxy-26dec31,2026-10-06T18:32:28.705331+00:00,quadratic,1.0
KXBTCMAXY-26DEC31-149999.99,KXBTCMAXY-26DEC31,KXBTCMAXY,"How high will Bitcoin get in 2026? — Above $149,999.99","Will Bitcoin be above $149,999.99 by Dec 31, 2026 at 11:59 PM ET?","Before Dec 31, 2026 at 11:59 PM ET","Above $149,999.99",Crypto,,,0.02,0.04,0.96,0.98,0.03,158441.62,466535.36,2027-01-01,https://kalshi.com/markets/kxbtcmaxy/kxbtcmaxy-26dec31,2026-10-06T18:32:28.705346+00:00,quadratic,1.0
KXBTCMAXY-26DEC31-199999.99,KXBTCMAXY-26DEC31,KXBTCMAXY,"How high will Bitcoin get in 2026? — Above $199,999.99","Will Bitcoin be above $199,999.99 by Dec 31, 2026 at 11:59 PM ET?","Before Dec 31, 2026 at 11:59 PM ET","Above $199,999.99",Crypto,,,0.01,0.03,0.97,0.99,0.02,291274.21,876159.48,2027-01-01,https://kalshi.com/markets/kxbtcmaxy/kxbtcmaxy-26dec31,2026-10-06T18:32:28.705361+00:00,quadratic,1.0
KXUFCWELTERWEIGHTTITLE-26-IMAK,KXUFCWELTERWEIGHTTITLE-26,KXUFCWELTERWEIGHTTITLE,"Welterweight Title Holder on Dec 31, 2026? — Islam Makhachev","Who will be the Welterweight Title Holder on Dec 31, 2026?",Before 2027,Islam Makhachev,Sports,,,0.93,0.94,0.06,0.07,0.94,35582.46,104477.32,2026-12-31,https://kalshi.com/markets/kxufcwelterweighttitle/kxufcwelterweighttitle-26,2026-10-06T18:32:28.713328+00:00,quadratic,1.0
KXUFCMIDDLEWEIGHTTITLE-26-NIMA,KXUFCMIDDLEWEIGHTTITLE-26,KXUFCMIDDLEWEIGHTTITLE,"Middleweight Title Holder on Dec 31, 2026? — Nassourdine Imavov","Who will be the Middleweight Title Holder on Dec 31, 2026?",Before 2027,Nassourdine Imavov,Sports,,,0.04,0.07,0.93,0.96,0.02,20884.02,46192.83,2026-12-31,https://kalshi.com/markets/kxufcmiddleweighttitle/kxufcmiddleweighttitle-26,2026-10-06T18:32:28.713949+00:00,quadratic,1.0
KXUFCMIDDLEWEIGHTTITLE-26-SSTR,KXUFCMIDDLEWEIGHTTITLE-26,KXUFCMIDDLEWEIGHTTITLE,"Middleweight Title Holder on Dec 31, 2026? — Sean Strickland","Who will be the Middleweight Title Holder on Dec 31, 2026?",Before 2027,Sean Strickland,Sports,,,0.91,0.93,0.07,0.09,0.9,30908.77,91189.04,2026-12-31,https://kalshi.com/markets/kxufcmiddleweighttitle/kxufcmiddleweighttitle-26,2026-10-06T18:32:28.713964+00:00,quadratic,1.0
KXUFCLIGHTWEIGHTTITLE-26-ATSA,KXUFCLIGHTWEIGHTTITLE-26,KXUFCLIGHTWEIGHTTITLE,"Lightweight Title Holder on Dec 31, 2026? — Arman Tsarukyan","Who will be the Lightweight Title Holder on Dec 31, 2026?",Before 2027,Arman Tsarukyan,Sports,,,0.07,0.08,0.92,0.93,0.07,99978.58,320175.65,2026-12-31,https://kalshi.com/markets/kxufclightweighttitle/kxufclightweighttitle-26,2026-10-06T18:32:28.714085+00:00,quadratic,1.0
KXUFCLHEAVYWEIGHTTITLE-26-MANK,KXUFCLHEAVYWEIGHTTITLE-26,KXUFCLHEAVYWEIGHTTITLE,"Light Heavyweight Title on Dec 31, 2026? — Magomed Ankalaev","Who will be the Light Heavyweight Title on Dec 31, 2026?",Before 2027,Magomed Ankalaev,Sports,,,0.07,0.08,0.92,0.93,0.08,42390.78,119319.0,2026-12-31,https://kalshi.com/markets/kxufclheavyweighttitle/kxufclheavyweighttitle-26,2026-10-06T18:32:28.714230+00:00,quadratic,1.0
KXUFCBANTAMWEIGHTTITLE-26-SOMA,KXUFCBANTAMWEIGHTTITLE-26,KXUFCBANTAMWEIGHTTITLE,"Bantamweight Title Holder on Dec 31, 2026? — Sean O'Malley","Who will be the Bantamweight Title Holder on Dec 31, 2026?",Before 2027,Sean O'Malley,Sports,,,0.02,0.04,0.96,0.98,0.02,10662.12,24105.7,2026-12-31,https://kalshi.com/markets/kxufcbantamweighttitle/kxufcbantamweighttitle-26,2026-10-06T18:32:28.714874+00:00,quadratic,1.0
KXTOPALBUMSPOTIFY-26-BAD,KXTOPALBUMSPOTIFY-26,KXTOPALBUMSPOTIFY,Top Album on Spotify in 2026? — DeBÍ TiRAR MáS FOToS,Will DeBÍ TiRAR MáS FOToS be the #1 most streamed Album on the  2026 Spotify Wrapped Top 10 Albums Globally chart on the date that the chart is released for 2026?,In 2026,DeBÍ TiRAR MáS FOToS,Entertainment,,,0.86,0.91,0.09,0.14,0.85,7384.01,19124.57,2026-12-31,https://kalshi.com/markets/kxtopalbumspotify/kxtopalbumspotify-26,2026-10-06T18:32:28.719666+00:00,quadratic,1.0
KXSEXYMAN-26-BAD,KXSEXYMAN-26,KXSEXYMAN,People's Sexiest Man Alive for 2026 — Bad Bunny,Who will be People's Sexiest Man Alive in 2026?,In 2026,Bad Bunny,Entertainment,,,0.07,0.1,0.9,0.93,0.1,13891.57,29388.66,2027-01-01,https://kalshi.com/markets/kxsexyman/kxsexyman-26,2026-10-06T18:32:28.720810+00:00,quadratic,1.0
KXRANKLISTGOOGLESEARCHTOP5-26DEC-DON,KXRANKLISTGOOGLESEARCHTOP5-26DEC,KXRANKLISTGOOGLESEARCHTOP5,Top 5 most searched people on Google in 2026 — Donald Trump,Will Donald Trump be in the Top 5 rank on Google’s Year in Search 2026 Global – People?,Before Dec 2026,Donald Trump,Entertainment,,,0.08,0.11,0.89,0.92,0.11,37563.56,97514.49,2026-12-31,https://kalshi.com/markets/kxranklistgooglesearchtop5/kxranklistgooglesearchtop5-26dec,2026-10-06T18:32:28.721348+00:00,quadratic,1.0
KXRANKLISTGOOGLESEARCHTOP5-26DEC-BAD,KXRANKLISTGOOGLESEARCHTOP5-26DEC,KXRANKLISTGOOGLESEARCHTOP5,Top 5 most searched people on Google in 2026 — Bad Bunny,Will Bad Bunny be in the Top 5 rank on Google’s Year in Search 2026 Global – People?,Before Dec 2026,Bad Bunny,Entertainment,,,0.39,0.43,0.57,0.61,0.39,5291.8,12170.5,2026-12-31,https://kalshi.com/markets/kxranklistgooglesearchtop5/kxranklistgooglesearchtop5-26dec,2026-10-06T18:32:28.721501+00:00,quadratic,1.0
KXRANKLISTGOOGLESEARCHTOP5-26DEC-NICO,KXRANKLISTGOOGLESEARCHTOP5-26DEC,KXRANKLISTGOOGLESEARCHTOP5,Top 5 most searched people on Google in 2026 — Nicolás Maduro,Will Nicolás Maduro be in the Top 5 rank on Google’s Year in Search 2026 Global – People?,Before Dec 2026,Nicolás Maduro,Entertainment,,,0.27,0.31,0.69,0.73,0.31,1434.27,3604.66,2026-12-31,https://kalshi.com/markets/kxranklistgooglesearchtop5/kxranklistgooglesearchtop5-26dec,2026-10-06T18:32:28.721517+00:00,quadratic,1.0
KXRANKLISTGOOGLESEARCHTOP5-26DEC-ERL,KXRANKLISTGOOGLESEARCHTOP5-26DEC,KXRANKLISTGOOGLESEARCHTOP5,Top 5 most searched people on Google in 2026 — Erling Haaland,Will Erling Haaland be in the Top 5 rank on Google’s Year in Search 2026 Global – People?,Before Dec 2026,Erling Haaland,Entertainment,,,0.48,0.53,0.47,0.52,0.47,2592.93,9426.48,2026-12-31,https://kalshi.com/markets/kxranklistgooglesearchtop5/kxranklistgooglesearchtop5-26dec,2026-10-06T18:32:28.721625+00:00,quadratic,1.0
KXRANKLISTGOOGLESEARCHTOP5-26-LIN,KXRANKLISTGOOGLESEARCHTOP5-26DEC,KXRANKLISTGOOGLESEARCHTOP5,Top 5 most searched people on Google in 2026 — Lindsay Clancy,Will Lindsay Clancy be the #Top 5 rank on Google’s Year in Search 2026 Global - Google’s Year in Search 2026 Global – People list?,Before Dec 2026,Lindsay Clancy,Entertainment,,,0.72,0.75,0.25,0.28,0.74,802.54,1312.96,2026-12-31,https://kalshi.com/markets/kxranklistgooglesearchtop5/kxranklistgooglesearchtop5-26dec,2026-10-06T18:32:28.721640+00:00,quadratic,1.0
KXFEATURE-26GTA6-KEN,KXFEATURE-26GTA6,KXFEATURE,Grand Theft Auto VI: The Album · Features — Kendrick Lamar,Will Kendrick Lamar be featured on Grand Theft Auto VI: The Album?,XXX - Grand Theft Auto VI: The Album,Kendrick Lamar,Entertainment,,,0.18,0.21,0.79,0.82,0.21,866.17,1825.54,2026-12-31,https://kalshi.com/markets/kxfeature/kxfeature-26gta6,2026-10-06T18:32:28.798659+00:00,quadratic,1.0
KXDANCINGWITHTHESTARS-26DEC31-JDEW,KXDANCINGWITHTHESTARS-26DEC31,KXDANCINGWITHTHESTARS,Dancing with the Stars Season 35 · Winner — Jenna Dewan,Will Jenna Dewan win Dancing with the Stars Season 35?,Dancing with the Stars Season 35,Jenna Dewan,Entertainment,,,0.1,0.11,0.89,0.9,0.1,108125.68,184792.9,2027-01-07,https://kalshi.com/markets/kxdancingwiththestars/kxdancingwiththestars-26dec31,2026-10-06T18:32:28.803361+00:00,quadratic,1.0
KXDANCINGWITHTHESTARS-26DEC31-EFRE,KXDANCINGWITHTHESTARS-26DEC31,KXDANCINGWITHTHESTARS,Dancing with the Stars Season 35 · Winner — Ezra Frech,Will Ezra Frech win Dancing with the Stars Season 35?,Dancing with the Stars Season 35,Ezra Frech,Entertainment,,,0.46,0.47,0.53,0.54,0.47,307288.53,430515.39,2027-01-07,https://kalshi.com/markets/kxdancingwiththestars/kxdancingwiththestars-26dec31,2026-10-06T18:32:28.803409+00:00,quadratic,1.0
KXDANCINGWITHTHESTARS-26DEC31-AGLE,KXDANCINGWITHTHESTARS-26DEC31,KXDANCINGWITHTHESTARS,Dancing with the Stars Season 35 · Winner — Amber Glenn,Will Amber Glenn win Dancing with the Stars Season 35?,Dancing with the Stars Season 35,Amber Glenn,Entertainment,,,0.13,0.15,0.85,0.87,0.14,206918.75,282757.04,2027-01-07,https://kalshi.com/markets/kxdancingwiththestars/kxdancingwiththestars-26dec31,2026-10-06T18:32:28.803425+00:00,quadratic,1.0
KXDANCINGWITHTHESTARS-26DEC31-CWOO,KXDANCINGWITHTHESTARS-26DEC31,KXDANCINGWITHTHESTARS,Dancing with the Stars Season 35 · Winner — Connor Wood,Will Connor Wood win Dancing with the Stars Season 35?,Dancing with the Stars Season 35,Connor Wood,Entertainment,,,0.02,0.03,0.97,0.98,0.03,219076.03,296941.1,2027-01-07,https://kalshi.com/markets/kxdancingwiththestars/kxdancingwiththestars-26dec31,2026-10-06T18:32:28.803441+00:00,quadratic,1.0
KXDANCINGWITHTHESTARS-26DEC31-HSHU,KXDANCINGWITHTHESTARS-26DEC31,KXDANCINGWITHTHESTARS,Dancing with the Stars Season 35 · Winner — Harry Shum Jr.,Will Harry Shum Jr. win Dancing with the Stars Season 35?,Dancing with the Stars Season 35,Harry Shum Jr.,Entertainment,,,0.11,0.12,0.88,0.89,0.12,196503.39,288413.24,2027-01-07,https://kalshi.com/markets/kxdancingwiththestars/kxdancingwiththestars-26dec31,2026-10-06T18:32:28.803502+00:00,quadratic,1.0
KXDANCINGWITHTHESTARS-26DEC31-GROD,KXDANCINGWITHTHESTARS-26DEC31,KXDANCINGWITHTHESTARS,Dancing with the Stars Season 35 · Winner — Guillermo Rodriguez,Will Guillermo Rodriguez win Dancing with the Stars Season 35?,Dancing with the Stars Season 35,Guillermo Rodriguez,Entertainment,,,0.05,0.06,0.94,0.95,0.05,372833.04,467840.01,2027-01-07,https://kalshi.com/markets/kxdancingwiththestars/kxdancingwiththestars-26dec31,2026-10-06T18:32:28.803533+00:00,quadratic,1.0
KXDANCINGWITHTHESTARS-26DEC31-MHIG,KXDANCINGWITHTHESTARS-26DEC31,KXDANCINGWITHTHESTARS,Dancing with the Stars Season 35 · Winner — Maura Higgins,Will Maura Higgins win Dancing with the Stars Season 35?,Dancing with the Stars Season 35,Maura Higgins,Entertainment,,,0.12,0.13,0.87,0.88,0.13,186905.17,440827.94,2027-01-07,https://kalshi.com/markets/kxdancingwiththestars/kxdancingwiththestars-26dec31,2026-10-06T18:32:28.803549+00:00,quadratic,1.0
KXDANCINGWITHTHESTARS-26DEC31-JOLS,KXDANCINGWITHTHESTARS-26DEC31,KXDANCINGWITHTHESTARS,Dancing with the Stars Season 35 · Winner — Jackson Olson,Will Jackson Olson win Dancing with the Stars Season 35?,Dancing with the Stars Season 35,Jackson Olson,Entertainment,,,0.01,0.02,0.98,0.99,0.02,179664.49,228662.89,2027-01-07,https://kalshi.com/markets/kxdancingwiththestars/kxdancingwiththestars-26dec31,2026-10-06T18:32:28.803581+00:00,quadratic,1.0
KXNCAAFUNDEFEATED-26-IND,KXNCAAFUNDEFEATED-26,KXNCAAFUNDEFEATED,College Football Undefeated Regular Season — Indiana,Will Indiana go undefeated in the 2026 College Football regular season?,2026,Indiana,Sports,,,0.18,0.2,0.8,0.82,0.17,47038.6,58467.07,2026-12-28,https://kalshi.com/markets/kxncaafundefeated/kxncaafundefeated-26,2026-10-06T18:32:28.836504+00:00,quadratic,1.0
KXNCAAFUNDEFEATED-26-TTU,KXNCAAFUNDEFEATED-26,KXNCAAFUNDEFEATED,College Football Undefeated Regular Season — Texas Tech,Will Texas Tech go undefeated in the 2026 College Football regular season?,2026,Texas Tech,Sports,,,0.28,0.3,0.7,0.72,0.31,95237.61,160636.46,2026-12-28,https://kalshi.com/markets/kxncaafundefeated/kxncaafundefeated-26,2026-10-06T18:32:28.836608+00:00,quadratic,1.0
KXNCAAFUNDEFEATED-26-ALA,KXNCAAFUNDEFEATED-26,KXNCAAFUNDEFEATED,College Football Undefeated Regular Season — Alabama,Will Alabama go undefeated in the 2026 College Football regular season?,2026,Alabama,Sports,,,0.11,0.13,0.87,0.89,0.14,19687.35,39734.46,2026-12-28,https://kalshi.com/markets/kxncaafundefeated/kxncaafundefeated-26,2026-10-06T18:32:28.836638+00:00,quadratic,1.0
GOVPARTYHI-26-D,GOVPARTYHI-26,GOVPARTYHI,Hawaii Governor winner? — Josh Green,Will the Democratic party win the governorship in Hawaii,In 2026,Josh Green,Elections,,2026-GOV-HI,0.958,0.989,0.011,0.042,0.96,3511.17,7265.85,2027-11-03,https://kalshi.com/markets/govpartyhi/govpartyhi-26,2026-10-06T18:32:28.857288+00:00,quadratic,1.0
KXCONMEBOLLIB-26-PAL,KXCONMEBOLLIB-26,KXCONMEBOLLIB,Copa Libertadores Champion — Palmeiras,Will Palmeiras win the Copa Libertadores?,2026-26 Season,Palmeiras,Sports,,,0.15,0.36,0.64,0.85,0.15,699.53,2093.48,2026-12-14,https://kalshi.com/markets/kxconmebollib/kxconmebollib-26,2026-10-06T18:32:28.891461+00:00,quadratic,1.0
KXCONMEBOLLIB-26-FLA,KXCONMEBOLLIB-26,KXCONMEBOLLIB,Copa Libertadores Champion — Flamengo,Will Flamengo win the Copa Libertadores?,2026-26 Season,Flamengo,Sports,,,0.38,0.44,0.56,0.62,0.38,1695.96,2754.76,2026-12-14,https://kalshi.com/markets/kxconmebollib/kxconmebollib-26,2026-10-06T18:32:28.891505+00:00,quadratic,1.0
KXCHNSL-26-CHR,KXCHNSL-26,KXCHNSL,Chinese Super League Champion — Chengdu Rongcheng,Will Chengdu Rongcheng win the Chinese Super League?,2026 Season,Chengdu Rongcheng,Sports,,,0.68,1.0,0.0,0.32,0.97,582.06,1036.86,2026-11-30,https://kalshi.com/markets/kxchnsl/kxchnsl-26,2026-10-06T18:32:28.919250+00:00,quadratic,1.0
KXSERBIAELECTIONCALL-26NOV01-26OCT15,KXSERBIAELECTIONCALL-26NOV01,KXSERBIAELECTIONCALL,"When will Serbia call its presidential election? — Before Oct 15, 2026","Will Serbia call its presidential election before Oct 15, 2026?",Serbian presidential election,"Before Oct 15, 2026",Elections,,,0.04,0.06,0.94,0.96,0.05,3432.51,5616.18,2026-10-15,https://kalshi.com/markets/kxserbiaelectioncall/kxserbiaelectioncall-26nov01,2026-10-06T18:32:28.959053+00:00,quadratic,1.0
KXXRPMINMON-XRP-26OCT31-140,KXXRPMINMON-XRP-26OCT31,KXXRPMINMON,How low will XRP get in October? — Below $1.40,"Will XRP trimmed mean be below $1.40 by 11:59 PM ET on Oct 31, 2026?",October,Below $1.40,Crypto,,,0.6,0.68,0.32,0.4,0.65,493.48,757.8,2026-11-01,https://kalshi.com/markets/kxxrpminmon/kxxrpminmon-xrp-26oct31,2026-10-06T18:32:29.009315+00:00,quadratic,1.0
KXXRPMINMON-XRP-26OCT31-120,KXXRPMINMON-XRP-26OCT31,KXXRPMINMON,How low will XRP get in October? — Below $1.20,"Will XRP trimmed mean be below $1.20 by 11:59 PM ET on Oct 31, 2026?",October,Below $1.20,Crypto,,,0.13,0.15,0.85,0.87,0.15,217.31,727.29,2026-11-01,https://kalshi.com/markets/kxxrpminmon/kxxrpminmon-xrp-26oct31,2026-10-06T18:32:29.009346+00:00,quadratic,1.0
KXXRPMINMON-XRP-26OCT31-100,KXXRPMINMON-XRP-26OCT31,KXXRPMINMON,How low will XRP get in October? — Below $1.00,"Will XRP trimmed mean be below $1.00 by 11:59 PM ET on Oct 31, 2026?",October,Below $1.00,Crypto,,,0.01,0.05,0.95,0.99,0.06,230.43,463.07,2026-11-01,https://kalshi.com/markets/kxxrpminmon/kxxrpminmon-xrp-26oct31,2026-10-06T18:32:29.009377+00:00,quadratic,1.0
KXXRPMAXMON-XRP-26OCT31-160,KXXRPMAXMON-XRP-26OCT31,KXXRPMAXMON,How high will XRP get in October? — Above $1.60,"Will XRP trimmed mean be above $1.60 by 11:59 PM ET on Oct 31, 2026?",October,Above $1.60,Crypto,,,0.68,0.7,0.3,0.32,0.7,2901.78,4872.46,2026-11-01,https://kalshi.com/markets/kxxrpmaxmon/kxxrpmaxmon-xrp-26oct31,2026-10-06T18:32:29.009437+00:00,quadratic,1.0
KXXRPMAXMON-XRP-26OCT31-180,KXXRPMAXMON-XRP-26OCT31,KXXRPMAXMON,How high will XRP get in October? — Above $1.80,"Will XRP trimmed mean be above $1.80 by 11:59 PM ET on Oct 31, 2026?",October,Above $1.80,Crypto,,,0.25,0.3,0.7,0.75,0.3,2335.0,3215.43,2026-11-01,https://kalshi.com/markets/kxxrpmaxmon/kxxrpmaxmon-xrp-26oct31,2026-10-06T18:32:29.009468+00:00,quadratic,1.0
KXXRPMAXMON-XRP-26OCT31-200,KXXRPMAXMON-XRP-26OCT31,KXXRPMAXMON,How high will XRP get in October? — Above $2.00,"Will XRP trimmed mean be above $2.00 by 11:59 PM ET on Oct 31, 2026?",October,Above $2.00,Crypto,,,0.1,0.13,0.87,0.9,0.08,1970.87,2896.83,2026-11-01,https://kalshi.com/markets/kxxrpmaxmon/kxxrpmaxmon-xrp-26oct31,2026-10-06T18:32:29.009499+00:00,quadratic,1.0
KXXRPMAXMON-XRP-26OCT31-220,KXXRPMAXMON-XRP-26OCT31,KXXRPMAXMON,How high will XRP get in October? — Above $2.20,"Will XRP trimmed mean be above $2.20 by 11:59 PM ET on Oct 31, 2026?",October,Above $2.20,Crypto,,,0.08,0.12,0.88,0.92,0.13,5511.95,7395.53,2026-11-01,https://kalshi.com/markets/kxxrpmaxmon/kxxrpmaxmon-xrp-26oct31,2026-10-06T18:32:29.009530+00:00,quadratic,1.0
KXSOLMINMON-SOL-26OCT31-11000,KXSOLMINMON-SOL-26OCT31,KXSOLMINMON,How low will SOL get in October? — Below $110.00,"Will SOL trimmed mean be below $110.00 by 11:59 PM ET on Oct 31, 2026?",October,Below $110.00,Crypto,,,0.49,0.54,0.46,0.51,0.48,1274.31,2210.17,2026-11-01,https://kalshi.com/markets/kxsolminmon/kxsolminmon-sol-26oct31,2026-10-06T18:32:29.009562+00:00,quadratic,1.0
KXSOLMINMON-SOL-26OCT31-10000,KXSOLMINMON-SOL-26OCT31,KXSOLMINMON,How low will SOL get in October? — Below $100.00,"Will SOL trimmed mean be below $100.00 by 11:59 PM ET on Oct 31, 2026?",October,Below $100.00,Crypto,,,0.22,0.25,0.75,0.78,0.25,3042.11,6883.43,2026-11-01,https://kalshi.com/markets/kxsolminmon/kxsolminmon-sol-26oct31,2026-10-06T18:32:29.009592+00:00,quadratic,1.0
KXSOLMINMON-SOL-26OCT31-9000,KXSOLMINMON-SOL-26OCT31,KXSOLMINMON,How low will SOL get in October? — Below $90.00,"Will SOL trimmed mean be below $90.00 by 11:59 PM ET on Oct 31, 2026?",October,Below $90.00,Crypto,,,0.07,0.11,0.89,0.93,0.12,3479.98,5224.94,2026-11-01,https://kalshi.com/markets/kxsolminmon/kxsolminmon-sol-26oct31,2026-10-06T18:32:29.009625+00:00,quadratic,1.0
KXSOLMINMON-SOL-26OCT31-8000,KXSOLMINMON-SOL-26OCT31,KXSOLMINMON,How low will SOL get in October? — Below $80.00,"Will SOL trimmed mean be below $80.00 by 11:59 PM ET on Oct 31, 2026?",October,Below $80.00,Crypto,,,0.02,0.06,0.94,0.98,0.04,300.0,300.0,2026-11-01,https://kalshi.com/markets/kxsolminmon/kxsolminmon-sol-26oct31,2026-10-06T18:32:29.009655+00:00,quadratic,1.0
KXSOLMAXMON-SOL-26OCT31-13000,KXSOLMAXMON-SOL-26OCT31,KXSOLMAXMON,How high will SOL get in October? — Above $130.00,"Will SOL trimmed mean be above $130.00 by 11:59 PM ET on Oct 31, 2026?",October,Above $130.00,Crypto,,,0.53,0.62,0.38,0.47,0.56,634.58,993.66,2026-11-01,https://kalshi.com/markets/kxsolmaxmon/kxsolmaxmon-sol-26oct31,2026-10-06T18:32:29.009735+00:00,quadratic,1.0
KXSOLMAXMON-SOL-26OCT31-14000,KXSOLMAXMON-SOL-26OCT31,KXSOLMAXMON,How high will SOL get in October? — Above $140.00,"Will SOL trimmed mean be above $140.00 by 11:59 PM ET on Oct 31, 2026?",October,Above $140.00,Crypto,,,0.3,0.34,0.66,0.7,0.33,370.34,784.16,2026-11-01,https://kalshi.com/markets/kxsolmaxmon/kxsolmaxmon-sol-26oct31,2026-10-06T18:32:29.009765+00:00,quadratic,1.0
KXSOLMAXMON-SOL-26OCT31-15000,KXSOLMAXMON-SOL-26OCT31,KXSOLMAXMON,How high will SOL get in October? — Above $150.00,"Will SOL trimmed mean be above $150.00 by 11:59 PM ET on Oct 31, 2026?",October,Above $150.00,Crypto,,,0.16,0.19,0.81,0.84,0.16,2567.41,2853.13,2026-11-01,https://kalshi.com/markets/kxsolmaxmon/kxsolmaxmon-sol-26oct31,2026-10-06T18:32:29.009796+00:00,quadratic,1.0
KXETHMINMON-ETH-26OCT31-250000,KXETHMINMON-ETH-26OCT31,KXETHMINMON,"How low will ETH get in October? — Below $2,500.00","Will ETH trimmed mean be below $2500.00 by 11:59 PM ET on Oct 31, 2026?",October,"Below $2,500.00",Crypto,,,0.49,0.53,0.47,0.51,0.54,1357.06,1694.17,2026-11-01,https://kalshi.com/markets/kxethminmon/kxethminmon-eth-26oct31,2026-10-06T18:32:29.017405+00:00,quadratic,1.0
KXETHMINMON-ETH-26OCT31-200000,KXETHMINMON-ETH-26OCT31,KXETHMINMON,"How low will ETH get in October? — Below $2,000.00","Will ETH trimmed mean be below $2000.00 by 11:59 PM ET on Oct 31, 2026?",October,"Below $2,000.00",Crypto,,,0.03,0.05,0.95,0.97,0.03,60.27,60.27,2026-11-01,https://kalshi.com/markets/kxethminmon/kxethminmon-eth-26oct31,2026-10-06T18:32:29.017437+00:00,quadratic,1.0
KXETHMAXMON-ETH-26OCT31-300000,KXETHMAXMON-ETH-26OCT31,KXETHMAXMON,"How high will ETH get in October? — Above $3,000.00","Will ETH trimmed mean be above $3000.00 by 11:59 PM ET on Oct 31, 2026?",October,"Above $3,000.00",Crypto,,,0.35,0.39,0.61,0.65,0.41,6654.58,9593.4,2026-11-01,https://kalshi.com/markets/kxethmaxmon/kxethmaxmon-eth-26oct31,2026-10-06T18:32:29.017531+00:00,quadratic,1.0
KXETHMAXMON-ETH-26OCT31-350000,KXETHMAXMON-ETH-26OCT31,KXETHMAXMON,"How high will ETH get in October? — Above $3,500.00","Will ETH trimmed mean be above $3500.00 by 11:59 PM ET on Oct 31, 2026?",October,"Above $3,500.00",Crypto,,,0.06,0.07,0.93,0.94,0.07,8083.18,10663.52,2026-11-01,https://kalshi.com/markets/kxethmaxmon/kxethmaxmon-eth-26oct31,2026-10-06T18:32:29.017562+00:00,quadratic,1.0
KXBTCMINMON-BTC-26OCT31-8000000,KXBTCMINMON-BTC-26OCT31,KXBTCMINMON,"How low will BTC get in October? — Below $80,000.00","Will BTC trimmed mean be below $80000.00 by 11:59 PM ET on Oct 31, 2026?",October,"Below $80,000.00",Crypto,,,0.44,0.45,0.55,0.56,0.43,6573.98,9692.65,2026-11-01,https://kalshi.com/markets/kxbtcminmon/kxbtcminmon-btc-26oct31,2026-10-06T18:32:29.019184+00:00,quadratic,1.0
KXBTCMINMON-BTC-26OCT31-7750000,KXBTCMINMON-BTC-26OCT31,KXBTCMINMON,"How low will BTC get in October? — Below $77,500.00","Will BTC trimmed mean be below $77500.00 by 11:59 PM ET on Oct 31, 2026?",October,"Below $77,500.00",Crypto,,,0.29,0.3,0.7,0.71,0.29,6818.73,8011.26,2026-11-01,https://kalshi.com/markets/kxbtcminmon/kxbtcminmon-btc-26oct31,2026-10-06T18:32:29.019200+00:00,quadratic,1.0
KXBTCMINMON-BTC-26OCT31-7500000,KXBTCMINMON-BTC-26OCT31,KXBTCMINMON,"How low will BTC get in October? — Below $75,000.00","Will BTC trimmed mean be below $75000.00 by 11:59 PM ET on Oct 31, 2026?",October,"Below $75,000.00",Crypto,,,0.16,0.17,0.83,0.84,0.16,8845.64,11479.34,2026-11-01,https://kalshi.com/markets/kxbtcminmon/kxbtcminmon-btc-26oct31,2026-10-06T18:32:29.019216+00:00,quadratic,1.0
KXBTCMINMON-BTC-26OCT31-7250000,KXBTCMINMON-BTC-26OCT31,KXBTCMINMON,"How low will BTC get in October? — Below $72,500.00","Will BTC trimmed mean be below $72500.00 by 11:59 PM ET on Oct 31, 2026?",October,"Below $72,500.00",Crypto,,,0.1,0.11,0.89,0.9,0.1,7044.18,11067.96,2026-11-01,https://kalshi.com/markets/kxbtcminmon/kxbtcminmon-btc-26oct31,2026-10-06T18:32:29.019231+00:00,quadratic,1.0
KXBTCMINMON-BTC-26OCT31-7000000,KXBTCMINMON-BTC-26OCT31,KXBTCMINMON,"How low will BTC get in October? — Below $70,000.00","Will BTC trimmed mean be below $70000.00 by 11:59 PM ET on Oct 31, 2026?",October,"Below $70,000.00",Crypto,,,0.06,0.08,0.92,0.94,0.07,5202.87,7413.53,2026-11-01,https://kalshi.com/markets/kxbtcminmon/kxbtcminmon-btc-26oct31,2026-10-06T18:32:29.019246+00:00,quadratic,1.0
KXBTCMINMON-BTC-26OCT31-6750000,KXBTCMINMON-BTC-26OCT31,KXBTCMINMON,"How low will BTC get in October? — Below $67,500.00","Will BTC trimmed mean be below $67500.00 by 11:59 PM ET on Oct 31, 2026?",October,"Below $67,500.00",Crypto,,,0.04,0.06,0.94,0.96,0.06,6262.49,8735.48,2026-11-01,https://kalshi.com/markets/kxbtcminmon/kxbtcminmon-btc-26oct31,2026-10-06T18:32:29.019261+00:00,quadratic,1.0
KXBTCMINMON-BTC-26OCT31-6500000,KXBTCMINMON-BTC-26OCT31,KXBTCMINMON,"How low will BTC get in October? — Below $65,000.00","Will BTC trimmed mean be below $65000.00 by 11:59 PM ET on Oct 31, 2026?",October,"Below $65,000.00",Crypto,,,0.03,0.04,0.96,0.97,0.04,6615.86,9325.69,2026-11-01,https://kalshi.com/markets/kxbtcminmon/kxbtcminmon-btc-26oct31,2026-10-06T18:32:29.019276+00:00,quadratic,1.0
KXBTCMINMON-BTC-26OCT31-6250000,KXBTCMINMON-BTC-26OCT31,KXBTCMINMON,"How low will BTC get in October? — Below $62,500.00","Will BTC trimmed mean be below $62500.00 by 11:59 PM ET on Oct 31, 2026?",October,"Below $62,500.00",Crypto,,,0.01,0.03,0.97,0.99,0.03,36185.25,44029.38,2026-11-01,https://kalshi.com/markets/kxbtcminmon/kxbtcminmon-btc-26oct31,2026-10-06T18:32:29.019291+00:00,quadratic,1.0
KXBTCMAXMON-BTC-26OCT31-8750000,KXBTCMAXMON-BTC-26OCT31,KXBTCMAXMON,"How high will BTC get in October? — Above $87,500.00","Will BTC trimmed mean be above $87500.00 by 11:59 PM ET on Oct 31, 2026?",October,"Above $87,500.00",Crypto,,,0.8,0.82,0.18,0.2,0.83,32306.47,56941.79,2026-11-01,https://kalshi.com/markets/kxbtcmaxmon/kxbtcmaxmon-btc-26oct31,2026-10-06T18:32:29.019324+00:00,quadratic,1.0
KXBTCMAXMON-BTC-26OCT31-9000000,KXBTCMAXMON-BTC-26OCT31,KXBTCMAXMON,"How high will BTC get in October? — Above $90,000.00","Will BTC trimmed mean be above $90000.00 by 11:59 PM ET on Oct 31, 2026?",October,"Above $90,000.00",Crypto,,,0.57,0.6,0.4,0.43,0.6,22527.84,39486.84,2026-11-01,https://kalshi.com/markets/kxbtcmaxmon/kxbtcmaxmon-btc-26oct31,2026-10-06T18:32:29.019339+00:00,quadratic,1.0
KXBTCMAXMON-BTC-26OCT31-9250000,KXBTCMAXMON-BTC-26OCT31,KXBTCMAXMON,"How high will BTC get in October? — Above $92,500.00","Will BTC trimmed mean be above $92500.00 by 11:59 PM ET on Oct 31, 2026?",October,"Above $92,500.00",Crypto,,,0.37,0.39,0.61,0.63,0.39,15279.87,25095.38,2026-11-01,https://kalshi.com/markets/kxbtcmaxmon/kxbtcmaxmon-btc-26oct31,2026-10-06T18:32:29.019354+00:00,quadratic,1.0
KXBTCMAXMON-BTC-26OCT31-9500000,KXBTCMAXMON-BTC-26OCT31,KXBTCMAXMON,"How high will BTC get in October? — Above $95,000.00","Will BTC trimmed mean be above $95000.00 by 11:59 PM ET on Oct 31, 2026?",October,"Above $95,000.00",Crypto,,,0.23,0.25,0.75,0.77,0.27,26918.73,40424.06,2026-11-01,https://kalshi.com/markets/kxbtcmaxmon/kxbtcmaxmon-btc-26oct31,2026-10-06T18:32:29.019369+00:00,quadratic,1.0
KXBTCMAXMON-BTC-26OCT31-9750000,KXBTCMAXMON-BTC-26OCT31,KXBTCMAXMON,"How high will BTC get in October? — Above $97,500.00","Will BTC trimmed mean be above $97500.00 by 11:59 PM ET on Oct 31, 2026?",October,"Above $97,500.00",Crypto,,,0.13,0.17,0.83,0.87,0.13,17275.54,25963.93,2026-11-01,https://kalshi.com/markets/kxbtcmaxmon/kxbtcmaxmon-btc-26oct31,2026-10-06T18:32:29.019384+00:00,quadratic,1.0
KXBTCMAXMON-BTC-26OCT31-10000000,KXBTCMAXMON-BTC-26OCT31,KXBTCMAXMON,"How high will BTC get in October? — Above $100,000.00","Will BTC trimmed mean be above $100000.00 by 11:59 PM ET on Oct 31, 2026?",October,"Above $100,000.00",Crypto,,,0.08,0.11,0.89,0.92,0.1,19344.02,40111.71,2026-11-01,https://kalshi.com/markets/kxbtcmaxmon/kxbtcmaxmon-btc-26oct31,2026-10-06T18:32:29.019399+00:00,quadratic,1.0
KXBTCMAXMON-BTC-26OCT31-10250000,KXBTCMAXMON-BTC-26OCT31,KXBTCMAXMON,"How high will BTC get in October? — Above $102,500.00","Will BTC trimmed mean be above $102500.00 by 11:59 PM ET on Oct 31, 2026?",October,"Above $102,500.00",Crypto,,,0.07,0.09,0.91,0.93,0.07,17486.02,20721.19,2026-11-01,https://kalshi.com/markets/kxbtcmaxmon/kxbtcmaxmon-btc-26oct31,2026-10-06T18:32:29.019413+00:00,quadratic,1.0
KXBALLONDORAWARD-26WBAL-APUT,KXBALLONDORAWARD-26WBAL,KXBALLONDORAWARD,Women's Ballon d'Or Winner 2026 — Alexia Putellas,Alexia Putellas wins Women's Ballon d'Or for the 2025-26 season (2026 award)?,Women's Ballon d'Or,Alexia Putellas,Sports,,,0.85,0.9,0.1,0.15,0.92,1205.09,1439.59,2026-11-03,https://kalshi.com/markets/kxballondoraward/kxballondoraward-26wbal,2026-10-06T18:32:29.046338+00:00,quadratic,1.0
KXBALLONDORRANK-26T5-PCUB,KXBALLONDORRANK-26T5,KXBALLONDORRANK,Ballon d'Or 2026: Top 5 Finishers — Pau Cubarsí,Pau Cubarsí: Top 5 in the 2026 men's Ballon d'Or?,Top 5 in 2026,Pau Cubarsí,Sports,,,0.01,0.08,0.92,0.99,0.1,432.82,480.82,2026-11-10,https://kalshi.com/markets/kxballondorrank/kxballondorrank-26t5,2026-10-06T18:32:29.046782+00:00,quadratic,1.0
KXBALLONDORRANK-26T5-ODEM,KXBALLONDORRANK-26T5,KXBALLONDORRANK,Ballon d'Or 2026: Top 5 Finishers — Ousmane Dembélé,Ousmane Dembélé: Top 5 in the 2026 men's Ballon d'Or?,Top 5 in 2026,Ousmane Dembélé,Sports,,,0.26,0.27,0.73,0.74,0.27,1068.57,1353.57,2026-11-10,https://kalshi.com/markets/kxballondorrank/kxballondorrank-26t5,2026-10-06T18:32:29.046813+00:00,quadratic,1.0
KXBALLONDORRANK-26T5-EHAA,KXBALLONDORRANK-26T5,KXBALLONDORRANK,Ballon d'Or 2026: Top 5 Finishers — Erling Haaland,Erling Haaland: Top 5 in the 2026 men's Ballon d'Or?,Top 5 in 2026,Erling Haaland,Sports,,,0.06,0.1,0.9,0.94,0.12,912.57,929.34,2026-11-10,https://kalshi.com/markets/kxballondorrank/kxballondorrank-26t5,2026-10-06T18:32:29.046873+00:00,quadratic,1.0
KXBALLONDORRANK-26T5-HKAN,KXBALLONDORRANK-26T5,KXBALLONDORRANK,Ballon d'Or 2026: Top 5 Finishers — Harry Kane,Harry Kane: Top 5 in the 2026 men's Ballon d'Or?,Top 5 in 2026,Harry Kane,Sports,,,0.92,0.98,0.02,0.08,0.94,60.01,60.01,2026-11-10,https://kalshi.com/markets/kxballondorrank/kxballondorrank-26t5,2026-10-06T18:32:29.046903+00:00,quadratic,1.0
KXBALLONDORRANK-26T5-KKVA,KXBALLONDORRANK-26T5,KXBALLONDORRANK,Ballon d'Or 2026: Top 5 Finishers — Khvicha Kvaratskhelia,Khvicha Kvaratskhelia: Top 5 in the 2026 men's Ballon d'Or?,Top 5 in 2026,Khvicha Kvaratskhelia,Sports,,,0.33,0.37,0.63,0.67,0.37,884.11,1821.18,2026-11-10,https://kalshi.com/markets/kxballondorrank/kxballondorrank-26t5,2026-10-06T18:32:29.046917+00:00,quadratic,1.0
KXBALLONDORRANK-26T5-LYAM,KXBALLONDORRANK-26T5,KXBALLONDORRANK,Ballon d'Or 2026: Top 5 Finishers — Lamine Yamal,Lamine Yamal: Top 5 in the 2026 men's Ballon d'Or?,Top 5 in 2026,Lamine Yamal,Sports,,,0.97,0.99,0.01,0.03,0.98,303.01,647.09,2026-11-10,https://kalshi.com/markets/kxballondorrank/kxballondorrank-26t5,2026-10-06T18:32:29.046933+00:00,quadratic,1.0
KXBALLONDORRANK-26T5-KMBA,KXBALLONDORRANK-26T5,KXBALLONDORRANK,Ballon d'Or 2026: Top 5 Finishers — Kylian Mbappé,Kylian Mbappé: Top 5 in the 2026 men's Ballon d'Or?,Top 5 in 2026,Kylian Mbappé,Sports,,,0.92,0.94,0.06,0.08,0.95,1115.54,1596.41,2026-11-10,https://kalshi.com/markets/kxballondorrank/kxballondorrank-26t5,2026-10-06T18:32:29.046993+00:00,quadratic,1.0
KXBALLONDORRANK-26T5-LMES,KXBALLONDORRANK-26T5,KXBALLONDORRANK,Ballon d'Or 2026: Top 5 Finishers — Lionel Messi,Lionel Messi: Top 5 in the 2026 men's Ballon d'Or?,Top 5 in 2026,Lionel Messi,Sports,,,0.66,0.71,0.29,0.34,0.73,2056.59,2570.03,2026-11-10,https://kalshi.com/markets/kxballondorrank/kxballondorrank-26t5,2026-10-06T18:32:29.047023+00:00,quadratic,1.0
KXBALLONDORRANK-26T5-MOLI,KXBALLONDORRANK-26T5,KXBALLONDORRANK,Ballon d'Or 2026: Top 5 Finishers — Michael Olise,Michael Olise: Top 5 in the 2026 men's Ballon d'Or?,Top 5 in 2026,Michael Olise,Sports,,,0.34,0.37,0.63,0.66,0.38,1250.21,2041.89,2026-11-10,https://kalshi.com/markets/kxballondorrank/kxballondorrank-26t5,2026-10-06T18:32:29.047054+00:00,quadratic,1.0
KXBALLONDORRANK-26T5-RODR,KXBALLONDORRANK-26T5,KXBALLONDORRANK,Ballon d'Or 2026: Top 5 Finishers — Rodri,Rodri: Top 5 in the 2026 men's Ballon d'Or?,Top 5 in 2026,Rodri,Sports,,,0.62,0.64,0.36,0.38,0.62,528.24,650.97,2026-11-10,https://kalshi.com/markets/kxballondorrank/kxballondorrank-26t5,2026-10-06T18:32:29.047113+00:00,quadratic,1.0
KXBALLONDORRANK-26T5-FRUI,KXBALLONDORRANK-26T5,KXBALLONDORRANK,Ballon d'Or 2026: Top 5 Finishers — Fabián Ruiz,Fabián Ruiz: Top 5 in the 2026 men's Ballon d'Or?,Top 5 in 2026,Fabián Ruiz,Sports,,,0.04,0.1,0.9,0.96,0.24,1295.18,1305.18,2026-11-10,https://kalshi.com/markets/kxballondorrank/kxballondorrank-26t5,2026-10-06T18:32:29.047128+00:00,quadratic,1.0
KXBALLONDORRANK-26T3-JBEL,KXBALLONDORRANK-26T3,KXBALLONDORRANK,Ballon d'Or 2026: Top 3 Finishers — Jude Bellingham,Jude Bellingham: Top 3 in the 2026 men's Ballon d'Or?,Top 3 in 2026,Jude Bellingham,Sports,,,0.01,0.06,0.94,0.99,0.07,214.92,214.92,2026-11-10,https://kalshi.com/markets/kxballondorrank/kxballondorrank-26t3,2026-10-06T18:32:29.047220+00:00,quadratic,1.0
KXBALLONDORRANK-26T3-ODEM,KXBALLONDORRANK-26T3,KXBALLONDORRANK,Ballon d'Or 2026: Top 3 Finishers — Ousmane Dembélé,Ousmane Dembélé: Top 3 in the 2026 men's Ballon d'Or?,Top 3 in 2026,Ousmane Dembélé,Sports,,,0.05,0.08,0.92,0.95,0.08,604.57,712.67,2026-11-10,https://kalshi.com/markets/kxballondorrank/kxballondorrank-26t3,2026-10-06T18:32:29.047265+00:00,quadratic,1.0
KXBALLONDORRANK-26T3-HKAN,KXBALLONDORRANK-26T3,KXBALLONDORRANK,Ballon d'Or 2026: Top 3 Finishers — Harry Kane,Harry Kane: Top 3 in the 2026 men's Ballon d'Or?,Top 3 in 2026,Harry Kane,Sports,,,0.95,0.96,0.04,0.05,0.96,882.47,1549.71,2026-11-10,https://kalshi.com/markets/kxballondorrank/kxballondorrank-26t3,2026-10-06T18:32:29.047354+00:00,quadratic,1.0
KXBALLONDORRANK-26T3-LYAM,KXBALLONDORRANK-26T3,KXBALLONDORRANK,Ballon d'Or 2026: Top 3 Finishers — Lamine Yamal,Lamine Yamal: Top 3 in the 2026 men's Ballon d'Or?,Top 3 in 2026,Lamine Yamal,Sports,,,0.9,1.0,0.0,0.1,0.62,1028.23,1661.36,2026-11-10,https://kalshi.com/markets/kxballondorrank/kxballondorrank-26t3,2026-10-06T18:32:29.047384+00:00,quadratic,1.0
KXBALLONDORRANK-26T3-KMBA,KXBALLONDORRANK-26T3,KXBALLONDORRANK,Ballon d'Or 2026: Top 3 Finishers — Kylian Mbappé,Kylian Mbappé: Top 3 in the 2026 men's Ballon d'Or?,Top 3 in 2026,Kylian Mbappé,Sports,,,0.6,0.64,0.36,0.4,0.64,1119.69,2708.34,2026-11-10,https://kalshi.com/markets/kxballondorrank/kxballondorrank-26t3,2026-10-06T18:32:29.047445+00:00,quadratic,1.0
KXBALLONDORRANK-26T3-LMES,KXBALLONDORRANK-26T3,KXBALLONDORRANK,Ballon d'Or 2026: Top 3 Finishers — Lionel Messi,Lionel Messi: Top 3 in the 2026 men's Ballon d'Or?,Top 3 in 2026,Lionel Messi,Sports,,,0.3,0.35,0.65,0.7,0.35,3176.93,3824.94,2026-11-10,https://kalshi.com/markets/kxballondorrank/kxballondorrank-26t3,2026-10-06T18:32:29.047476+00:00,quadratic,1.0
KXBALLONDORRANK-26T3-MOLI,KXBALLONDORRANK-26T3,KXBALLONDORRANK,Ballon d'Or 2026: Top 3 Finishers — Michael Olise,Michael Olise: Top 3 in the 2026 men's Ballon d'Or?,Top 3 in 2026,Michael Olise,Sports,,,0.04,0.07,0.93,0.96,0.08,1009.69,1009.69,2026-11-10,https://kalshi.com/markets/kxballondorrank/kxballondorrank-26t3,2026-10-06T18:32:29.047506+00:00,quadratic,1.0
KXBALLONDORRANK-26T3-RODR,KXBALLONDORRANK-26T3,KXBALLONDORRANK,Ballon d'Or 2026: Top 3 Finishers — Rodri,Rodri: Top 3 in the 2026 men's Ballon d'Or?,Top 3 in 2026,Rodri,Sports,,,0.12,0.18,0.82,0.88,0.19,563.39,982.05,2026-11-10,https://kalshi.com/markets/kxballondorrank/kxballondorrank-26t3,2026-10-06T18:32:29.047565+00:00,quadratic,1.0
KXBALLONDORRANK-26T3-FRUI,KXBALLONDORRANK-26T3,KXBALLONDORRANK,Ballon d'Or 2026: Top 3 Finishers — Fabián Ruiz,Fabián Ruiz: Top 3 in the 2026 men's Ballon d'Or?,Top 3 in 2026,Fabián Ruiz,Sports,,,0.02,0.09,0.91,0.98,0.1,1156.31,1156.31,2026-11-10,https://kalshi.com/markets/kxballondorrank/kxballondorrank-26t3,2026-10-06T18:32:29.047579+00:00,quadratic,1.0
KXBALLONDORRANK-26T10-JBEL,KXBALLONDORRANK-26T10,KXBALLONDORRANK,Ballon d'Or 2026: Top 10 Finishers — Jude Bellingham,Jude Bellingham: Top 10 in the 2026 men's Ballon d'Or?,Top 10 in 2026,Jude Bellingham,Sports,,,0.63,0.7,0.3,0.37,0.86,1220.87,1779.25,2026-11-10,https://kalshi.com/markets/kxballondorrank/kxballondorrank-26t10,2026-10-06T18:32:29.047687+00:00,quadratic,1.0
KXBALLONDORRANK-26T10-PCUB,KXBALLONDORRANK-26T10,KXBALLONDORRANK,Ballon d'Or 2026: Top 10 Finishers — Pau Cubarsí,Pau Cubarsí: Top 10 in the 2026 men's Ballon d'Or?,Top 10 in 2026,Pau Cubarsí,Sports,,,0.46,0.98,0.02,0.54,0.45,796.48,1241.52,2026-11-10,https://kalshi.com/markets/kxballondorrank/kxballondorrank-26t10,2026-10-06T18:32:29.047705+00:00,quadratic,1.0
KXBALLONDORRANK-26T10-ODEM,KXBALLONDORRANK-26T10,KXBALLONDORRANK,Ballon d'Or 2026: Top 10 Finishers — Ousmane Dembélé,Ousmane Dembélé: Top 10 in the 2026 men's Ballon d'Or?,Top 10 in 2026,Ousmane Dembélé,Sports,,,0.78,0.8,0.2,0.22,0.79,1179.57,1309.47,2026-11-10,https://kalshi.com/markets/kxballondorrank/kxballondorrank-26t10,2026-10-06T18:32:29.047736+00:00,quadratic,1.0
KXBALLONDORRANK-26T10-LDIA,KXBALLONDORRANK-26T10,KXBALLONDORRANK,Ballon d'Or 2026: Top 10 Finishers — Luis Díaz,Luis Díaz: Top 10 in the 2026 men's Ballon d'Or?,Top 10 in 2026,Luis Díaz,Sports,,,0.06,0.13,0.87,0.94,0.1,320.32,495.1,2026-11-10,https://kalshi.com/markets/kxballondorrank/kxballondorrank-26t10,2026-10-06T18:32:29.047751+00:00,quadratic,1.0
KXBALLONDORRANK-26T10-BFER,KXBALLONDORRANK-26T10,KXBALLONDORRANK,Ballon d'Or 2026: Top 10 Finishers — Bruno Fernandes,Bruno Fernandes: Top 10 in the 2026 men's Ballon d'Or?,Top 10 in 2026,Bruno Fernandes,Sports,,,0.03,0.08,0.92,0.97,0.1,120.33,120.33,2026-11-10,https://kalshi.com/markets/kxballondorrank/kxballondorrank-26t10,2026-10-06T18:32:29.047766+00:00,quadratic,1.0
KXBALLONDORRANK-26T10-EHAA,KXBALLONDORRANK-26T10,KXBALLONDORRANK,Ballon d'Or 2026: Top 10 Finishers — Erling Haaland,Erling Haaland: Top 10 in the 2026 men's Ballon d'Or?,Top 10 in 2026,Erling Haaland,Sports,,,0.7,0.76,0.24,0.3,0.7,1345.27,1655.97,2026-11-10,https://kalshi.com/markets/kxballondorrank/kxballondorrank-26t10,2026-10-06T18:32:29.047798+00:00,quadratic,1.0
KXBALLONDORRANK-26T10-AHAK,KXBALLONDORRANK-26T10,KXBALLONDORRANK,Ballon d'Or 2026: Top 10 Finishers — Achraf Hakimi,Achraf Hakimi: Top 10 in the 2026 men's Ballon d'Or?,Top 10 in 2026,Achraf Hakimi,Sports,,,0.06,0.11,0.89,0.94,0.11,357.08,966.23,2026-11-10,https://kalshi.com/markets/kxballondorrank/kxballondorrank-26t10,2026-10-06T18:32:29.047814+00:00,quadratic,1.0
KXBALLONDORRANK-26T10-HKAN,KXBALLONDORRANK-26T10,KXBALLONDORRANK,Ballon d'Or 2026: Top 10 Finishers — Harry Kane,Harry Kane: Top 10 in the 2026 men's Ballon d'Or?,Top 10 in 2026,Harry Kane,Sports,,,0.93,1.0,0.0,0.07,0.965,135.0,438.0,2026-11-10,https://kalshi.com/markets/kxballondorrank/kxballondorrank-26t10,2026-10-06T18:32:29.047829+00:00,quadratic,1.0
KXBALLONDORRANK-26T10-KKVA,KXBALLONDORRANK-26T10,KXBALLONDORRANK,Ballon d'Or 2026: Top 10 Finishers — Khvicha Kvaratskhelia,Khvicha Kvaratskhelia: Top 10 in the 2026 men's Ballon d'Or?,Top 10 in 2026,Khvicha Kvaratskhelia,Sports,,,0.85,0.92,0.08,0.15,0.86,90.72,90.72,2026-11-10,https://kalshi.com/markets/kxballondorrank/kxballondorrank-26t10,2026-10-06T18:32:29.047845+00:00,quadratic,1.0
KXBALLONDORRANK-26T10-LYAM,KXBALLONDORRANK-26T10,KXBALLONDORRANK,Ballon d'Or 2026: Top 10 Finishers — Lamine Yamal,Lamine Yamal: Top 10 in the 2026 men's Ballon d'Or?,Top 10 in 2026,Lamine Yamal,Sports,,,0.93,1.0,0.0,0.07,0.965,330.0,577.04,2026-11-10,https://kalshi.com/markets/kxballondorrank/kxballondorrank-26t10,2026-10-06T18:32:29.047861+00:00,quadratic,1.0
KXBALLONDORRANK-26T10-LMAR,KXBALLONDORRANK-26T10,KXBALLONDORRANK,Ballon d'Or 2026: Top 10 Finishers — Lautaro Martínez,Lautaro Martínez: Top 10 in the 2026 men's Ballon d'Or?,Top 10 in 2026,Lautaro Martínez,Sports,,,0.01,0.07,0.93,0.99,0.04,0.0,0.0,2026-11-10,https://kalshi.com/markets/kxballondorrank/kxballondorrank-26t10,2026-10-06T18:32:29.047907+00:00,quadratic,1.0
KXBALLONDORRANK-26T10-KMBA,KXBALLONDORRANK-26T10,KXBALLONDORRANK,Ballon d'Or 2026: Top 10 Finishers — Kylian Mbappé,Kylian Mbappé: Top 10 in the 2026 men's Ballon d'Or?,Top 10 in 2026,Kylian Mbappé,Sports,,,0.94,1.0,0.0,0.06,0.97,500.95,1148.94,2026-11-10,https://kalshi.com/markets/kxballondorrank/kxballondorrank-26t10,2026-10-06T18:32:29.047924+00:00,quadratic,1.0
KXBALLONDORRANK-26T10-NMEN,KXBALLONDORRANK-26T10,KXBALLONDORRANK,Ballon d'Or 2026: Top 10 Finishers — Nuno Mendes,Nuno Mendes: Top 10 in the 2026 men's Ballon d'Or?,Top 10 in 2026,Nuno Mendes,Sports,,,0.05,0.12,0.88,0.95,0.085,0.0,0.0,2026-11-10,https://kalshi.com/markets/kxballondorrank/kxballondorrank-26t10,2026-10-06T18:32:29.047939+00:00,quadratic,1.0
KXBALLONDORRANK-26T10-LMES,KXBALLONDORRANK-26T10,KXBALLONDORRANK,Ballon d'Or 2026: Top 10 Finishers — Lionel Messi,Lionel Messi: Top 10 in the 2026 men's Ballon d'Or?,Top 10 in 2026,Lionel Messi,Sports,,,0.93,0.97,0.03,0.07,0.93,1276.2,1560.89,2026-11-10,https://kalshi.com/markets/kxballondorrank/kxballondorrank-26t10,2026-10-06T18:32:29.047954+00:00,quadratic,1.0
KXBALLONDORRANK-26T10-MOLI,KXBALLONDORRANK-26T10,KXBALLONDORRANK,Ballon d'Or 2026: Top 10 Finishers — Michael Olise,Michael Olise: Top 10 in the 2026 men's Ballon d'Or?,Top 10 in 2026,Michael Olise,Sports,,,0.83,0.89,0.11,0.17,0.6,1623.75,2723.46,2026-11-10,https://kalshi.com/markets/kxballondorrank/kxballondorrank-26t10,2026-10-06T18:32:29.047985+00:00,quadratic,1.0
KXBALLONDORRANK-26T10-JQUI,KXBALLONDORRANK-26T10,KXBALLONDORRANK,Ballon d'Or 2026: Top 10 Finishers — Julián Quiñones,Julián Quiñones: Top 10 in the 2026 men's Ballon d'Or?,Top 10 in 2026,Julián Quiñones,Sports,,,0.02,0.07,0.93,0.98,0.02,525.28,990.32,2026-11-10,https://kalshi.com/markets/kxballondorrank/kxballondorrank-26t10,2026-10-06T18:32:29.048014+00:00,quadratic,1.0
KXBALLONDORRANK-26T10-DRIC,KXBALLONDORRANK-26T10,KXBALLONDORRANK,Ballon d'Or 2026: Top 10 Finishers — Declan Rice,Declan Rice: Top 10 in the 2026 men's Ballon d'Or?,Top 10 in 2026,Declan Rice,Sports,,,0.26,0.31,0.69,0.74,0.24,495.5,763.98,2026-11-10,https://kalshi.com/markets/kxballondorrank/kxballondorrank-26t10,2026-10-06T18:32:29.048029+00:00,quadratic,1.0
KXBALLONDORRANK-26T10-RODR,KXBALLONDORRANK-26T10,KXBALLONDORRANK,Ballon d'Or 2026: Top 10 Finishers — Rodri,Rodri: Top 10 in the 2026 men's Ballon d'Or?,Top 10 in 2026,Rodri,Sports,,,0.95,0.99,0.01,0.05,0.97,51.51,52.51,2026-11-10,https://kalshi.com/markets/kxballondorrank/kxballondorrank-26t10,2026-10-06T18:32:29.048045+00:00,quadratic,1.0
KXBALLONDORRANK-26T10-FRUI,KXBALLONDORRANK-26T10,KXBALLONDORRANK,Ballon d'Or 2026: Top 10 Finishers — Fabián Ruiz,Fabián Ruiz: Top 10 in the 2026 men's Ballon d'Or?,Top 10 in 2026,Fabián Ruiz,Sports,,,0.05,0.85,0.15,0.95,0.75,2282.82,3169.49,2026-11-10,https://kalshi.com/markets/kxballondorrank/kxballondorrank-26t10,2026-10-06T18:32:29.048060+00:00,quadratic,1.0
KXBALLONDORRANK-26T10-VITI,KXBALLONDORRANK-26T10,KXBALLONDORRANK,Ballon d'Or 2026: Top 10 Finishers — Vitinha,Vitinha: Top 10 in the 2026 men's Ballon d'Or?,Top 10 in 2026,Vitinha,Sports,,,0.07,0.12,0.88,0.93,0.11,239.53,275.77,2026-11-10,https://kalshi.com/markets/kxballondorrank/kxballondorrank-26t10,2026-10-06T18:32:29.048133+00:00,quadratic,1.0
KXUCLBTTS-26OCT13RCLSPO-BTTS,KXUCLBTTS-26OCT13RCLSPO,KXUCLBTTS,Lens vs Sporting CP: BTTS — Both Teams To Score,Both Teams To Score,RCL vs SPO (Oct 13),Both Teams To Score,Sports,,,0.61,0.65,0.35,0.39,0.63,0.0,0.0,2026-10-15,https://kalshi.com/markets/kxuclbtts/kxuclbtts-26oct13rclspo,2026-10-06T18:32:29.138020+00:00,quadratic,1.0
KXBRASILEIROBTTS-26OCT12RBBCRU-BTTS,KXBRASILEIROBTTS-26OCT12RBBCRU,KXBRASILEIROBTTS,Bragantino vs Cruzeiro: BTTS — Both Teams To Score,Both Teams To Score,RBB vs CRU (Oct 12),Both Teams To Score,Sports,,,0.53,0.61,0.39,0.47,0.57,0.0,0.0,2026-10-15,https://kalshi.com/markets/kxbrasileirobtts/kxbrasileirobtts-26oct12rbbcru,2026-10-06T18:32:29.142320+00:00,quadratic,1.0
KXLALIGABTTS-26OCT12LEVSEV-BTTS,KXLALIGABTTS-26OCT12LEVSEV,KXLALIGABTTS,Levante vs Sevilla: BTTS — Both Teams To Score,Both Teams To Score,LEV vs SEV (Oct 12),Both Teams To Score,Sports,,,0.53,0.54,0.46,0.47,0.535,0.0,0.0,2026-10-14,https://kalshi.com/markets/kxlaligabtts/kxlaligabtts-26oct12levsev,2026-10-06T18:32:29.147331+00:00,quadratic,1.0
KXEPLBTTS-26OCT12COVNEW-BTTS,KXEPLBTTS-26OCT12COVNEW,KXEPLBTTS,Coventry vs Newcastle: BTTS — Both Teams To Score,Both Teams To Score,COV vs NEW (Oct 12),Both Teams To Score,Sports,,,0.59,0.61,0.39,0.41,0.62,69.0,69.0,2026-10-14,https://kalshi.com/markets/kxeplbtts/kxeplbtts-26oct12covnew,2026-10-06T18:32:29.147511+00:00,quadratic,1.0
KXBRASILEIROBTTS-26OCT12CFCBOT-BTTS,KXBRASILEIROBTTS-26OCT12CFCBOT,KXBRASILEIROBTTS,Coritiba vs Botafogo: BTTS — Both Teams To Score,Both Teams To Score,CFC vs BOT (Oct 12),Both Teams To Score,Sports,,,0.53,0.61,0.39,0.47,0.57,0.0,0.0,2026-10-14,https://kalshi.com/markets/kxbrasileirobtts/kxbrasileirobtts-26oct12cfcbot,2026-10-06T18:32:29.147687+00:00,quadratic,1.0
KXSERIEABTTS-26OCT12TORUDI-BTTS,KXSERIEABTTS-26OCT12TORUDI,KXSERIEABTTS,Torino vs Udinese: BTTS — Both Teams To Score,Both Teams To Score,TOR vs UDI (Oct 12),Both Teams To Score,Sports,,,0.5,0.53,0.47,0.5,0.515,0.0,0.0,2026-10-14,https://kalshi.com/markets/kxserieabtts/kxserieabtts-26oct12torudi,2026-10-06T18:32:29.147868+00:00,quadratic,1.0
KXSERIEABTTS-26OCT12ATAVEN-BTTS,KXSERIEABTTS-26OCT12ATAVEN,KXSERIEABTTS,Atalanta vs Venezia: BTTS — Both Teams To Score,Both Teams To Score,ATA vs VEN (Oct 12),Both Teams To Score,Sports,,,0.56,0.6,0.4,0.44,0.58,0.0,0.0,2026-10-14,https://kalshi.com/markets/kxserieabtts/kxserieabtts-26oct12ataven,2026-10-06T18:32:29.148961+00:00,quadratic,1.0
KXLIGAMXBTTS-26OCT11PUMCRA-BTTS,KXLIGAMXBTTS-26OCT11PUMCRA,KXLIGAMXBTTS,Pumas UNAM vs Cruz Azul: BTTS — Both Teams To Score,Both Teams To Score,PUM vs CRA (Oct 11),Both Teams To Score,Sports,,,0.58,0.62,0.38,0.42,0.6,0.0,0.0,2026-10-14,https://kalshi.com/markets/kxligamxbtts/kxligamxbtts-26oct11pumcra,2026-10-06T18:32:29.153394+00:00,quadratic,1.0
KXLIGAMXBTTS-26OCT11PACNCX-BTTS,KXLIGAMXBTTS-26OCT11PACNCX,KXLIGAMXBTTS,Pachuca vs Necaxa: BTTS — Both Teams To Score,Both Teams To Score,PAC vs NCX (Oct 11),Both Teams To Score,Sports,,,0.53,0.6,0.4,0.47,0.565,0.0,0.0,2026-10-13,https://kalshi.com/markets/kxligamxbtts/kxligamxbtts-26oct11pacncx,2026-10-06T18:32:29.155198+00:00,quadratic,1.0
KXMLSBTTS-26OCT11STLLAG-BTTS,KXMLSBTTS-26OCT11STLLAG,KXMLSBTTS,Saint Louis vs Los Angeles G: BTTS — Both Teams To Score,Both Teams To Score,STL vs LAG (Oct 11),Both Teams To Score,Sports,,,0.63,0.68,0.32,0.37,0.68,14.0,14.0,2026-10-13,https://kalshi.com/markets/kxmlsbtts/kxmlsbtts-26oct11stllag,2026-10-06T18:32:29.155439+00:00,quadratic,1.0
KXLIGAMXBTTS-26OCT11ASLSLA-BTTS,KXLIGAMXBTTS-26OCT11ASLSLA,KXLIGAMXBTTS,San Luis vs Santos Laguna: BTTS — Both Teams To Score,Both Teams To Score,ASL vs SLA (Oct 11),Both Teams To Score,Sports,,,0.57,0.62,0.38,0.43,0.595,0.0,0.0,2026-10-13,https://kalshi.com/markets/kxligamxbtts/kxligamxbtts-26oct11aslsla,2026-10-06T18:32:29.155611+00:00,quadratic,1.0
KXBRASILEIROBTTS-26OCT11BAHMIR-BTTS,KXBRASILEIROBTTS-26OCT11BAHMIR,KXBRASILEIROBTTS,Bahia vs Mirassol: BTTS — Both Teams To Score,Both Teams To Score,BAH vs MIR (Oct 11),Both Teams To Score,Sports,,,0.51,0.59,0.41,0.49,0.55,0.0,0.0,2026-10-13,https://kalshi.com/markets/kxbrasileirobtts/kxbrasileirobtts-26oct11bahmir,2026-10-06T18:32:29.155796+00:00,quadratic,1.0
KXBRASILEIROBTTS-26OCT11PALCOR-BTTS,KXBRASILEIROBTTS-26OCT11PALCOR,KXBRASILEIROBTTS,Palmeiras vs Corinthians: BTTS — Both Teams To Score,Both Teams To Score,PAL vs COR (Oct 11),Both Teams To Score,Sports,,,0.39,0.48,0.52,0.61,0.435,0.0,0.0,2026-10-13,https://kalshi.com/markets/kxbrasileirobtts/kxbrasileirobtts-26oct11palcor,2026-10-06T18:32:29.159719+00:00,quadratic,1.0
KXBRASILEIROBTTS-26OCT11GPAINT-BTTS,KXBRASILEIROBTTS-26OCT11GPAINT,KXBRASILEIROBTTS,Gremio vs Internacional: BTTS — Both Teams To Score,Both Teams To Score,GPA vs INT (Oct 11),Both Teams To Score,Sports,,,0.49,0.58,0.42,0.51,0.535,0.0,0.0,2026-10-13,https://kalshi.com/markets/kxbrasileirobtts/kxbrasileirobtts-26oct11gpaint,2026-10-06T18:32:29.159736+00:00,quadratic,1.0
KXBRASILEIROBTTS-26OCT11FLAFLU-BTTS,KXBRASILEIROBTTS-26OCT11FLAFLU,KXBRASILEIROBTTS,Flamengo vs Fluminense: BTTS — Both Teams To Score,Both Teams To Score,FLA vs FLU (Oct 11),Both Teams To Score,Sports,,,0.41,0.5,0.5,0.59,0.455,0.0,0.0,2026-10-13,https://kalshi.com/markets/kxbrasileirobtts/kxbrasileirobtts-26oct11flaflu,2026-10-06T18:32:29.159756+00:00,quadratic,1.0
KXBRASILEIROBTTS-26OCT11ATLSAN-BTTS,KXBRASILEIROBTTS-26OCT11ATLSAN,KXBRASILEIROBTTS,Atletico Mineiro vs Santos: BTTS — Both Teams To Score,Both Teams To Score,ATL vs SAN (Oct 11),Both Teams To Score,Sports,,,0.49,0.57,0.43,0.51,0.53,0.0,0.0,2026-10-13,https://kalshi.com/markets/kxbrasileirobtts/kxbrasileirobtts-26oct11atlsan,2026-10-06T18:32:29.164980+00:00,quadratic,1.0
KXSERIEABTTS-26OCT11CAGJUV-BTTS,KXSERIEABTTS-26OCT11CAGJUV,KXSERIEABTTS,Cagliari vs Juventus: BTTS — Both Teams To Score,Both Teams To Score,CAG vs JUV (Oct 11),Both Teams To Score,Sports,,,0.45,0.48,0.52,0.55,0.465,0.0,0.0,2026-10-13,https://kalshi.com/markets/kxserieabtts/kxserieabtts-26oct11cagjuv,2026-10-06T18:32:29.165155+00:00,quadratic,1.0
KXLIGUE1BTTS-26OCT11ESTOLM-BTTS,KXLIGUE1BTTS-26OCT11ESTOLM,KXLIGUE1BTTS,Troyes vs Marseille: BTTS — Both Teams To Score,Both Teams To Score,EST vs OLM (Oct 11),Both Teams To Score,Sports,,,0.6,0.63,0.37,0.4,0.615,0.0,0.0,2026-10-13,https://kalshi.com/markets/kxligue1btts/kxligue1btts-26oct11estolm,2026-10-06T18:32:29.165327+00:00,quadratic,1.0
KXLALIGABTTS-26OCT11RBBOSA-BTTS,KXLALIGABTTS-26OCT11RBBOSA,KXLALIGABTTS,Real Betis vs Osasuna: BTTS — Both Teams To Score,Both Teams To Score,RBB vs OSA (Oct 11),Both Teams To Score,Sports,,,0.52,0.53,0.47,0.48,0.525,0.0,0.0,2026-10-13,https://kalshi.com/markets/kxlaligabtts/kxlaligabtts-26oct11rbbosa,2026-10-06T18:32:29.165897+00:00,quadratic,1.0
KXSERIEABTTS-26OCT11SASACM-BTTS,KXSERIEABTTS-26OCT11SASACM,KXSERIEABTTS,Sassuolo vs Milan: BTTS — Both Teams To Score,Both Teams To Score,SAS vs ACM (Oct 11),Both Teams To Score,Sports,,,0.55,0.57,0.43,0.45,0.56,0.0,0.0,2026-10-13,https://kalshi.com/markets/kxserieabtts/kxserieabtts-26oct11sasacm,2026-10-06T18:32:29.166067+00:00,quadratic,1.0
KXEPLBTTS-26OCT11LFCMCI-BTTS,KXEPLBTTS-26OCT11LFCMCI,KXEPLBTTS,Liverpool vs Manchester City: BTTS — Both Teams To Score,Both Teams To Score,LFC vs MCI (Oct 11),Both Teams To Score,Sports,,,0.63,0.65,0.35,0.37,0.65,278.99,278.99,2026-10-13,https://kalshi.com/markets/kxeplbtts/kxeplbtts-26oct11lfcmci,2026-10-06T18:32:29.199390+00:00,quadratic,1.0
KXBUNDESLIGABTTS-26OCT11SCFSCH-BTTS,KXBUNDESLIGABTTS-26OCT11SCFSCH,KXBUNDESLIGABTTS,Freiburg vs Schalke: BTTS — Both Teams To Score,Both Teams To Score,SCF vs SCH (Oct 11),Both Teams To Score,Sports,,,0.57,0.58,0.42,0.43,0.575,0.0,0.0,2026-10-13,https://kalshi.com/markets/kxbundesligabtts/kxbundesligabtts-26oct11scfsch,2026-10-06T18:32:29.199569+00:00,quadratic,1.0
KXLIGUE1BTTS-26OCT11RENAUX-BTTS,KXLIGUE1BTTS-26OCT11RENAUX,KXLIGUE1BTTS,Stade Rennais vs Auxerre: BTTS — Both Teams To Score,Both Teams To Score,REN vs AUX (Oct 11),Both Teams To Score,Sports,,,0.55,0.59,0.41,0.45,0.57,0.0,0.0,2026-10-13,https://kalshi.com/markets/kxligue1btts/kxligue1btts-26oct11renaux,2026-10-06T18:32:29.199766+00:00,quadratic,1.0
KXLALIGABTTS-26OCT11RSODEP-BTTS,KXLALIGABTTS-26OCT11RSODEP,KXLALIGABTTS,Real Sociedad vs Deportivo De La Coruna: BTTS — Both Teams To Score,Both Teams To Score,RSO vs DEP (Oct 11),Both Teams To Score,Sports,,,0.53,0.55,0.45,0.47,0.54,0.0,0.0,2026-10-13,https://kalshi.com/markets/kxlaligabtts/kxlaligabtts-26oct11rsodep,2026-10-06T18:32:29.200176+00:00,quadratic,1.0
KXSERIEABTTS-26OCT11LECBFC-BTTS,KXSERIEABTTS-26OCT11LECBFC,KXSERIEABTTS,Lecce vs Bologna: BTTS — Both Teams To Score,Both Teams To Score,LEC vs BFC (Oct 11),Both Teams To Score,Sports,,,0.49,0.52,0.48,0.51,0.505,0.0,0.0,2026-10-13,https://kalshi.com/markets/kxserieabtts/kxserieabtts-26oct11lecbfc,2026-10-06T18:32:29.200836+00:00,quadratic,1.0
KXSERIEABTTS-26OCT11LAZMON-BTTS,KXSERIEABTTS-26OCT11LAZMON,KXSERIEABTTS,Lazio vs Monza: BTTS — Both Teams To Score,Both Teams To Score,LAZ vs MON (Oct 11),Both Teams To Score,Sports,,,0.5,0.51,0.49,0.5,0.505,0.0,0.0,2026-10-13,https://kalshi.com/markets/kxserieabtts/kxserieabtts-26oct11lazmon,2026-10-06T18:32:29.200853+00:00,quadratic,1.0
KXLIGUE1BTTS-26OCT11NICRCS-BTTS,KXLIGUE1BTTS-26OCT11NICRCS,KXLIGUE1BTTS,Nice vs Strasbourg Alsace: BTTS — Both Teams To Score,Both Teams To Score,NIC vs RCS (Oct 11),Both Teams To Score,Sports,,,0.59,0.62,0.38,0.41,0.605,0.0,0.0,2026-10-13,https://kalshi.com/markets/kxligue1btts/kxligue1btts-26oct11nicrcs,2026-10-06T18:32:29.201024+00:00,quadratic,1.0
KXEPLBTTS-26OCT11HULEVE-BTTS,KXEPLBTTS-26OCT11HULEVE,KXEPLBTTS,Hull City vs Everton: BTTS — Both Teams To Score,Both Teams To Score,HUL vs EVE (Oct 11),Both Teams To Score,Sports,,,0.5,0.52,0.48,0.5,0.52,1.86,1.86,2026-10-13,https://kalshi.com/markets/kxeplbtts/kxeplbtts-26oct11huleve,2026-10-06T18:32:29.201347+00:00,quadratic,1.0
KXEPLBTTS-26OCT11CRYNFO-BTTS,KXEPLBTTS-26OCT11CRYNFO,KXEPLBTTS,Crystal Palace vs Nottingham Forest: BTTS — Both Teams To Score,Both Teams To Score,CRY vs NFO (Oct 11),Both Teams To Score,Sports,,,0.54,0.56,0.44,0.46,0.55,0.0,0.0,2026-10-13,https://kalshi.com/markets/kxeplbtts/kxeplbtts-26oct11crynfo,2026-10-06T18:32:29.201364+00:00,quadratic,1.0
KXLALIGABTTS-26OCT11ELCRCC-BTTS,KXLALIGABTTS-26OCT11ELCRCC,KXLALIGABTTS,Elche vs Celta Vigo: BTTS — Both Teams To Score,Both Teams To Score,ELC vs RCC (Oct 11),Both Teams To Score,Sports,,,0.52,0.54,0.46,0.48,0.53,0.0,0.0,2026-10-13,https://kalshi.com/markets/kxlaligabtts/kxlaligabtts-26oct11elcrcc,2026-10-06T18:32:29.208361+00:00,quadratic,1.0
KXSERIEABTTS-26OCT11COMROM-BTTS,KXSERIEABTTS-26OCT11COMROM,KXSERIEABTTS,Como vs Roma: BTTS — Both Teams To Score,Both Teams To Score,COM vs ROM (Oct 11),Both Teams To Score,Sports,,,0.61,0.64,0.36,0.39,0.625,0.0,0.0,2026-10-13,https://kalshi.com/markets/kxserieabtts/kxserieabtts-26oct11comrom,2026-10-06T18:32:29.208786+00:00,quadratic,1.0
KXLIGAMXBTTS-26OCT10AMEMON-BTTS,KXLIGAMXBTTS-26OCT10AMEMON,KXLIGAMXBTTS,America vs Monterrey: BTTS — Both Teams To Score,Both Teams To Score,AME vs MON (Oct 10),Both Teams To Score,Sports,,,0.58,0.62,0.38,0.42,0.62,1.09,1.09,2026-10-13,https://kalshi.com/markets/kxligamxbtts/kxligamxbtts-26oct10amemon,2026-10-06T18:32:29.212477+00:00,quadratic,1.0
KXMLSBTTS-26OCT10LAFCVAN-BTTS,KXMLSBTTS-26OCT10LAFCVAN,KXMLSBTTS,Los Angeles F vs Vancouver: BTTS — Both Teams To Score,Both Teams To Score,LAFC vs VAN (Oct 10),Both Teams To Score,Sports,,,0.62,0.66,0.34,0.38,0.66,14.0,14.0,2026-10-13,https://kalshi.com/markets/kxmlsbtts/kxmlsbtts-26oct10lafcvan,2026-10-06T18:32:29.212709+00:00,quadratic,1.0
KXLIGAMXBTTS-26OCT10ATLCDG-BTTS,KXLIGAMXBTTS-26OCT10ATLCDG,KXLIGAMXBTTS,Atlas vs Guadalajara: BTTS — Both Teams To Score,Both Teams To Score,ATL vs CDG (Oct 10),Both Teams To Score,Sports,,,0.58,0.62,0.38,0.42,0.62,15.71,15.71,2026-10-13,https://kalshi.com/markets/kxligamxbtts/kxligamxbtts-26oct10atlcdg,2026-10-06T18:32:29.218363+00:00,quadratic,1.0
KXMLSBTTS-26OCT10MINHOU-BTTS,KXMLSBTTS-26OCT10MINHOU,KXMLSBTTS,Minnesota vs Houston: BTTS — Both Teams To Score,Both Teams To Score,MIN vs HOU (Oct 10),Both Teams To Score,Sports,,,0.58,0.62,0.38,0.42,0.6,0.0,0.0,2026-10-13,https://kalshi.com/markets/kxmlsbtts/kxmlsbtts-26oct10minhou,2026-10-06T18:32:29.218954+00:00,quadratic,1.0
KXMLSBTTS-26OCT10ATXNSH-BTTS,KXMLSBTTS-26OCT10ATXNSH,KXMLSBTTS,Austin vs Nashville: BTTS — Both Teams To Score,Both Teams To Score,ATX vs NSH (Oct 10),Both Teams To Score,Sports,,,0.55,0.58,0.42,0.45,0.565,0.0,0.0,2026-10-13,https://kalshi.com/markets/kxmlsbtts/kxmlsbtts-26oct10atxnsh,2026-10-06T18:32:29.218970+00:00,quadratic,1.0
KXMLSBTTS-26OCT10PHIRSL-BTTS,KXMLSBTTS-26OCT10PHIRSL,KXMLSBTTS,Philadelphia vs Salt Lake: BTTS — Both Teams To Score,Both Teams To Score,PHI vs RSL (Oct 10),Both Teams To Score,Sports,,,0.59,0.63,0.37,0.41,0.61,0.0,0.0,2026-10-12,https://kalshi.com/markets/kxmlsbtts/kxmlsbtts-26oct10phirsl,2026-10-06T18:32:29.220873+00:00,quadratic,1.0
KXMLSBTTS-26OCT10ORLCLB-BTTS,KXMLSBTTS-26OCT10ORLCLB,KXMLSBTTS,Orlando vs Columbus: BTTS — Both Teams To Score,Both Teams To Score,ORL vs CLB (Oct 10),Both Teams To Score,Sports,,,0.67,0.7,0.3,0.33,0.685,0.0,0.0,2026-10-12,https://kalshi.com/markets/kxmlsbtts/kxmlsbtts-26oct10orlclb,2026-10-06T18:32:29.220890+00:00,quadratic,1.0
KXMLSBTTS-26OCT10NYRBSD-BTTS,KXMLSBTTS-26OCT10NYRBSD,KXMLSBTTS,New York RB vs San Diego FC: BTTS — Both Teams To Score,Both Teams To Score,NYRB vs SD (Oct 10),Both Teams To Score,Sports,,,0.68,0.72,0.28,0.32,0.7,0.0,0.0,2026-10-12,https://kalshi.com/markets/kxmlsbtts/kxmlsbtts-26oct10nyrbsd,2026-10-06T18:32:29.220906+00:00,quadratic,1.0
KXMLSBTTS-26OCT10MIADCU-BTTS,KXMLSBTTS-26OCT10MIADCU,KXMLSBTTS,Miami vs DC United: BTTS — Both Teams To Score,Both Teams To Score,MIA vs DCU (Oct 10),Both Teams To Score,Sports,,,0.63,0.66,0.34,0.37,0.66,133.0,133.0,2026-10-12,https://kalshi.com/markets/kxmlsbtts/kxmlsbtts-26oct10miadcu,2026-10-06T18:32:29.220939+00:00,quadratic,1.0
KXMLSBTTS-26OCT10CLTDAL-BTTS,KXMLSBTTS-26OCT10CLTDAL,KXMLSBTTS,Charlotte vs Dallas: BTTS — Both Teams To Score,Both Teams To Score,CLT vs DAL (Oct 10),Both Teams To Score,Sports,,,0.63,0.66,0.34,0.37,0.645,0.0,0.0,2026-10-12,https://kalshi.com/markets/kxmlsbtts/kxmlsbtts-26oct10cltdal,2026-10-06T18:32:29.220956+00:00,quadratic,1.0
KXMLSBTTS-26OCT10ATLCIN-BTTS,KXMLSBTTS-26OCT10ATLCIN,KXMLSBTTS,Atlanta vs Cincinnati: BTTS — Both Teams To Score,Both Teams To Score,ATL vs CIN (Oct 10),Both Teams To Score,Sports,,,0.67,0.71,0.29,0.33,0.67,101.3,101.3,2026-10-12,https://kalshi.com/markets/kxmlsbtts/kxmlsbtts-26oct10atlcin,2026-10-06T18:32:29.220972+00:00,quadratic,1.0
KXLIGAMXBTTS-26OCT10QUEALA-BTTS,KXLIGAMXBTTS-26OCT10QUEALA,KXLIGAMXBTTS,Queretaro vs Atlante: BTTS — Both Teams To Score,Both Teams To Score,QUE vs ALA (Oct 10),Both Teams To Score,Sports,,,0.56,0.6,0.4,0.44,0.58,0.0,0.0,2026-10-12,https://kalshi.com/markets/kxligamxbtts/kxligamxbtts-26oct10queala,2026-10-06T18:32:29.223565+00:00,quadratic,1.0
KXLIGAMXBTTS-26OCT10JUATIJ-BTTS,KXLIGAMXBTTS-26OCT10JUATIJ,KXLIGAMXBTTS,Juarez vs Tijuana: BTTS — Both Teams To Score,Both Teams To Score,JUA vs TIJ (Oct 10),Both Teams To Score,Sports,,,0.57,0.6,0.4,0.43,0.59,37.54,70.32,2026-10-12,https://kalshi.com/markets/kxligamxbtts/kxligamxbtts-26oct10juatij,2026-10-06T18:32:29.223582+00:00,quadratic,1.0
KXBRASILEIROBTTS-26OCT10VDGCR-BTTS,KXBRASILEIROBTTS-26OCT10VDGCR,KXBRASILEIROBTTS,Vasco da Gama vs Remo: BTTS — Both Teams To Score,Both Teams To Score,VDG vs CR (Oct 10),Both Teams To Score,Sports,,,0.44,0.52,0.48,0.56,0.48,0.0,0.0,2026-10-12,https://kalshi.com/markets/kxbrasileirobtts/kxbrasileirobtts-26oct10vdgcr,2026-10-06T18:32:29.253662+00:00,quadratic,1.0
KXLALIGABTTS-26OCT10RMAVIL-BTTS,KXLALIGABTTS-26OCT10RMAVIL,KXLALIGABTTS,Real Madrid vs Villarreal: BTTS — Both Teams To Score,Both Teams To Score,RMA vs VIL (Oct 10),Both Teams To Score,Sports,,,0.62,0.63,0.37,0.38,0.64,60.0,60.0,2026-10-12,https://kalshi.com/markets/kxlaligabtts/kxlaligabtts-26oct10rmavil,2026-10-06T18:32:29.259905+00:00,quadratic,1.0
KXSERIEABTTS-26OCT10NAPFRO-BTTS,KXSERIEABTTS-26OCT10NAPFRO,KXSERIEABTTS,Napoli vs Frosinone: BTTS — Both Teams To Score,Both Teams To Score,NAP vs FRO (Oct 10),Both Teams To Score,Sports,,,0.56,0.59,0.41,0.44,0.575,0.0,0.0,2026-10-12,https://kalshi.com/markets/kxserieabtts/kxserieabtts-26oct10napfro,2026-10-06T18:32:29.260456+00:00,quadratic,1.0
KXLIGUE1BTTS-26OCT10STBANG-BTTS,KXLIGUE1BTTS-26OCT10STBANG,KXLIGUE1BTTS,Stade Brest 29 vs Angers: BTTS — Both Teams To Score,Both Teams To Score,STB vs ANG (Oct 10),Both Teams To Score,Sports,,,0.56,0.59,0.41,0.44,0.575,0.0,0.0,2026-10-12,https://kalshi.com/markets/kxligue1btts/kxligue1btts-26oct10stbang,2026-10-06T18:32:29.262835+00:00,quadratic,1.0
KXLIGUE1BTTS-26OCT10FCLPAR-BTTS,KXLIGUE1BTTS-26OCT10FCLPAR,KXLIGUE1BTTS,Lorient vs Paris FC: BTTS — Both Teams To Score,Both Teams To Score,FCL vs PAR (Oct 10),Both Teams To Score,Sports,,,0.52,0.55,0.45,0.48,0.535,0.0,0.0,2026-10-12,https://kalshi.com/markets/kxligue1btts/kxligue1btts-26oct10fclpar,2026-10-06T18:32:29.262872+00:00,quadratic,1.0
KXLIGUE1BTTS-26OCT10ASMTFC-BTTS,KXLIGUE1BTTS-26OCT10ASMTFC,KXLIGUE1BTTS,Monaco vs Toulouse: BTTS — Both Teams To Score,Both Teams To Score,ASM vs TFC (Oct 10),Both Teams To Score,Sports,,,0.58,0.59,0.41,0.42,0.585,0.0,0.0,2026-10-12,https://kalshi.com/markets/kxligue1btts/kxligue1btts-26oct10asmtfc,2026-10-06T18:32:29.262888+00:00,quadratic,1.0
KXMLSBTTS-26OCT10CHINYC-BTTS,KXMLSBTTS-26OCT10CHINYC,KXMLSBTTS,Chicago Fire vs New York City: BTTS — Both Teams To Score,Both Teams To Score,CHI vs NYC (Oct 10),Both Teams To Score,Sports,,,0.6,0.65,0.35,0.4,0.66,7.39,7.39,2026-10-12,https://kalshi.com/markets/kxmlsbtts/kxmlsbtts-26oct10chinyc,2026-10-06T18:32:29.288832+00:00,quadratic,1.0
KXMLSBTTS-26OCT10TORMTL-BTTS,KXMLSBTTS-26OCT10TORMTL,KXMLSBTTS,Toronto vs Montreal: BTTS — Both Teams To Score,Both Teams To Score,TOR vs MTL (Oct 10),Both Teams To Score,Sports,,,0.62,0.65,0.35,0.38,0.635,0.0,0.0,2026-10-12,https://kalshi.com/markets/kxmlsbtts/kxmlsbtts-26oct10tormtl,2026-10-06T18:32:29.292690+00:00,quadratic,1.0
KXLALIGABTTS-26OCT10BARGET-BTTS,KXLALIGABTTS-26OCT10BARGET,KXLALIGABTTS,Barcelona vs Getafe: BTTS — Both Teams To Score,Both Teams To Score,BAR vs GET (Oct 10),Both Teams To Score,Sports,,,0.39,0.41,0.59,0.61,0.38,443.54,444.78,2026-10-12,https://kalshi.com/markets/kxlaligabtts/kxlaligabtts-26oct10barget,2026-10-06T18:32:29.293295+00:00,quadratic,1.0
KXEPLBTTS-26OCT10MUNTOT-BTTS,KXEPLBTTS-26OCT10MUNTOT,KXEPLBTTS,Manchester United vs Tottenham: BTTS — Both Teams To Score,Both Teams To Score,MUN vs TOT (Oct 10),Both Teams To Score,Sports,,,0.61,0.63,0.37,0.39,0.62,128.0,128.81,2026-10-12,https://kalshi.com/markets/kxeplbtts/kxeplbtts-26oct10muntot,2026-10-06T18:32:29.293512+00:00,quadratic,1.0
KXBUNDESLIGABTTS-26OCT10RBLSGE-BTTS,KXBUNDESLIGABTTS-26OCT10RBLSGE,KXBUNDESLIGABTTS,Leipzig vs Frankfurt: BTTS — Both Teams To Score,Both Teams To Score,RBL vs SGE (Oct 10),Both Teams To Score,Sports,,,0.67,0.7,0.3,0.33,0.685,0.0,0.0,2026-10-12,https://kalshi.com/markets/kxbundesligabtts/kxbundesligabtts-26oct10rblsge,2026-10-06T18:32:29.293701+00:00,quadratic,1.0
KXLIGUE1BTTS-26OCT10LILHAC-BTTS,KXLIGUE1BTTS-26OCT10LILHAC,KXLIGUE1BTTS,Lille vs Le Havre: BTTS — Both Teams To Score,Both Teams To Score,LIL vs HAC (Oct 10),Both Teams To Score,Sports,,,0.51,0.53,0.47,0.49,0.52,0.0,0.0,2026-10-12,https://kalshi.com/markets/kxligue1btts/kxligue1btts-26oct10lilhac,2026-10-06T18:32:29.303371+00:00,quadratic,1.0
KXEPLBTTS-26OCT10IPSFUL-BTTS,KXEPLBTTS-26OCT10IPSFUL,KXEPLBTTS,Ipswich Town vs Fulham: BTTS — Both Teams To Score,Both Teams To Score,IPS vs FUL (Oct 10),Both Teams To Score,Sports,,,0.6,0.61,0.39,0.4,0.6,6.2,6.2,2026-10-12,https://kalshi.com/markets/kxeplbtts/kxeplbtts-26oct10ipsful,2026-10-06T18:32:29.320954+00:00,quadratic,1.0
KXEPLBTTS-26OCT10CFCBOU-BTTS,KXEPLBTTS-26OCT10CFCBOU,KXEPLBTTS,Chelsea vs Bournemouth: BTTS — Both Teams To Score,Both Teams To Score,CFC vs BOU (Oct 10),Both Teams To Score,Sports,,,0.62,0.64,0.36,0.38,0.64,89.0,89.0,2026-10-12,https://kalshi.com/markets/kxeplbtts/kxeplbtts-26oct10cfcbou,2026-10-06T18:32:29.320971+00:00,quadratic,1.0
KXEPLBTTS-26OCT10AVLBRE-BTTS,KXEPLBTTS-26OCT10AVLBRE,KXEPLBTTS,Aston Villa vs Brentford: BTTS — Both Teams To Score,Both Teams To Score,AVL vs BRE (Oct 10),Both Teams To Score,Sports,,,0.6,0.62,0.38,0.4,0.63,38.0,38.0,2026-10-12,https://kalshi.com/markets/kxeplbtts/kxeplbtts-26oct10avlbre,2026-10-06T18:32:29.320987+00:00,quadratic,1.0
KXBUNDESLIGABTTS-26OCT10UNISVE-BTTS,KXBUNDESLIGABTTS-26OCT10UNISVE,KXBUNDESLIGABTTS,Union Berlin vs Elversberg: BTTS — Both Teams To Score,Both Teams To Score,UNI vs SVE (Oct 10),Both Teams To Score,Sports,,,0.62,0.65,0.35,0.38,0.635,0.0,0.0,2026-10-12,https://kalshi.com/markets/kxbundesligabtts/kxbundesligabtts-26oct10unisve,2026-10-06T18:32:29.322036+00:00,quadratic,1.0
KXBUNDESLIGABTTS-26OCT10PADVFB-BTTS,KXBUNDESLIGABTTS-26OCT10PADVFB,KXBUNDESLIGABTTS,Paderborn vs Stuttgart: BTTS — Both Teams To Score,Both Teams To Score,PAD vs VFB (Oct 10),Both Teams To Score,Sports,,,0.63,0.67,0.33,0.37,0.65,0.0,0.0,2026-10-12,https://kalshi.com/markets/kxbundesligabtts/kxbundesligabtts-26oct10padvfb,2026-10-06T18:32:29.322070+00:00,quadratic,1.0
KXBUNDESLIGABTTS-26OCT10M05LEV-BTTS,KXBUNDESLIGABTTS-26OCT10M05LEV,KXBUNDESLIGABTTS,Mainz vs Leverkusen: BTTS — Both Teams To Score,Both Teams To Score,M05 vs LEV (Oct 10),Both Teams To Score,Sports,,,0.66,0.69,0.31,0.34,0.675,0.0,0.0,2026-10-12,https://kalshi.com/markets/kxbundesligabtts/kxbundesligabtts-26oct10m05lev,2026-10-06T18:32:29.322089+00:00,quadratic,1.0
KXBUNDESLIGABTTS-26OCT10FCABMU-BTTS,KXBUNDESLIGABTTS-26OCT10FCABMU,KXBUNDESLIGABTTS,Augsburg vs Bayern Munich: BTTS — Both Teams To Score,Both Teams To Score,FCA vs BMU (Oct 10),Both Teams To Score,Sports,,,0.65,0.67,0.33,0.35,0.66,36.83,36.83,2026-10-12,https://kalshi.com/markets/kxbundesligabtts/kxbundesligabtts-26oct10fcabmu,2026-10-06T18:32:29.322106+00:00,quadratic,1.0
KXSERIEABTTS-26OCT10GENFIO-BTTS,KXSERIEABTTS-26OCT10GENFIO,KXSERIEABTTS,Genoa vs Fiorentina: BTTS — Both Teams To Score,Both Teams To Score,GEN vs FIO (Oct 10),Both Teams To Score,Sports,,,0.52,0.55,0.45,0.48,0.535,0.0,0.0,2026-10-12,https://kalshi.com/markets/kxserieabtts/kxserieabtts-26oct10genfio,2026-10-06T18:32:29.322418+00:00,quadratic,1.0
KXEPLBTTS-26OCT10ARSLEE-BTTS,KXEPLBTTS-26OCT10ARSLEE,KXEPLBTTS,Arsenal vs Leeds United: BTTS — Both Teams To Score,Both Teams To Score,ARS vs LEE (Oct 10),Both Teams To Score,Sports,,,0.45,0.47,0.53,0.55,0.46,208.0,208.0,2026-10-12,https://kalshi.com/markets/kxeplbtts/kxeplbtts-26oct10arslee,2026-10-06T18:32:29.326633+00:00,quadratic,1.0
KXLIGAMXBTTS-26OCT09PUELEO-BTTS,KXLIGAMXBTTS-26OCT09PUELEO,KXLIGAMXBTTS,Puebla vs Leon: BTTS — Both Teams To Score,Both Teams To Score,PUE vs LEO (Oct 9),Both Teams To Score,Sports,,,0.54,0.59,0.41,0.46,0.6,25.0,25.0,2026-10-12,https://kalshi.com/markets/kxligamxbtts/kxligamxbtts-26oct09pueleo,2026-10-06T18:32:29.332873+00:00,quadratic,1.0
KXSAUDIPLBTTS-26OCT09FATAAS-BTTS,KXSAUDIPLBTTS-26OCT09FATAAS,KXSAUDIPLBTTS,Al-Fateh vs Al Ahli Saudi: BTTS — Both Teams To Score,Both Teams To Score,FAT vs AAS (Oct 9),Both Teams To Score,Sports,,,0.59,0.63,0.37,0.41,0.61,0.0,0.0,2026-10-11,https://kalshi.com/markets/kxsaudiplbtts/kxsaudiplbtts-26oct09fataas,2026-10-06T18:32:29.368428+00:00,quadratic,1.0
KXKLEAGUEBTTS-26OCT09INCPOH-BTTS,KXKLEAGUEBTTS-26OCT09INCPOH,KXKLEAGUEBTTS,Incheon Utd vs Pohang Steelers: BTTS — Both Teams To Score,Both Teams To Score,INC vs POH (Oct 9),Both Teams To Score,Sports,,,0.44,0.48,0.52,0.56,0.46,0.0,0.0,2026-10-11,https://kalshi.com/markets/kxkleaguebtts/kxkleaguebtts-26oct09incpoh,2026-10-06T18:32:29.375320+00:00,quadratic,1.0
KXKLEAGUEBTTS-26OCT09GAWBUC-BTTS,KXKLEAGUEBTTS-26OCT09GAWBUC,KXKLEAGUEBTTS,Gangwon vs Bucheon: BTTS — Both Teams To Score,Both Teams To Score,GAW vs BUC (Oct 9),Both Teams To Score,Sports,,,0.44,0.49,0.51,0.56,0.465,0.0,0.0,2026-10-11,https://kalshi.com/markets/kxkleaguebtts/kxkleaguebtts-26oct09gawbuc,2026-10-06T18:32:29.375337+00:00,quadratic,1.0
KXBRASILEIROBTTS-26OCT08PALBAH-BTTS,KXBRASILEIROBTTS-26OCT08PALBAH,KXBRASILEIROBTTS,Palmeiras vs Bahia: BTTS — Both Teams To Score,Both Teams To Score,PAL vs BAH (Oct 8),Both Teams To Score,Sports,,,0.52,0.56,0.44,0.48,0.54,0.0,0.0,2026-10-11,https://kalshi.com/markets/kxbrasileirobtts/kxbrasileirobtts-26oct08palbah,2026-10-06T18:32:29.377508+00:00,quadratic,1.0
KXBRASILEIROBTTS-26OCT08FLUCFC-BTTS,KXBRASILEIROBTTS-26OCT08FLUCFC,KXBRASILEIROBTTS,Fluminense vs Coritiba: BTTS — Both Teams To Score,Both Teams To Score,FLU vs CFC (Oct 8),Both Teams To Score,Sports,,,0.44,0.49,0.51,0.56,0.465,0.0,0.0,2026-10-11,https://kalshi.com/markets/kxbrasileirobtts/kxbrasileirobtts-26oct08flucfc,2026-10-06T18:32:29.377525+00:00,quadratic,1.0
KXBRASILEIROBTTS-26OCT08CAPATL-BTTS,KXBRASILEIROBTTS-26OCT08CAPATL,KXBRASILEIROBTTS,Paranaense vs Atletico Mineiro: BTTS — Both Teams To Score,Both Teams To Score,CAP vs ATL (Oct 8),Both Teams To Score,Sports,,,0.52,0.55,0.45,0.48,0.535,0.0,0.0,2026-10-10,https://kalshi.com/markets/kxbrasileirobtts/kxbrasileirobtts-26oct08capatl,2026-10-06T18:32:29.391367+00:00,quadratic,1.0
KXBRASILEIROBTTS-26OCT08SANFLA-BTTS,KXBRASILEIROBTTS-26OCT08SANFLA,KXBRASILEIROBTTS,Santos vs Flamengo: BTTS — Both Teams To Score,Both Teams To Score,SAN vs FLA (Oct 8),Both Teams To Score,Sports,,,0.53,0.58,0.42,0.47,0.6,0.16,0.16,2026-10-10,https://kalshi.com/markets/kxbrasileirobtts/kxbrasileirobtts-26oct08sanfla,2026-10-06T18:32:29.395600+00:00,quadratic,1.0
KXBRASILEIROBTTS-26OCT07BOTVDG-BTTS,KXBRASILEIROBTTS-26OCT07BOTVDG,KXBRASILEIROBTTS,Botafogo vs Vasco da Gama: BTTS — Both Teams To Score,Both Teams To Score,BOT vs VDG (Oct 7),Both Teams To Score,Sports,,,0.57,0.59,0.41,0.43,0.58,0.0,0.0,2026-10-09,https://kalshi.com/markets/kxbrasileirobtts/kxbrasileirobtts-26oct07botvdg,2026-10-06T18:32:29.420612+00:00,quadratic,1.0
KXBRASILEIROBBTTS-26OCT07VINCUI-BTTS,KXBRASILEIROBBTTS-26OCT07VINCUI,KXBRASILEIROBBTTS,Vila Nova vs Cuiaba: BTTS — Both Teams To Score,Both Teams To Score,VIN vs CUI (Oct 7),Both Teams To Score,Sports,,,0.45,0.47,0.53,0.55,0.46,0.0,0.0,2026-10-09,https://kalshi.com/markets/kxbrasileirobbtts/kxbrasileirobbtts-26oct07vincui,2026-10-06T18:32:29.421108+00:00,quadratic,1.0
KXBRASILEIROBBTTS-26OCT07AMGFOR-BTTS,KXBRASILEIROBBTTS-26OCT07AMGFOR,KXBRASILEIROBBTTS,America FC vs Fortaleza: BTTS — Both Teams To Score,Both Teams To Score,AMG vs FOR (Oct 7),Both Teams To Score,Sports,,,0.49,0.51,0.49,0.51,0.5,0.0,0.0,2026-10-09,https://kalshi.com/markets/kxbrasileirobbtts/kxbrasileirobbtts-26oct07amgfor,2026-10-06T18:32:29.421144+00:00,quadratic,1.0
KXBRASILEIRO1HBTTS-26OCT07BOTVDG-BTTS,KXBRASILEIRO1HBTTS-26OCT07BOTVDG,KXBRASILEIRO1HBTTS,Botafogo vs Vasco da Gama: First Half BTTS — 1st Half: Both Teams To Score,Both teams score in the 1st Half?,BOT vs VDG (Oct 7),1st Half: Both Teams To Score,Sports,,,0.19,0.25,0.75,0.81,0.22,0.0,0.0,2026-10-09,https://kalshi.com/markets/kxbrasileiro1hbtts/kxbrasileiro1hbtts-26oct07botvdg,2026-10-06T18:32:29.421239+00:00,quadratic,1.0
KXBRASILEIROBTTS-26OCT07RBBMIR-BTTS,KXBRASILEIROBTTS-26OCT07RBBMIR,KXBRASILEIROBTTS,Bragantino vs Mirassol: BTTS — Both Teams To Score,Both Teams To Score,RBB vs MIR (Oct 7),Both Teams To Score,Sports,,,0.54,0.58,0.42,0.46,0.56,0.0,0.0,2026-10-09,https://kalshi.com/markets/kxbrasileirobtts/kxbrasileirobtts-26oct07rbbmir,2026-10-06T18:32:29.433100+00:00,quadratic,1.0
KXBRASILEIROBTTS-26OCT07INTCOR-BTTS,KXBRASILEIROBTTS-26OCT07INTCOR,KXBRASILEIROBTTS,Internacional vs Corinthians: BTTS — Both Teams To Score,Both Teams To Score,INT vs COR (Oct 7),Both Teams To Score,Sports,,,0.5,0.52,0.48,0.5,0.53,182.66,182.66,2026-10-09,https://kalshi.com/markets/kxbrasileirobtts/kxbrasileirobtts-26oct07intcor,2026-10-06T18:32:29.433117+00:00,quadratic,1.0
KXBRASILEIROBTTS-26OCT07CRGPA-BTTS,KXBRASILEIROBTTS-26OCT07CRGPA,KXBRASILEIROBTTS,Remo vs Gremio: BTTS — Both Teams To Score,Both Teams To Score,CR vs GPA (Oct 7),Both Teams To Score,Sports,,,0.54,0.57,0.43,0.46,0.555,0.0,0.0,2026-10-09,https://kalshi.com/markets/kxbrasileirobtts/kxbrasileirobtts-26oct07crgpa,2026-10-06T18:32:29.433137+00:00,quadratic,1.0
KXBRASILEIROBBTTS-26OCT07FERBOT-BTTS,KXBRASILEIROBBTTS-26OCT07FERBOT,KXBRASILEIROBBTTS,Ferroviario vs Botafogo: BTTS — Both Teams To Score,Both Teams To Score,FER vs BOT (Oct 7),Both Teams To Score,Sports,,,0.47,0.52,0.48,0.53,0.495,0.0,0.0,2026-10-09,https://kalshi.com/markets/kxbrasileirobbtts/kxbrasileirobbtts-26oct07ferbot,2026-10-06T18:32:29.433607+00:00,quadratic,1.0
KXBRASILEIROBBTTS-26OCT07AVALON-BTTS,KXBRASILEIROBBTTS-26OCT07AVALON,KXBRASILEIROBBTTS,Avai vs Londrina: BTTS — Both Teams To Score,Both Teams To Score,AVA vs LON (Oct 7),Both Teams To Score,Sports,,,0.47,0.51,0.49,0.53,0.49,0.0,0.0,2026-10-09,https://kalshi.com/markets/kxbrasileirobbtts/kxbrasileirobbtts-26oct07avalon,2026-10-06T18:32:29.433623+00:00,quadratic,1.0
KXBRASILEIRO1HBTTS-26OCT07RBBMIR-BTTS,KXBRASILEIRO1HBTTS-26OCT07RBBMIR,KXBRASILEIRO1HBTTS,Bragantino vs Mirassol: First Half BTTS — 1st Half: Both Teams To Score,Both teams score in the 1st Half?,RBB vs MIR (Oct 7),1st Half: Both Teams To Score,Sports,,,0.18,0.23,0.77,0.82,0.205,0.0,0.0,2026-10-09,https://kalshi.com/markets/kxbrasileiro1hbtts/kxbrasileiro1hbtts-26oct07rbbmir,2026-10-06T18:32:29.433899+00:00,quadratic,1.0
KXBRASILEIRO1HBTTS-26OCT07INTCOR-BTTS,KXBRASILEIRO1HBTTS-26OCT07INTCOR,KXBRASILEIRO1HBTTS,Internacional vs Corinthians: First Half BTTS — 1st Half: Both Teams To Score,Both teams score in the 1st Half?,INT vs COR (Oct 7),1st Half: Both Teams To Score,Sports,,,0.16,0.21,0.79,0.84,0.185,0.0,0.0,2026-10-09,https://kalshi.com/markets/kxbrasileiro1hbtts/kxbrasileiro1hbtts-26oct07intcor,2026-10-06T18:32:29.433917+00:00,quadratic,1.0
KXCANPLBTTS-26OCT07INTSUP-BTTS,KXCANPLBTTS-26OCT07INTSUP,KXCANPLBTTS,Inter Toronto vs FC Supra Du Quebec: BTTS — Both Teams To Score,Both Teams To Score,INT vs SUP (Oct 7),Both Teams To Score,Sports,,,0.67,0.68,0.32,0.33,0.7,353.99,353.99,2026-10-09,https://kalshi.com/markets/kxcanplbtts/kxcanplbtts-26oct07intsup,2026-10-06T18:32:29.454249+00:00,quadratic,1.0
KXBRASILEIROBBTTS-26OCT06PONJUV-BTTS,KXBRASILEIROBBTTS-26OCT06PONJUV,KXBRASILEIROBBTTS,Ponte Preta vs Juventude RS: BTTS — Both Teams To Score,Both Teams To Score,PON vs JUV (Oct 6),Both Teams To Score,Sports,,,0.39,0.4,0.6,0.61,0.4,4.55,4.55,2026-10-09,https://kalshi.com/markets/kxbrasileirobbtts/kxbrasileirobbtts-26oct06ponjuv,2026-10-06T18:32:29.493457+00:00,quadratic,1.0
KXBRASILEIROB1HBTTS-26OCT06PONJUV-BTTS,KXBRASILEIROB1HBTTS-26OCT06PONJUV,KXBRASILEIROB1HBTTS,Ponte Preta vs Juventude RS: First Half BTTS — 1st Half: Both Teams To Score,Both teams score in the 1st Half?,PON vs JUV (Oct 6),1st Half: Both Teams To Score,Sports,,,0.13,0.14,0.86,0.87,0.135,0.0,0.0,2026-10-09,https://kalshi.com/markets/kxbrasileirob1hbtts/kxbrasileirob1hbtts-26oct06ponjuv,2026-10-06T18:32:29.493557+00:00,quadratic,1.0
KXBRASILEIROBBTTS-26OCT06GGOATH-BTTS,KXBRASILEIROBBTTS-26OCT06GGOATH,KXBRASILEIROBBTTS,Goias vs Athletic Club Sjdr: BTTS — Both Teams To Score,Both Teams To Score,GGO vs ATH (Oct 6),Both Teams To Score,Sports,,,0.43,0.44,0.56,0.57,0.44,1.5,1.5,2026-10-08,https://kalshi.com/markets/kxbrasileirobbtts/kxbrasileirobbtts-26oct06ggoath,2026-10-06T18:32:29.502187+00:00,quadratic,1.0
KXBRASILEIROB1HBTTS-26OCT06GGOATH-BTTS,KXBRASILEIROB1HBTTS-26OCT06GGOATH,KXBRASILEIROB1HBTTS,Goias vs Athletic Club Sjdr: First Half BTTS — 1st Half: Both Teams To Score,Both teams score in the 1st Half?,GGO vs ATH (Oct 6),1st Half: Both Teams To Score,Sports,,,0.13,0.14,0.86,0.87,0.135,0.0,0.0,2026-10-08,https://kalshi.com/markets/kxbrasileirob1hbtts/kxbrasileirob1hbtts-26oct06ggoath,2026-10-06T18:32:29.502288+00:00,quadratic,1.0
KXCONCACAFNLBTTS-26OCT06ANTARU-BTTS,KXCONCACAFNLBTTS-26OCT06ANTARU,KXCONCACAFNLBTTS,Antigua & Barbuda vs Aruba: BTTS — Both Teams To Score,Both Teams To Score,ANT vs ARU (Oct 6),Both Teams To Score,Sports,,,0.53,0.54,0.46,0.47,0.54,477.54,477.54,2026-10-08,https://kalshi.com/markets/kxconcacafnlbtts/kxconcacafnlbtts-26oct06antaru,2026-10-06T18:32:29.508550+00:00,quadratic,1.0
KXCONCACAFNL1HBTTS-26OCT06ANTARU-BTTS,KXCONCACAFNL1HBTTS-26OCT06ANTARU,KXCONCACAFNL1HBTTS,Antigua & Barbuda vs Aruba: First Half BTTS — 1st Half: Both Teams To Score,Both teams score in the 1st Half?,ANT vs ARU (Oct 6),1st Half: Both Teams To Score,Sports,,,0.02,0.22,0.78,0.98,0.12,0.0,0.0,2026-10-08,https://kalshi.com/markets/kxconcacafnl1hbtts/kxconcacafnl1hbtts-26oct06antaru,2026-10-06T18:32:29.508660+00:00,quadratic,1.0
KXBRASILEIROBBTTS-26OCT06RECSBE-BTTS,KXBRASILEIROBBTTS-26OCT06RECSBE,KXBRASILEIROBBTTS,Sport Recife vs Sao Bernardo: BTTS — Both Teams To Score,Both Teams To Score,REC vs SBE (Oct 6),Both Teams To Score,Sports,,,0.51,0.52,0.48,0.49,0.52,25.95,25.95,2026-10-08,https://kalshi.com/markets/kxbrasileirobbtts/kxbrasileirobbtts-26oct06recsbe,2026-10-06T18:32:29.512288+00:00,quadratic,1.0
KXBRASILEIROB1HBTTS-26OCT06RECSBE-BTTS,KXBRASILEIROB1HBTTS-26OCT06RECSBE,KXBRASILEIROB1HBTTS,Sport Recife vs Sao Bernardo: First Half BTTS — 1st Half: Both Teams To Score,Both teams score in the 1st Half?,REC vs SBE (Oct 6),1st Half: Both Teams To Score,Sports,,,0.17,0.18,0.82,0.83,0.175,0.0,0.0,2026-10-08,https://kalshi.com/markets/kxbrasileirob1hbtts/kxbrasileirob1hbtts-26oct06recsbe,2026-10-06T18:32:29.512388+00:00,quadratic,1.0
KXMLBEXTRAS-26OCT061800LADATL-EXTRAS,KXMLBEXTRAS-26OCT061800LADATL,KXMLBEXTRAS,Los Angeles D vs Atlanta: Extra Innings — Game goes to extra innings,"Will there be extra innings in the Los Angeles D vs Atlanta game originally scheduled for Oct 6, 2026 at 6:00 PM EDT?",LAD vs ATL (Oct 6),Game goes to extra innings,Sports,,,0.11,0.13,0.87,0.89,0.13,3505.11,4240.56,2026-10-08,https://kalshi.com/markets/kxmlbextras/kxmlbextras-26oct061800ladatl,2026-10-06T18:32:29.534378+00:00,quadratic,0.5
KXCONCACAFNLBTTS-26OCT06VCTSIN-BTTS,KXCONCACAFNLBTTS-26OCT06VCTSIN,KXCONCACAFNLBTTS,Vincent Grenadines vs Sint Maarten: BTTS — Both Teams To Score,Both Teams To Score,VCT vs SIN (Oct 6),Both Teams To Score,Sports,,,0.57,0.58,0.42,0.43,0.58,33.54,33.54,2026-10-08,https://kalshi.com/markets/kxconcacafnlbtts/kxconcacafnlbtts-26oct06vctsin,2026-10-06T18:32:29.534849+00:00,quadratic,1.0
KXCONCACAFNLBTTS-26OCT06MSRTCA-BTTS,KXCONCACAFNLBTTS-26OCT06MSRTCA,KXCONCACAFNLBTTS,Montserrat vs Turks & Caicos: BTTS — Both Teams To Score,Both Teams To Score,MSR vs TCA (Oct 6),Both Teams To Score,Sports,,,0.35,0.36,0.64,0.65,0.36,2160.48,2345.11,2026-10-08,https://kalshi.com/markets/kxconcacafnlbtts/kxconcacafnlbtts-26oct06msrtca,2026-10-06T18:32:29.537529+00:00,quadratic,1.0
KXUEFANLFTTS-26OCT06SUIMKD-SUI,KXUEFANLFTTS-26OCT06SUIMKD,KXUEFANLFTTS,Switzerland vs North Macedonia: First Team to Score — Switzerland,Will Switzerland record the first goal of the game?,SUI vs MKD (Oct 6),Switzerland,Sports,,,0.9,0.91,0.09,0.1,0.9,291.0,291.0,2026-10-09,https://kalshi.com/markets/kxuefanlftts/kxuefanlftts-26oct06suimkd,2026-10-06T18:32:29.559640+00:00,quadratic,1.0
KXUEFANLFTTS-26OCT06SCOSLO-SCO,KXUEFANLFTTS-26OCT06SCOSLO,KXUEFANLFTTS,Scotland vs Slovenia: First Team to Score — Scotland,Will Scotland record the first goal of the game?,SCO vs SLO (Oct 6),Scotland,Sports,,,0.6,0.61,0.39,0.4,0.62,1.57,1.57,2026-10-09,https://kalshi.com/markets/kxuefanlftts/kxuefanlftts-26oct06scoslo,2026-10-06T18:32:29.559704+00:00,quadratic,1.0
KXUEFANLFTTS-26OCT06SCOSLO-SLO,KXUEFANLFTTS-26OCT06SCOSLO,KXUEFANLFTTS,Scotland vs Slovenia: First Team to Score — Slovenia,Will Slovenia record the first goal of the game?,SCO vs SLO (Oct 6),Slovenia,Sports,,,0.28,0.29,0.71,0.72,0.31,3.06,3.06,2026-10-09,https://kalshi.com/markets/kxuefanlftts/kxuefanlftts-26oct06scoslo,2026-10-06T18:32:29.559719+00:00,quadratic,1.0
KXUEFANLFTTS-26OCT06MDASVK-MDA,KXUEFANLFTTS-26OCT06MDASVK,KXUEFANLFTTS,Moldova vs Slovakia: First Team to Score — Moldova,Will Moldova record the first goal of the game?,MDA vs SVK (Oct 6),Moldova,Sports,,,0.22,0.23,0.77,0.78,0.23,2.0,2.0,2026-10-09,https://kalshi.com/markets/kxuefanlftts/kxuefanlftts-26oct06mdasvk,2026-10-06T18:32:29.559754+00:00,quadratic,1.0
KXUEFANLFTTS-26OCT06MDASVK-SVK,KXUEFANLFTTS-26OCT06MDASVK,KXUEFANLFTTS,Moldova vs Slovakia: First Team to Score — Slovakia,Will Slovakia record the first goal of the game?,MDA vs SVK (Oct 6),Slovakia,Sports,,,0.72,0.73,0.27,0.28,0.725,0.0,0.0,2026-10-09,https://kalshi.com/markets/kxuefanlftts/kxuefanlftts-26oct06mdasvk,2026-10-06T18:32:29.559770+00:00,quadratic,1.0
KXUEFANLFTTS-26OCT06LUXBUL-LUX,KXUEFANLFTTS-26OCT06LUXBUL,KXUEFANLFTTS,Luxembourg vs Bulgaria: First Team to Score — Luxembourg,Will Luxembourg record the first goal of the game?,LUX vs BUL (Oct 6),Luxembourg,Sports,,,0.47,0.5,0.5,0.53,0.485,0.0,0.0,2026-10-09,https://kalshi.com/markets/kxuefanlftts/kxuefanlftts-26oct06luxbul,2026-10-06T18:32:29.559802+00:00,quadratic,1.0
KXUEFANLFTTS-26OCT06LUXBUL-BUL,KXUEFANLFTTS-26OCT06LUXBUL,KXUEFANLFTTS,Luxembourg vs Bulgaria: First Team to Score — Bulgaria,Will Bulgaria record the first goal of the game?,LUX vs BUL (Oct 6),Bulgaria,Sports,,,0.37,0.4,0.6,0.63,0.38,27.71,27.71,2026-10-09,https://kalshi.com/markets/kxuefanlftts/kxuefanlftts-26oct06luxbul,2026-10-06T18:32:29.559817+00:00,quadratic,1.0
KXUEFANLFTTS-26OCT06ESTISL-EST,KXUEFANLFTTS-26OCT06ESTISL,KXUEFANLFTTS,Estonia vs Iceland: First Team to Score — Estonia,Will Estonia record the first goal of the game?,EST vs ISL (Oct 6),Estonia,Sports,,,0.25,0.28,0.72,0.75,0.265,0.0,0.0,2026-10-09,https://kalshi.com/markets/kxuefanlftts/kxuefanlftts-26oct06estisl,2026-10-06T18:32:29.559848+00:00,quadratic,1.0
KXUEFANLFTTS-26OCT06ESTISL-ISL,KXUEFANLFTTS-26OCT06ESTISL,KXUEFANLFTTS,Estonia vs Iceland: First Team to Score — Iceland,Will Iceland record the first goal of the game?,EST vs ISL (Oct 6),Iceland,Sports,,,0.66,0.67,0.33,0.34,0.67,76.81,76.81,2026-10-09,https://kalshi.com/markets/kxuefanlftts/kxuefanlftts-26oct06estisl,2026-10-06T18:32:29.559863+00:00,quadratic,1.0
KXUEFANLFTTS-26OCT06ENGCZE-ENG,KXUEFANLFTTS-26OCT06ENGCZE,KXUEFANLFTTS,England vs Czechia: First Team to Score — England,Will England record the first goal of the game?,ENG vs CZE (Oct 6),England,Sports,,,0.85,0.86,0.14,0.15,0.86,353.04,353.04,2026-10-09,https://kalshi.com/markets/kxuefanlftts/kxuefanlftts-26oct06engcze,2026-10-06T18:32:29.559895+00:00,quadratic,1.0
KXUEFANLFTTS-26OCT06ENGCZE-CZE,KXUEFANLFTTS-26OCT06ENGCZE,KXUEFANLFTTS,England vs Czechia: First Team to Score — Czechia,Will Czechia record the first goal of the game?,ENG vs CZE (Oct 6),Czechia,Sports,,,0.13,0.14,0.86,0.87,0.14,71.59,71.59,2026-10-09,https://kalshi.com/markets/kxuefanlftts/kxuefanlftts-26oct06engcze,2026-10-06T18:32:29.559909+00:00,quadratic,1.0
KXUEFANLFTTS-26OCT06CROESP-CRO,KXUEFANLFTTS-26OCT06CROESP,KXUEFANLFTTS,Croatia vs Spain: First Team to Score — Croatia,Will Croatia record the first goal of the game?,CRO vs ESP (Oct 6),Croatia,Sports,,,0.2,0.21,0.79,0.8,0.2,1629.47,1634.2,2026-10-09,https://kalshi.com/markets/kxuefanlftts/kxuefanlftts-26oct06croesp,2026-10-06T18:32:29.559942+00:00,quadratic,1.0
KXUEFANLFTTS-26OCT06CROESP-ESP,KXUEFANLFTTS-26OCT06CROESP,KXUEFANLFTTS,Croatia vs Spain: First Team to Score — Spain,Will Spain record the first goal of the game?,CRO vs ESP (Oct 6),Spain,Sports,,,0.77,0.78,0.22,0.23,0.78,428.74,430.8,2026-10-09,https://kalshi.com/markets/kxuefanlftts/kxuefanlftts-26oct06croesp,2026-10-06T18:32:29.559957+00:00,quadratic,1.0
KXUEFANLFTTS-26OCT06BLRFIN-BLR,KXUEFANLFTTS-26OCT06BLRFIN,KXUEFANLFTTS,Belarus vs Finland: First Team to Score — Belarus,Will Belarus record the first goal of the game?,BLR vs FIN (Oct 6),Belarus,Sports,,,0.34,0.36,0.64,0.66,0.33,258.54,258.54,2026-10-09,https://kalshi.com/markets/kxuefanlftts/kxuefanlftts-26oct06blrfin,2026-10-06T18:32:29.559989+00:00,quadratic,1.0
KXUEFANLFTTS-26OCT06BLRFIN-FIN,KXUEFANLFTTS-26OCT06BLRFIN,KXUEFANLFTTS,Belarus vs Finland: First Team to Score — Finland,Will Finland record the first goal of the game?,BLR vs FIN (Oct 6),Finland,Sports,,,0.55,0.58,0.42,0.45,0.59,8.23,8.23,2026-10-09,https://kalshi.com/markets/kxuefanlftts/kxuefanlftts-26oct06blrfin,2026-10-06T18:32:29.560003+00:00,quadratic,1.0
KXUEFANLFTTS-26OCT06ALBSMR-ALB,KXUEFANLFTTS-26OCT06ALBSMR,KXUEFANLFTTS,Albania vs San Marino: First Team to Score — Albania,Will Albania record the first goal of the game?,ALB vs SMR (Oct 6),Albania,Sports,,,0.94,0.95,0.05,0.06,0.95,111.04,111.04,2026-10-09,https://kalshi.com/markets/kxuefanlftts/kxuefanlftts-26oct06albsmr,2026-10-06T18:32:29.560034+00:00,quadratic,1.0
GOVPARTYNE-26-D,GOVPARTYNE-26,GOVPARTYNE,Nebraska Governor winner? — Lynne Walz,Will the Democratic party win the governorship in Nebraska,In 2026,Lynne Walz,Elections,,2026-GOV-NE,0.088,0.11,0.89,0.912,0.11,22273.39,26913.36,2027-11-03,https://kalshi.com/markets/govpartyne/govpartyne-26,2026-10-06T18:32:29.653739+00:00,quadratic,1.0
KXNOBELPEACE-26-DOC,KXNOBELPEACE-26,KXNOBELPEACE,2026 Nobel Peace Prize winner — Doctors Without Borders,Who will win the Nobel Peace Prize?,In 2026,Doctors Without Borders,Politics,,,0.03,0.04,0.96,0.97,0.03,28494.1,61919.56,2026-12-31,https://kalshi.com/markets/kxnobelpeace/kxnobelpeace-26,2026-10-06T18:32:29.654126+00:00,quadratic,1.0
KXNOBELPEACE-26-SUD,KXNOBELPEACE-26,KXNOBELPEACE,2026 Nobel Peace Prize winner — Sudan’s Emergency Response Rooms,Who will win the Nobel Peace Prize?,In 2026,Sudan’s Emergency Response Rooms,Politics,,,0.15,0.16,0.84,0.85,0.15,93572.35,197220.98,2026-12-31,https://kalshi.com/markets/kxnobelpeace/kxnobelpeace-26,2026-10-06T18:32:29.654171+00:00,quadratic,1.0
KXNOBELPEACE-27-CPJ,KXNOBELPEACE-26,KXNOBELPEACE,2026 Nobel Peace Prize winner — Committee to Protect Journalists,Who will win the Nobel Peace Prize?,In 2026,Committee to Protect Journalists,Politics,,,0.06,0.07,0.93,0.94,0.07,8789.32,13254.65,2027-01-01,https://kalshi.com/markets/kxnobelpeace/kxnobelpeace-26,2026-10-06T18:32:29.654273+00:00,quadratic,1.0
KXNOBELPEACE-27-ICC,KXNOBELPEACE-26,KXNOBELPEACE,2026 Nobel Peace Prize winner — International Criminal Court,Who will win the Nobel Peace Prize?,In 2026,International Criminal Court,Politics,,,0.04,0.05,0.95,0.96,0.05,16032.86,23915.07,2027-01-01,https://kalshi.com/markets/kxnobelpeace/kxnobelpeace-26,2026-10-06T18:32:29.654286+00:00,quadratic,1.0
KXNOBELPEACE-26-TAM,KXNOBELPEACE-26,KXNOBELPEACE,2026 Nobel Peace Prize winner — Tamim bin Hamad Al Thani,Who will win the Nobel Peace Prize?,In 2026,Tamim bin Hamad Al Thani,Politics,,,0.001,0.005,0.995,0.999,0.003,15926.33,24394.07,2027-01-01,https://kalshi.com/markets/kxnobelpeace/kxnobelpeace-26,2026-10-06T18:32:29.654381+00:00,quadratic,1.0
KXNOBELPEACE-26-PCFF,KXNOBELPEACE-26,KXNOBELPEACE,2026 Nobel Peace Prize winner — Parents Circle – Families Forum,Who will win the Nobel Peace Prize?,In 2026,Parents Circle – Families Forum,Politics,,,0.001,0.002,0.998,0.999,0.0015,16776.9,18576.15,2027-01-01,https://kalshi.com/markets/kxnobelpeace/kxnobelpeace-26,2026-10-06T18:32:29.654440+00:00,quadratic,1.0
KXGAMBLINGREPEAL-26JAN-27,KXGAMBLINGREPEAL-26JAN,KXGAMBLINGREPEAL,Will the cap on gambling loss deduction be repealed? — Before 2027,"Will bill that removes/changes the gambling tax provision in the One Big Beautiful Bill Act (""OBBB"") becomes law before Jan 1, 2027?",In 2026,Before 2027,Politics,,,0.2,0.21,0.79,0.8,0.2,128425.84,365811.59,2027-01-01,https://kalshi.com/markets/kxgamblingrepeal/kxgamblingrepeal-26jan,2026-10-06T18:32:29.654798+00:00,quadratic,0.0
KXCRYPTOCAPGAIN-26-27,KXCRYPTOCAPGAIN-26,KXCRYPTOCAPGAIN,Will Trump eliminate capital gains taxes on crypto? — Before 2027,"Will  becomes law before Jan 1, 2027?",Before 2026,Before 2027,Politics,,,0.012,0.05,0.95,0.988,0.013,25462.77,71135.85,2027-01-01,https://kalshi.com/markets/kxcryptocapgain/kxcryptocapgain-26,2026-10-06T18:32:29.655052+00:00,quadratic,1.0
