condition_id,market_id,yes_token_id,no_token_id,question,outcomes_binary,category,end_date,implied_prob,best_bid,best_ask,liquidity,event_liquidity,fee_rate,volume,event_slug,market_slug,url,fetched_at
0x3e685c84773bd018fff4219185b904b2ef194671320f47648121d07d2ae2cc17,1068702,38577956202894813911522423295759441226459985692799781876715891336671282746369,31239779091556707685216681559343622450417987997527657281659332570836878668226,Trump eliminates capital gains tax on crypto before 2027?,True,Politics,2027-01-01,0.0205,0.018,0.023,856.72545,856.72545,0.04,33793.349105,trump-eliminates-capital-gains-tax-on-crypto-in-2025,trump-eliminates-capital-gains-tax-on-crypto-before-2027,https://polymarket.com/event/trump-eliminates-capital-gains-tax-on-crypto-in-2025/trump-eliminates-capital-gains-tax-on-crypto-before-2027,2026-10-10T17:26:32.436514+00:00
0xe6bcc2f1dd025ce5e1833190f7c60a71171c94f805df55b9ab0ded695ec93565,559653,107064985435494333113391038470401719113272800530429703182710416066774068907304,65176072261324737856085688071627118509549293922582857186996392180609764586527,Will Alexandria Ocasio-Cortez win the 2028 Democratic presidential nomination?,True,Politics,2028-11-08,0.1785,0.178,0.179,351006.14108,77587352.63728,0.04,15455697.029433995,democratic-presidential-nominee-2028,will-alexandria-ocasio-cortez-win-the-2028-democratic-presidential-nomination-653,https://polymarket.com/event/democratic-presidential-nominee-2028/will-alexandria-ocasio-cortez-win-the-2028-democratic-presidential-nomination-653,2026-10-10T17:26:32.436514+00:00
0x17902b9490c6a73152772316b4705935c5c6801ba269f2afc81686532e34fb9a,562004,65830295349944471218641822318218876930376684645620468557619951782520997909982,33372330947023860525870630758549137902170576919090726047009795835189818269107,Will Marjorie Taylor Greene win the 2028 Republican presidential nomination?,True,Politics,2028-11-08,0.0035,0.003,0.004,1066697.22311,52635801.6717,0.04,6791491.4121929975,republican-presidential-nominee-2028,will-marjorie-taylor-greene-win-the-2028-republican-presidential-nomination,https://polymarket.com/event/republican-presidential-nominee-2028/will-marjorie-taylor-greene-win-the-2028-republican-presidential-nomination,2026-10-10T17:26:32.436514+00:00
0x87091dc5932f015d80c40e71e47cb043c3f8b6098484eb5bc3943cf35ee9afc1,608540,95640549996905293510297955529586737178285694064878854803914367446504739764113,43681720319477188597878188429504394796986333625436226983885469009299707562545,Will Kylian Mbappé win the 2026 Ballon d'Or?,True,Sports,2027-01-01,0.0255,0.024,0.027,154602.61227,9322661.44447,0.03,3419266.0287979967,ballon-dor-winner-2026,will-kylian-mbapp-win-the-2026-ballon-dor,https://polymarket.com/event/ballon-dor-winner-2026/will-kylian-mbapp-win-the-2026-ballon-dor,2026-10-10T17:26:32.436514+00:00
0xa34edb6c898232378a9cc08744842df2cd89d278ba45b012bed3ac10c7241c4d,608545,10466835326554416965099784068156829774726248334728156046559014834812912458273,115364229170068359509280114761107502298430910856477421813089992309112580316620,Will Lamine Yamal win the 2026 Ballon d'Or?,True,Sports,2027-01-01,0.313,0.309,0.317,87687.06045,9322661.44447,0.03,3858483.703626,ballon-dor-winner-2026,will-lamine-yamal-win-the-2026-ballon-dor,https://polymarket.com/event/ballon-dor-winner-2026/will-lamine-yamal-win-the-2026-ballon-dor,2026-10-10T17:26:32.436514+00:00
0x12dc2b61723b2a54fc1947a307389b5f32038e7a29a0e936ad1fe410b969d06a,608547,72710166409980712002774407052535905861151156175854323762835102340552522606004,77740376296468109233042620775325425521895874827413068707200627224591548200577,Will Harry Kane win the 2026 Ballon d'Or?,True,Sports,2027-01-01,0.6095,0.607,0.612,83913.26797,9322661.44447,0.03,5400857.199305997,ballon-dor-winner-2026,will-harry-kane-win-the-2026-ballon-dor,https://polymarket.com/event/ballon-dor-winner-2026/will-harry-kane-win-the-2026-ballon-dor,2026-10-10T17:26:32.436514+00:00
0x7034c00a24f9edbf325fd5a0b9a63412e469fc8cd2aa9b060fb5ba8e10d7ebef,608565,14940935985254400645996902276818598247231942791302218826999289776538227075176,107516035603650985174253368241692944789056496652916551006453839235487841190002,Will Lionel Messi win the 2026 Ballon d'Or?,True,Sports,2027-01-01,0.0255,0.025,0.026,205085.64493,9322661.44447,0.03,4276156.7819289975,ballon-dor-winner-2026,will-lionel-messi-win-the-2026-ballon-dor,https://polymarket.com/event/ballon-dor-winner-2026/will-lionel-messi-win-the-2026-ballon-dor,2026-10-10T17:26:32.436514+00:00
0x119b6b3b744ac3239c7a71100165d254234eaecea401abde5a3d303bef21d19e,628940,82742036522262670996662794097029680950132682539859985097974842241612036171395,63644763464034691367428527733393916036342796100129702980469514153898496549749,Will Steve Hilton win the California Governor Election in 2026?,True,Politics,2026-11-04,0.0395,0.038,0.041,119428.02585,6783013.2352,0.04,3287095.3092449987,california-governor-election-2026,will-steve-hilton-win-the-california-governor-election-in-2026,https://polymarket.com/event/california-governor-election-2026/will-steve-hilton-win-the-california-governor-election-in-2026,2026-10-10T17:26:32.436514+00:00
0xa5d79e71e66c9fe122f8b8b3ca6ab7a0e3048bd8508f130746944e92ed79ddf3,628941,60977129292396881848833910361112107174416489010090570432106122538120602786646,42544248033910169115455586624331983477679665735561815306855702312176773945155,Will Xavier Becerra win the California Governor Election in 2026?,True,Politics,2026-11-04,0.961,0.96,0.962,92232.83605,6783013.2352,0.04,2124955.803898,california-governor-election-2026,will-xavier-becerra-win-the-california-governor-election-in-2026,https://polymarket.com/event/california-governor-election-2026/will-xavier-becerra-win-the-california-governor-election-in-2026,2026-10-10T17:26:32.436514+00:00
0xaf874c80349379303164629c3962b1456f667ca1d44edf95e0474dd13483a4b3,629183,48368039124533504674394545622809320495392482760644292167644042386014017726777,2523036761393218729489135332182856159698268685360641264822465280431935747282,Will the Democrats win the Arizona governor race in 2026?,True,Politics,2026-11-04,0.885,0.88,0.89,65525.2237,179741.7357,0.04,60198.949593000005,arizona-governor-winner-2026,will-the-democrat-win-the-arizona-governor-race-in-2026,https://polymarket.com/event/arizona-governor-winner-2026/will-the-democrat-win-the-arizona-governor-race-in-2026,2026-10-10T17:26:32.436514+00:00
0x8ccbfc876e2f979a0ab1423589abea04bb71512cc6bd5d9dbeef7f820b8f8e69,629184,18859933834391393264997730047904836599784455493762567366530805521273388590339,88124433300559247959309048268928728970816174095213461359357515260826164605193,Will the Republicans win the Arizona governor race in 2026?,True,Politics,2026-11-04,0.125,0.12,0.13,111381.2908,179741.7357,0.04,57628.26638199998,arizona-governor-winner-2026,will-the-republican-win-the-arizona-governor-race-in-2026,https://polymarket.com/event/arizona-governor-winner-2026/will-the-republican-win-the-arizona-governor-race-in-2026,2026-10-10T17:26:32.436514+00:00
0xb180e9dc07c37633541744711a43aaa70bf3a537b6e669e8c16909c7af39f0ad,629270,66799540193763442273153807390120946960260027428359861674134091731050086258652,24047710826989921604302853982918619576361902127755708458471439265448576446915,Will the Democrats win the Alabama governor race in 2026?,True,Politics,2026-11-04,0.0825,0.08,0.085,47901.68047,82851.3703,0.04,12163.985752000002,alabama-governor-winner-2026,will-the-democrats-win-the-alabama-governor-race-in-2026,https://polymarket.com/event/alabama-governor-winner-2026/will-the-democrats-win-the-alabama-governor-race-in-2026,2026-10-10T17:26:32.436514+00:00
0x3de9b3f645419a8d8441f814605dfca1577e7306bbbfea67b4e8f19ed9d97a1d,629283,40899822988489523883534886021948522261134770684960257613447444387617827489093,35030034494631681902294217492110758656618132724500445741909954480811382889848,Will the Democrats win the Arkansas governor race in 2026?,True,Politics,2026-11-04,0.0285,0.019,0.038,33724.384,57675.29234,0.04,1602.556465,arkansas-governor-winner-2026,will-the-democrats-win-the-arkansas-governor-race-in-2026,https://polymarket.com/event/arkansas-governor-winner-2026/will-the-democrats-win-the-arkansas-governor-race-in-2026,2026-10-10T17:26:32.436514+00:00
0x15de5f99db14dd323df50b4c0af7d756cea681bdc3adbe1f1b6be7194a59c978,629296,13561110222018578357785114619723468880952494576477687978085608584743809891728,23240918648754624979648235652725215687566970949759632721271689666058289934523,Will the Democrats win the Colorado governor race in 2026?,True,Politics,2026-11-04,0.968,0.961,0.975,21439.3254,44554.12488,0.04,11158.193217,colorado-governor-winner-2026,will-the-democrats-win-the-colorado-governor-race-in-2026,https://polymarket.com/event/colorado-governor-winner-2026/will-the-democrats-win-the-colorado-governor-race-in-2026,2026-10-10T17:26:32.436514+00:00
0x9cf6302c34e0533635870c02bf46c601b0e3a2c3ac617e62a719a2cf8b1b5ca5,629297,17546916569546560082654809047780534438941220653259855302022567325162996913878,99678455340473466359487157107548906800078148061788837551165683023089300945639,Will the Republicans win the Colorado governor race in 2026?,True,Politics,2026-11-04,0.0295,0.019,0.04,25526.30675,44554.12488,0.04,6010.353072,colorado-governor-winner-2026,will-the-republicans-win-the-colorado-governor-race-in-2026,https://polymarket.com/event/colorado-governor-winner-2026/will-the-republicans-win-the-colorado-governor-race-in-2026,2026-10-10T17:26:32.436514+00:00
0x86ffa053e9aae00a47623b4806e35805df241e6ad28328727f01d29aadd4fe4f,629311,94716743709853585469973889676994451123824166409123282527490222914006156870020,79903668476273078904167389486657973102725695126491520283526754047409624544734,Will the Democrats win the Connecticut governor race in 2026?,True,Politics,2026-11-04,0.965,0.959,0.971,14694.35177,45547.00161,0.04,5562.378433000002,connecticut-governor-winner-2026,will-the-democrats-win-the-connecticut-governor-race-in-2026,https://polymarket.com/event/connecticut-governor-winner-2026/will-the-democrats-win-the-connecticut-governor-race-in-2026,2026-10-10T17:26:32.436514+00:00
0xb8fffc8e9845c3b07ca737a9b1ec925bbe1ef5105c1255110329bdf78cedebf9,629312,28222949582692352334110457056784683609708218641745397767642367585928375878193,3641056676837946671256477781020225557556713248985258428151086443592289606284,Will the Republicans win the Connecticut governor race in 2026?,True,Politics,2026-11-04,0.0245,0.022,0.027,30852.64984,45547.00161,0.04,3800.548276,connecticut-governor-winner-2026,will-the-republicans-win-the-connecticut-governor-race-in-2026,https://polymarket.com/event/connecticut-governor-winner-2026/will-the-republicans-win-the-connecticut-governor-race-in-2026,2026-10-10T17:26:32.436514+00:00
0x22492ab0d5c936a0c8b24e241bcbe959ee4d7e52f227a8d128d38a025316eb85,629324,45666577334498374671436529469006420565255125221309505855441517627481607414492,83106526449876874573813297184176954494008138834292248374570211745966785088569,Will the Democrats win the Florida governor race in 2026?,True,Politics,2026-11-04,0.225,0.22,0.23,134147.7443,274129.3933,0.04,148963.76988400007,florida-governor-winner-2026,will-the-democrats-win-the-florida-governor-race-in-2026,https://polymarket.com/event/florida-governor-winner-2026/will-the-democrats-win-the-florida-governor-race-in-2026,2026-10-10T17:26:32.436514+00:00
0xcceae66d81c60f90c9679ab531b865bd7e9f95cc54f7b0634a24095519b10d65,629325,107409796822153809778143872196236532785178617102787858261374110829112218839748,47371207337429105795077789605234118169598966393033859219795208509845903311456,Will the Republicans win the Florida governor race in 2026?,True,Politics,2026-11-04,0.775,0.77,0.78,141283.5844,274129.3933,0.04,131799.12921100005,florida-governor-winner-2026,will-the-republicans-win-the-florida-governor-race-in-2026,https://polymarket.com/event/florida-governor-winner-2026/will-the-republicans-win-the-florida-governor-race-in-2026,2026-10-10T17:26:32.436514+00:00
0x73a9911393e7bd2262904c4413d9614f68bb6290ddf7d88ed607f1562d08fb05,629337,59980150909931986777748227027020522224275707387562276219060223816867188565245,29426800815897155175757951733656404312185134543823956306564757069451562558732,Will the Democrats win the Georgia governor race in 2026?,True,Politics,2026-11-04,0.475,0.47,0.48,92307.0263,183235.7549,0.04,107072.980516,georgia-governor-winner-2026,will-the-democrats-win-the-georgia-governor-race-in-2026,https://polymarket.com/event/georgia-governor-winner-2026/will-the-democrats-win-the-georgia-governor-race-in-2026,2026-10-10T17:26:32.436514+00:00
0x72cae644cd7309b4a0f7c028393e56a1fe090d89fdb5388019f974c7fcc0e942,629350,110136962687751258520353298894226275160632723246908859759371791290370868364654,115156135737411153581543130004616889013481834144163536136083461936312640716888,Will the Democrats win the Hawaii governor race in 2026?,True,Politics,2026-11-04,0.984,0.98,0.988,22761.05811,57993.69804,0.04,7533.582167,hawaii-governor-winner-2026,will-the-democrats-win-the-hawaii-governor-race-in-2026,https://polymarket.com/event/hawaii-governor-winner-2026/will-the-democrats-win-the-hawaii-governor-race-in-2026,2026-10-10T17:26:32.436514+00:00
0x81cde924d7270bf4a45ba85b6d324bf26b7078a26def647277dacd3370176e24,629363,33422454484664318134839474897555797731651253833609657227452504228201243908837,40571564745590344089989477714526464580243500116795170298523584156719369881208,Will the Democrats win the Idaho governor race in 2026?,True,Politics,2026-11-04,0.0165,0.008,0.025,38729.78258,63556.08528,0.04,4343.667615,idaho-governor-winner-2026,will-the-democrats-win-the-idaho-governor-race-in-2026,https://polymarket.com/event/idaho-governor-winner-2026/will-the-democrats-win-the-idaho-governor-race-in-2026,2026-10-10T17:26:32.436514+00:00
0xce462d7dd2fcb06b3eeb9718a1489349fe2ae0ee84f10c8e6c0a1d40cc967c48,629376,23435178151774440115423538812688705649247609803850018642847000556068202005554,77478268313210841142065181291293453793679683521836424926635787111097653950699,Will the Democrats win the Illinois governor race in 2026?,True,Politics,2026-11-04,0.9805,0.971,0.99,19948.83135,53061.64489,0.04,6039.883127999999,illinois-governor-winner-2026,will-the-democrats-win-the-illinois-governor-race-in-2026,https://polymarket.com/event/illinois-governor-winner-2026/will-the-democrats-win-the-illinois-governor-race-in-2026,2026-10-10T17:26:32.436514+00:00
0xd73a3ca0e0544f2b5bd4f32fca4a7d4fb691a260b431f5afa58f52a41c13d896,629397,45621938709469399887344165091123819127263258871102896783851049824656362940868,72286694793480540627539910984935225027717415042902477334885085671426791945028,Will the Democrats win the Iowa governor race in 2026?,True,Politics,2026-11-04,0.885,0.88,0.89,63385.6579,175350.1891,0.04,74094.189715,iowa-governor-winner-2026,will-the-democrats-win-the-iowa-governor-race-in-2026,https://polymarket.com/event/iowa-governor-winner-2026/will-the-democrats-win-the-iowa-governor-race-in-2026,2026-10-10T17:26:32.436514+00:00
0x26d2b09d5f5d5bfd520454b3e896f368672f3a9ee542e0af6ef08e3a25e445b0,629398,35744753605838865227961720864928711626409257515092566128191701940968999011763,66995205093020988805717868805435346915682775248431420622150164310292956433386,Will the Republicans win the Iowa governor race in 2026?,True,Politics,2026-11-04,0.125,0.12,0.13,111499.8701,175350.1891,0.04,78591.46834900002,iowa-governor-winner-2026,will-the-republicans-win-the-iowa-governor-race-in-2026,https://polymarket.com/event/iowa-governor-winner-2026/will-the-republicans-win-the-iowa-governor-race-in-2026,2026-10-10T17:26:32.436514+00:00
0x457e4d4fc56ca3836fccb7a8bf539c787504ac841a933d65f5de0736fcae2567,629412,79484096963248498578517243733071571984223432387663163312687533493173144145268,29394102154625046234624466923627257102948178230785334718764086258965622150946,Will the Democrats win the Kansas governor race in 2026?,True,Politics,2026-11-04,0.24,0.23,0.25,66562.3052,133950.1415,0.04,20745.189197,kansas-governor-winner-2026,will-the-democrats-win-the-kansas-governor-race-in-2026,https://polymarket.com/event/kansas-governor-winner-2026/will-the-democrats-win-the-kansas-governor-race-in-2026,2026-10-10T17:26:32.436514+00:00
0xfb866625fdfccc5a58ab7f1b53d6c7b5ac214ee38fa38668312b4adc2ee2c1d0,629413,63693837389044553718411703128182914158332390182546987000527783026710645197027,67083865982621347962588306486968672865410439281803783157758359046366394195666,Will the Republicans win the Kansas governor race in 2026?,True,Politics,2026-11-04,0.745,0.74,0.75,72551.0044,133950.1415,0.04,41422.10664300001,kansas-governor-winner-2026,will-the-republicans-win-the-kansas-governor-race-in-2026,https://polymarket.com/event/kansas-governor-winner-2026/will-the-republicans-win-the-kansas-governor-race-in-2026,2026-10-10T17:26:32.436514+00:00
0xd8ebecf28c4b6148a515c247e65230ae7990f5626ef8202841135b2b6963a9b9,629425,92845243966002494782242842696395378111295494684532387488276103452077216171518,24881767450639056263521368837377769213210166022664275303369919457991423602034,Will the Democrats win the Maine governor race in 2026?,True,Politics,2026-11-04,0.959,0.949,0.969,43095.6067,95081.07673,0.04,31172.407851,maine-governor-winner-2026,will-the-democrats-win-the-maine-governor-race-in-2026,https://polymarket.com/event/maine-governor-winner-2026/will-the-democrats-win-the-maine-governor-race-in-2026,2026-10-10T17:26:32.436514+00:00
0x88830764b3a37974653c31867d89a05ee06d83b67671fb9e5d88dfc6b4c2b68a,629438,21509039698927424303190259436702262868147960450053769072201076877922760800234,61059317298180515598301968520737758441265273977469929832715117586893344185237,Will the Democrats win the Maryland governor race in 2026?,True,Politics,2026-11-04,0.9905,0.987,0.994,24965.83494,66227.69985,0.04,15007.611108000005,maryland-governor-winner-2026,will-the-democrats-win-the-maryland-governor-race-in-2026,https://polymarket.com/event/maryland-governor-winner-2026/will-the-democrats-win-the-maryland-governor-race-in-2026,2026-10-10T17:26:32.436514+00:00
0x97d482b6e4872befd1d18788d262a2775021b58e9fbbcb86515799338d85a8f5,629439,99454680080858182975916786322594927636228275589135289499749895045005789315019,56155921462165675245063764296994337178368244177849069777989554232578924728272,Will the Republicans win the Maryland governor race in 2026?,True,Politics,2026-11-04,0.0105,0.007,0.014,41350.55865,66227.69985,0.04,9213.069646000004,maryland-governor-winner-2026,will-the-republicans-win-the-maryland-governor-race-in-2026,https://polymarket.com/event/maryland-governor-winner-2026/will-the-republicans-win-the-maryland-governor-race-in-2026,2026-10-10T17:26:32.436514+00:00
0x479d1a77b118ac88cc0e7e5eb4659e4954d55cd87a84d7f2b22bf5c3a8333813,629451,86599393407315290835574565918707146460542680358932655202787183319230565551172,1074379534528472094299733191236211201333766587219308586291620262007935366404,Will the Democrats win the Massachusetts governor race in 2026?,True,Politics,2026-11-04,0.96,0.956,0.964,47710.10101,138699.22727,0.04,41749.030481,massachusetts-governor-winner-2026,will-the-democrats-win-the-massachusetts-governor-race-in-2026,https://polymarket.com/event/massachusetts-governor-winner-2026/will-the-democrats-win-the-massachusetts-governor-race-in-2026,2026-10-10T17:26:32.436514+00:00
0xcace1894a70b121e0172815c9a3b8d565ad015bdf75996963ea00969d91e5722,629452,60883119277247470994582429550632811829505423471772740208057726618094988141160,10611280019407480266757525986655762365905028957860028005381241543984362875196,Will the Republicans win the Massachusetts governor race in 2026?,True,Politics,2026-11-04,0.0405,0.034,0.047,87889.71441,138699.22727,0.04,68909.15427199999,massachusetts-governor-winner-2026,will-the-republicans-win-the-massachusetts-governor-race-in-2026,https://polymarket.com/event/massachusetts-governor-winner-2026/will-the-republicans-win-the-massachusetts-governor-race-in-2026,2026-10-10T17:26:32.436514+00:00
0x76cface9f6df604ff32447bce58656b7a72b6659324d089c73a13a99f06c8aae,629464,63517706574758177502492185078056756527324898714284142778693046697324148388357,24313213949676763118562588141459255175279390673486982872182407528149814471441,Will the Democrats win the Michigan governor race in 2026?,True,Politics,2026-11-04,0.9375,0.937,0.938,119656.13887,259014.45175,0.04,84720.873246,michigan-governor-winner-2026,will-the-democrats-win-the-michigan-governor-race-in-2026,https://polymarket.com/event/michigan-governor-winner-2026/will-the-democrats-win-the-michigan-governor-race-in-2026,2026-10-10T17:26:32.436514+00:00
0x086445ea07954a360aeeddc96c292160832662b0227bdc8f07bc353dd511966f,629477,9126148503694470083148381233969293708563386203943196700151133094426622508276,33576178139790676268585487625882069821783219374491053705510339906433025453375,Will the Democrats win the Minnesota governor race in 2026?,True,Politics,2026-11-04,0.955,0.95,0.96,35660.3372,87151.86339,0.04,42121.419460000005,minnesota-governor-winner-2026,will-the-democrats-win-the-minnesota-governor-race-in-2026,https://polymarket.com/event/minnesota-governor-winner-2026/will-the-democrats-win-the-minnesota-governor-race-in-2026,2026-10-10T17:26:32.436514+00:00
0x62d780b6f32de4d5b221109eb8e6c77e13d2617d6a11724366ab8ca727927be7,629478,52147423614804649302719056405435366546705837330765266472799012257146403501281,109479449074543471145484253502931698015409097892748819311501332215892915223104,Will the Republicans win the Minnesota governor race in 2026?,True,Politics,2026-11-04,0.048,0.044,0.052,48939.68039,87151.86339,0.04,46270.12378799999,minnesota-governor-winner-2026,will-the-republicans-win-the-minnesota-governor-race-in-2026,https://polymarket.com/event/minnesota-governor-winner-2026/will-the-republicans-win-the-minnesota-governor-race-in-2026,2026-10-10T17:26:32.436514+00:00
0x995a909b835457559e09acc7d804a40e0c87515dcab6e91f955d7aea33f7d707,629490,3466069051818884243073756614952529401222377791973010490050674378116587529746,92126133761065609991474983465510729635862551955946178295579828633955084637564,Will the Democrats win the Nebraska governor race in 2026?,True,Politics,2026-11-04,0.095,0.09,0.1,48465.3009,71634.271,0.04,9770.061096,nebraska-governor-winner-2026,will-the-democrats-win-the-nebraska-governor-race-in-2026,https://polymarket.com/event/nebraska-governor-winner-2026/will-the-democrats-win-the-nebraska-governor-race-in-2026,2026-10-10T17:26:32.436514+00:00
0x707eb5c6df23e32e0b770dd0ccd1245abb7fac0dcfd24d8b68dd99e5ca737180,629505,1246864710804983890692377994891598401616546411512113588399830364959833951829,63105785868222491666410116782074992901361520126431203229953017216126863105293,Will the Democrats win the Nevada governor race in 2026?,True,Politics,2026-11-04,0.535,0.53,0.54,93927.4974,203040.5119,0.04,196286.99649200003,nevada-governor-winner-2026,will-the-democrats-win-the-nevada-governor-race-in-2026,https://polymarket.com/event/nevada-governor-winner-2026/will-the-democrats-win-the-nevada-governor-race-in-2026,2026-10-10T17:26:32.436514+00:00
0xb63fbd776203cada01a13bb21b3c52c500bcf904bdfc71627022db1f891f95c5,629506,26514162544090965098284473937422427465088569867873952479707540387314217381282,76313209944639250426806286965492886883353059598478633315707597639545615999446,Will the Republicans win the Nevada governor race in 2026?,True,Politics,2026-11-04,0.455,0.45,0.46,109990.548,203040.5119,0.04,161238.02646199995,nevada-governor-winner-2026,will-the-republicans-win-the-nevada-governor-race-in-2026,https://polymarket.com/event/nevada-governor-winner-2026/will-the-republicans-win-the-nevada-governor-race-in-2026,2026-10-10T17:26:32.436514+00:00
0x5eb660082d749c35ec496dae4c1f52e3950487b4d3c63215d2e27910dab38819,629531,17781069937970314001472355582427331102577624490515546410398313363226785264562,36751080180193208611679715282017036514262692646839311614046859811593442232572,Will the Democrats win the New Mexico governor race in 2026?,True,Politics,2026-11-04,0.905,0.9,0.91,38344.1544,90721.9157,0.04,30620.88406200001,new-mexico-governor-winner-2026,will-the-democrats-win-the-new-mexico-governor-race-in-2026,https://polymarket.com/event/new-mexico-governor-winner-2026/will-the-democrats-win-the-new-mexico-governor-race-in-2026,2026-10-10T17:26:32.436514+00:00
0xc5b92069aa1a3319830b2e44bf51ecee36e849790bde3fd68339f5beb5a8ffad,629532,66486026915087812107390926299428531209332603871609345502520740675575639289776,28560287983606987850204671484619002594173232176549531922535113255113148304679,Will the Republicans win the New Mexico governor race in 2026?,True,Politics,2026-11-04,0.08,0.07,0.09,51220.6907,90721.9157,0.04,20155.720379,new-mexico-governor-winner-2026,will-the-republicans-win-the-new-mexico-governor-race-in-2026,https://polymarket.com/event/new-mexico-governor-winner-2026/will-the-republicans-win-the-new-mexico-governor-race-in-2026,2026-10-10T17:26:32.436514+00:00
0x4cd035dcfb450c9a6bc9aa13f3aa94fabc01e47499d05d28ef653ef42939c364,629544,64050273355694113671090110638685043795558853994186493795797238541534244584786,89871775413723061310900874811289289046282365859042241773701889222569854585191,Will the Democrats win the New York governor race in 2026?,True,Politics,2026-11-04,0.96,0.954,0.966,65433.56751,168990.31725,0.04,57109.80519299999,new-york-governor-winner-2026,will-the-democrats-win-the-new-york-governor-race-in-2026,https://polymarket.com/event/new-york-governor-winner-2026/will-the-democrats-win-the-new-york-governor-race-in-2026,2026-10-10T17:26:32.436514+00:00
0x50b78cd83de62d75d504d7a184ba1171436628068b3c3d4dd0384e65d4a40d1b,629545,108106288970534575307495623455701128869187166289634633189375113923142364674394,32946988346851809083717853909672502303533938428804197173672614672441945179683,Will the Republicans win the New York governor race in 2026?,True,Politics,2026-11-04,0.04,0.034,0.046,105042.60744,168990.31725,0.04,111105.19610899995,new-york-governor-winner-2026,will-the-republicans-win-the-new-york-governor-race-in-2026,https://polymarket.com/event/new-york-governor-winner-2026/will-the-republicans-win-the-new-york-governor-race-in-2026,2026-10-10T17:26:32.436514+00:00
0x3babe91f8d2fac44027f9ba7f0f1a59e61b72419828e6e517f96bbcf4e132498,629557,63255709540320761353971859526848930870803944190764324681913735372035438815215,16976595754865702888942253430173145813500518669245701188211359895815715104826,Will the Democrats win the Ohio governor race in 2026?,True,Politics,2026-11-04,0.705,0.7,0.71,116328.4892,254783.8118,0.04,139545.26726099997,ohio-governor-winner-2026,will-the-democrats-win-the-ohio-governor-race-in-2026,https://polymarket.com/event/ohio-governor-winner-2026/will-the-democrats-win-the-ohio-governor-race-in-2026,2026-10-10T17:26:32.436514+00:00
0xccd6eb4ec0c8ac284e280ab6ceedcdd1a1813d1e130892ed1b6e98189077013e,629570,37700214927702560862325287464231700075479667077774217635210792305464305010407,82608334051864142932873144348121852324089451792525985503537377336006986101897,Will the Democrats win the Oklahoma governor race in 2026?,True,Politics,2026-11-04,0.065,0.06,0.07,44600.3328,67841.5527,0.04,18804.920652,oklahoma-governor-winner-2026,will-the-democrats-win-the-oklahoma-governor-race-in-2026,https://polymarket.com/event/oklahoma-governor-winner-2026/will-the-democrats-win-the-oklahoma-governor-race-in-2026,2026-10-10T17:26:32.436514+00:00
0x8d65ff57f443011c4c10e7aa50aa54b3a3b5e2b940cb3ca97c0357bbcaee0b36,629583,9755787435930070640870536823763281543938387827225853124824813626465365556107,46486910951407358308537327861577419089696653684888928429256333235431031567968,Will the Democrats win the Oregon governor race in 2026?,True,Politics,2026-11-04,0.775,0.77,0.78,48610.7817,112946.2284,0.04,40650.07103399999,oregon-governor-winner-2026,will-the-democrats-win-the-oregon-governor-race-in-2026,https://polymarket.com/event/oregon-governor-winner-2026/will-the-democrats-win-the-oregon-governor-race-in-2026,2026-10-10T17:26:32.436514+00:00
0x58b1d112b4a3a2616da6a77b8d755cc478c1d6f71ed3dedaa5e1fd794e4b0e61,629614,86158564038726526008163887440654010269502827272776903587995739265573029112945,20918140760474946630045567241666208575510335017424226516022596966030394605413,Will the Democrats win the Pennsylvania governor race in 2026?,True,Politics,2026-11-04,0.977,0.971,0.983,25321.50529,106790.43972,0.04,8939.916639000001,pennsylvania-governor-winner-2026,will-the-democrats-win-the-pennsylvania-governor-race-in-2026,https://polymarket.com/event/pennsylvania-governor-winner-2026/will-the-democrats-win-the-pennsylvania-governor-race-in-2026,2026-10-10T17:26:32.436514+00:00
0xb3529e4cbcc5756ae7d5662ad1d6ddd8dd97b53bd459e2684af9bb8c4dbf582c,629615,5688801435889428424829669547673250506620304454224290559333533905846390372394,21024189438556491499983312864085506291201006475691953166988844977583635820413,Will the Republicans win the Pennsylvania governor race in 2026?,True,Politics,2026-11-04,0.0225,0.017,0.028,81520.33153,106790.43972,0.04,45361.016839,pennsylvania-governor-winner-2026,will-the-republicans-win-the-pennsylvania-governor-race-in-2026,https://polymarket.com/event/pennsylvania-governor-winner-2026/will-the-republicans-win-the-pennsylvania-governor-race-in-2026,2026-10-10T17:26:32.436514+00:00
0xc65ec2459a79fb749948503161d42e13c4cb8bb0b670f0dd1ce2c71d7950b459,629627,12963869833838696349134591178892586509546549676681530057691780490969939726649,75325800980805191432247713433059602003287797994426454877102862804464373217417,Will the Democrats win the Rhode Island governor race in 2026?,True,Politics,2026-11-04,0.9715,0.965,0.978,57065.86973,121296.16205,0.04,57392.923357,rhode-island-governor-winner-2026,will-the-democrats-win-the-rhode-island-governor-race-in-2026,https://polymarket.com/event/rhode-island-governor-winner-2026/will-the-democrats-win-the-rhode-island-governor-race-in-2026,2026-10-10T17:26:32.436514+00:00
0x9767768d75f0fde1ad998e52b83999315cd5f45152a143a0153366915513e0d2,629640,69673263487139231624315897585768201230841320475352635832819992690850228911127,60881151017130321740345136601526104676952077782755755891584789189096989545525,Will the Democrats win the South Carolina governor race in 2026?,True,Politics,2026-11-04,0.047,0.045,0.049,37790.84994,74761.47574,0.04,8834.046928999998,south-carolina-governor-winner-2026,will-the-democrats-win-the-south-carolina-governor-race-in-2026,https://polymarket.com/event/south-carolina-governor-winner-2026/will-the-democrats-win-the-south-carolina-governor-race-in-2026,2026-10-10T17:26:32.436514+00:00
0xfc63bcdc71629dd77fba7e016021e4d9283d972d2a06f8552cbd25f87e5ce918,629653,19857809653204352084235953967001149759321806996646353766198011041287290557051,81928830076368461059680704904933018599743089984775447893064772019302534185483,Will the Democrats win the South Dakota governor race in 2026?,True,Politics,2026-11-04,0.026,0.016,0.036,42304.64843,64287.23252,0.04,17722.799036000004,south-dakota-governor-winner-2026,will-the-democrats-win-the-south-dakota-governor-race-in-2026,https://polymarket.com/event/south-dakota-governor-winner-2026/will-the-democrats-win-the-south-dakota-governor-race-in-2026,2026-10-10T17:26:32.436514+00:00
0x3b1d01d11565a800485bdb04958e28bab4369e3f2ebc2134d12d74bde5f3baa7,629666,42092635016892213098098431597314233695276464574605657188222427223673881775927,98575404987824247968035554378138502826375834662434598159433509586324667676456,Will the Democrats win the Tennessee governor race in 2026?,True,Politics,2026-11-04,0.0525,0.044,0.061,46543.25221,71621.18132,0.04,8270.283067999999,tennessee-governor-winner-2026,will-the-democrats-win-the-tennessee-governor-race-in-2026,https://polymarket.com/event/tennessee-governor-winner-2026/will-the-democrats-win-the-tennessee-governor-race-in-2026,2026-10-10T17:26:32.436514+00:00
0x12b727031b38130d945b3e164386874360d9a32fdd7e3d00ed2adb13857e089b,629690,48232987449750988261789196083999659380058157021032932634331257492238853387252,72484470323457781490418074887818414956328925259630173408815876344351328006429,Will the Democrats win the Texas governor race in 2026?,True,Politics,2026-11-04,0.225,0.22,0.23,103494.636,171228.11492,0.04,209922.2571960001,texas-governor-winner-2026,will-the-democrats-win-the-texas-governor-race-in-2026,https://polymarket.com/event/texas-governor-winner-2026/will-the-democrats-win-the-texas-governor-race-in-2026,2026-10-10T17:26:32.436514+00:00
0x5dacb3919e3eb6372770cba85c42e0f980ddf18b1a767751de700ee272269233,629707,60184991030711150053889856154789765911962237408503307206289529109604385579009,63691357964355397861776339416833450653158434687925250159757815624217137833471,Will the Democrats win the Vermont governor race in 2026?,True,Politics,2026-11-04,0.2505,0.25,0.251,162807.00648,249231.97821,0.04,111919.918169,vermont-governor-winner-2026,will-the-democrats-win-the-vermont-governor-race-in-2026,https://polymarket.com/event/vermont-governor-winner-2026/will-the-democrats-win-the-vermont-governor-race-in-2026,2026-10-10T17:26:32.436514+00:00
0xfbd0a65112e26d9a2a68dc47f8a95c6c14d22650cb4837c5429b546726661b71,629720,47540146623620182724372695903724852067595146419459482790641441152489267651664,9425494630420524762356091484606706289169789796333686976670441967109493832767,Will the Democrats win the Wisconsin governor race in 2026?,True,Politics,2026-11-04,0.805,0.8,0.81,147108.5578,267253.7661,0.04,366503.495854,wisconsin-governor-winner-2026,will-the-democrats-win-the-wisconsin-governor-race-in-2026,https://polymarket.com/event/wisconsin-governor-winner-2026/will-the-democrats-win-the-wisconsin-governor-race-in-2026,2026-10-10T17:26:32.436514+00:00
0x08cf528519394c3bdbca3299cf993db6d38dabcfb78addb80cfd82d6e273a82c,629733,27698880682601961151205903485139737259763277359865731443999905606295817799595,96583137082549706198480677389115178770016108390630706701207381056297764196817,Will the Democrats win the Wyoming governor race in 2026?,True,Politics,2026-11-04,0.0235,0.018,0.029,40680.96052,66162.8233,0.04,2507.274501,wyoming-governor-winner-2026,will-the-democrats-win-the-wyoming-governor-race-in-2026,https://polymarket.com/event/wyoming-governor-winner-2026/will-the-democrats-win-the-wyoming-governor-race-in-2026,2026-10-10T17:26:32.436514+00:00
0xffc0030fa887b259b313f7a695e34ce8776fdf1b674d1d7812f0e31782c3aca0,630627,77232568388576878990477542833081311975859328857370439688711702313039178600550,41305309737809315151633117199490064099794235884838684383222141982080157632024,Will the Democrats win the Alabama Senate race in 2026?,True,Politics,2026-11-04,0.0245,0.019,0.03,53739.16371,91228.69293,0.04,5974.359041,alabama-senate-election-winner-154,will-the-democrats-win-the-alabama-senate-race-in-2026,https://polymarket.com/event/alabama-senate-election-winner-154/will-the-democrats-win-the-alabama-senate-race-in-2026,2026-10-10T17:26:32.436514+00:00
0xfd583ce731a731f6500cf5427090f1e708ec102140146200306b56c489ed4364,630653,68370995073141964079913803663665941780115677360430806954011390499916208708512,13262930035751293044299030051076946493579310948743085503128810162298115061024,Will the Democrats win the Arkansas Senate race in 2026?,True,Politics,2026-11-04,0.0605,0.058,0.063,60406.28992,130832.77197,0.04,12814.872237,arkansas-senate-election-winner,will-the-democrats-win-the-arkansas-senate-race-in-2026,https://polymarket.com/event/arkansas-senate-election-winner/will-the-democrats-win-the-arkansas-senate-race-in-2026,2026-10-10T17:26:32.436514+00:00
0x814f5203f08088877a5e70911f5f1c7d13030d986a9237822e6f708a27111c62,630654,48125407658537781630126353551882211313520827583468729408685633955919030034320,1797580469213095171880719393862360781916964211483452267877668487044757332006,Will the Republicans win the Arkansas Senate race in 2026?,True,Politics,2026-11-04,0.9405,0.936,0.945,68583.55341,130832.77197,0.04,24967.245899999987,arkansas-senate-election-winner,will-the-republicans-win-the-arkansas-senate-race-in-2026,https://polymarket.com/event/arkansas-senate-election-winner/will-the-republicans-win-the-arkansas-senate-race-in-2026,2026-10-10T17:26:32.436514+00:00
0x3f8d20cfcf2136d0c001663603c2d7f7be0fb920534d09a193f3165a40fe9469,630666,68194463917260305435439145066031544476540679280823247532132832363696000101185,106192530786960539135535008575818346767459617102414049409342524139150698862791,Will the Democrats win the Colorado Senate race in 2026?,True,Politics,2026-11-04,0.976,0.961,0.991,28071.46118,64263.76856,0.04,14324.003195,colorado-senate-election-winner,will-the-democrats-win-the-colorado-senate-race-in-2026,https://polymarket.com/event/colorado-senate-election-winner/will-the-democrats-win-the-colorado-senate-race-in-2026,2026-10-10T17:26:32.436514+00:00
0xf67cdc929ad7442696e3c61a88445a5cf06d99e1a6e7eb41f17e48d20da35ee9,630667,94387913280398317052582281843978069916338462525042652614881277797162415545237,2474994172812821906731940905046937405647772936830086080400122272424376650343,Will the Republicans win the Colorado Senate race in 2026?,True,Politics,2026-11-04,0.0155,0.007,0.024,37612.82583,64263.76856,0.04,37022.184755,colorado-senate-election-winner,will-the-republicans-win-the-colorado-senate-race-in-2026,https://polymarket.com/event/colorado-senate-election-winner/will-the-republicans-win-the-colorado-senate-race-in-2026,2026-10-10T17:26:32.436514+00:00
0xad23b96e7a01232f86955c2a719bd7b63f937e093a220bad52fbc8bd0664dedb,630679,109467029375682717672947466588331781838347232688418556926634334189471462678711,56515783740067714541146024238690731191171951191676227554534304907999316653689,Will the Democrats win the Delaware Senate race in 2026?,True,Politics,2026-11-04,0.983,0.979,0.987,23524.91554,51937.74404,0.04,12065.903503000003,delaware-senate-election-winner,will-the-democrats-win-the-delaware-senate-race-in-2026,https://polymarket.com/event/delaware-senate-election-winner/will-the-democrats-win-the-delaware-senate-race-in-2026,2026-10-10T17:26:32.436514+00:00
0xe70151207ba1c9696abc51293ff65c9d6e8cbb133af3b5430453d112977cd252,630680,18791277393217683755628516529477058015186638022373024614300661393042993809537,111410260998316519094031668071734601628657437474531224521985946937751497012846,Will the Republicans win the Delaware Senate race in 2026?,True,Politics,2026-11-04,0.017,0.012,0.022,27553.9221,51937.74404,0.04,19649.865721,delaware-senate-election-winner,will-the-republicans-win-the-delaware-senate-race-in-2026,https://polymarket.com/event/delaware-senate-election-winner/will-the-republicans-win-the-delaware-senate-race-in-2026,2026-10-10T17:26:32.436514+00:00
0x3c5b93b91196c8db64e63c424979da8cfbf44a4501afd70d2480ee28fbf306a2,630692,21024219148268989748704207701411444044468128261642675917026452687231462203167,35836144845762083734936716777818582913796871841916057482479347577598882811767,Will the Democrats win the Georgia Senate race in 2026?,True,Politics,2026-11-04,0.9655,0.962,0.969,65658.62325,147918.8426,0.04,94506.08556499996,georgia-senate-election-winner,will-the-democrats-win-the-georgia-senate-race-in-2026,https://polymarket.com/event/georgia-senate-election-winner/will-the-democrats-win-the-georgia-senate-race-in-2026,2026-10-10T17:26:32.436514+00:00
0x54e4e816cc5868e2f933c6bbc597e3313bdad382be3ecf7eaa4d8fa5c3f1a1bd,630693,43777191461245536274027792855557351629362906569064322165760098912770293918104,61124290990237905740819218004087985253159695156484630843664573685734418084158,Will the Republicans win the Georgia Senate race in 2026?,True,Politics,2026-11-04,0.0355,0.031,0.04,77963.28089,147918.8426,0.04,123921.96646099996,georgia-senate-election-winner,will-the-republicans-win-the-georgia-senate-race-in-2026,https://polymarket.com/event/georgia-senate-election-winner/will-the-republicans-win-the-georgia-senate-race-in-2026,2026-10-10T17:26:32.436514+00:00
0x22e986868fae24a9e7b6fff86e063cc90843c85c4a9dd65b2628bbf5663997c7,630706,6756779810577885828704276397389282544084821591107025125954859235939281991675,87565258770725265966392236652709967744698603916603639644457593228770340754031,Will the Republicans win the Idaho Senate race in 2026?,True,Politics,2026-11-04,0.941,0.94,0.942,67129.95818,170266.8463,0.04,89111.143839,idaho-senate-election-winner,will-the-republicans-win-the-idaho-senate-race-in-2026,https://polymarket.com/event/idaho-senate-election-winner/will-the-republicans-win-the-idaho-senate-race-in-2026,2026-10-10T17:26:32.436514+00:00
0xdb9b47929435349bfc4f7a65e0ceb89d5cea388a87c4c6f10d0f736253ae0d76,630720,3015477455071606958014729552697672689898195807324746948280693702257424620276,115316081925755141262134681282752103796078250770988305202716210672556966594698,Will the Democrats win the Illinois Senate race in 2026?,True,Politics,2026-11-04,0.981,0.974,0.988,27185.22078,53639.23326,0.04,17188.330537000005,illinois-senate-election-winner,will-the-democrats-win-the-illinois-senate-race-in-2026,https://polymarket.com/event/illinois-senate-election-winner/will-the-democrats-win-the-illinois-senate-race-in-2026,2026-10-10T17:26:32.436514+00:00
0xd50c016598c499fceea10a1a714e48d9b4953487fe215daeaf916068fae722f1,630733,90689690530039118737607894922148077480097700217322320781526913496162509181445,105412116375859456386463067772529895223931027977055063584054608854983174999392,Will the Democrats win the Iowa Senate race in 2026?,True,Politics,2026-11-04,0.425,0.42,0.43,175087.8964,368582.7439,0.04,477727.48953600007,iowa-senate-election-winner,will-the-democrats-win-the-iowa-senate-race-in-2026,https://polymarket.com/event/iowa-senate-election-winner/will-the-democrats-win-the-iowa-senate-race-in-2026,2026-10-10T17:26:32.436514+00:00
0x38a1025bfc56539ed1ff8fdd468283d55cf9002412decd61aa8d6c578c7d01a2,630734,107844449523890311740907586041395758413047559802389895859202256336422357556837,45697952169290210733788647908439282215277461482653377209044144054693714912010,Will the Republicans win the Iowa Senate race in 2026?,True,Politics,2026-11-04,0.585,0.58,0.59,193677.0935,368582.7439,0.04,383675.8163889999,iowa-senate-election-winner,will-the-republicans-win-the-iowa-senate-race-in-2026,https://polymarket.com/event/iowa-senate-election-winner/will-the-republicans-win-the-iowa-senate-race-in-2026,2026-10-10T17:26:32.436514+00:00
0x460d3942d385cdeda20519c0c5ad804ae48dc18efc9a82e1f1be87a29e69adb3,630746,75079868093228966915894372964099062660587490227046756021175661325867722540666,37327444084035787269854507880662541101916131726641992937390933740081521292625,Will the Democrats win the Kansas Senate race in 2026?,True,Politics,2026-11-04,0.375,0.37,0.38,218012.4256,345592.3018,0.04,346450.976989,kansas-senate-election-winner,will-the-democrats-win-the-kansas-senate-race-in-2026,https://polymarket.com/event/kansas-senate-election-winner/will-the-democrats-win-the-kansas-senate-race-in-2026,2026-10-10T17:26:32.436514+00:00
0xf27ea17046f54cfa5e7dda5c58f06a3f391f3ae6a3cfaddcda8c432c5afcf2dd,630759,37649267567982889592011384409533519112993266261975620703097847510820818713285,25714364921494590153126712070237148273556585153060830557346938682702981481913,Will the Democrats win the Kentucky Senate race in 2026?,True,Politics,2026-11-04,0.03,0.024,0.036,41493.46934,107289.42601,0.04,7800.9962460000015,kentucky-senate-election-winner,will-the-democrats-win-the-kentucky-senate-race-in-2026,https://polymarket.com/event/kentucky-senate-election-winner/will-the-democrats-win-the-kentucky-senate-race-in-2026,2026-10-10T17:26:32.436514+00:00
0x4151b05d1d98bb10d1a459f013d8583267b5fc6fa9e7bc755653f074f4a5e33a,630760,48498511771232100148522166869811267217315069499419645745771730197179043728388,65439356235045131807396247896357430551043166853377401069960230324723866335352,Will the Republicans win the Kentucky Senate race in 2026?,True,Politics,2026-11-04,0.9675,0.966,0.969,65322.71359,107289.42601,0.04,28823.165596000003,kentucky-senate-election-winner,will-the-republicans-win-the-kentucky-senate-race-in-2026,https://polymarket.com/event/kentucky-senate-election-winner/will-the-republicans-win-the-kentucky-senate-race-in-2026,2026-10-10T17:26:32.436514+00:00
0x66bbf6d55e0296278858b3147689f3df9259374f158f9f028b608baa322a639c,630772,7589880081658059374445882095611024032084645048848237404312287942463647821549,6136336712352911156426560180855478229745540927722899997193789497766196705020,Will the Democrats win the Maine Senate race in 2026?,True,Politics,2026-11-04,0.585,0.58,0.59,139149.6166,289434.9475,0.04,1236851.3484560004,maine-senate-election-winner,will-the-democrats-win-the-maine-senate-race-in-2026,https://polymarket.com/event/maine-senate-election-winner/will-the-democrats-win-the-maine-senate-race-in-2026,2026-10-10T17:26:32.436514+00:00
0x2c00cb09722a0f0501c5e49131b898ed57bb5c075db4dc2bcbc14908f45b8c48,630773,2142948285506077695096498341598672159464223074468931276310105532825810210121,43295283577056639281694071578249936735369407445693289764095672178175084599787,Will the Republicans win the Maine Senate race in 2026?,True,Politics,2026-11-04,0.415,0.41,0.42,150835.0311,289434.9475,0.04,962704.0606689998,maine-senate-election-winner,will-the-republicans-win-the-maine-senate-race-in-2026,https://polymarket.com/event/maine-senate-election-winner/will-the-republicans-win-the-maine-senate-race-in-2026,2026-10-10T17:26:32.436514+00:00
0x6f56cdf896a8cdb2552661dd7b3d54dab6ef418d5be0d8a96dea3f16cbf31632,630790,37806907368043161074949113436745462734936336037202698916361016094424427186209,12372043962778394976024486768688292040496139295686161489871763438144310710290,Will the Democrats win the Massachusetts Senate race in 2026?,True,Politics,2026-11-04,0.9825,0.978,0.987,39070.7453,91955.0723,0.04,35912.594924,massachusetts-senate-election-winner,will-the-democrats-win-the-massachusetts-senate-race-in-2026,https://polymarket.com/event/massachusetts-senate-election-winner/will-the-democrats-win-the-massachusetts-senate-race-in-2026,2026-10-10T17:26:32.436514+00:00
0xc07048f298bae3ec73447a92cdc2dfd2e44d10ae1164b6d50db68ec5ab4b2766,630791,94720102345103978732985991591541449349105398685307981352929740529082927790385,89749451189659806236078281140753717284965641684284805325103046978904196883787,Will the Republicans win the Massachusetts Senate race in 2026?,True,Politics,2026-11-04,0.0175,0.012,0.023,53780.25,91955.0723,0.04,13299.331223,massachusetts-senate-election-winner,will-the-republicans-win-the-massachusetts-senate-race-in-2026,https://polymarket.com/event/massachusetts-senate-election-winner/will-the-republicans-win-the-massachusetts-senate-race-in-2026,2026-10-10T17:26:32.436514+00:00
0xbfeb6d4cf3eab6071e204219b0647c8224d63a12778df467311b5f2a4b3a5bd4,630805,71772627544132140586824126381855151743830987860593343955509593715269534710061,64025664961497419708095468282573682984741903075312816516046832361290996190088,Will the Democrats win the Michigan Senate race in 2026?,True,Politics,2026-11-04,0.695,0.69,0.7,254968.1337,460541.5132,0.04,913315.3075230002,michigan-senate-election-winner,will-the-democrats-win-the-michigan-senate-race-in-2026,https://polymarket.com/event/michigan-senate-election-winner/will-the-democrats-win-the-michigan-senate-race-in-2026,2026-10-10T17:26:32.436514+00:00
0x44b642636473fb07f0c2319a1d25729a36134969076ffdbb8979cbfdda612b14,630818,5210147086444382339849101722545511095151948730486562412029285471203011774407,31436003141911636826257012170104365274669938022228084492450613161428480917013,Will the Democrats win the Minnesota Senate race in 2026?,True,Politics,2026-11-04,0.875,0.87,0.88,87294.6014,206350.0814,0.04,122695.09858000002,minnesota-senate-election-winner,will-the-democrats-win-the-minnesota-senate-race-in-2026,https://polymarket.com/event/minnesota-senate-election-winner/will-the-democrats-win-the-minnesota-senate-race-in-2026,2026-10-10T17:26:32.436514+00:00
0xae1d21f8632f37e11493fef7307b4d09c6b27697be5c820806a840559b1b2e06,630819,70179930004460104520571721963263381325865077807861641105900318902168490512539,6282889705019268501830975677564258188191770886711457649647605609853326924852,Will the Republicans win the Minnesota Senate race in 2026?,True,Politics,2026-11-04,0.135,0.13,0.14,119135.4072,206350.0814,0.04,92520.72826000002,minnesota-senate-election-winner,will-the-republicans-win-the-minnesota-senate-race-in-2026,https://polymarket.com/event/minnesota-senate-election-winner/will-the-republicans-win-the-minnesota-senate-race-in-2026,2026-10-10T17:26:32.436514+00:00
0x1bbb01c67b1520c5db8e02c65b395176b7e2b43d16cc8f8810beb64d70f6e69b,630831,88799262678230165893255813616837100962595819984760588859765042402182443138810,80548090613166591367082748340054574729693035025508775289880033317294974030893,Will the Democrats win the Montana Senate race in 2026?,True,Politics,2026-11-04,0.0055,0.002,0.009,42567.73193,180570.45743,0.04,46847.84644300001,montana-senate-election-winner,will-the-democrats-win-the-montana-senate-race-in-2026,https://polymarket.com/event/montana-senate-election-winner/will-the-democrats-win-the-montana-senate-race-in-2026,2026-10-10T17:26:32.436514+00:00
0xfc5c740e4617eb9908ceada7c91bfbe1cd41f172d703ef811d544e60a7a70bb5,630844,82410058691149830741200014405570918770267839390767234397030380747995715352939,28709552853916742051233428360468180906283732902940871675642481670799666825242,Will the Democrats win the New Hampshire Senate race in 2026?,True,Politics,2026-11-04,0.895,0.89,0.9,102193.0131,237100.9514,0.04,158827.020067,new-hampshire-senate-election-winner,will-the-democrats-win-the-new-hampshire-senate-race-in-2026,https://polymarket.com/event/new-hampshire-senate-election-winner/will-the-democrats-win-the-new-hampshire-senate-race-in-2026,2026-10-10T17:26:32.436514+00:00
0x57599a84bf50c94b958adb020aa2a25bf02e26453e500d3b739d86e6b783774c,630845,62227089537100115269143206481757249285124282589590263790284791475153705872216,58757590052289479996371632351141005979216013605386057994994985198930000872621,Will the Republicans win the New Hampshire Senate race in 2026?,True,Politics,2026-11-04,0.115,0.11,0.12,135890.0861,237100.9514,0.04,161282.22414400004,new-hampshire-senate-election-winner,will-the-republicans-win-the-new-hampshire-senate-race-in-2026,https://polymarket.com/event/new-hampshire-senate-election-winner/will-the-republicans-win-the-new-hampshire-senate-race-in-2026,2026-10-10T17:26:32.436514+00:00
0xd059a400cfceb9720559a5a67f53aa94381da88fa2007af5ce30f75facf57953,630857,57191420250913616150846676905047388827581537310894242160546701872955141155912,68681443500357642360075283680830487598986161680464858837462763850367316916961,Will the Democrats win the New Jersey Senate race in 2026?,True,Politics,2026-11-04,0.979,0.974,0.984,30080.5889,70778.64497,0.04,11802.585806,new-jersey-senate-election-winner,will-the-democrats-win-the-new-jersey-senate-race-in-2026,https://polymarket.com/event/new-jersey-senate-election-winner/will-the-democrats-win-the-new-jersey-senate-race-in-2026,2026-10-10T17:26:32.436514+00:00
0x378f6ce7b81670608a5a4f0fcf740e3dbb44c3e402e5b0beba49871a5c05b259,630858,80469582416211324277551196813384851504222711072116234686695188046152640511225,68311829543741021184558122622902784954644849677046739184908916756688634040204,Will the Republicans win the New Jersey Senate race in 2026?,True,Politics,2026-11-04,0.0195,0.008,0.031,40147.22416,70778.64497,0.04,9713.750293,new-jersey-senate-election-winner,will-the-republicans-win-the-new-jersey-senate-race-in-2026,https://polymarket.com/event/new-jersey-senate-election-winner/will-the-republicans-win-the-new-jersey-senate-race-in-2026,2026-10-10T17:26:32.436514+00:00
0x3ce6295fd9f1a6e2798a8a8a8845f69aca182b8cf35dc59db7203415cbe8d48e,630870,86827974851753312617441915824618617861250657564707166327567168877893121374182,36658361636301944946350626333493677081031062692438134395348552977069133544334,Will the Democrats win the New Mexico Senate race in 2026?,True,Politics,2026-11-04,0.974,0.969,0.979,25387.37061,64519.7818,0.04,17525.148072999997,new-mexico-senate-election-winner,will-the-democrats-win-the-new-mexico-senate-race-in-2026,https://polymarket.com/event/new-mexico-senate-election-winner/will-the-democrats-win-the-new-mexico-senate-race-in-2026,2026-10-10T17:26:32.436514+00:00
0xe8f6367e334e7440084773c1dc7ec294d37cf39ea6b84b470bbe2bb26f506436,630871,47410821361368319377218522333433306313753572972827491807608363074924233552004,34151693471054832326907352504678670863317940877946622594683256674473306466921,Will the Republicans win the New Mexico Senate race in 2026?,True,Politics,2026-11-04,0.017,0.009,0.025,38406.61119,64519.7818,0.04,9270.991268,new-mexico-senate-election-winner,will-the-republicans-win-the-new-mexico-senate-race-in-2026,https://polymarket.com/event/new-mexico-senate-election-winner/will-the-republicans-win-the-new-mexico-senate-race-in-2026,2026-10-10T17:26:32.436514+00:00
0x129dbcb7d39ff8df5f0d7685a2db6400b5db37d3963914486fbb7fd2bc96a923,630883,107151098936186723859677628536733880558851060002514795735761427447010628440047,111394826590193310622075208085123253955586587501538476190057516703346418362600,Will the Democrats win the North Carolina Senate race in 2026?,True,Politics,2026-11-04,0.9635,0.962,0.965,85764.29069,178008.68834,0.04,107475.510387,north-carolina-senate-election-winner,will-the-democrats-win-the-north-carolina-senate-race-in-2026,https://polymarket.com/event/north-carolina-senate-election-winner/will-the-democrats-win-the-north-carolina-senate-race-in-2026,2026-10-10T17:26:32.436514+00:00
0xd59f25520a8c0ea44a9c9741a97c8c3d769e21f1479b9a14e1a9d475e91f522a,630884,62831517509825405761763142539845746280269675872170259538293560849475982647892,66273785459475184474276423059036741814958495126134511275805524603240865775761,Will the Republicans win the North Carolina Senate race in 2026?,True,Politics,2026-11-04,0.036,0.035,0.037,91605.9395,178008.68834,0.04,111004.993119,north-carolina-senate-election-winner,will-the-republicans-win-the-north-carolina-senate-race-in-2026,https://polymarket.com/event/north-carolina-senate-election-winner/will-the-republicans-win-the-north-carolina-senate-race-in-2026,2026-10-10T17:26:32.436514+00:00
0x4d8d13e33bec0960ea72b2631464f34fb7b96044eb86c16f65c069d118a5bdbc,630898,2092757373218904768373533040846280132805161861393140519418262456097465213332,115425469352125405408452417281297924379268274749766556673380359025991529324753,Will the Democrats win the Oregon Senate race in 2026?,True,Politics,2026-11-04,0.98,0.974,0.986,32895.6446,74954.88407,0.04,4043.2066690000006,oregon-senate-election-winner,will-the-democrats-win-the-oregon-senate-race-in-2026,https://polymarket.com/event/oregon-senate-election-winner/will-the-democrats-win-the-oregon-senate-race-in-2026,2026-10-10T17:26:32.436514+00:00
0xafd1395ea679b3083729751de28c04b1d0bceb685a243ce55b2c1da7a1351376,630899,79489800771199803792838465972773376352837733018768490302999836500381020065853,29850921617086885622321882518009992617707565675149598556157682973609083717715,Will the Republicans win the Oregon Senate race in 2026?,True,Politics,2026-11-04,0.021,0.018,0.024,43611.98217,74954.88407,0.04,3297.609228,oregon-senate-election-winner,will-the-republicans-win-the-oregon-senate-race-in-2026,https://polymarket.com/event/oregon-senate-election-winner/will-the-republicans-win-the-oregon-senate-race-in-2026,2026-10-10T17:26:32.436514+00:00
0xe9b5814b6b770008d8ed384c45d41703e648d9dce3cdf3d2d15108431d4d865f,630911,77004273724753899183699441849597881417275931290950171679615354396048734034984,56999680715177473430966804355924370363620765680932198467899001505216633500449,Will the Democrats win the Rhode Island Senate race in 2026?,True,Politics,2026-11-04,0.977,0.966,0.988,33106.15268,70696.1293,0.04,7542.192806,rhode-island-senate-election-winner,will-the-democrats-win-the-rhode-island-senate-race-in-2026,https://polymarket.com/event/rhode-island-senate-election-winner/will-the-democrats-win-the-rhode-island-senate-race-in-2026,2026-10-10T17:26:32.436514+00:00
0xb6e955082987f030d073fce0f5f5d0e7373e31d88c1b5171504bccec5b62c998,630912,18128207363125529330540526475108389147728645885887417700651189282375630645842,21708830464136004242050467178622400680068868627075028819168121519801996195940,Will the Republicans win the Rhode Island Senate race in 2026?,True,Politics,2026-11-04,0.0175,0.004,0.031,37281.71962,70696.1293,0.04,19055.489786,rhode-island-senate-election-winner,will-the-republicans-win-the-rhode-island-senate-race-in-2026,https://polymarket.com/event/rhode-island-senate-election-winner/will-the-republicans-win-the-rhode-island-senate-race-in-2026,2026-10-10T17:26:32.436514+00:00
0x4de72138204727d2821bff847d8158819ab5b591db1b5b263676126cbb3a0430,630924,30718966535311015751929217398361750334834655110246828806892843311659716192347,33485925353171072312284533208639606685310281710515007938376691890027292332545,Will the Democrats win the South Carolina Senate race in 2026?,True,Politics,2026-11-04,0.155,0.15,0.16,152493.621,257342.567,0.04,421443.2894740001,south-carolina-senate-election-winner,will-the-democrats-win-the-south-carolina-senate-race-in-2026,https://polymarket.com/event/south-carolina-senate-election-winner/will-the-democrats-win-the-south-carolina-senate-race-in-2026,2026-10-10T17:26:32.436514+00:00
0xf4f5714f7e70dda23fcbe21b9de67060cd6ab7a8a972686ff8495e45059ae531,630937,67967023811721834738685695249992484419619114809767608640505747182577663027691,87788307834855462980201710464461387411969659581088060979543565160826300016750,Will the Democrats win the South Dakota Senate race in 2026?,True,Politics,2026-11-04,0.0015,0.001,0.002,44932.6588,173151.6347,0.04,13521.233559999995,south-dakota-senate-election-winner,will-the-democrats-win-the-south-dakota-senate-race-in-2026,https://polymarket.com/event/south-dakota-senate-election-winner/will-the-democrats-win-the-south-dakota-senate-race-in-2026,2026-10-10T17:26:32.436514+00:00
0xa0af1b2ca6a3251cad3845f8172febb2182cd7a60744cc9cb685c626e595d0da,630950,109770398277480657132311708823042764648778271467537669934185093015733099277755,50635500573145079077706052236022272447121646566197183315877718515529765028366,Will the Democrats win the Tennessee Senate race in 2026?,True,Politics,2026-11-04,0.0525,0.051,0.054,64111.53184,111607.23381,0.04,17547.976882000003,tennessee-senate-election-winner,will-the-democrats-win-the-tennessee-senate-race-in-2026,https://polymarket.com/event/tennessee-senate-election-winner/will-the-democrats-win-the-tennessee-senate-race-in-2026,2026-10-10T17:26:32.436514+00:00
0x34918035a590555ba1fb1d6a019d766ab6e557d63e7f3140b63b4550eee7f417,630963,15290572385458522370285732869432740297199321382471116558439914335588167718663,25172545206000541692667496253531562288536270988826888609620735617040533835056,Will the Democrats win the Texas Senate race in 2026?,True,Politics,2026-11-04,0.635,0.63,0.64,394332.2403,857768.064,0.04,1461227.2450970013,texas-senate-election-winner,will-the-democrats-win-the-texas-senate-race-in-2026,https://polymarket.com/event/texas-senate-election-winner/will-the-democrats-win-the-texas-senate-race-in-2026,2026-10-10T17:26:32.436514+00:00
0x94521176f57d2ce81dde01e0b7699ca4279423042d37ed53908f0c8bfefe7e14,630964,21265207456609426291246075480390336499088453711419597084147957999650569091884,9846414914422486942750462555692240718767368950832862364324602361738794436048,Will the Republicans win the Texas Senate race in 2026?,True,Politics,2026-11-04,0.375,0.37,0.38,458200.1163,857768.064,0.04,1687806.8353630006,texas-senate-election-winner,will-the-republicans-win-the-texas-senate-race-in-2026,https://polymarket.com/event/texas-senate-election-winner/will-the-republicans-win-the-texas-senate-race-in-2026,2026-10-10T17:26:32.436514+00:00
0x6710d045eb7bceb5467d0e2cf1084f353ab9eff53f627d33589e8bcbe4851162,630976,103672405579571940023321290271521195736672061427193452636021280058761450574865,59197529092850285387032753654097584799334029532851852306533311157622884742559,Will the Democrats win the Virginia Senate race in 2026?,True,Politics,2026-11-04,0.9805,0.973,0.988,27747.10248,70818.87668,0.04,16249.49505,virginia-senate-election-winner,will-the-democrats-win-the-virginia-senate-race-in-2026,https://polymarket.com/event/virginia-senate-election-winner/will-the-democrats-win-the-virginia-senate-race-in-2026,2026-10-10T17:26:32.436514+00:00
0xbb35bf34a3f27ed8ecaa744e3e0427eafa5ae5a28798fac80ff46b8c942277bf,630977,30879673422883665658998557649780314115615509792114924412311244164523672753717,90754958922510400552842169151468277929530764031411953233776577468931244763939,Will the Republicans win the Virginia Senate race in 2026?,True,Politics,2026-11-04,0.021,0.013,0.029,42215.39652,70818.87668,0.04,7454.679110000001,virginia-senate-election-winner,will-the-republicans-win-the-virginia-senate-race-in-2026,https://polymarket.com/event/virginia-senate-election-winner/will-the-republicans-win-the-virginia-senate-race-in-2026,2026-10-10T17:26:32.436514+00:00
0xe109380d49786b25c8c20ca88bfbf5ffabbe0a91a25a9d8795312d5a9701f998,630989,110692470670299760609405767524469998656804613573367102042492015567399413436772,89611284751983444666516772199088261836184128361026213372833195934667653681164,Will the Democrats win the West Virginia Senate race in 2026?,True,Politics,2026-11-04,0.0105,0.003,0.018,27103.82904,50781.66212,0.04,5351.339320000001,west-virginia-senate-election-winner,will-the-democrats-win-the-west-virginia-senate-race-in-2026,https://polymarket.com/event/west-virginia-senate-election-winner/will-the-democrats-win-the-west-virginia-senate-race-in-2026,2026-10-10T17:26:32.436514+00:00
0x4b025f45ecb861a81d74f472acd662f10553b18fa0ad71de7d5391bf2ba068ed,631002,49797779751182114244550178900838522175054943127409025738411962628574218037267,19478516824999166368089016534393288198149272568651281887970566028826732946055,Will the Democrats win the Wyoming Senate race in 2026?,True,Politics,2026-11-04,0.0185,0.009,0.028,47170.23879,77619.23784,0.04,5950.637410999999,wyoming-senate-election-winner,will-the-democrats-win-the-wyoming-senate-race-in-2026,https://polymarket.com/event/wyoming-senate-election-winner/will-the-democrats-win-the-wyoming-senate-race-in-2026,2026-10-10T17:26:32.436514+00:00
0x8c9b8ad3a64088a06d45e0b296a9a836203bc7f3ef35d134c57abead446a8b72,631017,77001639760095266374534198365421436593389036687975321536722226607654949914567,109329484956764506378760583725617100193692863947320202695087573398990069238209,Will the Democrats win the Mississippi Senate race in 2026?,True,Politics,2026-11-04,0.065,0.06,0.07,76116.2231,160672.0658,0.04,66191.58357299998,mississippi-senate-election-winner,will-the-democrats-win-the-mississippi-senate-race-in-2026,https://polymarket.com/event/mississippi-senate-election-winner/will-the-democrats-win-the-mississippi-senate-race-in-2026,2026-10-10T17:26:32.436514+00:00
0xc8c5760c26490b0cd0bedcf1c61aa86c5e09c8b2886b84ff4ea2db81d5f29388,631018,36589074670521348842786325911391532620430247097981345860356484520500173888573,4639340586725578716005500791739559303082924048072534329825226706547465941088,Will the Republicans win the Mississippi Senate race in 2026?,True,Politics,2026-11-04,0.935,0.93,0.94,84640.6227,160672.0658,0.04,69574.56315500003,mississippi-senate-election-winner,will-the-republicans-win-the-mississippi-senate-race-in-2026,https://polymarket.com/event/mississippi-senate-election-winner/will-the-republicans-win-the-mississippi-senate-race-in-2026,2026-10-10T17:26:32.436514+00:00
0x83337f7e7a080c796fea1192addc126b415f21ea534cbe2ba2b3af3483c08b88,631030,112281295057865404870041957222562306206517476142557838682690649172966968734671,64564597855888410825779066289398082874334191307203738739152847250485409164101,Will the Democrats win the Oklahoma Senate race in 2026?,True,Politics,2026-11-04,0.0185,0.014,0.023,33588.9479,58217.07176,0.04,6870.061002999999,oklahoma-senate-election-winner,will-the-democrats-win-the-oklahoma-senate-race-in-2026,https://polymarket.com/event/oklahoma-senate-election-winner/will-the-democrats-win-the-oklahoma-senate-race-in-2026,2026-10-10T17:26:32.436514+00:00
0x0465cd005a54781e052b679e2c42c7ae5b772490fdda54316f157bf537536456,631044,109815773012907461372639157658293071578555374097742562684476865021743386609433,37755135088405799849800190027343457715121200916302661996402931566317384140291,Will the Democrats win the Florida Senate race in 2026?,True,Politics,2026-11-04,0.095,0.09,0.1,72969.66,134097.3794,0.04,81937.45902199998,florida-senate-election-winner,will-the-democrats-win-the-florida-senate-race-in-2026,https://polymarket.com/event/florida-senate-election-winner/will-the-democrats-win-the-florida-senate-race-in-2026,2026-10-10T17:26:32.436514+00:00
0x968a1a79e001d49fa3ee1429e3b95eb01797587740f86d4e6becf3ab1b275bfb,631057,83018072688154066292491996133599479395547801317505487833443670253228061205312,79825167762459488478206414509755176562349257846652439268369145558426777722770,Will the Democrats win the Ohio Senate race in 2026?,True,Politics,2026-11-04,0.615,0.61,0.62,233260.0447,500702.9933,0.04,682841.1240210001,ohio-senate-election-winner,will-the-democrats-win-the-ohio-senate-race-in-2026,https://polymarket.com/event/ohio-senate-election-winner/will-the-democrats-win-the-ohio-senate-race-in-2026,2026-10-10T17:26:32.436514+00:00
0x771873c365f87bffd990644e4b688aebc1be7f18396d2eab64b996ff66e88669,631058,69908185249078099348466099388148864764525845923415294308139153388799352317616,23913381536137166406579511315285934624565002001604591688105636176511254870797,Will the Republicans win the Ohio Senate race in 2026?,True,Politics,2026-11-04,0.385,0.38,0.39,270229.6411,500702.9933,0.04,448848.0506010001,ohio-senate-election-winner,will-the-republicans-win-the-ohio-senate-race-in-2026,https://polymarket.com/event/ohio-senate-election-winner/will-the-republicans-win-the-ohio-senate-race-in-2026,2026-10-10T17:26:32.436514+00:00
0x1bf5eb603d6bd74a11ba051d2cd8d7fff85100d0af19d6e9d91b29cef01f2c91,634878,80536528552003281640741026890878925456783654983296822683495274364289350034456,109090022960169506693280284802447236443468818742086703354686360167548384699439,Will the Democrats win the Louisiana Senate race in 2026?,True,Politics,2026-11-04,0.065,0.06,0.07,62387.8706,117048.9202,0.04,26877.634087,louisiana-senate-election-winner,will-the-democrats-win-the-louisiana-senate-race-in-2026,https://polymarket.com/event/louisiana-senate-election-winner/will-the-democrats-win-the-louisiana-senate-race-in-2026,2026-10-10T17:26:32.436514+00:00
0x9aba5bf074182d803c1b6a10814497875562ebb1c62483b36d2a305fc49e0792,635012,64751505184958139146196081658481476813866015817972108997333100399972093820939,15859382751346746343939036525053853077867668968518299817855187651744506002496,Will Bernadette Wilson win the 2026 Alaska governor election?,True,Politics,2026-11-04,0.195,0.19,0.2,83842.1227,1039313.26959,0.04,187969.516236,alaska-governor-election-winner,will-bernadette-wilson-win-the-2026-alaska-governor-election,https://polymarket.com/event/alaska-governor-election-winner/will-bernadette-wilson-win-the-2026-alaska-governor-election,2026-10-10T17:26:32.436514+00:00
0x43cedce4a6af0136d37d53408fc965388baee3145db6da72a5b5da8d2746ced3,635016,20244362049417025533374049121400436676833898969884666612361039499958684857530,37982054955350769473225274338511206092834110396688311841877176075150786948028,Will Jonathan Kreiss-Tomkins win the 2026 Alaska governor election?,True,Politics,2026-11-04,0.7675,0.767,0.768,90316.20529,1039313.26959,0.04,111232.772644,alaska-governor-election-winner,will-jonathan-kreiss-tomkins-win-the-2026-alaska-governor-election,https://polymarket.com/event/alaska-governor-election-winner/will-jonathan-kreiss-tomkins-win-the-2026-alaska-governor-election,2026-10-10T17:26:32.436514+00:00
0x0acc45f7c62722af4ad639a0e1b08dd324d83a1d728d20f3cdeefd39375aa7f3,665326,31196252735049957083374976220677288571569171003172878478181514853311587772855,84380112602347185389689836513767485897077550958702205065291782969607194998282,Will the US recognize Palestine before 2027?,True,Politics,2027-01-01,0.0705,0.035,0.106,1439.1081,123180.13344,0.04,27809.446821000005,which-countries-will-recognize-palestine-before-2027,will-the-us-recognize-palestine-before-2027,https://polymarket.com/event/which-countries-will-recognize-palestine-before-2027/will-the-us-recognize-palestine-before-2027,2026-10-10T17:26:32.436514+00:00
0xd904f952c9b101184dda166e40c76268e5bbb68286d6514999f661eb5dd6e2f5,665327,16019571385933864398824687714763417628645678500362427226163740503698239790149,71319561902463713856252610706550755390908611390553031712495892613096702224876,Will Italy recognize Palestine before 2027?,True,Politics,2027-01-01,0.095,0.06,0.13,13395.9224,123180.13344,0.04,28149.253773999997,which-countries-will-recognize-palestine-before-2027,will-italy-recognize-palestine-before-2027,https://polymarket.com/event/which-countries-will-recognize-palestine-before-2027/will-italy-recognize-palestine-before-2027,2026-10-10T17:26:32.436514+00:00
0x759ceaf5eb99bed7eed8a42ad74593a25d6114c88b0475df5e2dba7ad155e4df,665328,67289858866759555330449286775362832378193973230368657902755847806096722848893,103210193669939783778219308263682621490904046755910126140859740082579942519831,Will The Netherlands recognize Palestine before 2027?,True,Politics,2027-01-01,0.1,0.07,0.13,13778.3707,123180.13344,0.04,62937.97353999999,which-countries-will-recognize-palestine-before-2027,will-the-netherlands-recognize-palestine-before-2027,https://polymarket.com/event/which-countries-will-recognize-palestine-before-2027/will-the-netherlands-recognize-palestine-before-2027,2026-10-10T17:26:32.436514+00:00
0x528fbd8194e1aa1f094589a02f18477b0edd7c4fb413140774a781d847972869,665329,93747925421850041253162608689384881978335585009417855471648896512595953733092,16086976774421501878740929332148349110745726735304709563927029128792806228989,Will Japan recognize Palestine before 2027?,True,Politics,2027-01-01,0.08,0.06,0.1,12263.9834,123180.13344,0.04,49062.377213,which-countries-will-recognize-palestine-before-2027,will-japan-recognize-palestine-before-2027,https://polymarket.com/event/which-countries-will-recognize-palestine-before-2027/will-japan-recognize-palestine-before-2027,2026-10-10T17:26:32.436514+00:00
0xc29194f3f96257d0e230310dc9ecd4258da318223174499451f8f3c29cecf9b3,665330,21932159496158844457790243656976073986638859993142115623608466574306792348767,27955589546930096316289800953304516393555274562286728655302373088138887807745,Will Germany recognize Palestine before 2027?,True,Politics,2027-01-01,0.0455,0.032,0.059,15198.9322,123180.13344,0.04,130271.926487,which-countries-will-recognize-palestine-before-2027,will-germany-recognize-palestine-before-2027,https://polymarket.com/event/which-countries-will-recognize-palestine-before-2027/will-germany-recognize-palestine-before-2027,2026-10-10T17:26:32.436514+00:00
0xec00994dcf039406b7a19e344a47ccadfe523d92feb1ac1661b71c065e87866b,665332,91293556511988900538926806981948713907225537435439161744582315555436298554300,63068743086274008725632051802876940026604169214603095549711376476841374680405,Will Finland recognize Palestine before 2027?,True,Politics,2027-01-01,0.07,0.05,0.09,11993.7988,123180.13344,0.04,38600.017734,which-countries-will-recognize-palestine-before-2027,will-finland-recognize-palestine-before-2027,https://polymarket.com/event/which-countries-will-recognize-palestine-before-2027/will-finland-recognize-palestine-before-2027,2026-10-10T17:26:32.436514+00:00
0x21ce0ae1b82299b300f53d22a9971dfef63346a0b8962232a7248eadb48bd39c,665333,48231183216571643313157297374589383018034610842876126346275028070200172098914,8191395933076542242294308976645973957560395149403844943608767292545098929400,Will Austria recognize Palestine before 2027?,True,Politics,2027-01-01,0.041,0.027,0.055,12645.23512,123180.13344,0.04,173415.11122199992,which-countries-will-recognize-palestine-before-2027,will-austria-recognize-palestine-before-2027,https://polymarket.com/event/which-countries-will-recognize-palestine-before-2027/will-austria-recognize-palestine-before-2027,2026-10-10T17:26:32.436514+00:00
0xecf32b871ad1ab9ca961ce1a12d5758c59b07bdcb99f649a1dbe3f07e7cb4bde,665334,9568640529628232620171982414821256284849638329588081306176647962997142501307,105706667953662156963224070259435507622649312990031733041334696074940778252002,Will Greece recognize Palestine before 2027?,True,Politics,2027-01-01,0.0575,0.031,0.084,2447.39104,123180.13344,0.04,47039.607534,which-countries-will-recognize-palestine-before-2027,will-greece-recognize-palestine-before-2027,https://polymarket.com/event/which-countries-will-recognize-palestine-before-2027/will-greece-recognize-palestine-before-2027,2026-10-10T17:26:32.436514+00:00
0x632131499208f242ade89e799edcf76965fea513e3c26c6f36e1b575f9007d68,665335,65570926759968481664272006070778261573308784359007307417544721102990194386816,68435082116861530034448401015262696498191768147935367930841096625943134297814,Will New Zealand recognize Palestine before 2027?,True,Politics,2027-01-01,0.105,0.08,0.13,12843.8584,123180.13344,0.04,124552.46644500004,which-countries-will-recognize-palestine-before-2027,will-new-zealand-recognize-palestine-before-2027,https://polymarket.com/event/which-countries-will-recognize-palestine-before-2027/will-new-zealand-recognize-palestine-before-2027,2026-10-10T17:26:32.436514+00:00
0x01d0f23e9b1acca5768a5ed358c9058b942d0cafac99d116540e13637311a9ea,666610,65010487040936466597267185412491985361570642285166438358723811499766235473448,67944034066787455670180982083286095776087580086401908006216092716375991941168,Will Trump meet with Pope Leo XIV in 2026?,True,Politics,2027-01-02,0.0345,0.034,0.035,21121.86235,292005.62338,0.04,31076.652465000003,who-will-trump-meet-with-in-2026,will-trump-meet-with-pope-leo-xiv-in-2026,https://polymarket.com/event/who-will-trump-meet-with-in-2026/will-trump-meet-with-pope-leo-xiv-in-2026,2026-10-10T17:26:32.436514+00:00
0xac32e73aa9e0dae801d88d4f81efd2ef3fa0f04b815f3a0e74426f0762e668cd,701486,61368943128255287414565270336856615453000675377332178800733742873558311943412,96993471854400156408670527613150944443359272190785251193551242374636006072800,"Will Bitcoin reach $200,000 by December 31, 2026?",True,Crypto Prices,2027-01-01,0.0075,0.007,0.008,142200.60571,4347210.982,0.07,2105322.4784590006,what-price-will-bitcoin-hit-before-2027,will-bitcoin-reach-200000-by-december-31-2026-752-232-389,https://polymarket.com/event/what-price-will-bitcoin-hit-before-2027/will-bitcoin-reach-200000-by-december-31-2026-752-232-389,2026-10-10T17:26:32.436514+00:00
0xa7b594ae07d5c1590fa86028fcc2f8705990437237416556c05837a08b2e1cda,701491,9408196828451163378822245032645030045707991112669125056198742225498158094445,51483905306465811734319720696244063650497726569976526242005911027664652328096,"Will Bitcoin reach $150,000 by December 31, 2026?",True,Crypto Prices,2027-01-01,0.0275,0.027,0.028,126665.39039,4347210.982,0.07,1251972.7230080003,what-price-will-bitcoin-hit-before-2027,will-bitcoin-reach-150000-by-december-31-2026-557-246-971,https://polymarket.com/event/what-price-will-bitcoin-hit-before-2027/will-bitcoin-reach-150000-by-december-31-2026-557-246-971,2026-10-10T17:26:32.436514+00:00
0xf0a4c0bc8a8162f0ac95b5a5af7fa665d20a19ca0db03b9117514dafc695f15e,701492,71296910957902084356560391757722633648005498400799774895345285101862220728868,70543103071492972645151283689391729699226843216132833577173691542490654530110,"Will Bitcoin reach $140,000 by December 31, 2026?",True,Crypto Prices,2027-01-01,0.0305,0.03,0.031,126871.06712,4347210.982,0.07,1304353.3420289997,what-price-will-bitcoin-hit-before-2027,will-bitcoin-reach-140000-by-december-31-2026-131-829-299,https://polymarket.com/event/what-price-will-bitcoin-hit-before-2027/will-bitcoin-reach-140000-by-december-31-2026-131-829-299,2026-10-10T17:26:32.436514+00:00
0x885a6abefad122348b4fbd503473d7fd1f9035d0438cf988a7591620f316a859,701493,106722178102302988256241610384561546855057790384749278490135208236665942286983,112640187121872104723655834799934821712465419714201363140089615513884600316497,"Will Bitcoin reach $130,000 by December 31, 2026?",True,Crypto Prices,2027-01-01,0.0435,0.041,0.046,148421.37761,4347210.982,0.07,1984421.8712970004,what-price-will-bitcoin-hit-before-2027,will-bitcoin-reach-130000-by-december-31-2026-756-151-855,https://polymarket.com/event/what-price-will-bitcoin-hit-before-2027/will-bitcoin-reach-130000-by-december-31-2026-756-151-855,2026-10-10T17:26:32.436514+00:00
0xf9b6b5c3c6e07afe4aad6ed9ce4fa7545f9c2baa9f1dc632cd81a085c99acfe4,701494,65965214225073605704712365855887384729237451947822407248598722221769498441791,23087349975908951689849809689657583268158750956541808535385269508170739441669,"Will Bitcoin reach $120,000 by December 31, 2026?",True,Crypto Prices,2027-01-01,0.065,0.06,0.07,102282.9801,4347210.982,0.07,2180536.1791720004,what-price-will-bitcoin-hit-before-2027,will-bitcoin-reach-120000-by-december-31-2026-625-425-562,https://polymarket.com/event/what-price-will-bitcoin-hit-before-2027/will-bitcoin-reach-120000-by-december-31-2026-625-425-562,2026-10-10T17:26:32.436514+00:00
0x63eaf41ce1f475323e2202d7dfa3b1def8b82cd166f7007c50bfbf47615c7b01,701495,74843373582432484858627201602003648342208168490128239235522790524493414154441,478527591373338225284037593163730441333267754562735300431025557171581810352,"Will Bitcoin reach $110,000 by December 31, 2026?",True,Crypto Prices,2027-01-01,0.115,0.11,0.12,110512.7173,4347210.982,0.07,1971345.1699570003,what-price-will-bitcoin-hit-before-2027,will-bitcoin-reach-110000-by-december-31-2026-658-339-969,https://polymarket.com/event/what-price-will-bitcoin-hit-before-2027/will-bitcoin-reach-110000-by-december-31-2026-658-339-969,2026-10-10T17:26:32.436514+00:00
0xdaa4866bae18be58c5a79d2aeeffd035ec78f1bb49dbd88f72993997778a990f,701496,56078938060096976448086754249497300447360333783952000147427828224794011030104,11291662904897713174667903388388696640643610556195928998276904135282270136756,"Will Bitcoin reach $100,000 by December 31, 2026?",True,Crypto Prices,2027-01-01,0.285,0.28,0.29,95896.0422,4347210.982,0.07,3800946.489614001,what-price-will-bitcoin-hit-before-2027,will-bitcoin-reach-100000-by-december-31-2026-571-361-361,https://polymarket.com/event/what-price-will-bitcoin-hit-before-2027/will-bitcoin-reach-100000-by-december-31-2026-571-361-361,2026-10-10T17:26:32.436514+00:00
0x752fa61c93f16c4b15e85b0bd438d9c684176b0ea7b319a84c8aca34616e8a8c,701501,115462087336983275104521488923966022755348986822352694745153736621832003960847,48849252416222520684793262794712201381742900852794310345084361317209768152557,"Will Bitcoin dip to $55,000 by December 31, 2026?",True,Crypto Prices,2027-01-01,0.085,0.08,0.09,250111.1571,4347210.982,0.07,6734586.717605,what-price-will-bitcoin-hit-before-2027,will-bitcoin-dip-to-55000-by-december-31-2026-527-627-868-745-188-361-314-673-612-946-821-624-855-557-684-381-884-939-182-939-516,https://polymarket.com/event/what-price-will-bitcoin-hit-before-2027/will-bitcoin-dip-to-55000-by-december-31-2026-527-627-868-745-188-361-314-673-612-946-821-624-855-557-684-381-884-939-182-939-516,2026-10-10T17:26:32.436514+00:00
0x024b68f77bfc019341ee3db8f57c103334e4b9430bba4746d8c94aafd8b36fee,701502,9894510651052373088408067031031513212801618531203062911959630395716258202132,20326394798700413571801660749437036272627203479853632032510011746755865615562,"Will Bitcoin dip to $45,000 by December 31, 2026?",True,Crypto Prices,2027-01-01,0.0485,0.047,0.05,249761.71176,4347210.982,0.07,8471973.594065001,what-price-will-bitcoin-hit-before-2027,will-bitcoin-dip-to-45000-by-december-31-2026-674-923-755-971-998-525-926-245-316-517-544-589-965-923-986-841-815-224-586-231-289-533-573,https://polymarket.com/event/what-price-will-bitcoin-hit-before-2027/will-bitcoin-dip-to-45000-by-december-31-2026-674-923-755-971-998-525-926-245-316-517-544-589-965-923-986-841-815-224-586-231-289-533-573,2026-10-10T17:26:32.436514+00:00
0xce3c54c3e773e8b3bf73e4c12af93205b21195d03b9c386e22f274b9acfc2c56,1339767,13887983551129862992605123088744175927084435631400400451585519366058907542147,41832664285845832459030640969891483663884721696292020563915305291791682631668,"Will Bitcoin dip to $50,000 by December 31, 2026?",True,Crypto Prices,2027-01-01,0.065,0.06,0.07,193005.0596,4347210.982,0.07,4287925.039416,what-price-will-bitcoin-hit-before-2027,will-bitcoin-dip-to-50000-by-december-31-2026-454-325-222-878-949-487-451-853-523-111,https://polymarket.com/event/what-price-will-bitcoin-hit-before-2027/will-bitcoin-dip-to-50000-by-december-31-2026-454-325-222-878-949-487-451-853-523-111,2026-10-10T17:26:32.436514+00:00
0x1e5564c1a2a6839cc2780a889437c63786a2c2ec5e95569b710ee659a3e8baa2,1339768,4255890554350661695724949176183233033027635903850796430457642328613772591960,69924622127743346860742491804606293768199148137604178160078893238641086573607,"Will Bitcoin dip to $40,000 by December 31, 2026?",True,Crypto Prices,2027-01-01,0.039,0.038,0.04,84886.26486,4347210.982,0.07,2647850.708858999,what-price-will-bitcoin-hit-before-2027,will-bitcoin-dip-to-40000-by-december-31-2026-593-522-842-874-931-776-991-167-531-959,https://polymarket.com/event/what-price-will-bitcoin-hit-before-2027/will-bitcoin-dip-to-40000-by-december-31-2026-593-522-842-874-931-776-991-167-531-959,2026-10-10T17:26:32.436514+00:00
0x766996108017c3b6452c23db79ab1c714d8d9d9da846a4c316f5e047754a229d,2467362,27649489444549776237545541977549844348288139387147015807064757325433660937185,45703704411582499464332374069133096759975115041207788028520907227627254299472,"Will Ethereum dip to $1,250 by December 31, 2026?",True,Crypto Prices,2027-01-01,0.055,0.05,0.06,81677.274,1942533.80174,0.07,615504.722918,what-price-will-ethereum-hit-before-2027,will-ethereum-dip-to-1250-by-december-31-2026-from-june-8,https://polymarket.com/event/what-price-will-ethereum-hit-before-2027/will-ethereum-dip-to-1250-by-december-31-2026-from-june-8,2026-10-10T17:26:32.436514+00:00
0x6132cc91f7a0ad656e890b9040c159f4057f4c44359b3fb68085ec97156c918a,701544,16537215226734710045048844527142067159409454306081743842114211928607874903730,99625432243305856023409516897537718601994293111805554742206464299633923525276,"Will Ethereum reach $6,000 by December 31, 2026?",True,Crypto Prices,2027-01-01,0.0255,0.022,0.029,88769.93828,1942533.80174,0.07,338662.0068179999,what-price-will-ethereum-hit-before-2027,will-ethereum-reach-6000-by-december-31-2026,https://polymarket.com/event/what-price-will-ethereum-hit-before-2027/will-ethereum-reach-6000-by-december-31-2026,2026-10-10T17:26:32.436514+00:00
0x1c4fd67ab2a67f508672a69153559911244048b79a40cbe341d12f985ba90a13,701546,93841346952584855760123043248359496404685819909908940687797546325562720625910,83653530246789118994492246634339447976331394500468058931341870541635471603330,"Will Ethereum reach $5,000 by December 31, 2026?",True,Crypto Prices,2027-01-01,0.0385,0.038,0.039,98354.20093,1942533.80174,0.07,543343.917394,what-price-will-ethereum-hit-before-2027,will-ethereum-reach-5000-by-december-31-2026,https://polymarket.com/event/what-price-will-ethereum-hit-before-2027/will-ethereum-reach-5000-by-december-31-2026,2026-10-10T17:26:32.436514+00:00
0xa3143f9c21ecc7a9b036b4e435f48264ff72019a9e3e60dacff4e615020e7e21,701547,65019787528582062608620519721284938715030885357831318061954629653913636795950,4251240413067872674686064123803499349976238079777545616008767482027755117695,"Will Ethereum reach $4,500 by December 31, 2026?",True,Crypto Prices,2027-01-01,0.045,0.04,0.05,94650.3366,1942533.80174,0.07,499930.1744020001,what-price-will-ethereum-hit-before-2027,will-ethereum-reach-4500-by-december-31-2026,https://polymarket.com/event/what-price-will-ethereum-hit-before-2027/will-ethereum-reach-4500-by-december-31-2026,2026-10-10T17:26:32.436514+00:00
0x9775cd557a3cdba4f0478070afa399c0805761dd9aa0e7ce4435a71fed32621c,701548,72592268863590940134379238539821436400291742652781853158875216650430188037649,24395525485845393350950214688967223293165153127110039869504787811540919959137,"Will Ethereum reach $4,000 by December 31, 2026?",True,Crypto Prices,2027-01-01,0.09,0.08,0.1,91137.9128,1942533.80174,0.07,550572.4616670001,what-price-will-ethereum-hit-before-2027,will-ethereum-reach-4000-by-december-31-2026,https://polymarket.com/event/what-price-will-ethereum-hit-before-2027/will-ethereum-reach-4000-by-december-31-2026,2026-10-10T17:26:32.436514+00:00
0x42945ea5657d6f6e77969a06661b29d6f6295083d1ef3479b42efd90647c9dfc,701549,114795982188663428564917597167716379346421811703835638076510302263064007011486,51285366506638443435367264019285898921368420617675748461983918574312009250254,"Will Ethereum reach $3,500 by December 31, 2026?",True,Crypto Prices,2027-01-01,0.2,0.19,0.21,74792.5129,1942533.80174,0.07,964072.9712610004,what-price-will-ethereum-hit-before-2027,will-ethereum-reach-3500-by-december-31-2026,https://polymarket.com/event/what-price-will-ethereum-hit-before-2027/will-ethereum-reach-3500-by-december-31-2026,2026-10-10T17:26:32.436514+00:00
0xcf25ccc8360f3952139fb5e3f14cb9bb0636cb53d0e30e947321ceccab7e9780,701552,101639751789549589765350117072740510018809594718571111931328241076831078702528,38508858428676968447825900892305750232615791339175195608011299023691549494960,"Will Ethereum dip to $1,500 by December 31, 2026?",True,Crypto Prices,2027-01-01,0.0805,0.078,0.083,175110.85534,1942533.80174,0.07,3096498.478087,what-price-will-ethereum-hit-before-2027,will-ethereum-dip-to-1500-by-december-31-2026-865-787,https://polymarket.com/event/what-price-will-ethereum-hit-before-2027/will-ethereum-dip-to-1500-by-december-31-2026-865-787,2026-10-10T17:26:32.436514+00:00
0xacb33346b59a2a3770e2391b7d1b0e77d8dcdcf840a66f5fa01d28db43c4e369,701553,111461019317477869113562870983413193129710955692959493083133606404494525367686,20508072772404576884266330300293267272741800260494416818259836712249628797288,"Will Ethereum dip to $1,000 by December 31, 2026?",True,Crypto Prices,2027-01-01,0.045,0.04,0.05,104877.2405,1942533.80174,0.07,2277871.751491,what-price-will-ethereum-hit-before-2027,will-ethereum-dip-to-1000-by-december-31-2026-273-175,https://polymarket.com/event/what-price-will-ethereum-hit-before-2027/will-ethereum-dip-to-1000-by-december-31-2026-273-175,2026-10-10T17:26:32.436514+00:00
0xfe1c00ef5583143875abb67bef9254a7e1a2afeb48ff83926c3c61ff947a927d,2467467,58958026272925465502756909652462416870904348509486730846825715531438131685488,49053560009733931564149877202828170463115799609769836852887488867577423387198,"Will Solana dip to $50 by December 31, 2026?",True,Crypto,2027-01-01,0.045,0.04,0.05,52024.3055,803955.44052,0.07,133431.707819,what-price-will-solana-hit-before-2027,will-solana-dip-to-50-by-december-31-2026-from-june-8,https://polymarket.com/event/what-price-will-solana-hit-before-2027/will-solana-dip-to-50-by-december-31-2026-from-june-8,2026-10-10T17:26:32.436514+00:00
0xd713bf5d393d83df4fab3a3ffd0c1a97b39df4cc857ff002e84c8bf74cf8bef0,2818594,63559053538741431098207271263016094415597625013068001020979700026910743490836,47524255669243977611374855139885692928553924467621295590327553956601889932937,"Will Solana dip to $70 by December 31, 2026?",True,Crypto,2027-01-01,0.11,0.09,0.13,32894.3744,803955.44052,0.07,37117.62030099999,what-price-will-solana-hit-before-2027,will-solana-dip-to-70-by-december-31-2026-from-july-6,https://polymarket.com/event/what-price-will-solana-hit-before-2027/will-solana-dip-to-70-by-december-31-2026-from-july-6,2026-10-10T17:26:32.436514+00:00
0xd4f01de9b51a47bcf5594cfe7ee2b135b8195e574f875081f4f0fba1e8dfe5e2,701566,107456113693751845446699553459141275240400233632912701627570495868122391353404,12520689044217242406723388962619629476062214526228233678250180863992662480700,"Will Solana reach $300 by December 31, 2026?",True,Crypto,2027-01-01,0.0365,0.027,0.046,34323.19393,803955.44052,0.07,50594.991419000005,what-price-will-solana-hit-before-2027,will-solana-reach-300-by-december-31-2026,https://polymarket.com/event/what-price-will-solana-hit-before-2027/will-solana-reach-300-by-december-31-2026,2026-10-10T17:26:32.436514+00:00
0x53351e50bb5281f05a6e193aa9ccf79b041ae6386c8a66d2b6934817cfbd6c1f,701571,29657900483802754379544004377487179481041228193522261244980235518282996286953,94464361036661651470424676038310822490170480043753489859320589911940471055419,"Will Solana reach $200 by December 31, 2026?",True,Crypto,2027-01-01,0.07,0.06,0.08,48098.3623,803955.44052,0.07,80324.95549699999,what-price-will-solana-hit-before-2027,will-solana-reach-200-by-december-31-2026,https://polymarket.com/event/what-price-will-solana-hit-before-2027/will-solana-reach-200-by-december-31-2026,2026-10-10T17:26:32.436514+00:00
0x88ceaf60937fbe7162bf8b763ac311a96e6d871ecc7f68495cc8cda3adefa52e,701572,40391149144539591348178556823223213304223571613505107010092930579781588846486,49677759718827721471666878114009321014960693061994857477572343588389655048245,"Will Solana reach $180 by December 31, 2026?",True,Crypto,2027-01-01,0.104,0.091,0.117,40533.01082,803955.44052,0.07,149909.98584500002,what-price-will-solana-hit-before-2027,will-solana-reach-180-by-december-31-2026,https://polymarket.com/event/what-price-will-solana-hit-before-2027/will-solana-reach-180-by-december-31-2026,2026-10-10T17:26:32.436514+00:00
0x715479b7c428c778fba2e26bbf30e0c06c9e878acdcf1be461be736ef0f554a3,701573,109330882058614292316023690415034941592701651157216579359290853708015909209656,46455726081494909436968684929249230776596467159344773760473853488134687607024,"Will Solana reach $160 by December 31, 2026?",True,Crypto,2027-01-01,0.175,0.17,0.18,35858.7205,803955.44052,0.07,144656.30187499998,what-price-will-solana-hit-before-2027,will-solana-reach-160-by-december-31-2026,https://polymarket.com/event/what-price-will-solana-hit-before-2027/will-solana-reach-160-by-december-31-2026,2026-10-10T17:26:32.436514+00:00
0x0135f2ed385fd81fa2af3b98720ee3ba440ea4a719636c1493f15a23366fc27e,701578,69024779234100418825265716746602929644796752945259475286197657688432971405592,73815731355597355501050912478172719847519203673189645252882223669910087745388,"Will Solana dip to $60 by December 31, 2026?",True,Crypto,2027-01-01,0.064,0.048,0.08,58976.11721,803955.44052,0.07,227785.951818,what-price-will-solana-hit-before-2027,will-solana-dip-to-60-by-december-31-2026-249-524,https://polymarket.com/event/what-price-will-solana-hit-before-2027/will-solana-dip-to-60-by-december-31-2026-249-524,2026-10-10T17:26:32.436514+00:00
0x5c2f3ac4fe84f1a399f9f1e05de8e5cf1a5e80e2de32e92c084253972a3e7e67,701579,60939283599971443205863441964389237273348599405730669904573366241715938687248,71290936611520034093626014449265441350381106650836604316273511063866041375457,"Will Solana dip to $40 by December 31, 2026?",True,Crypto,2027-01-01,0.0375,0.034,0.041,49587.95608,803955.44052,0.07,236687.16713700004,what-price-will-solana-hit-before-2027,will-solana-dip-to-40-by-december-31-2026-343-482,https://polymarket.com/event/what-price-will-solana-hit-before-2027/will-solana-dip-to-40-by-december-31-2026-343-482,2026-10-10T17:26:32.436514+00:00
0x31737f1d0518093bef85d1d574565e083c354a8633130841b13a41c4c4604ca2,3866625,102705667113714931526898539585095533442650369551666814596642288052945621402958,75087342018740201336891397134899491056049424574809804179278039294638798616185,"Will XRP reach $6.00 by December 31, 2026?",True,Crypto,2027-01-01,0.02,0.007,0.033,21643.68339,578484.30961,0.07,255.86182,what-price-will-xrp-hit-before-2027,will-xrp-reach-6pt00-by-december-31-2026,https://polymarket.com/event/what-price-will-xrp-hit-before-2027/will-xrp-reach-6pt00-by-december-31-2026,2026-10-10T17:26:32.436514+00:00
0x11f8f845d4965a4a7418c57272c92ba23242f12faef555bc79eeebf5416eeea1,701587,49298809552663577090953558115623306552793446323919551228841438478206311771334,98356009591729059104867383694921691652999524426205630246165877167563623571748,"Will XRP reach $5.00 by December 31, 2026?",True,Crypto,2027-01-01,0.046,0.034,0.058,60179.07517,578484.30961,0.07,143961.63663000002,what-price-will-xrp-hit-before-2027,will-xrp-reach-5pt00-by-december-31-2026,https://polymarket.com/event/what-price-will-xrp-hit-before-2027/will-xrp-reach-5pt00-by-december-31-2026,2026-10-10T17:26:32.436514+00:00
0xe8d4c1e94092b5efefab326eac041507c05e047e8017b74d211c4b796151ea8d,701589,98453302482655365755754134883620842388466603758249592480783914572096716697930,80317517693051107855920432450600676347588930329312046985717243790248311724021,"Will XRP reach $4.00 by December 31, 2026?",True,Crypto,2027-01-01,0.0415,0.028,0.055,37933.78783,578484.30961,0.07,5521.719985000001,what-price-will-xrp-hit-before-2027,will-xrp-reach-4pt00-by-december-31-2026,https://polymarket.com/event/what-price-will-xrp-hit-before-2027/will-xrp-reach-4pt00-by-december-31-2026,2026-10-10T17:26:32.436514+00:00
0x648f602d0cc0f76f4e1f437ed39b00578423d7b1ea241b087ff8c2e69f273bd5,701594,60175835114799931439622839258599029672036461599607782843459740558376415002562,27868536015639597138104465865746471570452668476199730964085038711169748148784,"Will XRP reach $3.00 by December 31, 2026?",True,Crypto,2027-01-01,0.066,0.047,0.085,33639.07562,578484.30961,0.07,24473.464457000013,what-price-will-xrp-hit-before-2027,will-xrp-reach-3pt00-by-december-31-2026,https://polymarket.com/event/what-price-will-xrp-hit-before-2027/will-xrp-reach-3pt00-by-december-31-2026,2026-10-10T17:26:32.436514+00:00
0x3d82b513a77fc0c0144e9257387a9e84812f1b02174c2d3d7efba3fc8b974857,701767,46569948406997487969128617020264754202600271845039170013337237269952135228072,14564891186911255380385791785573216222806192828581994956840733587982771416984,"Will BNB dip to $500 by December 31, 2026?",True,Crypto,2027-01-01,0.125,0.12,0.13,466.7961,79841.08088,0.07,32779.174757,what-price-will-bnb-hit-before-2027,will-bnb-dip-to-500-by-december-31-2026,https://polymarket.com/event/what-price-will-bnb-hit-before-2027/will-bnb-dip-to-500-by-december-31-2026,2026-10-10T17:26:32.436514+00:00
0x3fb5cd695a1a69d9bdcdc56473fe939b1f5f746fd93d95678c2aacfd02ecc8f1,703686,14880392203916951367210594044346675783187280368615720213876603794661640957466,12923354183562595822134003465069735214484232866602492426996044053528437947487,Will the Democratic Party win the CA-22 House seat?,True,Politics,2026-11-04,0.92,0.91,0.93,25010.6216,73754.6683,0.04,8822.032232,which-party-will-win-the-house-race-for-the-ca-22-seat,will-the-democratic-party-win-the-ca-22-house-seat,https://polymarket.com/event/which-party-will-win-the-house-race-for-the-ca-22-seat/will-the-democratic-party-win-the-ca-22-house-seat,2026-10-10T17:26:32.436514+00:00
0xa3a67d6cd09d2b3af055b057ef25742dd3806cddb861b2e32cd1e76639266a4f,703690,3386886768575392625178430469513095175799394167104373172920267896603859431569,101524930720690752781526408987463991153805136382217440321759613568841152962675,Will the Democratic Party win the CA-27 House seat?,True,Politics,2026-11-04,0.955,0.95,0.96,14439.8761,28035.46757,0.04,6607.293999,which-party-will-win-the-house-race-for-the-ca-27-seat,will-the-democratic-party-win-the-ca-27-house-seat,https://polymarket.com/event/which-party-will-win-the-house-race-for-the-ca-27-seat/will-the-democratic-party-win-the-ca-27-house-seat,2026-10-10T17:26:32.436514+00:00
0x0eda21c8b5651dba9fd69aad361e9d01481965e94241ac438486a16dab181344,942084,67501795419284092111663134279812910460154992630407078593989658098590262577673,100828434651155155710172841941100159662807201107427176770262475413650206834153,Will the Democratic Party win the AZ-01 House seat?,True,Politics,2026-11-04,0.77,0.76,0.78,20183.4361,62834.6626,0.04,41610.73424299999,az-01-house-election-winner,will-the-democratic-party-win-the-az-01-house-seat,https://polymarket.com/event/az-01-house-election-winner/will-the-democratic-party-win-the-az-01-house-seat,2026-10-10T17:26:32.436514+00:00
0x86b398869c0bbdd80f5636abf20ebd6a3f86cf2656a41f186de652a5826115b3,942117,3443730243629009067137575970938200548553205123774326260772894121725693586787,24285936617643057401459028367413874388230882739643199321022227160964783232273,Will the Democratic Party win the AZ-02 House seat?,True,Politics,2026-11-04,0.34,0.33,0.35,29638.836,63668.2676,0.04,5818.658691,az-02-house-election-winner,will-the-democratic-party-win-the-az-02-house-seat,https://polymarket.com/event/az-02-house-election-winner/will-the-democratic-party-win-the-az-02-house-seat,2026-10-10T17:26:32.436514+00:00
0x97c667cff605b7dea893e79ace9b9506d244898fc5429358ae1e218548ac360b,942162,92489819804290368443943803966220296254525527906989333620579684623025259387169,50273842713217173135967070517670066246379254064706403726846799660656446284544,Will the Democratic Party win the AZ-06 House seat?,True,Politics,2026-11-04,0.825,0.82,0.83,27368.4559,71496.5824,0.04,5131.560108999999,az-06-house-election-winner,will-the-democratic-party-win-the-az-06-house-seat,https://polymarket.com/event/az-06-house-election-winner/will-the-democratic-party-win-the-az-06-house-seat,2026-10-10T17:26:32.436514+00:00
0xd5e44002d2fe404c9bdf2404b5e3636d2898c6dcff556b7092d0b9f4df323d20,942274,62184131032386611428464897252491116870859707412945073702683019894928068509899,92091917676649640475827345673232265259584404063905152062776701135674008792085,Will the Democratic Party win the CA-13 House seat?,True,Politics,2026-11-04,0.9585,0.946,0.971,24961.19921,53287.96762,0.04,27860.587472,ca-13-house-election-winner,will-the-democratic-party-win-the-ca-13-house-seat,https://polymarket.com/event/ca-13-house-election-winner/will-the-democratic-party-win-the-ca-13-house-seat,2026-10-10T17:26:32.436514+00:00
0x418fcd9c72501eea029eee747b522e4da91478dbf52829893aa7a55b36d84984,942304,24395104702642353411948925889097630568855366590528757185881735998149149192479,20904118177412102896316191568338021059060941327365407257046608077345075967207,Will the Democratic Party win the CO-03 House seat?,True,Politics,2026-11-04,0.275,0.27,0.28,64386.8324,123860.8487,0.04,13388.138837,co-03-house-election-winner,will-the-democratic-party-win-the-co-03-house-seat,https://polymarket.com/event/co-03-house-election-winner/will-the-democratic-party-win-the-co-03-house-seat,2026-10-10T17:26:32.436514+00:00
0xe52419acfb3e5da37bc53c6341cb23857b429c3b60d61f3136f0c9244d888d8d,942325,111540362553565728751187438925859908575427409891112173540802616759607897153785,90586537503873657733095241416513832189066670321128291543199648360200360654604,Will the Democratic Party win the CO-08 House seat?,True,Politics,2026-11-04,0.845,0.84,0.85,25611.4809,70977.0434,0.04,13979.952141,co-08-house-election-winner,will-the-democratic-party-win-the-co-08-house-seat,https://polymarket.com/event/co-08-house-election-winner/will-the-democratic-party-win-the-co-08-house-seat,2026-10-10T17:26:32.436514+00:00
0x40b2475e802d01b929cddd1124b8199d04989f1678bcf41d53fa75d7d917333d,942356,4102292012495276789306481274689776832735182662407154073320343951315418557612,62026405339730545488981915197487142097726510160430406716326552110735716725326,Will the Democratic Party win the CT-05 House seat?,True,Politics,2026-11-04,0.9475,0.936,0.959,47096.07642,81785.64447,0.04,5518.251964,ct-05-house-election-winner,will-the-democratic-party-win-the-ct-05-house-seat,https://polymarket.com/event/ct-05-house-election-winner/will-the-democratic-party-win-the-ct-05-house-seat,2026-10-10T17:26:32.436514+00:00
0x89e54c86f437d7696d9789c5ff901dd5f3b35a5594f5aadf27af50bc6d2ca50e,942401,10797071126504743123515085716419360987107478266428470507477377131012323100968,1106923368851551027030312032236306759850849240017243702457900548841578674982,Will the Democratic Party win the FL-13 House seat?,True,Politics,2026-11-04,0.265,0.26,0.27,24272.5238,42947.5981,0.04,7664.079225999999,fl-13-house-election-winner,will-the-democratic-party-win-the-fl-13-house-seat,https://polymarket.com/event/fl-13-house-election-winner/will-the-democratic-party-win-the-fl-13-house-seat,2026-10-10T17:26:32.436514+00:00
0x74db83222b06edd200f50995d50c40d8e4a317a61a241fc30730b176bd6aed60,942409,37339804851958529477668640272202929685210557293494488892587593584631088241480,59334639557605561098604561285798025053605380916133492804312876518447275359979,Will the Democratic Party win the FL-23 House seat?,True,Politics,2026-11-04,0.9675,0.96,0.975,19996.31532,33445.00358,0.04,13276.491357,fl-23-house-election-winner,will-the-democratic-party-win-the-fl-23-house-seat,https://polymarket.com/event/fl-23-house-election-winner/will-the-democratic-party-win-the-fl-23-house-seat,2026-10-10T17:26:32.436514+00:00
0xa0562ac765e26c04e158149cbdf1bc74d42b21669a20f48c4ef716d8738e6d94,942417,26171734240618645516324503767249447123367690718138779413343534699327358751805,27518870479944000448808424706349270578144335805074866364002493197102645128634,Will the Democratic Party win the IL-17 House seat?,True,Politics,2026-11-04,0.9695,0.969,0.97,32051.22175,62372.76374,0.04,14798.669411999996,il-17-house-election-winner,will-the-democratic-party-win-the-il-17-house-seat,https://polymarket.com/event/il-17-house-election-winner/will-the-democratic-party-win-the-il-17-house-seat,2026-10-10T17:26:32.436514+00:00
0xab7ef0fd65f6aa5a63c92cebc19acfbb6c4f01ffcf6204f2f896b52ec62561ec,942425,3681107044092181679149096081582633622132617006087258915752259581199189306652,14580271907096012513639548533550750451178364170064576138467976386898253845300,Will the Democratic Party win the IN-01 House seat?,True,Politics,2026-11-04,0.9795,0.979,0.98,28665.9966,62088.9751,0.04,10858.421576,in-01-house-election-winner,will-the-democratic-party-win-the-in-01-house-seat,https://polymarket.com/event/in-01-house-election-winner/will-the-democratic-party-win-the-in-01-house-seat,2026-10-10T17:26:32.436514+00:00
0x5ad7756609da59ffb359e37a16cc0b89285f4b823623e22e2900f054a77ed8ed,942433,70626084342654528512319514273738308837103071303735022481383733918592331109261,114804538887054214616070716252680354290437298087382870692052448508961099438281,Will the Democratic Party win the IA-01 House seat?,True,Politics,2026-11-04,0.88,0.87,0.89,39482.1749,84812.5719,0.04,26907.407913000003,ia-01-house-election-winner,will-the-democratic-party-win-the-ia-01-house-seat,https://polymarket.com/event/ia-01-house-election-winner/will-the-democratic-party-win-the-ia-01-house-seat,2026-10-10T17:26:32.436514+00:00
0x87e411b5f2ee67fe075aa7f31214a54b5fbba9ceb114d3de78290326ef374d75,942445,105724155866026243386456609196248574198788679514540436663740641053049222730942,99910925406198095411505150408529683823605956793025882664293221366616297632948,Will the Democratic Party win the IA-03 House seat?,True,Politics,2026-11-04,0.765,0.76,0.77,24369.8136,55483.2217,0.04,4801.690777000001,ia-03-house-election-winner,will-the-democratic-party-win-the-ia-03-house-seat,https://polymarket.com/event/ia-03-house-election-winner/will-the-democratic-party-win-the-ia-03-house-seat,2026-10-10T17:26:32.436514+00:00
0xf95a13ab7db445e3aa5e668fce91115b480cd7b628620e7b5a4bb39d8ad27c55,942702,34227383004193373038906204949041462485365502825604088115677762838860776270336,29474776411110342439108821023762007640536170734362475294518913320358180508281,Will the Democratic Party win the MI-03 House seat?,True,Politics,2026-11-04,0.9405,0.938,0.943,59470.46435,100090.59331,0.04,33983.779011,mi-03-house-election-winner,will-the-democratic-party-win-the-mi-03-house-seat,https://polymarket.com/event/mi-03-house-election-winner/will-the-democratic-party-win-the-mi-03-house-seat,2026-10-10T17:26:32.436514+00:00
0xdb02ac87c8cf9941ff45ed2ca572c702a56669f05b73bb5e4f183180113ed77a,942710,88776488175071791462909511406316753979194373422367163888126718728750245407110,113200408960659206664151059139707510715786666933119420953506574921497391722083,Will the Democratic Party win the MI-04 House seat?,True,Politics,2026-11-04,0.485,0.48,0.49,78024.1986,150571.7653,0.04,5612.319185000001,mi-04-house-election-winner,will-the-democratic-party-win-the-mi-04-house-seat,https://polymarket.com/event/mi-04-house-election-winner/will-the-democratic-party-win-the-mi-04-house-seat,2026-10-10T17:26:32.436514+00:00
0x192ddbbaa122191c951a73b780c808ef51190cc74d6400fae21e74685c60bdae,942722,28428563408232158641020832230598845099279456308678642815367173717175353290703,70766043286887214711082829510749001221536384974744297470820933886454245846858,Will the Democratic Party win the MI-07 House seat?,True,Politics,2026-11-04,0.615,0.61,0.62,74876.0746,154839.736,0.04,25110.131225000005,mi-07-house-election-winner,will-the-democratic-party-win-the-mi-07-house-seat,https://polymarket.com/event/mi-07-house-election-winner/will-the-democratic-party-win-the-mi-07-house-seat,2026-10-10T17:26:32.436514+00:00
0x8937a2de7d60389eb73469769446044c12fd670b2a8230eee4f06e1e070b9c92,942765,40998004024518769727715136534481229852277056748646105714813641637686167793485,45023554393144811103893254267963506888132599220900895284924790943342021585309,Will the Democratic Party win the MI-08 House seat?,True,Politics,2026-11-04,0.945,0.94,0.95,16526.0052,58682.02688,0.04,9617.811567,mi-08-house-election-winner,will-the-democratic-party-win-the-mi-08-house-seat,https://polymarket.com/event/mi-08-house-election-winner/will-the-democratic-party-win-the-mi-08-house-seat,2026-10-10T17:26:32.436514+00:00
0x9d54f82ccce95184f18f3a46dcbab3ce637fbb92a604a15ff74cefdf0b1eb38e,942776,75685534826787951976275953631896177236439299709473517876953614908104349066066,33304449079649201557387369847379560518290837271024516667508560413437432436345,Will the Democratic Party win the MI-10 House seat?,True,Politics,2026-11-04,0.645,0.64,0.65,77660.6441,155231.4831,0.04,5766.415438000001,mi-10-house-election-winner,will-the-democratic-party-win-the-mi-10-house-seat,https://polymarket.com/event/mi-10-house-election-winner/will-the-democratic-party-win-the-mi-10-house-seat,2026-10-10T17:26:32.436514+00:00
0x7319fceb8b5a315eae707028bd654463e48acec082565ef1abd3cc18b424ff6f,942820,101761583924149127934699530188897560119595562747749947811419542814081248785009,19804193668977645221157325203169258737141521426258720263542223721543867583028,Will the Democratic Party win the MN-02 House seat?,True,Politics,2026-11-04,0.9185,0.918,0.919,43467.744,79815.46101,0.04,28272.408560000007,mn-02-house-election-winner,will-the-democratic-party-win-the-mn-02-house-seat,https://polymarket.com/event/mn-02-house-election-winner/will-the-democratic-party-win-the-mn-02-house-seat,2026-10-10T17:26:32.436514+00:00
0xd9d9532b0d1a2485cfda6cae8cd4831bb323b7df6aeb72741bca50c6c4587393,942832,20434636588070348342968602903061248718389577160814478335219004633392341635870,52444299492076252458856342471567223661037810046722194981554762268634909361889,Will the Democratic Party win the MO-05 House seat?,True,Politics,2026-11-04,0.963,0.956,0.97,41021.65559,94467.7494,0.04,35092.119558,mo-05-house-election-winner,will-the-democratic-party-win-the-mo-05-house-seat,https://polymarket.com/event/mo-05-house-election-winner/will-the-democratic-party-win-the-mo-05-house-seat,2026-10-10T17:26:32.436514+00:00
0xe0fbb3e61e61b14f5fef15ffdd0e2a0c6cf4336bb5b15877fe3e3c9fdcc6bc7f,942843,94033987553817825990709512567031751048276730850154145976615728913102874968691,89249778688472138415584633654306240159785502169216857650010692296295315613845,Will the Democratic Party win the MT-01 House seat?,True,Politics,2026-11-04,0.335,0.33,0.34,82710.6667,154075.9116,0.04,30066.86809500001,mt-01-house-election-winner,will-the-democratic-party-win-the-mt-01-house-seat,https://polymarket.com/event/mt-01-house-election-winner/will-the-democratic-party-win-the-mt-01-house-seat,2026-10-10T17:26:32.436514+00:00
0x13ab5c37a83d0a2ed874bd931c1c8a10984dcabc37cb67f4e36c807492cbfd3b,942878,83966667308824872880342632752673759552233526664290166226784097408878282862076,35136589390877606418975621999951288920102535927152991703335089202489706671146,Will the Democratic Party win the NE-02 House seat?,True,Politics,2026-11-04,0.915,0.91,0.92,36952.1331,81702.19212,0.04,38321.661513,ne-02-house-election-winner,will-the-democratic-party-win-the-ne-02-house-seat,https://polymarket.com/event/ne-02-house-election-winner/will-the-democratic-party-win-the-ne-02-house-seat,2026-10-10T17:26:32.436514+00:00
0x6bc9531fff87196aa1ced85050c8532b1bf75ac18e14a2949180b7d19171256a,942886,53419693435572371788699892259142418692358073805819213173632989322601750027858,55950724784964299514196921613683955661483220553780201996623041253165124319777,Will the Democratic Party win the NV-01 House seat?,True,Politics,2026-11-04,0.952,0.949,0.955,35225.48975,53196.48896,0.04,15928.341618,nv-01-house-election-winner,will-the-democratic-party-win-the-nv-01-house-seat,https://polymarket.com/event/nv-01-house-election-winner/will-the-democratic-party-win-the-nv-01-house-seat,2026-10-10T17:26:32.436514+00:00
0xe2bd695096385d8878a0e7b5e144b94c7a2320a027b0dfd551d4d5a7fc8bc267,942894,94909040987536769270715360325201420589044604443243218743462043270034738802453,104735383839743917917907942165126496186842141398707250478626048318036570567935,Will the Democratic Party win the NV-03 House seat?,True,Politics,2026-11-04,0.945,0.94,0.95,17364.7556,76507.4556,0.04,5302.255218000001,nv-03-house-election-winner,will-the-democratic-party-win-the-nv-03-house-seat,https://polymarket.com/event/nv-03-house-election-winner/will-the-democratic-party-win-the-nv-03-house-seat,2026-10-10T17:26:32.436514+00:00
0x894c851e55417b7388fcce9f561989f589c2bb755fc5871e187defaf44474314,942902,37734744071084495350871177726856765634134461816186018873587394886278296213428,50727765164832629139672952168590462287373444497701766317761298028855176636182,Will the Democratic Party win the NV-04 House seat?,True,Politics,2026-11-04,0.9705,0.965,0.976,19178.66016,38483.30116,0.04,14431.983137000005,nv-04-house-election-winner,will-the-democratic-party-win-the-nv-04-house-seat,https://polymarket.com/event/nv-04-house-election-winner/will-the-democratic-party-win-the-nv-04-house-seat,2026-10-10T17:26:32.436514+00:00
0x4460b4d5604834b9579c7b001b19a3faa8441acb6b94b0c35067cf1aaa22d682,942910,15841973896294397863780283211777886833063131427675236235397936182214462263761,57553502995830775992126087002622990615625670975273656077143914574086079721073,Will the Democratic Party win the NH-01 House seat?,True,Politics,2026-11-04,0.956,0.949,0.963,38126.98305,78944.44432,0.04,33561.409587999995,nh-01-house-election-winner,will-the-democratic-party-win-the-nh-01-house-seat,https://polymarket.com/event/nh-01-house-election-winner/will-the-democratic-party-win-the-nh-01-house-seat,2026-10-10T17:26:32.436514+00:00
0xeb7cd255b205bb461833be1149d246c42044c737c287028292250a09076289b5,942971,39839349821217245610991310247064925302999460514525984723514121006600505842039,23666815305105166964698179050340194099964419160330589220903910964281996306825,Will the Democratic Party win the NJ-05 House seat?,True,Politics,2026-11-04,0.9645,0.946,0.983,20179.26058,36637.84631,0.04,21688.84893499999,nj-05-house-election-winner,will-the-democratic-party-win-the-nj-05-house-seat,https://polymarket.com/event/nj-05-house-election-winner/will-the-democratic-party-win-the-nj-05-house-seat,2026-10-10T17:26:32.436514+00:00
0xdf4512f9c4cdcddd0296b17f54807db88d33685d3142e877f616191f39a3848a,942979,11150104041135923402729603235169264788695551846877266424704836556138704136153,59543187978590547875229144531279992897106638734873892327512448136202059561407,Will the Democratic Party win the NJ-07 House seat?,True,Politics,2026-11-04,0.905,0.9,0.91,40680.4802,90746.7242,0.04,22534.841449000003,nj-07-house-election-winner,will-the-democratic-party-win-the-nj-07-house-seat,https://polymarket.com/event/nj-07-house-election-winner/will-the-democratic-party-win-the-nj-07-house-seat,2026-10-10T17:26:32.436514+00:00
0x025e8dbab75a4ab8d57838524c61660d8385ed80608a856d7f85fe5be2c3ce82,942987,64646801358204661091649152026679678477997607545079265541240545041704334470547,101104375766855018042682388200888555709757264855320393775369778689286293968067,Will the Democratic Party win the NJ-09 House seat?,True,Politics,2026-11-04,0.965,0.954,0.976,27646.54757,44930.48777,0.04,19395.021758000003,nj-09-house-election-winner,will-the-democratic-party-win-the-nj-09-house-seat,https://polymarket.com/event/nj-09-house-election-winner/will-the-democratic-party-win-the-nj-09-house-seat,2026-10-10T17:26:32.436514+00:00
0x20561c7ef692f868c5e4efc6e84cac369ce858a6f07094bc15db9f86adbc4c11,942995,35251426509377808120747711632625143087614909557664163894190344736809827040538,40943270597120810827227691246151136773523870232316176411284192357563428776133,Will the Democratic Party win the NM-02 House seat?,True,Politics,2026-11-04,0.964,0.956,0.972,33198.74837,66360.23898,0.04,32142.026096,nm-02-house-election-winner,will-the-democratic-party-win-the-nm-02-house-seat,https://polymarket.com/event/nm-02-house-election-winner/will-the-democratic-party-win-the-nm-02-house-seat,2026-10-10T17:26:32.436514+00:00
0xd7e7300ecc03a88948a89186d7f06b1000750a7f4a0778e40566d50af9ef3147,943003,95873286255325136859944314511685433946471154050507766930211873940748656819468,99055552646623705673547483236277908448648634668240976877999861297866776043432,Will the Democratic Party win the NY-03 House seat?,True,Politics,2026-11-04,0.875,0.87,0.88,33557.4282,81569.7758,0.04,19130.911417000003,ny-03-house-election-winner,will-the-democratic-party-win-the-ny-03-house-seat,https://polymarket.com/event/ny-03-house-election-winner/will-the-democratic-party-win-the-ny-03-house-seat,2026-10-10T17:26:32.436514+00:00
0xb25c14120fccc079ca222454c6d6a17d0dc43ee19a005fee7cc4b9f04573beb5,943433,86097217051997272327652501519977514271796973598402973728198470808392429882569,106633621348177746507645366824408661631876539056685538881000838968267770334265,Will the Democratic Party win the NY-04 House seat?,True,Politics,2026-11-04,0.905,0.9,0.91,26482.0419,77920.93963,0.04,5707.802624000001,ny-04-house-election-winner,will-the-democratic-party-win-the-ny-04-house-seat,https://polymarket.com/event/ny-04-house-election-winner/will-the-democratic-party-win-the-ny-04-house-seat,2026-10-10T17:26:32.436514+00:00
0x9735676a9c6bc3ee63496bfbe27c5f222d02463c41aa7f7a4e3b645f79cfa29c,943441,51139697479054469944236132595348770797766976112763062697989474877845630491882,69541728889474243559228458257667024729753704232262882473518688610039296438225,Will the Democratic Party win the NY-17 House seat?,True,Politics,2026-11-04,0.565,0.56,0.57,77381.6909,155675.7899,0.04,29443.65075200001,ny-17-house-election-winner,will-the-democratic-party-win-the-ny-17-house-seat,https://polymarket.com/event/ny-17-house-election-winner/will-the-democratic-party-win-the-ny-17-house-seat,2026-10-10T17:26:32.436514+00:00
0x462ab115b37bc0bf5d95870612dc64056c18a0c70595baf6743cb7e411d81888,943449,63140740428716707280026056975794084854010610423100519220636578559614000754781,105321160396462293788614833458065210845968292785218816650564562543689863738555,Will the Democratic Party win the NY-18 House seat?,True,Politics,2026-11-04,0.96,0.945,0.975,22650.93297,40905.95476,0.04,34431.01336600001,ny-18-house-election-winner,will-the-democratic-party-win-the-ny-18-house-seat,https://polymarket.com/event/ny-18-house-election-winner/will-the-democratic-party-win-the-ny-18-house-seat,2026-10-10T17:26:32.436514+00:00
0xbd72208a4ceea9fde59f3a42d2f4c5c78bd7cc05c4fada7fe60f877d2fee6dc9,943457,110513625685552508307985945547975220111251271956311568244995722139152190564594,62507379773479884700055231011175851702393160133306303553772239765673251895405,Will the Democratic Party win the NY-19 House seat?,True,Politics,2026-11-04,0.9875,0.987,0.988,28746.09508,63692.15569,0.04,16387.972062,ny-19-house-election-winner,will-the-democratic-party-win-the-ny-19-house-seat,https://polymarket.com/event/ny-19-house-election-winner/will-the-democratic-party-win-the-ny-19-house-seat,2026-10-10T17:26:32.436514+00:00
0x3090d4a56f2e55dd138fc85b8947c3d76f0a0328a1dbfef329895c2c10edaf88,943469,94642975307457823038655541464684168636538661255044937628584087934091718205759,71361106257690028251455610707283136088158416844969044440473899198365923188862,Will the Democratic Party win the NY-22 House seat?,True,Politics,2026-11-04,0.945,0.94,0.95,20463.684,78586.0355,0.04,12573.125002,ny-22-house-election-winner,will-the-democratic-party-win-the-ny-22-house-seat,https://polymarket.com/event/ny-22-house-election-winner/will-the-democratic-party-win-the-ny-22-house-seat,2026-10-10T17:26:32.436514+00:00
0x2b94021bfae4d3742477c683eef5f901e26cdc07d42a3dea536a3092b290f177,943477,92733851946032612831148041059231077892095455856580382370275967011579615033174,49650569770718849249209946433924562413132940288389428920730480123460442039788,Will the Democratic Party win the NC-01 House seat?,True,Politics,2026-11-04,0.675,0.67,0.68,57252.6963,103595.6437,0.04,12691.509632000005,nc-01-house-election-winner,will-the-democratic-party-win-the-nc-01-house-seat,https://polymarket.com/event/nc-01-house-election-winner/will-the-democratic-party-win-the-nc-01-house-seat,2026-10-10T17:26:32.436514+00:00
0x7fd71c48a98bb515664cadb1f62cf1f27b770fe9cc1216571e183b982a48e42a,943542,26725090567941494839753555432942030379400825958244897490974743127556962267884,92454050168323304543164027657212968476059707826906259679044731747027315653424,Will the Democratic Party win the NC-11 House seat?,True,Politics,2026-11-04,0.75,0.74,0.76,17197.578,41584.0826,0.04,11260.896997999998,nc-11-house-election-winner,will-the-democratic-party-win-the-nc-11-house-seat,https://polymarket.com/event/nc-11-house-election-winner/will-the-democratic-party-win-the-nc-11-house-seat,2026-10-10T17:26:32.436514+00:00
0x4af0fa1c69cdf730e0af62b006e31b6c0bf2b73ed66819bfdb44b6a85d7b8192,943559,54683918395285218242154486097975094247311771681306620842955201199347227560316,93242753185600541940629991326507039905238964087791716041955507471171232152881,Will the Democratic Party win the OH-01 House seat?,True,Politics,2026-11-04,0.8785,0.875,0.882,37988.82682,88460.74322,0.04,22221.258949,oh-01-house-election-winner,will-the-democratic-party-win-the-oh-01-house-seat,https://polymarket.com/event/oh-01-house-election-winner/will-the-democratic-party-win-the-oh-01-house-seat,2026-10-10T17:26:32.436514+00:00
0x47620df478cd381b061f6ee36fe420ed53d29a17bffa9a0507c3d1b6398d0503,943571,65572553957974162720266895822584213678027747609322437193492482509621073910869,69885566693658442573984143140931219515635046808768355522082412489943042808897,Will the Democratic Party win the OH-09 House seat?,True,Politics,2026-11-04,0.74,0.73,0.75,40084.449,81521.5851,0.04,11487.428766,oh-09-house-election-winner,will-the-democratic-party-win-the-oh-09-house-seat,https://polymarket.com/event/oh-09-house-election-winner/will-the-democratic-party-win-the-oh-09-house-seat,2026-10-10T17:26:32.436514+00:00
0xc528b5c384832a754585eeb005f96efd2842db3db1ebfd574bc3c8235a6dbae0,943579,34914084499338340703893043515733081691189506455850739325273268392987246939324,40709496250750611175411792494588640362683533537728823079623994531586748565220,Will the Democratic Party win the OH-13 House seat?,True,Politics,2026-11-04,0.958,0.946,0.97,29958.49283,73130.76689,0.04,11047.741955999998,oh-13-house-election-winner,will-the-democratic-party-win-the-oh-13-house-seat,https://polymarket.com/event/oh-13-house-election-winner/will-the-democratic-party-win-the-oh-13-house-seat,2026-10-10T17:26:32.436514+00:00
0x57d601622f7211f1bafc592e21baf81df8f44741e6ee708aee2449b49b58fc82,943741,12668390728546664562591096503585520540809771817912759179044387646050235405928,97753848768374060999337901528962238014065821426341113231597534959461731339133,Will the Democratic Party win the OR-05 House seat?,True,Politics,2026-11-04,0.9545,0.946,0.963,19104.00851,51250.5395,0.04,23067.402016,or-05-house-election-winner,will-the-democratic-party-win-the-or-05-house-seat,https://polymarket.com/event/or-05-house-election-winner/will-the-democratic-party-win-the-or-05-house-seat,2026-10-10T17:26:32.436514+00:00
0x27a4dd39adf63849239f3b260b701e1ce1c3a08b8e3624b1dbc2c1268ea87537,943749,90438836256571410927299008367228796312209722771624666597034907143954367060240,90218845846153365380863189597931280535650997637137753229555191267606212456241,Will the Democratic Party win the PA-01 House seat?,True,Politics,2026-11-04,0.385,0.38,0.39,76153.6322,145862.6386,0.04,17892.951957,pa-01-house-election-winner,will-the-democratic-party-win-the-pa-01-house-seat,https://polymarket.com/event/pa-01-house-election-winner/will-the-democratic-party-win-the-pa-01-house-seat,2026-10-10T17:26:32.436514+00:00
0x863ec10c7b201b57ff3ca07ddbc74c5c464bb9ac732d2e003786b8455658592a,943797,37713776886536763857380242322222367371582682723176215910322979366716585040762,73315402478592033419410800462117761305061445591650606177401306137873754076531,Will the Democratic Party win the PA-07 House seat?,True,Politics,2026-11-04,0.86,0.85,0.87,23081.116,67462.9652,0.04,25893.579754,pa-07-house-election-winner,will-the-democratic-party-win-the-pa-07-house-seat,https://polymarket.com/event/pa-07-house-election-winner/will-the-democratic-party-win-the-pa-07-house-seat,2026-10-10T17:26:32.436514+00:00
0xddcb215d8c020c9794ed641720bde228d41f7fbbc8591e6c93e6cb7b9ed39efc,943943,91391435832155617612019982139435697661029161851437556799916148343508709382987,98793860786103429461036512093518407124361882646235919543546522571597697238170,Will the Democratic Party win the PA-08 House seat?,True,Politics,2026-11-04,0.725,0.72,0.73,60231.0079,124734.471,0.04,7736.8845660000015,pa-08-house-election-winner,will-the-democratic-party-win-the-pa-08-house-seat,https://polymarket.com/event/pa-08-house-election-winner/will-the-democratic-party-win-the-pa-08-house-seat,2026-10-10T17:26:32.436514+00:00
0x1ba8c5b414501846fafc1639481a839d57bc3bbb62471400e86224e93c2281f5,943955,87725551185270618291722253233951821932371187994043126950008311468794742299797,91449905075128391435919444408745642086656529220300896540428976055571499433207,Will the Democratic Party win the PA-10 House seat?,True,Politics,2026-11-04,0.805,0.8,0.81,25857.0385,65230.3639,0.04,5116.501173000001,pa-10-house-election-winner,will-the-democratic-party-win-the-pa-10-house-seat,https://polymarket.com/event/pa-10-house-election-winner/will-the-democratic-party-win-the-pa-10-house-seat,2026-10-10T17:26:32.436514+00:00
0x5e70e03590538410218c1a7641f741fd6480d6a9ca1951feb497210514dbee27,943963,92766935796166214397022548007993643468606651430020985430987394684946156700742,7042007033865268562879755746411238079752844334570914953464426152051941798427,Will the Democratic Party win the PA-17 House seat?,True,Politics,2026-11-04,0.952,0.933,0.971,19651.69177,42123.17964,0.04,5168.524573,pa-17-house-election-winner,will-the-democratic-party-win-the-pa-17-house-seat,https://polymarket.com/event/pa-17-house-election-winner/will-the-democratic-party-win-the-pa-17-house-seat,2026-10-10T17:26:32.436514+00:00
0x6995e8ac437713345a1a6486140279b7db55635122accc68965590241dfdf03c,944153,3535025439604955832684070719622409685476325682880146770888196381093172084442,53694288847812843429889386645751299716736462432779301410194248425039292909321,Will the Democratic Party win the TX-09 House seat?,True,Politics,2026-11-04,0.175,0.17,0.18,25961.7507,42466.9768,0.04,12872.026078,tx-09-house-election-winner,will-the-democratic-party-win-the-tx-09-house-seat,https://polymarket.com/event/tx-09-house-election-winner/will-the-democratic-party-win-the-tx-09-house-seat,2026-10-10T17:26:32.436514+00:00
0xd1f23e2bc9c61979e1c9f53bd0b76de8ef9cf5bcbc92ecfbccfbf67bfd3c8801,944201,6584875983046678011286869107197719818123093254495444235544680527373303971994,78192342236188386087763258420745804515190545117661254581766240746328946228230,Will the Democratic Party win the TX-15 House seat?,True,Politics,2026-11-04,0.795,0.79,0.8,56180.2994,125209.8189,0.04,23828.192348,tx-15-house-election-winner,will-the-democratic-party-win-the-tx-15-house-seat,https://polymarket.com/event/tx-15-house-election-winner/will-the-democratic-party-win-the-tx-15-house-seat,2026-10-10T17:26:32.436514+00:00
0x404f17162fa31cfc9b4ce7688a274bc30afe8394cae0077d944b43e22cc4fac2,944222,84241107374483193244606511118129186494443849681135554558545774792234903960353,82558835789323197481733680122235756483424749365965750477150954147606088637077,Will the Democratic Party win the TX-28 House seat?,True,Politics,2026-11-04,0.885,0.88,0.89,29440.013,72360.1701,0.04,4834.742807,tx-28-house-election-winner,will-the-democratic-party-win-the-tx-28-house-seat,https://polymarket.com/event/tx-28-house-election-winner/will-the-democratic-party-win-the-tx-28-house-seat,2026-10-10T17:26:32.436514+00:00
0x47c160ef68d32681a7b157f8769d56a39757b8855d007a0b3e76c74eed11bae9,944230,97914684524869508391838473493038359705680146825553129245982853665873115044909,114721540831876158587790827273198112511894712693799849372687525159582670028292,Will the Democratic Party win the TX-32 House seat?,True,Politics,2026-11-04,0.1085,0.107,0.11,44536.40118,73948.36113,0.04,10689.867939000003,tx-32-house-election-winner,will-the-democratic-party-win-the-tx-32-house-seat,https://polymarket.com/event/tx-32-house-election-winner/will-the-democratic-party-win-the-tx-32-house-seat,2026-10-10T17:26:32.436514+00:00
0x7018d32e315a69c0537fc42f8e574ee4a24b3babaae302cda79fb0c355e0df1a,944238,84371186359433032934344934234365568331165136826770723604045723165294252654116,102259996226771440320077466984289476786532881900581701629601873185791982116225,Will the Democratic Party win the TX-34 House seat?,True,Politics,2026-11-04,0.835,0.83,0.84,24889.6346,61232.7957,0.04,6249.901913000001,tx-34-house-election-winner,will-the-democratic-party-win-the-tx-34-house-seat,https://polymarket.com/event/tx-34-house-election-winner/will-the-democratic-party-win-the-tx-34-house-seat,2026-10-10T17:26:32.436514+00:00
0x8d327131d3f3f8c6a517250e07cbc8914a9d7c378f0662e4984d25f326d13205,944250,5339899814292845593775846980480523063906400681832167807317855849721141409634,109773330413820171927933107770672027720250580797223894296311641060141358327893,Will the Democratic Party win the TX-35 House seat?,True,Politics,2026-11-04,0.6,0.59,0.61,70495.6064,129106.3466,0.04,22101.689559,tx-35-house-election-winner,will-the-democratic-party-win-the-tx-35-house-seat,https://polymarket.com/event/tx-35-house-election-winner/will-the-democratic-party-win-the-tx-35-house-seat,2026-10-10T17:26:32.436514+00:00
0x113d5feb11b89a44b3ae3ab162f0d2e30dff08ee72e9f7001c6cf30e485fe8d1,944258,8269172801736629285390967158042572614824221441854000527215508853168947814184,85296909466186619384420873638280742750210341125270668587036133637178889005425,Will the Democratic Party win the UT-01 House seat?,True,Politics,2026-11-04,0.965,0.963,0.967,19047.85526,70680.11682,0.04,12794.988446,ut-01-house-election-winner,will-the-democratic-party-win-the-ut-01-house-seat,https://polymarket.com/event/ut-01-house-election-winner/will-the-democratic-party-win-the-ut-01-house-seat,2026-10-10T17:26:32.436514+00:00
0xed8f832901f427aaa87a8eb9d8e3f8a84cb422fa2eb60e26b6f0ee984a3f62ab,944266,42200861349127624830531769887465625664332564761208067308674538299681162633408,22460151591081896030761183713475000773764397313695055999801722869424616239250,Will the Democratic Party win the UT-02 House seat?,True,Politics,2026-11-04,0.042,0.02,0.064,39325.75452,77690.94297,0.04,18922.174200000005,ut-02-house-election-winner,will-the-democratic-party-win-the-ut-02-house-seat,https://polymarket.com/event/ut-02-house-election-winner/will-the-democratic-party-win-the-ut-02-house-seat,2026-10-10T17:26:32.436514+00:00
0x9f449f3731d4ccd04392dd4ad859e346f1b66fcd2e76f52b26824d45101bde1e,944274,18077660363313004213754531665806100546111276578040101427528804121573299703279,67815003370722327961041156025617792404682266983967041100115986388828765990515,Will the Democratic Party win the UT-03 House seat?,True,Politics,2026-11-04,0.041,0.023,0.059,19017.67465,20946.77255,0.04,3435.4300000000003,ut-03-house-election-winner,will-the-democratic-party-win-the-ut-03-house-seat,https://polymarket.com/event/ut-03-house-election-winner/will-the-democratic-party-win-the-ut-03-house-seat,2026-10-10T17:26:32.436514+00:00
0xf6ff4c55696ff8529e6e1021f4e4a17adaa305c4991d9001bcbf7a5fbdd326d3,944282,88628412725357801969852238315853152041907755032296775468463465337049299853893,109032271391509221339029333717041891043884227340434642559043149086824287566768,Will the Democratic Party win the VA-01 House seat?,True,Politics,2026-11-04,0.565,0.55,0.58,59629.235,113482.1939,0.04,44026.80485200001,va-01-house-election-winner,will-the-democratic-party-win-the-va-01-house-seat,https://polymarket.com/event/va-01-house-election-winner/will-the-democratic-party-win-the-va-01-house-seat,2026-10-10T17:26:32.436514+00:00
0xc4362a042c364699d66cf44f69e2dac40a889ac9c83a92195084628c39257b32,944290,113775721914358731979638137579752258137123447875996657512004068518320376669224,6431017214844719071529892865687247898079997766867991700132073831843261535430,Will the Democratic Party win the VA-02 House seat?,True,Politics,2026-11-04,0.87,0.86,0.88,46403.3815,105389.5937,0.04,21690.362091000003,va-02-house-election-winner,will-the-democratic-party-win-the-va-02-house-seat,https://polymarket.com/event/va-02-house-election-winner/will-the-democratic-party-win-the-va-02-house-seat,2026-10-10T17:26:32.436514+00:00
0xeca572826dbd8548c7969c165c5abdca214bb94e7b7191fae36cc898482d7eb9,944298,98075623222143547346037366837071572541450376316433615657989340175250414958486,88493018854609170398068504899501067700367542483730464912829188861413472007638,Will the Democratic Party win the VA-07 House seat?,True,Politics,2026-11-04,0.9545,0.942,0.967,21788.38294,50536.4016,0.04,6857.718986999998,va-07-house-election-winner,will-the-democratic-party-win-the-va-07-house-seat,https://polymarket.com/event/va-07-house-election-winner/will-the-democratic-party-win-the-va-07-house-seat,2026-10-10T17:26:32.436514+00:00
0xf7baa091d720a429809c88e624df633920d3517df25ffea679d9ebb8b4ea2f24,944306,6250391442247226330298525065064308908648402896185647255195896585309154272766,111168025787449600542830908899401632263625958609450024739599334071374323342442,Will the Democratic Party win the VA-10 House seat?,True,Politics,2026-11-04,0.955,0.94,0.97,14413.1205,34378.38079,0.04,2329.8307720000003,va-10-house-election-winner,will-the-democratic-party-win-the-va-10-house-seat,https://polymarket.com/event/va-10-house-election-winner/will-the-democratic-party-win-the-va-10-house-seat,2026-10-10T17:26:32.436514+00:00
0x2ceb07772252792c439a2cef76f9661da5c96475d939e2f7c5e99e0708186d4c,944314,62003269433640683744291727761785528693342099533191419822618434570267086928393,20990029832453924053500813948402010905503514636044959176717493338333769631267,Will the Democratic Party win the WA-03 House seat?,True,Politics,2026-11-04,0.885,0.88,0.89,28583.4502,74881.8726,0.04,26702.600933,wa-03-house-election-winner,will-the-democratic-party-win-the-wa-03-house-seat,https://polymarket.com/event/wa-03-house-election-winner/will-the-democratic-party-win-the-wa-03-house-seat,2026-10-10T17:26:32.436514+00:00
0xbd170150af81f000d76f1dd82c6cd95d416f011eddd1cfd284c9f19201747621,944326,25606522774893959736045763151595381737278418490862594684827826612970734165778,82922474319281728992031328218556520198589994372858423721126320590951133838371,Will the Democratic Party win the WA-08 House seat?,True,Politics,2026-11-05,0.981,0.974,0.988,20895.24773,34187.67065,0.04,14975.075864,wa-08-house-election-winner,will-the-democratic-party-win-the-wa-08-house-seat,https://polymarket.com/event/wa-08-house-election-winner/will-the-democratic-party-win-the-wa-08-house-seat,2026-10-10T17:26:32.436514+00:00
0x55c186d303a88f67eb790a5486e0d5430352ed3c018e9602af313b873ae7c6ae,944334,27864379735636967187061174592974985530606192477476602134082994654383977817622,99427340178627001596249525275526063930070347555316661969816068920551832004909,Will the Democratic Party win the WI-01 House seat?,True,Politics,2026-11-04,0.365,0.36,0.37,79805.084,135269.2716,0.04,9658.005580999996,wi-01-house-election-winner,will-the-democratic-party-win-the-wi-01-house-seat,https://polymarket.com/event/wi-01-house-election-winner/will-the-democratic-party-win-the-wi-01-house-seat,2026-10-10T17:26:32.436514+00:00
0x5b1d46c7f29397ca3a713ccdae49131bafdd0ff7f217895c3e7042a72d27ce1a,944342,98533340650340151055858210214498969967462170000657407829633743183238896087456,86746373001655437646455833103379273668271009789768201797953922809057924766586,Will the Democratic Party win the WI-03 House seat?,True,Politics,2026-11-04,0.735,0.73,0.74,25096.6031,61546.6374,0.04,5076.616765999998,wi-03-house-election-winner,will-the-democratic-party-win-the-wi-03-house-seat,https://polymarket.com/event/wi-03-house-election-winner/will-the-democratic-party-win-the-wi-03-house-seat,2026-10-10T17:26:32.436514+00:00
0x9d4b05bf105b6ac1b67427e5b336680507aee28753ac0930333ebb3215eb1ce0,1013240,97241647044849455443945852653017387715663007384380666452165406958342625182602,4752753526039641476461287340249976665850438483916589199515718768549880925456,Will Playboi Carti release an album in 2026?,True,Culture,2027-01-02,0.27,0.26,0.28,523.1886,11112.6123,0.0,8949.753311,which-artists-will-release-new-albums-in-2026,will-playboi-carti-release-an-album-in-2026,https://polymarket.com/event/which-artists-will-release-new-albums-in-2026/will-playboi-carti-release-an-album-in-2026,2026-10-10T17:26:32.436514+00:00
0x8d16da2d9c02f19254048af42560846ceb0f0bf5da071a0a312df1c58e2b8dd9,1013242,14100036728132326881690646747069794508713575641071076646380195721813783969314,79685508841920160898277790635778123593185128691414973617436276449820361315622,Will Justin Bieber release an album in 2026?,True,Culture,2027-01-01,0.38,0.34,0.42,235.1984,11112.6123,0.0,5230.082782,which-artists-will-release-new-albums-in-2026,will-justin-bieber-release-an-album-in-2026,https://polymarket.com/event/which-artists-will-release-new-albums-in-2026/will-justin-bieber-release-an-album-in-2026,2026-10-10T17:26:32.436514+00:00
0x6947d1e419f570b92a6aa509cbb2eaf137fa9a0a1618b669b87a0bb354af3bd4,1013246,36059578813532330542563536537442057270140188776628011512570728768051482293732,35554784502907497536820215150073298030242918411428754471653937309602437166460,Will Lana Del Rey release an album in 2026?,True,Culture,2027-01-02,0.475,0.47,0.48,580.049,11112.6123,0.0,10113.825472,which-artists-will-release-new-albums-in-2026,will-lana-del-rey-release-an-album-in-2026,https://polymarket.com/event/which-artists-will-release-new-albums-in-2026/will-lana-del-rey-release-an-album-in-2026,2026-10-10T17:26:32.436514+00:00
0xbf97a4643151b6eaab647a112be686a52133a5f6af3e1bbe2190ef94e38651ed,1013248,90633861759372555740852149703875448376258793985771040949818672067551420508000,109402847075169198827690185416675749060112049997655558234430477455240433031189,Will Kendrick Lamar release an album in 2026?,True,Culture,2027-01-02,0.325,0.32,0.33,1928.5128,11112.6123,0.0,34371.491026,which-artists-will-release-new-albums-in-2026,will-kendrick-lamar-release-an-album-in-2026,https://polymarket.com/event/which-artists-will-release-new-albums-in-2026/will-kendrick-lamar-release-an-album-in-2026,2026-10-10T17:26:32.436514+00:00
0x6a07dfa017ff96c5502d8c2e64cb00b0bdeb8a8426eccae80f2a64e06366ffdd,1013250,68407245983392836969924042565767686053748721311080576767933165488094611677276,100038783553875758856983294897364788062270070698982618974154050977750540037743,Will Rihanna release an album in 2026?,True,Culture,2027-01-02,0.115,0.1,0.13,311.4554,11112.6123,0.0,13441.456811,which-artists-will-release-new-albums-in-2026,will-rihanna-release-an-album-in-2026,https://polymarket.com/event/which-artists-will-release-new-albums-in-2026/will-rihanna-release-an-album-in-2026,2026-10-10T17:26:32.436514+00:00
0xca634275e74cabcc22dfc4b3528f9d195869aa4827c63005fa817f459dd19ee5,1686657,40029381760081050112801967580991218233798562626350829646473621219930246438625,60365102136026012404664909536877590978093552144923511234067495416175348285659,Will Travis Scott release an album in 2026?,True,Culture,2027-01-02,0.5,0.44,0.56,612.9666,11112.6123,0.0,1463.146228,which-artists-will-release-new-albums-in-2026,will-travis-scott-release-an-album-in-2026,https://polymarket.com/event/which-artists-will-release-new-albums-in-2026/will-travis-scott-release-an-album-in-2026,2026-10-10T17:26:32.436514+00:00
0x8cec1aad1e97c1905dc42d46781c6b9fefeb8438ea5215e70aa55948cc3d4c96,1686674,1187347430800231076141381546185422323198658666785623758599595328882074297301,60990321050312298390264516123767949526953743809289824516507248386608309367043,Will Sabrina Carpenter release an album in 2026?,True,Culture,2027-01-02,0.11,0.1,0.12,920.1466,11112.6123,0.0,2539.242143,which-artists-will-release-new-albums-in-2026,will-sabrina-carpenter-release-an-album-in-2026-611,https://polymarket.com/event/which-artists-will-release-new-albums-in-2026/will-sabrina-carpenter-release-an-album-in-2026-611,2026-10-10T17:26:32.436514+00:00
0xf17a11ec68f161b929b5147f0dcd536e177e46efebcabe438d9063a412ab74f0,1058988,99651361099608953982756497253689593882335378715790744006963375820984581896327,24253954592444508770316971646035389318727679510133371245861695452805892494045,Will any Category 4 hurricane make landfall in the US in before 2027?,True,Climate & Science,2027-01-01,0.07,0.06,0.08,2142.6933,2173.3933,0.0,350456.69075699995,will-any-category-4-hurricane-make-landfall-in-the-us-in-before-2027,will-any-category-4-hurricane-make-landfall-in-the-us-in-before-2027,https://polymarket.com/event/will-any-category-4-hurricane-make-landfall-in-the-us-in-before-2027,2026-10-10T17:26:32.436514+00:00
0x113e93e6c20e4340afedd0d405648ddcc5ab4b715a039052328383813ec970f0,1074058,42720822307141028194547821734867004050436183856119350616784794533947314314892,74512013188141636785995398074021030447643531246709942153871720399841856697932,Will any Category 5 hurricane make landfall in the US in before 2027?,True,Climate & Science,2027-01-01,0.034,0.023,0.045,1004.82875,1004.82875,0.0,142735.790258,will-any-category-5-hurricane-make-landfall-in-the-us-in-before-2027,will-any-category-5-hurricane-make-landfall-in-the-us-in-before-2027,https://polymarket.com/event/will-any-category-5-hurricane-make-landfall-in-the-us-in-before-2027,2026-10-10T17:26:32.436514+00:00
0xfe0f6cdd4da99a36efce7516e02787672e0eacffa668e243f18e038f2e797e40,1089928,37531944126436716865087298086812371923490919478075074832306162393673754224072,47845200556619052206394447196825936186946831492014422638130701270877480303073,"Will Sean O'Malley be the UFC Bantamweight Champion on December 31, 2026?",True,Sports,2027-01-01,0.0155,0.004,0.027,655.8624,17056.542,0.03,9929.576690000002,who-will-be-ufc-bantamweight-champion-at-the-end-of-2026,will-sean-omalley-be-the-ufc-bantamweight-champion-on-december-31-2026,https://polymarket.com/event/who-will-be-ufc-bantamweight-champion-at-the-end-of-2026/will-sean-omalley-be-the-ufc-bantamweight-champion-on-december-31-2026,2026-10-10T17:26:32.436514+00:00
0xb95e2eed6d79fed611ef7d25fbda14a8eb54c951787dba969c6e1021efdde0e4,1090002,109653694401587996238634579753195888081567274889934639277234443069656570216996,64127540731227884048024410158346875473683061339030425933229284182417481073291,"Will Arman Tsarukyan be the UFC Lightweight Champion on December 31, 2026?",True,Sports,2027-01-01,0.0635,0.054,0.073,6828.03063,72472.6641,0.03,39699.420009,who-will-be-ufc-lightweight-champion-at-the-end-of-2026,will-arman-tsarukyan-be-the-ufc-lightweight-champion-on-december-31-2026,https://polymarket.com/event/who-will-be-ufc-lightweight-champion-at-the-end-of-2026/will-arman-tsarukyan-be-the-ufc-lightweight-champion-on-december-31-2026,2026-10-10T17:26:32.436514+00:00
0xc0f31bcf5266102629e42f887466dd2345b8966dd5aa0ec8125d6aa233cb3a19,1090024,115664665876223446375692742966249619149538335947583111251556453270207916680903,40123426597617021465079525279238482436769619666816636451570736222492383896367,"Will Islam Makhachev be the UFC Welterweight Champion on December 31, 2026?",True,Sports,2027-01-01,0.931,0.928,0.934,2051.98911,39498.81598,0.03,27055.073429,who-will-be-ufc-welterweight-champion-at-the-end-of-2026,will-islam-makhachev-be-the-ufc-welterweight-champion-on-december-31-2026,https://polymarket.com/event/who-will-be-ufc-welterweight-champion-at-the-end-of-2026/will-islam-makhachev-be-the-ufc-welterweight-champion-on-december-31-2026,2026-10-10T17:26:32.436514+00:00
0x15a87e41268a8379144e4b100578b15ab253d1d0057d6e623e0f45dc4b689a9b,1090045,50735109117093880295317736800180945352251645172879785979925943581661699601259,17950428381130320739336365803832298016579819936178757852990203302945510766474,"Will Nassourdine Imavov be the UFC Middleweight Champion on December 31, 2026?",True,Sports,2027-01-01,0.03,0.009,0.051,3039.28071,35010.74278,0.03,44296.763096,who-will-be-ufc-middleweight-champion-at-the-end-of-2026,will-nassourdine-imavov-be-the-ufc-middleweight-champion-on-december-31-2026,https://polymarket.com/event/who-will-be-ufc-middleweight-champion-at-the-end-of-2026/will-nassourdine-imavov-be-the-ufc-middleweight-champion-on-december-31-2026,2026-10-10T17:26:32.436514+00:00
0x83df756ae0573207e64790bae996c605553bb0831f8d1ff60823b71b63c09822,1090046,20378600951485464849672966369201654683307593621002954347556085141663626930283,14265907721103675502202673752569855273494951495706289755096181793879117144873,"Will Sean Strickland be the UFC Middleweight Champion on December 31, 2026?",True,Sports,2027-01-01,0.743,0.739,0.747,1721.59118,35010.74278,0.03,47811.208654,who-will-be-ufc-middleweight-champion-at-the-end-of-2026,will-sean-strickland-be-the-ufc-middleweight-champion-on-december-31-2026,https://polymarket.com/event/who-will-be-ufc-middleweight-champion-at-the-end-of-2026/will-sean-strickland-be-the-ufc-middleweight-champion-on-december-31-2026,2026-10-10T17:26:32.436514+00:00
0x4e163905cb466ebc0774daaff40d91ce7513e0172ce02f3bb4a6725c2ffc3206,1090071,55915863759114441227254612684581936053726000439613771783855987051654948195200,43779854973708375167948756616215507473711221256787065721831787672659002602484,"Will Magomed Ankalaev be the UFC Light Heavyweight Champion on December 31, 2026?",True,Sports,2027-01-01,0.0455,0.032,0.059,752.82047,13855.61199,0.03,36559.164483,who-will-be-ufc-light-heavyweight-champion-at-the-end-of-2026,will-magomed-ankalaev-be-the-ufc-light-heavyweight-champion-on-december-31-2026,https://polymarket.com/event/who-will-be-ufc-light-heavyweight-champion-at-the-end-of-2026/will-magomed-ankalaev-be-the-ufc-light-heavyweight-champion-on-december-31-2026,2026-10-10T17:26:32.436514+00:00
0x5a6515660bccc68b13c5b5ee032a7bcf1abae3633d3faf26edc54e018d8477e1,1280949,51024410437074957145165850312353994290369179567521609211645327338586315234285,30055058073031068649658029741371961644486409004430889797018935384499626121617,Will the Democratic Party win the CA-03 House seat?,True,Politics,2026-11-04,0.955,0.95,0.96,46097.7667,67009.41486,0.04,26120.993004,ca-03-house-election-winner,will-the-democratic-party-win-the-ca-03-house-seat,https://polymarket.com/event/ca-03-house-election-winner/will-the-democratic-party-win-the-ca-03-house-seat,2026-10-10T17:26:32.436514+00:00
0x399c5f544d5ce5ba445c6b18817b1370ade100d476b67a2b42192f08cc7527fe,1280997,85818458220835205685598773894359215795624110062253373707616024326577925493201,67128673142593466652376166847659974067635267928448264996989676558828466307081,Will the Democratic Party win the CA-09 House seat?,True,Politics,2026-11-04,0.9825,0.973,0.992,17235.51069,34749.79081,0.04,16548.399562,ca-09-house-election-winner,will-the-democratic-party-win-the-ca-09-house-seat,https://polymarket.com/event/ca-09-house-election-winner/will-the-democratic-party-win-the-ca-09-house-seat,2026-10-10T17:26:32.436514+00:00
0x44f7e3582eba72648fb5e03cb1dacc0ace21da93285999c7e14642cf91e279bf,1281077,9839394132167490569494811921928425917610245224143989073663541732846436833998,60446209929786096368694078346117865767544859133427087059310525444225795781729,Will the Democratic Party win the CA-21 House seat?,True,Politics,2026-11-04,0.9565,0.949,0.964,14468.17907,55140.68544,0.04,16965.585622,ca-21-house-election-winner,will-the-democratic-party-win-the-ca-21-house-seat,https://polymarket.com/event/ca-21-house-election-winner/will-the-democratic-party-win-the-ca-21-house-seat,2026-10-10T17:26:32.436514+00:00
0x5023397754fdd487b957e203cf55f8ba7cc412a096b6b9d110933e20753c2053,1282769,48593915301513824754675795036918399098342443342199462614665200546792921742958,57831983623074560497820831807482473111253483268619356923850958490720597806024,Will the Democratic Party win the CA-41 House seat?,True,Politics,2026-11-04,0.9535,0.939,0.968,19619.87804,73070.36637,0.04,10221.304937,ca-41-house-election-winner,will-the-democratic-party-win-the-ca-41-house-seat,https://polymarket.com/event/ca-41-house-election-winner/will-the-democratic-party-win-the-ca-41-house-seat,2026-10-10T17:26:32.436514+00:00
0x5e95ab3b85ce3e98f7cc841671ddb18807c0819487134925b639402b499f360f,1282801,46673777763694916398875529692342633408590099825859504980336071003257635967376,2266150610231156507961859391981532319683166246581759469524804105404458600514,Will the Democratic Party win the CA-45 House seat?,True,Politics,2026-11-04,0.935,0.93,0.94,19415.3053,51940.5464,0.04,21296.94993,ca-45-house-election-winner,will-the-democratic-party-win-the-ca-45-house-seat,https://polymarket.com/event/ca-45-house-election-winner/will-the-democratic-party-win-the-ca-45-house-seat,2026-10-10T17:26:32.436514+00:00
0x7f45dfc2b4d3a1e844901e1ba60327b95d3003e4c99c20861737d46ca051c435,1282817,23550083646669959729728201378229661225715650257894963073625400004845620304219,32899679855920501535449587171204774452932205552442280881625687174702222039728,Will the Democratic Party win the CA-47 House seat?,True,Politics,2026-11-04,0.96,0.945,0.975,14351.51343,30801.64577,0.04,13353.743661000004,ca-47-house-election-winner,will-the-democratic-party-win-the-ca-47-house-seat,https://polymarket.com/event/ca-47-house-election-winner/will-the-democratic-party-win-the-ca-47-house-seat,2026-10-10T17:26:32.436514+00:00
0xa93d709843b6463ca80fcefde6e17f1c4674c28a81e62d72ba84067dc77bbe20,1282833,104036299545597550224954508385716352383975603171183358856957817363966564935570,94692606076985397950276755598943734138387285045195614743067215837832425021669,Will the Democratic Party win the CA-49 House seat?,True,Politics,2026-11-04,0.964,0.957,0.971,22193.07841,52715.81001,0.04,19783.216171,ca-49-house-election-winner,will-the-democratic-party-win-the-ca-49-house-seat,https://polymarket.com/event/ca-49-house-election-winner/will-the-democratic-party-win-the-ca-49-house-seat,2026-10-10T17:26:32.436514+00:00
0x8f35ac2342508effb27d426a1c2155aaffef093442c71573739cb18640edbfd1,1283489,40876554419338922997007322549207349127346826092054225500718986502680985663134,79834517898433000801311948028778581709065024661001558213004538466273662010942,Will the Democratic Party win the IN-07 House seat?,True,Politics,2026-11-04,0.967,0.947,0.987,22824.44445,39916.11739,0.04,7947.259561999999,in-07-house-election-winner,will-the-democratic-party-win-the-in-07-house-seat,https://polymarket.com/event/in-07-house-election-winner/will-the-democratic-party-win-the-in-07-house-seat,2026-10-10T17:26:32.436514+00:00
0x4465567f82d86fe0493c5629e53f30ddd2e3e9fc40de7523614480060bcaa745,1367022,31852593636801991200086898906828499880658531575792109649084400623596845659364,57084003340122118111944938024355642025085437545661556516334711333849714594593,Will Bad Bunny be named People's Sexiest Man Alive in 2026?,True,Culture,2027-01-01,0.085,0.08,0.09,2563.3256,23358.50707,0.05,6763.381975999999,peoples-sexiest-man-alive-2026,will-bad-bunny-be-named-peoples-sexiest-man-alive-in-2026-617,https://polymarket.com/event/peoples-sexiest-man-alive-2026/will-bad-bunny-be-named-peoples-sexiest-man-alive-in-2026-617,2026-10-10T17:26:32.436514+00:00
0xe10fc4d148f46fb57b8ced09ea771009035d50df28cedcd45150004d3e2be034,1367024,93805080138362904633087042999849115999253351579800696371775172813880967295265,22509854944591351350965179571192171393339233901910715760127914811753798348401,Will Connor Storrie be named People's Sexiest Man Alive in 2026?,True,Culture,2027-01-01,0.0055,0.002,0.009,1297.68096,23358.50707,0.05,1012.023778,peoples-sexiest-man-alive-2026,will-connor-storrie-be-named-peoples-sexiest-man-alive-in-2026-545,https://polymarket.com/event/peoples-sexiest-man-alive-2026/will-connor-storrie-be-named-peoples-sexiest-man-alive-in-2026-545,2026-10-10T17:26:32.436514+00:00
0xe96eeb79dd5c065bd09d105706c03a58672c66d171659e95ac191adc6c14c085,1367030,55452112303520956822815330263026146055099438603290297447345530847394457438017,74465139520988885865963482191777337963559754692926829335448465610612280861646,Will Noah Wyle be named People's Sexiest Man Alive in 2026?,True,Culture,2026-12-31,0.695,0.68,0.71,1667.5351,23358.50707,0.05,6604.979089999998,peoples-sexiest-man-alive-2026,will-noah-wyle-be-named-peoples-sexiest-man-alive-in-2026,https://polymarket.com/event/peoples-sexiest-man-alive-2026/will-noah-wyle-be-named-peoples-sexiest-man-alive-in-2026,2026-10-10T17:26:32.436514+00:00
0x5290ac302da33abf1dbe9057ef050d33b1186c9ada626c12efe3504680981d81,1830621,111647140921819961466230176319542016424137968439193555707992994475920171888594,111979970991263219237274442164664491369409912638424664181829510469655464920298,Will Flamengo win Copa Libertadores?,True,Sports,2026-12-12,0.435,0.43,0.44,1896.2939,3187.38431,0.03,2012.585096,2026-soccer-copa-libertadores-winner,2026-soccer-copa-libertadores-winner-flamengo,https://polymarket.com/event/2026-soccer-copa-libertadores-winner/2026-soccer-copa-libertadores-winner-flamengo,2026-10-10T17:26:32.436514+00:00
0xdb8e90cf84e7d99aba6b997383b52b61a41abf11d55105433284771054878848,1830625,28740386853072534471032014291680134189099526112241741507320998596140192279457,111093202764240704375677303817163204926230585797338411164771372392868665588303,Will Palmeiras win Copa Libertadores?,True,Sports,2026-12-12,0.265,0.25,0.28,585.9909,3187.38431,0.03,1768.1554119999998,2026-soccer-copa-libertadores-winner,2026-soccer-copa-libertadores-winner-palmeiras,https://polymarket.com/event/2026-soccer-copa-libertadores-winner/2026-soccer-copa-libertadores-winner-palmeiras,2026-10-10T17:26:32.436514+00:00
0xa4a28a02e05eae793b93bd30cc7eb203525804435d5bcfe4889ffce8d94adcff,2054223,7754512371734273015215938178714173418935846391326977358390432779966177844819,108449310026281098219666849639200747424450133056842631664918675889154878073660,Will Marine Le Pen be on the ballot for the 2027 French presidential election?,True,Politics,2027-07-01,0.905,0.9,0.91,19828.2725,694082.86447,0.04,34571.166108,2027-french-presidential-election-who-will-be-on-the-ballot,will-marine-le-pen-be-on-the-ballot-for-the-2027-french-presidential-election,https://polymarket.com/event/2027-french-presidential-election-who-will-be-on-the-ballot/will-marine-le-pen-be-on-the-ballot-for-the-2027-french-presidential-election,2026-10-10T17:26:32.436514+00:00
0x12ca66c6090f31d532fb447eb39ffb902d3e74faaa62cad15b61c17b510fea88,2054224,79573545395113607499457980203629849481438069774375121306971189413049799198986,34166537544584980835945387048987899679455576969076155852420765507546755821151,Will Jordan Bardella be on the ballot for the 2027 French presidential election?,True,Politics,2027-07-01,0.0675,0.063,0.072,16252.72775,694082.86447,0.04,32323.814461,2027-french-presidential-election-who-will-be-on-the-ballot,will-jordan-bardella-be-on-the-ballot-for-the-2027-french-presidential-election,https://polymarket.com/event/2027-french-presidential-election-who-will-be-on-the-ballot/will-jordan-bardella-be-on-the-ballot-for-the-2027-french-presidential-election,2026-10-10T17:26:32.436514+00:00
0x09f2818bd46df79d6ced926b5c0756f3dd55d11d8c765d472495ceae987cab0c,2054225,13019807592263695743949854781611320015506457057015747150989705856401994056334,31597292205352185311346198907318223588212225119348618682912413706869189329585,Will Éric Zemmour be on the ballot for the 2027 French presidential election?,True,Politics,2027-07-01,0.835,0.82,0.85,13345.1005,694082.86447,0.04,18957.555133,2027-french-presidential-election-who-will-be-on-the-ballot,will-ric-zemmour-be-on-the-ballot-for-the-2027-french-presidential-election,https://polymarket.com/event/2027-french-presidential-election-who-will-be-on-the-ballot/will-ric-zemmour-be-on-the-ballot-for-the-2027-french-presidential-election,2026-10-10T17:26:32.436514+00:00
0xb73b23b135bb40488931bbb9bde2a0a01c288c5896afb6d8baafcb3984840b35,2054226,16012696160155626522186558850012056837092159839091646459794947761234922917246,53924169082728652861194450228159438987526208187110639021938645556428984979751,Will Édouard Philippe be on the ballot for the 2027 French presidential election?,True,Politics,2027-07-01,0.905,0.89,0.92,12829.6761,694082.86447,0.04,20335.618912000005,2027-french-presidential-election-who-will-be-on-the-ballot,will-douard-philippe-be-on-the-ballot-for-the-2027-french-presidential-election,https://polymarket.com/event/2027-french-presidential-election-who-will-be-on-the-ballot/will-douard-philippe-be-on-the-ballot-for-the-2027-french-presidential-election,2026-10-10T17:26:32.436514+00:00
0x7d2ecf7563c0fb41821960433d12bdc31bde47aa57f76f3c9996c441b1fe3c2b,2054230,8218933591218521191568748491997678960877502694016647511529255769025902596712,58234197958171886838063758386954955269616815611588432825220526136245961434164,Will François Ruffin be on the ballot for the 2027 French presidential election?,True,Politics,2027-07-01,0.24,0.23,0.25,12593.7067,694082.86447,0.04,2554.8967930000003,2027-french-presidential-election-who-will-be-on-the-ballot,will-franois-ruffin-be-on-the-ballot-for-the-2027-french-presidential-election,https://polymarket.com/event/2027-french-presidential-election-who-will-be-on-the-ballot/will-franois-ruffin-be-on-the-ballot-for-the-2027-french-presidential-election,2026-10-10T17:26:32.436514+00:00
0x888a5a06d9d4d27167bc1a68ff0e42041ea6dd8ea23cf68634347fcbdade2896,2054231,107522054548411774619306634308113991946472753213652905906071779736176841571061,20771681877265264308908855977459709862176505925171698375029158451482559134757,Will Gabriel Attal be on the ballot for the 2027 French presidential election?,True,Politics,2027-07-01,0.215,0.2,0.23,13587.5412,694082.86447,0.04,17367.410993,2027-french-presidential-election-who-will-be-on-the-ballot,will-gabriel-attal-be-on-the-ballot-for-the-2027-french-presidential-election,https://polymarket.com/event/2027-french-presidential-election-who-will-be-on-the-ballot/will-gabriel-attal-be-on-the-ballot-for-the-2027-french-presidential-election,2026-10-10T17:26:32.436514+00:00
0x3a00d0d616d344c8cb25209a1df1ff01aa99bcbd7cecf13926959357c8b95223,2054232,7593969562324822692501363565205182443860928099163461045185140593084672689930,59683549832727433924360921737357771898611708060942579462981187475653164986034,Will Bruno Retailleau be on the ballot for the 2027 French presidential election?,True,Politics,2027-07-01,0.565,0.55,0.58,27168.5425,694082.86447,0.04,14384.37679,2027-french-presidential-election-who-will-be-on-the-ballot,will-bruno-retailleau-be-on-the-ballot-for-the-2027-french-presidential-election,https://polymarket.com/event/2027-french-presidential-election-who-will-be-on-the-ballot/will-bruno-retailleau-be-on-the-ballot-for-the-2027-french-presidential-election,2026-10-10T17:26:32.436514+00:00
0xec2ecbfc3000e9926526ed7ddc3fdf95a276318c561196eb755f7139d6204004,2054233,102262115230237987453449161184134133676754192566164424185713585786398680729646,37583791291730637134979090593931418652540918593508476316815582850940697054435,Will François Hollande be on the ballot for the 2027 French presidential election?,True,Politics,2027-07-01,0.39,0.37,0.41,25210.4576,694082.86447,0.04,36539.27536099999,2027-french-presidential-election-who-will-be-on-the-ballot,will-franois-hollande-be-on-the-ballot-for-the-2027-french-presidential-election,https://polymarket.com/event/2027-french-presidential-election-who-will-be-on-the-ballot/will-franois-hollande-be-on-the-ballot-for-the-2027-french-presidential-election,2026-10-10T17:26:32.436514+00:00
0x7e5a574615c94e01e4ac3279b2d4b25c8d3635bc1c622bcf73ce2a3c7407096f,2054234,95128328459600672872431663414733611782699451407655762383098119578070541934329,9148228280985091872555081318216249313542434664838053011966919087836015825851,Will Raphaël Glucksmann be on the ballot for the 2027 French presidential election?,True,Politics,2027-07-01,0.6,0.59,0.61,25706.6136,694082.86447,0.04,15592.009696,2027-french-presidential-election-who-will-be-on-the-ballot,will-raphal-glucksmann-be-on-the-ballot-for-the-2027-french-presidential-election,https://polymarket.com/event/2027-french-presidential-election-who-will-be-on-the-ballot/will-raphal-glucksmann-be-on-the-ballot-for-the-2027-french-presidential-election,2026-10-10T17:26:32.436514+00:00
0xc86ceab1f863c01c5c56939ce1d8d4a8d5b306dbbc5f22e8ab032b8da2498020,2054235,2583738577203734007698009588440975382774630959481204634058705370506593419099,71843097463083088434321921623375055459913087106489571207433290426478710982848,Will Jean-Luc Mélenchon be on the ballot for the 2027 French presidential election?,True,Politics,2027-07-01,0.9435,0.943,0.944,23760.22537,694082.86447,0.04,22306.445713000005,2027-french-presidential-election-who-will-be-on-the-ballot,will-jean-luc-mlenchon-be-on-the-ballot-for-the-2027-french-presidential-election,https://polymarket.com/event/2027-french-presidential-election-who-will-be-on-the-ballot/will-jean-luc-mlenchon-be-on-the-ballot-for-the-2027-french-presidential-election,2026-10-10T17:26:32.436514+00:00
0xdfdebe8ae752c3a9e9ec354cdbacd76d8ff2f4d7b218990ca0b5d043c2f7a1d0,2054236,52983298663339262026969404869995687109934741190374567200714264382560471690298,57192105662603697593037549158095717249084360978130340091867692830230297754,Will Marine Tondelier be on the ballot for the 2027 French presidential election?,True,Politics,2027-07-01,0.29,0.28,0.3,25112.7592,694082.86447,0.04,12866.931280999996,2027-french-presidential-election-who-will-be-on-the-ballot,will-marine-tondelier-be-on-the-ballot-for-the-2027-french-presidential-election,https://polymarket.com/event/2027-french-presidential-election-who-will-be-on-the-ballot/will-marine-tondelier-be-on-the-ballot-for-the-2027-french-presidential-election,2026-10-10T17:26:32.436514+00:00
0xc372e84c849b4756059daec6b37d45b4925be8363487a6db354e4c4e1841ebed,2054237,44146467575181363293684477134436449541840693765954391367217371109621873011911,113200634707113286734171952694776365802821382081175319858020877966254398111364,Will Fabien Roussel be on the ballot for the 2027 French presidential election?,True,Politics,2027-07-01,0.81,0.8,0.82,11186.3723,694082.86447,0.04,4718.030812000001,2027-french-presidential-election-who-will-be-on-the-ballot,will-fabien-roussel-be-on-the-ballot-for-the-2027-french-presidential-election,https://polymarket.com/event/2027-french-presidential-election-who-will-be-on-the-ballot/will-fabien-roussel-be-on-the-ballot-for-the-2027-french-presidential-election,2026-10-10T17:26:32.436514+00:00
0xd43d128d435fd9a585c397bbf6ea1a387ebcb2f9c5f5d19048fcf83f463e1885,2054238,113610682589657064555208385829185848089850346028778101808102378347014343368326,84462719493990720307092268568266564453883091885681926528900709451811877983867,Will Olivier Faure be on the ballot for the 2027 French presidential election?,True,Politics,2027-07-01,0.1075,0.103,0.112,12016.73744,694082.86447,0.04,4737.799690000001,2027-french-presidential-election-who-will-be-on-the-ballot,will-olivier-faure-be-on-the-ballot-for-the-2027-french-presidential-election,https://polymarket.com/event/2027-french-presidential-election-who-will-be-on-the-ballot/will-olivier-faure-be-on-the-ballot-for-the-2027-french-presidential-election,2026-10-10T17:26:32.436514+00:00
0xe90a8546106f5cc5642c08cd1601e7645d93fa5b21ff4bfd84b2d4aa13593d07,2054239,34620880706763291086744449593876431828535078089978904746359513569434783647137,58419103350049075941040353969100588509889502886425695188255745276165157978877,Will Dominique de Villepin be on the ballot for the 2027 French presidential election?,True,Politics,2027-07-01,0.305,0.3,0.31,26256.437,694082.86447,0.04,21467.860946,2027-french-presidential-election-who-will-be-on-the-ballot,will-dominique-de-villepin-be-on-the-ballot-for-the-2027-french-presidential-election,https://polymarket.com/event/2027-french-presidential-election-who-will-be-on-the-ballot/will-dominique-de-villepin-be-on-the-ballot-for-the-2027-french-presidential-election,2026-10-10T17:26:32.436514+00:00
0x0b3918ca6b169e13eecff0cddfe5d8a46bcee990da398c09d4d93145364bddfb,2054241,3169490839458870712170059782036116592435875549142224457893926188976932171850,5639953466673323673986702150091390706531286712483545424049367866934871294084,Will François Asselineau be on the ballot for the 2027 French presidential election?,True,Politics,2027-07-01,0.195,0.17,0.22,10978.0877,694082.86447,0.04,14373.865396,2027-french-presidential-election-who-will-be-on-the-ballot,will-franois-asselineau-be-on-the-ballot-for-the-2027-french-presidential-election,https://polymarket.com/event/2027-french-presidential-election-who-will-be-on-the-ballot/will-franois-asselineau-be-on-the-ballot-for-the-2027-french-presidential-election,2026-10-10T17:26:32.436514+00:00
0xca7fbf986cf64a98d8fa4ef560f45429d0316bde18e4444a94d3981cd55c93f1,2054242,79035947522755921670509853832704034121892978210917213389824256046715686510163,67936937481165989191071655192482892327782803248535418826278822975065444090723,Will Clémentine Autain be on the ballot for the 2027 French presidential election?,True,Politics,2027-07-01,0.0115,0.003,0.02,10845.72063,694082.86447,0.04,1894.576327,2027-french-presidential-election-who-will-be-on-the-ballot,will-clmentine-autain-be-on-the-ballot-for-the-2027-french-presidential-election,https://polymarket.com/event/2027-french-presidential-election-who-will-be-on-the-ballot/will-clmentine-autain-be-on-the-ballot-for-the-2027-french-presidential-election,2026-10-10T17:26:32.436514+00:00
0xcdde3052a795eaa094058fdf0f30ce714b4918394ae6168cb458b39286e75d4f,2054250,79894339753879755955360295536107129148986153301664002890940402354026103217524,113086239048590571801856817536769960767064790330417922065599076125725985919577,Will Gérald Darmanin be on the ballot for the 2027 French presidential election?,True,Politics,2027-04-18,0.034,0.032,0.036,15203.20603,694082.86447,0.04,6053.376074999998,2027-french-presidential-election-who-will-be-on-the-ballot,will-grald-darmanin-be-on-the-ballot-for-the-2027-french-presidential-election,https://polymarket.com/event/2027-french-presidential-election-who-will-be-on-the-ballot/will-grald-darmanin-be-on-the-ballot-for-the-2027-french-presidential-election,2026-10-10T17:26:32.436514+00:00
0xc991e4977f8b504529e93ffb308feb1e0127f447e5da47b4f5cc312a696dcee2,2054252,29139242352168112015210152529441040785565078456425687098626280062222765900250,58047956305213616440461789843816202089066813862427755491320530178474604597749,Will Bernard Cazeneuve be on the ballot for the 2027 French presidential election?,True,Politics,2027-04-18,0.103,0.1,0.106,14162.55817,694082.86447,0.04,11990.989997,2027-french-presidential-election-who-will-be-on-the-ballot,will-bernard-cazeneuve-be-on-the-ballot-for-the-2027-french-presidential-election,https://polymarket.com/event/2027-french-presidential-election-who-will-be-on-the-ballot/will-bernard-cazeneuve-be-on-the-ballot-for-the-2027-french-presidential-election,2026-10-10T17:26:32.436514+00:00
0x1c15916bb5d6edf0b8356181002ed964cd4e50da6a1a87b77d46f29ce73d4b63,2069953,43612859593689752150619592793340404702872324991306196189934020888278993577548,50787813508073790661967699266046967431082155248089018946306634551863450777177,Will Nathalie Arthaud be on the ballot for the 2027 French presidential election?,True,Politics,2027-04-18,0.875,0.86,0.89,14157.4159,694082.86447,0.04,8197.386672999999,2027-french-presidential-election-who-will-be-on-the-ballot,will-nathalie-arthaud-be-on-the-ballot-for-the-2027-french-presidential-election,https://polymarket.com/event/2027-french-presidential-election-who-will-be-on-the-ballot/will-nathalie-arthaud-be-on-the-ballot-for-the-2027-french-presidential-election,2026-10-10T17:26:32.436514+00:00
0xf68b70ff2188b785d49fb999046a72d1071c38fb279ed31a3cb3dcee87306b27,2069963,58951821754318908776964594536978834460038302476574549770753606964032824513411,76030173413422979730689360129454564331781183029447353465818682365893769063686,Will Jérôme Guedj be on the ballot for the 2027 French presidential election?,True,Politics,2027-04-18,0.0565,0.052,0.061,13531.00755,694082.86447,0.04,7247.518548,2027-french-presidential-election-who-will-be-on-the-ballot,will-jrme-guedj-be-on-the-ballot-for-the-2027-french-presidential-election,https://polymarket.com/event/2027-french-presidential-election-who-will-be-on-the-ballot/will-jrme-guedj-be-on-the-ballot-for-the-2027-french-presidential-election,2026-10-10T17:26:32.436514+00:00
0xe2dc926b0f11206e7eb2b5983a408ffac49ccc02cc4484afc7437dad55b001c7,2069978,295039928382764688380739557210096170250229349351908702544759177134980327113,71139927840703189802966413260699353520755818071505710524089689242790609221375,Will Karim Bouamrane be on the ballot for the 2027 French presidential election?,True,Politics,2027-04-18,0.0485,0.047,0.05,15022.40079,694082.86447,0.04,11252.923028,2027-french-presidential-election-who-will-be-on-the-ballot,will-karim-bouamrane-be-on-the-ballot-for-the-2027-french-presidential-election,https://polymarket.com/event/2027-french-presidential-election-who-will-be-on-the-ballot/will-karim-bouamrane-be-on-the-ballot-for-the-2027-french-presidential-election,2026-10-10T17:26:32.436514+00:00
0xdf13558e96bfc71ed246979e1db7d09b5a38ef56abd5e1369f18b0d286da65e2,2060100,66098501642786767104392043935317279793946246986981371544469439928517283542755,113950830436912686990544093422404285425094679828585059759126652631840222067393,Will Maura Higgins win Dancing With the Stars: Season 35?,True,Culture,2027-04-01,0.155,0.15,0.16,5292.83,79120.69242,0.05,18515.32281,who-will-win-dancing-with-the-stars-season-35,will-maura-higgins-win-dancing-with-the-stars-season-35,https://polymarket.com/event/who-will-win-dancing-with-the-stars-season-35/will-maura-higgins-win-dancing-with-the-stars-season-35,2026-10-10T17:26:32.436514+00:00
0x414b98dccd237d88925778b2d07c3cf2763dc2799bbc761b43e4ffa4cec1e2ca,2060101,24056442946863066082853025312633281548432184148051382574057358623013506961764,7905937172004896287030253385177186992962175321233359200129590756885796494183,Will Jenna Dewan win Dancing With the Stars: Season 35?,True,Culture,2026-12-31,0.06,0.05,0.07,4139.9225,79120.69242,0.05,2467.781226,who-will-win-dancing-with-the-stars-season-35,will-jenna-dewan-win-dancing-with-the-stars-season-35,https://polymarket.com/event/who-will-win-dancing-with-the-stars-season-35/will-jenna-dewan-win-dancing-with-the-stars-season-35,2026-10-10T17:26:32.436514+00:00
0x0974cd41ab2340f35b3577869cf686e07758cafe6ac4ac6f5186d8ac13459c68,2060102,10890348502425643176428983423297741320409956036782369716079420882445190183342,36906719469848127396665440519530775929995747757402907522980866578688243166579,Will Jackson Olson win Dancing With the Stars: Season 35?,True,Culture,2026-12-31,0.023,0.005,0.041,6303.9626,79120.69242,0.05,558.5857880000001,who-will-win-dancing-with-the-stars-season-35,will-jackson-olson-win-dancing-with-the-stars-season-35,https://polymarket.com/event/who-will-win-dancing-with-the-stars-season-35/will-jackson-olson-win-dancing-with-the-stars-season-35,2026-10-10T17:26:32.436514+00:00
0xcf27bb5f79f6e2cafb8fdae60dda23da0842aa164b106c067d1e1393d3e07e28,2060103,97877480261684094627470872701385477771870336725202297465631095558632175903427,71975397658468083931381867742925008547784783917081567436511462223451527999296,Will Amber Glenn win Dancing With the Stars: Season 35?,True,Culture,2026-12-31,0.12,0.11,0.13,5304.1699,79120.69242,0.05,11141.002565,who-will-win-dancing-with-the-stars-season-35,will-amber-glenn-win-dancing-with-the-stars-season-35,https://polymarket.com/event/who-will-win-dancing-with-the-stars-season-35/will-amber-glenn-win-dancing-with-the-stars-season-35,2026-10-10T17:26:32.436514+00:00
0x70cb4b8091fa53580fd44ae1c7fe6518203e4352c5887a6f9703f1e3b260ace2,2060104,112920461345949814353255975219984007102101347372263250273463681181342517591304,94070374966256059770403330463909846362705837469607861339551571698426677436199,Will Harry Shum Jr. win Dancing With the Stars: Season 35?,True,Culture,2026-12-31,0.105,0.1,0.11,7395.3099,79120.69242,0.05,6489.164496999999,who-will-win-dancing-with-the-stars-season-35,will-harry-shum-jr-win-dancing-with-the-stars-season-35,https://polymarket.com/event/who-will-win-dancing-with-the-stars-season-35/will-harry-shum-jr-win-dancing-with-the-stars-season-35,2026-10-10T17:26:32.436514+00:00
0xebeec58fad7c2073369f3551b26fb7e949646f5bf07bb2be251744a5036de4fa,2060106,27655427333696032650642694463650923031195279558056605394593015148420087142616,7053260496655950539683818615256245184282394781228965233006736332778665349920,Will Ezra Frech win Dancing With the Stars: Season 35?,True,Culture,2026-12-31,0.565,0.56,0.57,7786.8097,79120.69242,0.05,14423.960193000004,who-will-win-dancing-with-the-stars-season-35,will-ezra-frech-win-dancing-with-the-stars-season-35,https://polymarket.com/event/who-will-win-dancing-with-the-stars-season-35/will-ezra-frech-win-dancing-with-the-stars-season-35,2026-10-10T17:26:32.436514+00:00
0xefeeca76fdaf0fd84e9be68f5cc168a52aff2ab878af88c5a071cd4a42bd2e4b,2060107,72540658670905172181341624659603024114375634670959021587083307460196760506860,60706741577560512645099739605958688077438726657376753390248399670875058382324,Will Connor Wood win Dancing With the Stars: Season 35?,True,Culture,2026-12-31,0.0195,0.004,0.035,3530.67152,79120.69242,0.05,958.6,who-will-win-dancing-with-the-stars-season-35,will-connor-wood-win-dancing-with-the-stars-season-35,https://polymarket.com/event/who-will-win-dancing-with-the-stars-season-35/will-connor-wood-win-dancing-with-the-stars-season-35,2026-10-10T17:26:32.436514+00:00
0xb9275296f6e107dd15f671e6d42d7298977dd2d95472437d502f59059fc829e9,2060108,115499407508668664348044588493084458060597867099815915391386228662721866736162,17177857969457108615985970208378890321933327326356819366481827969920524478574,Will Guillermo Rodriguez win Dancing With the Stars: Season 35?,True,Culture,2026-12-31,0.0255,0.005,0.046,2860.62347,79120.69242,0.05,124.6,who-will-win-dancing-with-the-stars-season-35,will-guillermo-rodriguez-win-dancing-with-the-stars-season-35,https://polymarket.com/event/who-will-win-dancing-with-the-stars-season-35/will-guillermo-rodriguez-win-dancing-with-the-stars-season-35,2026-10-10T17:26:32.436514+00:00
0x3d4a1a3e0581eb60fdd03cc85b8190a9a1cfbda42f1aa9771e39197f8a21f441,2105977,51521497779380154558858664227546451933112892150984250255096573026768867177192,84641922064827552827253311981339741860829640000680909725575149181637431473946,Will another country leave OPEC in 2026?,True,Geopolitics,2026-12-31,0.095,0.09,0.1,18782.8846,18070.1051,0.0,190686.0249780001,will-another-country-leave-opec-in-2026,will-another-country-leave-opec-in-2026,https://polymarket.com/event/will-another-country-leave-opec-in-2026,2026-10-10T17:26:32.436514+00:00
0xe4044a81d532d3994fe8fd1d0ea0534843b2d0cc721565d5b35cb87c0c9f5fd1,2155244,96886936890552020721190108929271308812318740977726605105912895102331802835294,27451465821943473118530604729972622801944006419252473990168769260008625377794,Will María Corina Machado be the de facto leader of Venezuela at the end of 2026?,True,Politics,2026-12-31,0.0345,0.029,0.04,28990.2501,270928.50338,0.04,54543.94381799999,venezuela-de-facto-leader-end-of-2026,will-mara-corina-machado-be-the-de-facto-leader-of-venezuela-at-the-end-of-2026,https://polymarket.com/event/venezuela-de-facto-leader-end-of-2026/will-mara-corina-machado-be-the-de-facto-leader-of-venezuela-at-the-end-of-2026,2026-10-10T17:26:32.436514+00:00
0x9826355ea18ae77199fbf64bb121fdce76e8490d94391e6ee41b98d53c1f294d,2155249,8974244717652904327303216523495387783171428177047726748953726999270161495781,58220350188826600802283294605612715113825407231085143034935469146916804005727,Will Vladimir Padrino López be the de facto leader of Venezuela at the end of 2026?,True,Politics,2026-12-31,0.0015,0.001,0.002,15278.01701,270928.50338,0.04,68197.11900000002,venezuela-de-facto-leader-end-of-2026,will-vladimir-padrino-lpez-be-the-de-facto-leader-of-venezuela-at-the-end-of-2026,https://polymarket.com/event/venezuela-de-facto-leader-end-of-2026/will-vladimir-padrino-lpez-be-the-de-facto-leader-of-venezuela-at-the-end-of-2026,2026-10-10T17:26:32.436514+00:00
0x27d394a3f2d4a32850a1f567d1944b28c48a92540babbffc588743f063fe7ac7,2363831,79318443007323814887195500370242534687162014170584305007006859210229821236100,4917727600977017653784321604136931411383144252055902733301510335200577014453,Will Jerome Powell be TIME Person of the Year 2026?,True,Culture,2026-12-31,0.0215,0.007,0.036,17179.59597,548967.73381,0.05,289.410311,time-person-of-the-year-2026,will-jerome-powell-be-time-person-of-the-year-2026,https://polymarket.com/event/time-person-of-the-year-2026/will-jerome-powell-be-time-person-of-the-year-2026,2026-10-10T17:26:32.436514+00:00
0x2ec3186c25af8ca0e431db6fee3513489f6eddd7242c42eee59931b483d766ce,2363832,55324856138639668378123269728786302535994859173020263965580593909204298656516,23290231001956224045200722936263539744197541041811570296625986343049561705983,Will Dario Amodei be TIME Person of the Year 2026?,True,Culture,2026-12-31,0.07,0.069,0.071,19574.64029,548967.73381,0.05,3289.119638,time-person-of-the-year-2026,will-dario-amodei-be-time-person-of-the-year-2026,https://polymarket.com/event/time-person-of-the-year-2026/will-dario-amodei-be-time-person-of-the-year-2026,2026-10-10T17:26:32.436514+00:00
0x8c22beccaf5dd8d898570039f70d332bc993d8cb1edcb19dd24647a010fec557,2363833,98727053670810188490443574758442026915055539356758025977721425782935482884614,66857329199905570465368559658210223760264798803480282496856484065441495906273,Will Reid Wiseman be TIME Person of the Year 2026?,True,Culture,2026-12-31,0.0465,0.026,0.067,22279.25898,548967.73381,0.05,118.25733,time-person-of-the-year-2026,will-reid-wiseman-be-time-person-of-the-year-2026,https://polymarket.com/event/time-person-of-the-year-2026/will-reid-wiseman-be-time-person-of-the-year-2026,2026-10-10T17:26:32.436514+00:00
0x33f4b3a76fc6adb0f0f705808bfa133bd48ca1b79b9a7f952182555206351913,2363834,20710961152362241880774442976502891078724213888530081154312839354174397302350,14704364337221156454384409567424396003915390765729895004695230356621961826440,Will Shehbaz Sharif be TIME Person of the Year 2026?,True,Culture,2026-12-31,0.035,0.023,0.047,23759.73654,548967.73381,0.05,149.655329,time-person-of-the-year-2026,will-shehbaz-sharif-be-time-person-of-the-year-2026,https://polymarket.com/event/time-person-of-the-year-2026/will-shehbaz-sharif-be-time-person-of-the-year-2026,2026-10-10T17:26:32.436514+00:00
0xea4ed38f531f9786dfd1e157d7f17c659077b0082aefec46ad5fb37b777e16f0,2363835,78815940021045606641440422428300777753054439603144468994915704317778192677336,22076556895864251825445230615432784251365295047008338599447913775221108528802,Will ChatGPT be TIME Person of the Year 2026?,True,Culture,2026-12-31,0.0315,0.015,0.048,23517.62642,548967.73381,0.05,146.14,time-person-of-the-year-2026,will-chatgpt-be-time-person-of-the-year-2026,https://polymarket.com/event/time-person-of-the-year-2026/will-chatgpt-be-time-person-of-the-year-2026,2026-10-10T17:26:32.436514+00:00
0xab7081796629558979a40115a0870f0fb746779ee0d0bbbed534bb0c1907653b,2363836,91195573269222885139319238736030855111206053072927457343337731770808533820424,45651345344142649841430162181092891967488050486162596482613977017412609088883,Will Sam Altman be TIME Person of the Year 2026?,True,Culture,2026-12-31,0.0455,0.041,0.05,25272.12233,548967.73381,0.05,291.109518,time-person-of-the-year-2026,will-sam-altman-be-time-person-of-the-year-2026,https://polymarket.com/event/time-person-of-the-year-2026/will-sam-altman-be-time-person-of-the-year-2026,2026-10-10T17:26:32.436514+00:00
0xa44f29126cefb6c4f51b98043e94faec39e90d1e12d0eb310937b6c81e3fa869,2363837,4123149736118864694566230758163571517520946389210330950664168360590565059249,86722672886488891236625211440339711539485151218557543737719778041662018073249,Will Taylor Swift be TIME Person of the Year 2026?,True,Culture,2026-12-31,0.032,0.017,0.047,20913.82166,548967.73381,0.05,133.64897100000002,time-person-of-the-year-2026,will-taylor-swift-be-time-person-of-the-year-2026,https://polymarket.com/event/time-person-of-the-year-2026/will-taylor-swift-be-time-person-of-the-year-2026,2026-10-10T17:26:32.436514+00:00
0x892d1e281ad603dffc0361a23072a601c14025da05a512f9f3812dbff5414b5c,2363838,80715501435278800376538251697430664442452728911302405234327845338824540021870,34549773038979064901724285499914776654132933909773184675996537142779268108127,Will Marco Rubio be TIME Person of the Year 2026?,True,Culture,2026-12-31,0.0345,0.022,0.047,21944.84938,548967.73381,0.05,712.557811,time-person-of-the-year-2026,will-marco-rubio-be-time-person-of-the-year-2026,https://polymarket.com/event/time-person-of-the-year-2026/will-marco-rubio-be-time-person-of-the-year-2026,2026-10-10T17:26:32.436514+00:00
0x22215d1b4337eb3bf7dc9778e934e8b81622ee452eec229ecaa00c8f7d2b209c,2363839,75367588828315360472160079256172432293386038873034820850918099354645625473,46184468207884350472956586001359096407499319668760213167805292046622472002579,Will Victor Glover be TIME Person of the Year 2026?,True,Culture,2026-12-31,0.0465,0.034,0.059,22811.10915,548967.73381,0.05,161.962889,time-person-of-the-year-2026,will-victor-glover-be-time-person-of-the-year-2026,https://polymarket.com/event/time-person-of-the-year-2026/will-victor-glover-be-time-person-of-the-year-2026,2026-10-10T17:26:32.436514+00:00
0xf9defdfbc645a8a06734f250fbfb37269b43ac50fbc03ff5dc260d90fffa3d22,2363840,19529461727473340015632106766376024119061265189139390324721125014506108674892,36907940124880352863825757054347831984792202604070891338546580060775045647937,Will Mohammad-Bagher Ghalibaf be TIME Person of the Year 2026?,True,Culture,2026-12-31,0.042,0.039,0.045,25857.8643,548967.73381,0.05,9127.542004,time-person-of-the-year-2026,will-mohammad-bagher-ghalibaf-be-time-person-of-the-year-2026,https://polymarket.com/event/time-person-of-the-year-2026/will-mohammad-bagher-ghalibaf-be-time-person-of-the-year-2026,2026-10-10T17:26:32.436514+00:00
0x19990f2703267c16ebdcfcc5f514244839ba0c31592e01ff9a937ce7831dce2c,2363841,25355603116220024644264183514305246858377103748103450198992774898439760029079,67392743246932090054055091435881058742145119546356906698459155187690439651572,Will Péter Magyar be TIME Person of the Year 2026?,True,Culture,2026-12-31,0.031,0.016,0.046,22327.1873,548967.73381,0.05,274.45696300000003,time-person-of-the-year-2026,will-pter-magyar-be-time-person-of-the-year-2026,https://polymarket.com/event/time-person-of-the-year-2026/will-pter-magyar-be-time-person-of-the-year-2026,2026-10-10T17:26:32.436514+00:00
0xba0808fbb35d07e14ecf98e22ca74bc4b5613947f614029432337298af267e4d,2363842,55660108007606265786043981619562704583897999652265582673499371383418897683387,48718143209624693256819602231099408338723531923132662349159259974089875524537,Will Donald Trump be TIME Person of the Year 2026?,True,Culture,2026-12-31,0.075,0.07,0.08,26939.3002,548967.73381,0.05,12737.967981,time-person-of-the-year-2026,will-donald-trump-be-time-person-of-the-year-2026,https://polymarket.com/event/time-person-of-the-year-2026/will-donald-trump-be-time-person-of-the-year-2026,2026-10-10T17:26:32.436514+00:00
0xc36f13fb975afe21daa6b863e055b80a0322186fd8af361e4c1a315c92c48d35,2363843,93547204301728188493186073729566863961255963880889581557252027015925549390518,95303672580215270288772409575952564223736310435417524375146690450384551256383,Will Pope Leo XIV be TIME Person of the Year 2026?,True,Culture,2026-12-31,0.095,0.09,0.1,23858.3638,548967.73381,0.05,23112.590362,time-person-of-the-year-2026,will-pope-leo-xiv-be-time-person-of-the-year-2026,https://polymarket.com/event/time-person-of-the-year-2026/will-pope-leo-xiv-be-time-person-of-the-year-2026,2026-10-10T17:26:32.436514+00:00
0x9c08dd09883c33419b3dc35ee73720c0f69c33246c1c8370f9572279707a40d5,2363844,75219721190829533004296881569889865263645607082195400521306397405990606723860,114169068717289116554861249264824916099637224786297311464587351996474994462411,Will Zohran Mamdani be TIME Person of the Year 2026?,True,Culture,2026-12-31,0.285,0.28,0.29,39498.1027,548967.73381,0.05,35042.822304999994,time-person-of-the-year-2026,will-zohran-mamdani-be-time-person-of-the-year-2026,https://polymarket.com/event/time-person-of-the-year-2026/will-zohran-mamdani-be-time-person-of-the-year-2026,2026-10-10T17:26:32.436514+00:00
0xa55aba6f5c78f51112da71f57888efba75e85840a9afafe42ab9f3dedf8fc338,2363845,11851956469848634980207520526898346338982459773540369636173629205859966642440,111597729371760155208100172414381200777957149730404680620365117456232056799422,Will James Talarico be TIME Person of the Year 2026?,True,Culture,2026-12-31,0.06,0.042,0.078,23845.70112,548967.73381,0.05,118.443325,time-person-of-the-year-2026,will-james-talarico-be-time-person-of-the-year-2026,https://polymarket.com/event/time-person-of-the-year-2026/will-james-talarico-be-time-person-of-the-year-2026,2026-10-10T17:26:32.436514+00:00
0xee8e0462ec5a4c6100e390941358f387fb918bcbbebff110a08899626e8174ff,2363846,93008287820878887200712974821467347075999656260599302238263917376369194140081,43197213575674787383457636199274579984112063043708191143956605313875821141009,Will Christina Koch be TIME Person of the Year 2026?,True,Culture,2026-12-31,0.015,0.011,0.019,19936.56919,548967.73381,0.05,214.629899,time-person-of-the-year-2026,will-christina-koch-be-time-person-of-the-year-2026,https://polymarket.com/event/time-person-of-the-year-2026/will-christina-koch-be-time-person-of-the-year-2026,2026-10-10T17:26:32.436514+00:00
0x5ddf1776820e1f001635f0a48c280bffdd5eb9b526313418aba590f2924ab5e6,4798151,19801257871010915928461715426701726678695986988088749487395531360119171753647,53391694501701903402193426226407123831418161452850630232271922772235303076714,Will Mark Carney be TIME Person of the Year 2026?,True,Culture,2026-12-31,0.175,0.17,0.18,3049.8001,548967.73381,0.05,8502.471278999998,time-person-of-the-year-2026,will-mark-carney-be-time-person-of-the-year-2026,https://polymarket.com/event/time-person-of-the-year-2026/will-mark-carney-be-time-person-of-the-year-2026,2026-10-10T17:26:32.436514+00:00
0x78dec188011aa0e913ad017a4e377f2f832ca63e14d2adefa5011c3dd3f78cb2,4798150,7447086616240009244549196791097257101387909390912150910213412713825696964252,92734265292111875646458067666716481102231137548547498048817600905913833180134,Will Mojtaba Khamenei be TIME Person of the Year 2026?,True,Culture,2026-12-31,0.0335,0.021,0.046,846.17641,548967.73381,0.05,318.99,time-person-of-the-year-2026,will-mojtaba-khamenei-be-time-person-of-the-year-2026,https://polymarket.com/event/time-person-of-the-year-2026/will-mojtaba-khamenei-be-time-person-of-the-year-2026,2026-10-10T17:26:32.436514+00:00
0x0aeeb7488ba972277ce0408cbcdde8c45d65af33b756b0ae14cd00f8b3c875e3,5262635,21022716531966878854280832600479966102818065895563547772083442698010564402301,58717701967234030818500408776339852484911802807501346168313072299231926581097,Will Bernie Sanders be TIME Person of the Year 2026?,True,Culture,2027-01-01,0.0245,0.003,0.046,633.63738,548967.73381,0.05,226.19,time-person-of-the-year-2026,will-bernie-sanders-be-time-person-of-the-year-2026,https://polymarket.com/event/time-person-of-the-year-2026/will-bernie-sanders-be-time-person-of-the-year-2026,2026-10-10T17:26:32.436514+00:00
0x52d44bdfce1c325b9898833ac01d8be6cb831d5f85a1b82cea785aad21abde68,5262639,26387194225619385553503961016114493170943112242943435071534032097349589256300,94364553063211450100448769688089787098750891918205536665436378955399919321284,Will Alexandria Ocasio-Cortez be TIME Person of the Year 2026?,True,Culture,2027-01-01,0.0365,0.011,0.062,258.93762,548967.73381,0.05,221.98,time-person-of-the-year-2026,will-alexandria-ocasio-cortez-be-time-person-of-the-year-2026,https://polymarket.com/event/time-person-of-the-year-2026/will-alexandria-ocasio-cortez-be-time-person-of-the-year-2026,2026-10-10T17:26:32.436514+00:00
0xb71af27a1bbb8b91080a1636ae8052f6d4c81b4ede759dea9809de2a54560247,2371521,25220100596185851028567635190748284279545392897649574634975674224643594816097,15132325066291744004713450164712088340335338572260369166331084754310655809961,Will Debí Tirar Más Fotos be the top Spotify album for 2026?,True,Culture,2026-12-31,0.895,0.89,0.9,6511.1324,51193.00052,0.05,10394.461111,top-spotify-album-2026,will-deb-tirar-ms-fotos-be-the-top-spotify-album-for-2026,https://polymarket.com/event/top-spotify-album-2026/will-deb-tirar-ms-fotos-be-the-top-spotify-album-for-2026,2026-10-10T17:26:32.436514+00:00
0xbdb2364cad569a52bf2dc4d50c6b352882ddee3ac276fcd7474a5ddd6c897f76,2682267,57034376311603961348585747118614868773649102919261403071621710359790452292609,86600750607427938414340418437596152794251541875570835920025082727935186799873,Will Congress override any veto in 2026?,True,Politics,2027-01-01,0.096,0.06,0.132,10885.12607,968.70625,0.04,15599.709172999996,will-congress-override-any-veto-in-2026-20260624150337322,will-congress-override-any-veto-in-2026-20260624150337322,https://polymarket.com/event/will-congress-override-any-veto-in-2026-20260624150337322,2026-10-10T17:26:32.436514+00:00
0x97c0b1316b8d9ba677414e8a682948e7560c1af60fc239b085a68cc467c21f23,2695686,30446115040994756735976163960167805883187697808359254957130669387440187908610,102959860025519533768586392648393292830655850541879057833605543601433003729221,Will Alberto Núñez Feijóo be the next Prime Minister of Spain?,True,Politics,2028-04-01,0.805,0.8,0.81,88684.3469,1718640.42758,0.04,373175.6004730003,next-prime-minister-of-spain-20260625005215443,will-alberto-nunez-feijoo-be-the-next-prime-minister-of-spain-20260625005710103,https://polymarket.com/event/next-prime-minister-of-spain-20260625005215443/will-alberto-nunez-feijoo-be-the-next-prime-minister-of-spain-20260625005710103,2026-10-10T17:26:32.436514+00:00
0x28621f3082ebe46c9a7ffbdb3fc07f3601d3e4e2d6f5975199abb0ef48c4e9d4,3006483,96914958250546616618098909674490573266030506817741031776466109480920768219053,115344862533823877787593931582052527994258645729917868626175818881592688447868,Will the Democratic Party win the ME-02 House seat?,True,Politics,2026-11-04,0.375,0.37,0.38,69278.8293,123013.6363,0.04,18205.78384,me-02-house-election-winner-20260720160226434,will-the-democratic-party-win-the-me-01-house-seat-20260720160014016,https://polymarket.com/event/me-02-house-election-winner-20260720160226434/will-the-democratic-party-win-the-me-01-house-seat-20260720160014016,2026-10-10T17:26:32.436514+00:00
0x594753f5921304616f36fecd01677e5bf2f6f42a1093fa65e2cdff7193b43ffc,3081724,35060136240132571395133165793544488174574304926549949902253752591503618653125,99800683031715173270599094797879828927663082652293813937965741621476641062245,Will a hurricane make landfall in Hawaii before 2027?,True,climate,2026-12-31,0.105,0.1,0.11,622.449,622.449,0.05,59367.688949,will-a-hurricane-make-landfall-in-hawaii-before-2027-20260721182828397,will-a-hurricane-make-landfall-in-hawaii-before-2027-20260721182828397,https://polymarket.com/event/will-a-hurricane-make-landfall-in-hawaii-before-2027-20260721182828397,2026-10-10T17:26:32.436514+00:00
0x2a5b9da4c0094e043ca56272155c8af5c79cc24d534806b74f2d0845142d15f6,3142540,74378131879943986644067606369107436052118679453261437653318895322745607397373,56527018507912081358690879287311062729837521984186926284498422918834558365713,Will Ülle Madise be the next President of Estonia?,True,Politics,2027-01-01,0.9905,0.982,0.999,11994.15301,114495.0855,0.04,44245.642696,next-president-of-estonia-20260727225811942,will-ulle-madise-be-the-next-president-of-estonia-20260727225811944,https://polymarket.com/event/next-president-of-estonia-20260727225811942/will-ulle-madise-be-the-next-president-of-estonia-20260727225811944,2026-10-10T17:26:32.436514+00:00
0xc2d410ef160ff752611dde8638acd1716d8382a45bd6cb7c5692bb06553dcbdd,3343108,112631815696760308015879207569232436560894777106252894238120648921534834095752,41111665926635526432285716520396419729011018032776697295789419261630235141751,Will the Democratic Party candidate win the 2026 Alabama Senate election?,True,Politics,2026-11-04,0.0095,0.003,0.016,17867.42768,102980.72391,0.04,221.300583,alabama-senate-margin-of-victory-2026,will-the-democratic-party-candidate-win-the-2026-alabama-senate-election,https://polymarket.com/event/alabama-senate-margin-of-victory-2026/will-the-democratic-party-candidate-win-the-2026-alabama-senate-election,2026-10-10T17:26:32.436514+00:00
0x94fa0278fa3534bdf06c2e8296fd1d89652aa9bd58dc18d91cc2ee394563cb27,3343127,72886985091553225261880008335633731330398834377716296897321179753246165638738,94115373581743458717182959077368733146045011031701493146988015540134584877579,Will the Democratic Party candidate win the 2026 Arkansas Senate election?,True,Politics,2026-11-04,0.0355,0.031,0.04,11418.54047,74454.66695,0.04,780.2444710000001,arkansas-senate-margin-of-victory-2026,will-the-democratic-party-candidate-win-the-2026-arkansas-senate-election,https://polymarket.com/event/arkansas-senate-margin-of-victory-2026/will-the-democratic-party-candidate-win-the-2026-arkansas-senate-election,2026-10-10T17:26:32.436514+00:00
0x7f5706a1ae39a06a3ca1ff84d8e8426d2c6ce9632245b08e25fba29f577aedfc,3343316,26969987183147691459735958550527481658991321979903347263530424157323143990437,52866176050398509226953980575505222075212343898498605811148879704160503136428,Will the Democratic Party candidate win the 2026 Idaho Senate election?,True,Politics,2026-11-04,0.018,0.012,0.024,17511.70584,142080.01131,0.04,354.083296,idaho-senate-margin-of-victory-2026,will-the-democratic-party-candidate-win-the-2026-idaho-senate-election,https://polymarket.com/event/idaho-senate-margin-of-victory-2026/will-the-democratic-party-candidate-win-the-2026-idaho-senate-election,2026-10-10T17:26:32.436514+00:00
0xf27428d419f187b1d261b60155f957c3c948ab0f653bf5967d428cc67c043205,3343547,112865931018535043924604877802427749327024008755764693656162236690266569063025,79749174176509234772895575538666927830704611020442497424973516522517246210950,Will the Democratic Party candidate win the 2026 Kansas Senate election?,True,Politics,2026-11-04,0.37,0.35,0.39,26651.0048,111664.41005,0.04,1172.62049,kansas-senate-margin-of-victory-2026,will-the-democratic-party-candidate-win-the-2026-kansas-senate-election,https://polymarket.com/event/kansas-senate-margin-of-victory-2026/will-the-democratic-party-candidate-win-the-2026-kansas-senate-election,2026-10-10T17:26:32.436514+00:00
0x9d12d349880fef5031d4fe2d9d9f209a07fc4927494c4e641636a535627ba73d,3343566,92135384965904991509310221180450749977918144194214948401037138387071762157764,26286261479492598160997890750964186293858906942645397124541082005704295318890,Will the Democratic Party candidate win the 2026 Kentucky Senate election?,True,Politics,2026-11-04,0.015,0.006,0.024,19048.88977,147821.75297,0.04,290.303844,kentucky-senate-margin-of-victory-2026,will-the-democratic-party-candidate-win-the-2026-kentucky-senate-election,https://polymarket.com/event/kentucky-senate-margin-of-victory-2026/will-the-democratic-party-candidate-win-the-2026-kentucky-senate-election,2026-10-10T17:26:32.436514+00:00
0xc98809dc4a2f82647adac8bd0b37f96ebaf25f18e84ffb37ab1c54e3a12328ab,3343578,113137624964926268585589785670631416507830550735458719802369252044201032949357,113464373976006369499619671630644033443050386515409152857770330788072230728636,Will the Democratic Party candidate win the 2026 Louisiana Senate election?,True,Politics,2026-11-04,0.055,0.02,0.09,1571.4419,84297.88377,0.04,140.78454399999998,louisiana-senate-margin-of-victory-2026,will-the-democratic-party-candidate-win-the-2026-louisiana-senate-election,https://polymarket.com/event/louisiana-senate-margin-of-victory-2026/will-the-democratic-party-candidate-win-the-2026-louisiana-senate-election,2026-10-10T17:26:32.436514+00:00
0x146f30eec9f9e0bdea43a1838f89feaaddab399f150fab5fbd9839d89ec34d9c,3343915,68480239794038361406143076899055856619190312116315511680595576676848260383579,85259555605604406643081429051113590901725002439093001490925212330491619520704,Will the Democratic Party candidate win the 2026 Mississippi Senate election?,True,Politics,2026-11-04,0.0705,0.064,0.077,19763.76088,114155.87172,0.04,655.710381,mississippi-senate-election-margin-of-victory-first-round-20260804182229477,will-the-democratic-party-candidate-win-the-2026-mississippi-senate-election,https://polymarket.com/event/mississippi-senate-election-margin-of-victory-first-round-20260804182229477/will-the-democratic-party-candidate-win-the-2026-mississippi-senate-election,2026-10-10T17:26:32.436514+00:00
0xf3f0b72083c971f268d1b551595cdb8ea299d4dbd704a87371937cc5094596c7,3344073,6307834485558435215808626904255859755441792356631836236470061805834871616531,25244055968134986486992494906475431254542734104190434613133440885999175686108,Will the Democratic Party candidate win the 2026 Oklahoma Senate election?,True,Politics,2026-11-04,0.016,0.004,0.028,21738.75122,139669.23796,0.04,328.68,oklahoma-senate-margin-of-victory-2026,will-the-democratic-party-candidate-win-the-2026-oklahoma-senate-election,https://polymarket.com/event/oklahoma-senate-margin-of-victory-2026/will-the-democratic-party-candidate-win-the-2026-oklahoma-senate-election,2026-10-10T17:26:32.436514+00:00
0x68573b611a0f0ed6addf6b521c9b7d5b25a514488059b3df5fbb95a5f6adb0c9,3344127,36878701294622385303754057696699259232286823129835461549488433242784556609070,70664305890420256282542615611914423016679138511998294664139863001744809899932,Will the Democratic Party candidate win the 2026 South Carolina Senate election?,True,Politics,2026-11-04,0.145,0.14,0.15,16601.6399,142412.07129,0.04,1130.471946,south-carolina-senate-margin-of-victory-2026,will-the-democratic-party-candidate-win-the-2026-south-carolina-senate-election,https://polymarket.com/event/south-carolina-senate-margin-of-victory-2026/will-the-democratic-party-candidate-win-the-2026-south-carolina-senate-election,2026-10-10T17:26:32.436514+00:00
0x25eadca2e9a695a164b36a54af2f2179ee441196e699f9fae3a6675d43fb6399,3344157,32832180976319820233770784594777532825515834160906037910741389521155405934640,20012162845763899597614747550516928681399425257280221575897593369320928679581,Will the Democratic Party candidate win the 2026 Tennessee Senate election?,True,Politics,2026-11-04,0.039,0.031,0.047,22642.11269,151186.8468,0.04,842.727027,tennessee-senate-margin-of-victory-2026,will-the-democratic-party-candidate-win-the-2026-tennessee-senate-election,https://polymarket.com/event/tennessee-senate-margin-of-victory-2026/will-the-democratic-party-candidate-win-the-2026-tennessee-senate-election,2026-10-10T17:26:32.436514+00:00
0x84004cc7c3981b3a897eb5e92f87947fbb85c797dd7f50792310c7d625bea802,3344182,52028228058567050490082336528222808703081642301982405857835418872316431269613,75397803026063962993195301931809748047449563600859646220526634824361570735648,Will the Democratic Party candidate win the 2026 West Virginia Senate election?,True,Politics,2026-11-04,0.0145,0.005,0.024,19481.15829,159758.22433,0.04,546.813571,west-virginia-senate-margin-of-victory-2026,will-the-democratic-party-candidate-win-the-2026-west-virginia-senate-election,https://polymarket.com/event/west-virginia-senate-margin-of-victory-2026/will-the-democratic-party-candidate-win-the-2026-west-virginia-senate-election,2026-10-10T17:26:32.436514+00:00
0x0a8f330715259d2e4e61db388c480871a6acb375cc473747b8d50ae0c62629e2,3344233,27404948209862839323844430001109403958819859044996868930478464247467785332053,6234903910038882007401611208886178311766055797023651900910304656954548339954,Will the Democratic Party candidate win the 2026 Wyoming Senate election?,True,Politics,2026-11-04,0.0015,0.001,0.002,23378.11128,172836.69857,0.04,1103.511599,wyoming-senate-margin-of-victory-2026,will-the-democratic-party-candidate-win-the-2026-wyoming-senate-election,https://polymarket.com/event/wyoming-senate-margin-of-victory-2026/will-the-democratic-party-candidate-win-the-2026-wyoming-senate-election,2026-10-10T17:26:32.436514+00:00
0xbbe4ca5affae14e09bccc4be70631381cbf1bf6a343d2c2ebeb92ec4d9503e94,3364160,5347927708564596277152237992853544331067082389396950570366105113556124265958,47993908814211079241760748552425902755398501063762109405073869498741641041334,Will the Democratic Party Candidate win the 2026 Montana Senate election?,True,Politics,2026-11-04,0.0015,0.001,0.002,22665.82058,167460.39827,0.04,400.662402,montana-senate-margin-of-victory-2026,will-person-a-win-the-2026-montana-senate-election,https://polymarket.com/event/montana-senate-margin-of-victory-2026/will-person-a-win-the-2026-montana-senate-election,2026-10-10T17:26:32.436514+00:00
0xfcea35bd0c46e318c4896b86795d54785c09c3bc6b3f22baa18965b80d846081,3364285,112432943070684544837529617086045733232789214714632527644673344797017293426776,60866557809490209820164640815054706887071001500263621873464809822590447271911,Will the Democratic Party candidate win the 2026 Alabama gubernatorial election?,True,Politics,2026-11-04,0.081,0.048,0.114,923.56409,104620.22656,0.04,1046.9670159999998,alabama-governor-margin-of-victory-2026,will-the-democratic-party-candidate-win-the-2026-alabama-gubernatorial-election,https://polymarket.com/event/alabama-governor-margin-of-victory-2026/will-the-democratic-party-candidate-win-the-2026-alabama-gubernatorial-election,2026-10-10T17:26:32.436514+00:00
0x8b4b36c587dd1dae5f16c276ef03497123a7b5b9508caf970190c348b2c3b817,3364520,76908126982834266488628697988884956224930837143523772208734287112646488078678,76101638529562367190699623109171217510046349369083726946917500494414718235345,Will Texas Tech have an undefeated CFB regular season?,True,Sports,,0.235,0.22,0.25,2535.5515,11356.80134,0.05,911.754253,ncaa-football-team-to-have-an-undefeated-season-20260804202438626,will-texas-tech-have-an-undefeated-cfb-regular-season-20260804202438628,https://polymarket.com/event/ncaa-football-team-to-have-an-undefeated-season-20260804202438626/will-texas-tech-have-an-undefeated-cfb-regular-season-20260804202438628,2026-10-10T17:26:32.436514+00:00
0x096f5cd517efcac9c361365cdf36a28ef6f36600b87b3c840834cd072b7d4f27,3364529,73704413486891881155237259373427964911154474256613813738457073005902413622274,81346012993330188701703997416296626899732028271269291077259405806658851836565,Will Alabama have an undefeated CFB regular season?,True,Sports,,0.0935,0.06,0.127,715.5668,11356.80134,0.05,409.969061,ncaa-football-team-to-have-an-undefeated-season-20260804202438626,will-alabama-have-an-undefeated-cfb-regular-season-20260804202438637,https://polymarket.com/event/ncaa-football-team-to-have-an-undefeated-season-20260804202438626/will-alabama-have-an-undefeated-cfb-regular-season-20260804202438637,2026-10-10T17:26:32.436514+00:00
0x76714d3019dfb21c37ad81e6536d90a6b51b4e1d47f013f7e3686feeb1123978,3365538,97005440477277032334800804094918410665103215629730778353755196144330577675150,79222568676462787310563942062652151322078018563896325376851311004898244790263,Will the Democratic Party candidate win the 2026 Arkansas gubernatorial election?,True,Politics,2026-11-04,0.039,0.017,0.061,21510.21147,100998.03194,0.04,1043.408274,arkansas-governor-margin-of-victory-2026,will-the-democratic-party-candidate-win-the-2026-arkansas-gubernatorial-election,https://polymarket.com/event/arkansas-governor-margin-of-victory-2026/will-the-democratic-party-candidate-win-the-2026-arkansas-gubernatorial-election,2026-10-10T17:26:32.436514+00:00
0xb67b2a9eeb7c9eb7a5ad4a77cc66a1c2d48a2d6a0bd1725c7251e6b36c5e7b5c,3365657,5374535681097369337687371771187402563232531222465924718112802095374856136103,102245431104194375160044815797061802315627223812998716272433230784682193503974,Will the Democratic Party candidate win the 2026 Idaho gubernatorial election?,True,Politics,2026-11-04,0.0035,0.001,0.006,18805.05257,154468.88752,0.04,632.0574999999999,idaho-governor-margin-of-victory-2026,will-the-democratic-party-candidate-win-the-2026-idaho-gubernatorial-election,https://polymarket.com/event/idaho-governor-margin-of-victory-2026/will-the-democratic-party-candidate-win-the-2026-idaho-gubernatorial-election,2026-10-10T17:26:32.436514+00:00
0xd1137cff5d13e749b2f5e2ce1629ae909db2963a07f8b94690aa0c2c868def71,3369148,98024156104396635720277931445440924585268197624299419545106296886739198463285,37453546663434075233381508642176154392101133908232198339445197970513100124859,Will the Democratic Party candidate win the 2026 Nebraska gubernatorial election?,True,Politics,2026-11-04,0.122,0.075,0.169,1691.65959,82842.59069,0.04,176.30019900000002,nebraska-governor-margin-of-victory-2026,will-the-democratic-party-candidate-win-the-2026-nebraska-gubernatorial-election,https://polymarket.com/event/nebraska-governor-margin-of-victory-2026/will-the-democratic-party-candidate-win-the-2026-nebraska-gubernatorial-election,2026-10-10T17:26:32.436514+00:00
0x697111746adb6e81bbdb10313d1a4bc5c53ccde074f767e9416801e8378294c5,3369227,33677324094067659535016009166755151623373804207455946617460083577197975223827,7710184001588600074898944894170589223427851634647226870143450488043936634733,Will the Democratic Party candidate win the 2026 Oklahoma gubernatorial election?,True,Politics,2026-11-04,0.0595,0.051,0.068,23975.59239,117499.2908,0.04,594.84769,oklahoma-governor-margin-of-victory-2026,will-the-democratic-party-candidate-win-the-2026-oklahoma-gubernatorial-election,https://polymarket.com/event/oklahoma-governor-margin-of-victory-2026/will-the-democratic-party-candidate-win-the-2026-oklahoma-gubernatorial-election,2026-10-10T17:26:32.436514+00:00
0xee5b5623caa062e461762b7ebd1f65744196cd1886543949150260ddadcd1cf2,3369485,30878385568250269036922403541979196336116011100172030509700212644725712738474,114229706729092201748490566371667918431089471971236615348423574771339416579048,Will the Democratic Party candidate win the 2026 South Dakota gubernatorial election?,True,Politics,2026-11-04,0.013,0.006,0.02,24673.13046,141406.31912,0.04,1563.745064,south-dakota-governor-margin-of-victory-2026,will-the-democratic-party-candidate-win-the-2026-south-dakota-gubernatorial-election,https://polymarket.com/event/south-dakota-governor-margin-of-victory-2026/will-the-democratic-party-candidate-win-the-2026-south-dakota-gubernatorial-election,2026-10-10T17:26:32.436514+00:00
0xa288ba16845db2eaee7e0ded8bc1cbcf42bb6b09769407f86657d5a6f1ea8617,3369512,102611485756249416836549281697868549362431608386382371986217607856491804878629,61717675413163393865699787602820695771355709488180538836632936101304403449277,Will the Democratic Party candidate win the 2026 Tennessee gubernatorial election?,True,Politics,2026-11-04,0.064,0.03,0.098,1905.69571,107281.19106,0.04,460.109158,tennessee-governor-margin-of-victory-2026,will-the-democratic-party-candidate-win-the-2026-tennessee-gubernatorial-election,https://polymarket.com/event/tennessee-governor-margin-of-victory-2026/will-the-democratic-party-candidate-win-the-2026-tennessee-gubernatorial-election,2026-10-10T17:26:32.436514+00:00
0xa417a46b0344fe0209ab5f9b3782bcb59cc68f8c0bbd023ea9679e0ecd3ae0a6,3369552,82451098528555891186445524067982993069495275002026763738365156964680010611653,29317652187118397867915108406698705987786816665251960190732103219856511085775,Will the Democratic Party candidate win the 2026 Vermont gubernatorial election?,True,Politics,2026-11-04,0.265,0.26,0.27,16916.0993,82234.12136,0.04,7802.953116,vermont-governor-margin-of-victory-2026,will-the-democratic-party-candidate-win-the-2026-vermont-gubernatorial-election,https://polymarket.com/event/vermont-governor-margin-of-victory-2026/will-the-democratic-party-candidate-win-the-2026-vermont-gubernatorial-election,2026-10-10T17:26:32.436514+00:00
0x2fb0deec071159336c3bbe1a633c2ff741e332f2d7bee65a369f97d2b85af096,3369565,62494856306098715275973704893756117218029969085400853979485118785041942847719,50408633648824231689345187091846790394435776796007338972628320192770313646889,Will the Democratic Party candidate win the 2026 Wyoming gubernatorial election?,True,Politics,2026-11-04,0.0055,0.002,0.009,24247.73526,157070.09065,0.04,776.12,wyoming-governor-margin-of-victory-2026,will-the-democratic-party-candidate-win-the-2026-wyoming-gubernatorial-election,https://polymarket.com/event/wyoming-governor-margin-of-victory-2026/will-the-democratic-party-candidate-win-the-2026-wyoming-gubernatorial-election,2026-10-10T17:26:32.436514+00:00
0xa0a2bd902d0d9767f5617c5a2d623fa1d0737519736731be2b57ce97a9dcd617,3399899,54185463123177219219383302867202930005160038390033845277092313713710133585807,1279118239034093059915988100362249141104791329603507105328785333014092810835,Will Harry Kane finish in the top 5 of the 2026 Ballon d'Or?,True,Sports,2027-01-01,0.981,0.978,0.984,6881.76931,81780.07382,0.05,3595.963708,ballon-dor-top-5-finish-2026,will-harry-kane-finish-in-the-top-5-of-the-2026-ballon-dor,https://polymarket.com/event/ballon-dor-top-5-finish-2026/will-harry-kane-finish-in-the-top-5-of-the-2026-ballon-dor,2026-10-10T17:26:32.436514+00:00
0x743a08030e23b1ab5fa640b858e326f4e0c0ee3a69c328ad6fa5741b11a91536,3399900,62495438701992550950006785500129391581048562867519866224090316757077511023509,17419971150834798697463643202003047643720079759507721163379932538099220909066,Will Lamine Yamal finish in the top 5 of the 2026 Ballon d'Or?,True,Sports,2027-01-01,0.965,0.963,0.967,7269.98964,81780.07382,0.05,10058.13323,ballon-dor-top-5-finish-2026,will-lamine-yamal-finish-in-the-top-5-of-the-2026-ballon-dor,https://polymarket.com/event/ballon-dor-top-5-finish-2026/will-lamine-yamal-finish-in-the-top-5-of-the-2026-ballon-dor,2026-10-10T17:26:32.436514+00:00
0x7d3723cedb733b3045f7b8b1263a230f03ebf9a8e692387e005d29c7e31a3453,3399901,87606932765903027745095443717187877834118899018734389711624404260810199794745,89494855508338177369027793486521061650308729711165214558541184057013507511229,Will Kylian Mbappé finish in the top 5 of the 2026 Ballon d'Or?,True,Sports,2027-01-01,0.925,0.92,0.93,7986.973,81780.07382,0.05,13545.371588000002,ballon-dor-top-5-finish-2026,will-kylian-mbappe-finish-in-the-top-5-of-the-2026-ballon-dor,https://polymarket.com/event/ballon-dor-top-5-finish-2026/will-kylian-mbappe-finish-in-the-top-5-of-the-2026-ballon-dor,2026-10-10T17:26:32.436514+00:00
0x143b8a8710b982dd843dc4f67eb59251de662922fb7bef5ceade2f1e9c6d4c03,3399902,76229642320639990049043633849133012825415801561516341121315404598702037786511,58829560295499740609660642929697807513390126090205362406474768907907825820153,Will Rodri finish in the top 5 of the 2026 Ballon d'Or?,True,Sports,2027-01-01,0.565,0.56,0.57,3746.3448,81780.07382,0.05,8641.668935999998,ballon-dor-top-5-finish-2026,will-rodri-finish-in-the-top-5-of-the-2026-ballon-dor,https://polymarket.com/event/ballon-dor-top-5-finish-2026/will-rodri-finish-in-the-top-5-of-the-2026-ballon-dor,2026-10-10T17:26:32.436514+00:00
0x02cf7e70a5bb40322574685c171b22299993e8ae28d353528d69ca4640e1734a,3399904,109508305811608362481552936177321415656634089861862696307207579214123744668556,25391001355184152172451345202337642600636368997941124014650370181484722944061,Will Khvicha Kvaratskhelia finish in the top 5 of the 2026 Ballon d'Or?,True,Sports,2027-01-01,0.335,0.33,0.34,8703.0608,81780.07382,0.05,20959.99605,ballon-dor-top-5-finish-2026,will-khvicha-kvaratskhelia-finish-in-the-top-5-of-the-2026-ballon-dor,https://polymarket.com/event/ballon-dor-top-5-finish-2026/will-khvicha-kvaratskhelia-finish-in-the-top-5-of-the-2026-ballon-dor,2026-10-10T17:26:32.436514+00:00
0x40ff65a753ae933a0169157b90cbcd4722001e99487a8652e6e8332c3fda4cc8,3399906,108344148092703014113967081676852784504655588478314930682261629377150250575610,36977275822964727770163913500712455331924031136638105270507329551499726606356,Will Lionel Messi finish in the top 5 of the 2026 Ballon d'Or?,True,Sports,2027-01-01,0.635,0.63,0.64,5130.7177,81780.07382,0.05,25071.967904,ballon-dor-top-5-finish-2026,will-lionel-messi-finish-in-the-top-5-of-the-2026-ballon-dor,https://polymarket.com/event/ballon-dor-top-5-finish-2026/will-lionel-messi-finish-in-the-top-5-of-the-2026-ballon-dor,2026-10-10T17:26:32.436514+00:00
0xfb151c80d7c98c122757e40426adb38efd524ed14ffe3ecd97bf51e333cc20ba,3399908,96248616642887738753848198287717414129527826190964695892502116103872897913430,91684713860288159564425191289379835059769300950455662606510525895882547078099,Will Fabian Ruiz finish in the top 5 of the 2026 Ballon d'Or?,True,Sports,2027-01-01,0.1155,0.115,0.116,3645.27149,81780.07382,0.05,18065.727739,ballon-dor-top-5-finish-2026,will-fabian-ruiz-finish-in-the-top-5-of-the-2026-ballon-dor,https://polymarket.com/event/ballon-dor-top-5-finish-2026/will-fabian-ruiz-finish-in-the-top-5-of-the-2026-ballon-dor,2026-10-10T17:26:32.436514+00:00
0x9a89274dff8f22d194a9a1e4c79a55af820a6bbc00aaeb836910a60938ab8275,3399909,44613633232591746645419871917900189174660534680053981544864349720412194970193,79792190784508645326675018039131900379141227428373424401236426514816272128366,Will Ousmane Dembélé finish in the top 5 of the 2026 Ballon d'Or?,True,Sports,2027-01-01,0.175,0.17,0.18,7348.6389,81780.07382,0.05,11060.197278,ballon-dor-top-5-finish-2026,will-ousmane-dembele-finish-in-the-top-5-of-the-2026-ballon-dor,https://polymarket.com/event/ballon-dor-top-5-finish-2026/will-ousmane-dembele-finish-in-the-top-5-of-the-2026-ballon-dor,2026-10-10T17:26:32.436514+00:00
0x7318704958dc08cb8de3e95510d95196218131ae781ab4a16c562ee7ded45f65,3399910,82597455094285121115078463322908616146918229299631996455061669013691676707375,55131520260788649444388911268291796418437850159460604536242103613677196736582,Will Pau Cubarsi finish in the top 5 of the 2026 Ballon d'Or?,True,Sports,2027-01-01,0.0235,0.023,0.024,2605.36908,81780.07382,0.05,6991.887472,ballon-dor-top-5-finish-2026,will-pau-cubarsi-finish-in-the-top-5-of-the-2026-ballon-dor,https://polymarket.com/event/ballon-dor-top-5-finish-2026/will-pau-cubarsi-finish-in-the-top-5-of-the-2026-ballon-dor,2026-10-10T17:26:32.436514+00:00
0xc1fb52fce46c094c2a33b68d73080b15fb1bc9e5f0571097ac2e8164317e343a,3399911,52518065834752760512799289163791459750937055667270871350956454421691959219019,84552754346800235507655449200020427861857502735378487650303759836371648567795,Will Erling Haaland finish in the top 5 of the 2026 Ballon d'Or?,True,Sports,2027-01-01,0.085,0.08,0.09,2305.7781,81780.07382,0.05,5562.872695,ballon-dor-top-5-finish-2026,will-erling-haaland-finish-in-the-top-5-of-the-2026-ballon-dor,https://polymarket.com/event/ballon-dor-top-5-finish-2026/will-erling-haaland-finish-in-the-top-5-of-the-2026-ballon-dor,2026-10-10T17:26:32.436514+00:00
0x270f1a94a360d14bd7a95fa1ba509c227553cb59b199b4473c6180dc307cd655,3399912,59768525632835717590873439818619966230421459168343806282402858348753574143987,25708609795592061632652334197106966978413301667817035145666735790136864341615,Will Jude Bellingham finish in the top 5 of the 2026 Ballon d'Or?,True,Sports,2027-01-01,0.0525,0.039,0.066,1725.02601,81780.07382,0.05,982.933781,ballon-dor-top-5-finish-2026,will-jude-bellingham-finish-in-the-top-5-of-the-2026-ballon-dor,https://polymarket.com/event/ballon-dor-top-5-finish-2026/will-jude-bellingham-finish-in-the-top-5-of-the-2026-ballon-dor,2026-10-10T17:26:32.436514+00:00
0x89bd1a8ed95619ca0d22b1556ffc78d3f509d5991f50249586c98bdb80b01c42,3399913,36693872774218995033645893637748977819030531512059538001601640452972177189873,22027520855448037692540952713074176544205596396685445165684040006596788623264,Will Michael Olise finish in the top 5 of the 2026 Ballon d'Or?,True,Sports,2027-01-01,0.355,0.35,0.36,3551.1058,81780.07382,0.05,12930.731658,ballon-dor-top-5-finish-2026,will-michael-olise-finish-in-the-top-5-of-the-2026-ballon-dor,https://polymarket.com/event/ballon-dor-top-5-finish-2026/will-michael-olise-finish-in-the-top-5-of-the-2026-ballon-dor,2026-10-10T17:26:32.436514+00:00
0xf59e2d2b6bc5a3027a6e89b22603192e5a9a8b00e9ace38e0f54858b4bd9c491,3399933,82409000335425278488665362664302751035390635261239067486132710111934029644470,12309270468396165654057975251335444576145032815785874140561915764438174859360,Will Harry Kane finish in the top 3 of the 2026 Ballon d'Or?,True,Sports,2027-01-01,0.9695,0.969,0.97,44065.60646,123953.25523,0.05,116693.16028000004,ballon-dor-top-3-finish-2026,will-harry-kane-finish-in-the-top-3-of-the-2026-ballon-dor,https://polymarket.com/event/ballon-dor-top-3-finish-2026/will-harry-kane-finish-in-the-top-3-of-the-2026-ballon-dor,2026-10-10T17:26:32.436514+00:00
0xcfdf93623aed3f154f16976adda6d28e6d17cd7ff837e7c389ca43db1daf69e1,3399934,20244707896856009517518608521959978978331246275620618377629957629913871784296,44814132146964462041104569749560028287587300629188076883208595552020103249655,Will Lamine Yamal finish in the top 3 of the 2026 Ballon d'Or?,True,Sports,2027-01-01,0.9655,0.962,0.969,8295.93388,123953.25523,0.05,47395.03690199999,ballon-dor-top-3-finish-2026,will-lamine-yamal-finish-in-the-top-3-of-the-2026-ballon-dor,https://polymarket.com/event/ballon-dor-top-3-finish-2026/will-lamine-yamal-finish-in-the-top-3-of-the-2026-ballon-dor,2026-10-10T17:26:32.436514+00:00
0x61c85ceb5eb8c7bac9850da91d05b557d6942b5c4cfa40b37a09ea6c87657fca,3399935,74473996442012992380676870006739770237037057336567567233855106290930440805273,94460938716696962400906318004981079238211572891965687608128793145682575549865,Will Kylian Mbappé finish in the top 3 of the 2026 Ballon d'Or?,True,Sports,2027-01-01,0.66,0.65,0.67,9120.8789,123953.25523,0.05,64572.321736000005,ballon-dor-top-3-finish-2026,will-kylian-mbappe-finish-in-the-top-3-of-the-2026-ballon-dor,https://polymarket.com/event/ballon-dor-top-3-finish-2026/will-kylian-mbappe-finish-in-the-top-3-of-the-2026-ballon-dor,2026-10-10T17:26:32.436514+00:00
0x257b7316d160474d04cac2a25fa1d19989b123900b5cc610b5290b5bb1e8362a,3399936,24791976294583322276800111719984853803927020120808752661366180123701483089790,41721041026870607028575681788940355978229045642094586500562747855544548109895,Will Rodri finish in the top 3 of the 2026 Ballon d'Or?,True,Sports,2027-01-01,0.155,0.14,0.17,5034.8973,123953.25523,0.05,14557.323811,ballon-dor-top-3-finish-2026,will-rodri-finish-in-the-top-3-of-the-2026-ballon-dor,https://polymarket.com/event/ballon-dor-top-3-finish-2026/will-rodri-finish-in-the-top-3-of-the-2026-ballon-dor,2026-10-10T17:26:32.436514+00:00
0x573b157703ef39c682aaa222bc869be0095a4c54609e944e5141f51d4950f29e,3399938,112435591087016076493208960534401323722333105737554100813225815674637878259660,63086127080680203778253022484510098280938456036714510564823281331392001317244,Will Lionel Messi finish in the top 3 of the 2026 Ballon d'Or?,True,Sports,2027-01-01,0.295,0.29,0.3,8360.437,123953.25523,0.05,29243.916947,ballon-dor-top-3-finish-2026,will-lionel-messi-finish-in-the-top-3-of-the-2026-ballon-dor,https://polymarket.com/event/ballon-dor-top-3-finish-2026/will-lionel-messi-finish-in-the-top-3-of-the-2026-ballon-dor,2026-10-10T17:26:32.436514+00:00
0x44a1efe9a95f7fde07b1ea5fd5d4e441431b1de47197345733fe624a02e177ad,3399939,6109648521992864850662261498111575102456231785363366567728408332175085743081,29912408893264447121551907352036467470060463190051962976550873668806352068532,Will Fabian Ruiz finish in the top 3 of the 2026 Ballon d'Or?,True,Sports,2027-01-01,0.0685,0.068,0.069,7377.01794,123953.25523,0.05,30270.510845000004,ballon-dor-top-3-finish-2026,will-fabian-ruiz-finish-in-the-top-3-of-the-2026-ballon-dor,https://polymarket.com/event/ballon-dor-top-3-finish-2026/will-fabian-ruiz-finish-in-the-top-3-of-the-2026-ballon-dor,2026-10-10T17:26:32.436514+00:00
0x10fbf1c50b66d31dbf296b21e40389d5a2026e98c1c0fd1a8467dab1a4f0c5d8,3399940,35134500188544784670217568673324639554618834173880098858795023800055456359897,76461781819910011111168128469423208485139661892587341689088401987002652842848,Will Ousmane Dembélé finish in the top 3 of the 2026 Ballon d'Or?,True,Sports,2027-01-01,0.06,0.05,0.07,5610.5423,123953.25523,0.05,13244.407329,ballon-dor-top-3-finish-2026,will-ousmane-dembele-finish-in-the-top-3-of-the-2026-ballon-dor,https://polymarket.com/event/ballon-dor-top-3-finish-2026/will-ousmane-dembele-finish-in-the-top-3-of-the-2026-ballon-dor,2026-10-10T17:26:32.436514+00:00
0x04e720687dafbdb806076cd0ec3f4d5b028698470ae896ea33d9ddc579a87112,3399944,58386635724516440458415335260500030929166596152828032393784060930506114672165,101372183221956236686748126193355398810848048060264861535049274477911581378567,Will Michael Olise finish in the top 3 of the 2026 Ballon d'Or?,True,Sports,2027-01-01,0.055,0.045,0.065,4368.05773,123953.25523,0.05,13894.575400999998,ballon-dor-top-3-finish-2026,will-michael-olise-finish-in-the-top-3-of-the-2026-ballon-dor,https://polymarket.com/event/ballon-dor-top-3-finish-2026/will-michael-olise-finish-in-the-top-3-of-the-2026-ballon-dor,2026-10-10T17:26:32.436514+00:00
0x5506b3c88f47784028bf9eddcf019dd24f60e494d22e2c614e4ddd3a4ff042b7,3523458,32078345215581820040626846692278188953626722031601220881598688713009264087303,61643879363607548879312806853257990480248110286638405253599119228444052797627,Will the Democratic Party candidate win the 2026 UT-03 House election?,True,Politics,2026-11-04,0.0045,0.002,0.007,21192.37768,154856.62907,0.04,613.902888,ut-03-house-margin-of-victory-2026,will-the-democratic-party-candidate-win-the-2026-ut-03-house-election,https://polymarket.com/event/ut-03-house-margin-of-victory-2026/will-the-democratic-party-candidate-win-the-2026-ut-03-house-election,2026-10-10T17:26:32.436514+00:00
0x69d6b746eab43fbee55697b57eba787a397dbdc1d227fb9bbb6c37d66acec83b,3524501,73655659777087873966118889760605816558808759882316031589286892571883947329027,64011214652338021411226251374684347610934564671496570347210877858774937156875,Will the Democratic Party candidate win the 2026 UT-02 House election?,True,Politics,2026-11-04,0.0165,0.003,0.03,21282.46517,95177.78226,0.04,592.69225,ut-02-house-margin-of-victory-2026,will-the-democratic-party-candidate-win-the-2026-ut-02-house-election,https://polymarket.com/event/ut-02-house-margin-of-victory-2026/will-the-democratic-party-candidate-win-the-2026-ut-02-house-election,2026-10-10T17:26:32.436514+00:00
0xae137346847fe5f06e29e14655bd410c76292e4c46b9b0415a39ab494dfd99c0,3959616,89107393470830772166760540527560281945397796292892259140438235286994827924182,45371282692275828646112109486578172004268472047260165042528314504384915660817,Will Team USA win the 2027 Ryder Cup?,True,Sports,2027-09-20,0.385,0.37,0.4,5890.92,8115.3001,0.05,60.0,2027-ryder-cup-winner,will-team-usa-win-the-2027-ryder-cup,https://polymarket.com/event/2027-ryder-cup-winner/will-team-usa-win-the-2027-ryder-cup,2026-10-10T17:26:32.436514+00:00
0x9ee0a0833cdabd3c9cca010bd9951b978ac3606b935feef8b098a89222d58b17,3959617,24128152414068555748778311672321045501159475661340474663184721103050922250595,58174411280289067592391887858717752215965986724788467249844943229661920498107,Will Team Europe win the 2027 Ryder Cup?,True,Sports,2027-09-20,0.595,0.58,0.61,2264.1451,8115.3001,0.05,185.425953,2027-ryder-cup-winner,will-team-europe-win-the-2027-ryder-cup,https://polymarket.com/event/2027-ryder-cup-winner/will-team-europe-win-the-2027-ryder-cup,2026-10-10T17:26:32.436514+00:00
0xce6e9b84b9634838032f58b9a156161107f4c5bd891989227aec96e77a911067,4411997,17319096107860737100124063441255962811124901713052101303022930606768812982160,83605944898023337953963986133705571260729824146447852117067984751990528972853,Will Alexia Putellas win the 2026 Women's Ballon d'Or?,True,Sports,2026-10-27,0.932,0.926,0.938,18943.2126,96135.35553,0.05,26134.543453,womens-ballon-dor-winner-2026,will-alexia-putellas-win-the-2026-womens-ballon-dor,https://polymarket.com/event/womens-ballon-dor-winner-2026/will-alexia-putellas-win-the-2026-womens-ballon-dor,2026-10-10T17:26:32.436514+00:00
0xb58c4b4a243d6c2aa1e192df9de9f7121768e37440f486f5e888a073e68fb1ec,4425380,32522742101340653792731068174468712584905340565583833835742068373274309296797,66841063369387139354117178886702859859587488444084648235189096287253537969083,Will Lindsay Clancy rank in Google’s Top 5 Most Searched People of 2026?,True,Culture,2026-12-31,0.745,0.73,0.76,7457.8748,30583.25713,0.05,5006.138467,top-5-most-searched-people-on-google-2026,will-lindsay-clancy-rank-in-googles-top-5-most-searched-people-of-2026,https://polymarket.com/event/top-5-most-searched-people-on-google-2026/will-lindsay-clancy-rank-in-googles-top-5-most-searched-people-of-2026,2026-10-10T17:26:32.436514+00:00
0x2f4dc4c45799f3dbfd5627ac28b0dcb9c8dcee04ca21197d4b7b11bbe5f5befe,4425383,30092806564231685579391445519454433672339053951875889173589008392546684243657,4046714101529994735483769132998855092303102871991594875071423210425114571222,Will Erling Haaland rank in Google’s Top 5 Most Searched People of 2026?,True,Culture,2026-12-31,0.465,0.45,0.48,5370.4248,30583.25713,0.05,4215.767967,top-5-most-searched-people-on-google-2026,will-erling-haaland-rank-in-googles-top-5-most-searched-people-of-2026,https://polymarket.com/event/top-5-most-searched-people-on-google-2026/will-erling-haaland-rank-in-googles-top-5-most-searched-people-of-2026,2026-10-10T17:26:32.436514+00:00
0x8ef32572ad6c5c4b859527ce52ca53784d731e4c1693f16fb4190e9880f25b87,4425386,114688188808045687221868226759845020757945838218994207466606303218761773349498,26469496211408362856903612383565393426007760442702603951756075624735702340888,Will Bad Bunny rank in Google’s Top 5 Most Searched People of 2026?,True,Culture,2026-12-31,0.325,0.32,0.33,4255.2891,30583.25713,0.05,7748.321402,top-5-most-searched-people-on-google-2026,will-bad-bunny-rank-in-googles-top-5-most-searched-people-of-2026,https://polymarket.com/event/top-5-most-searched-people-on-google-2026/will-bad-bunny-rank-in-googles-top-5-most-searched-people-of-2026,2026-10-10T17:26:32.436514+00:00
0xa5773c68b749cfb85b05d58d32816096d72b6b3da65f10a9e9f8c1c29dc5f852,4425388,19302538567606598791946363427403624794117988527436123311713209665010988362684,45152169679306051675528784291868429737754061086313222901496769389415763636206,Will Donald Trump rank in Google’s Top 5 Most Searched People of 2026?,True,Culture,2026-12-31,0.1,0.09,0.11,4080.1744,30583.25713,0.05,2191.83056,top-5-most-searched-people-on-google-2026,will-donald-trump-rank-in-googles-top-5-most-searched-people-of-2026,https://polymarket.com/event/top-5-most-searched-people-on-google-2026/will-donald-trump-rank-in-googles-top-5-most-searched-people-of-2026,2026-10-10T17:26:32.436514+00:00
0xc56f33ebf16ac0cb795b2c6aee8c46d7671cf777a7be73b9567ac98a7a3761e5,4425404,54150514860306311782084435397910507654244936941693378336013788527840876797073,25754297995505446802103003274426298575238047277582576657577568399835546388517,Will Nicolás Maduro rank in Google’s Top 5 Most Searched People of 2026?,True,Culture,2026-12-31,0.325,0.32,0.33,1693.6036,30583.25713,0.05,2892.360307,top-5-most-searched-people-on-google-2026,will-nicolas-maduro-rank-in-googles-top-5-most-searched-people-of-2026,https://polymarket.com/event/top-5-most-searched-people-on-google-2026/will-nicolas-maduro-rank-in-googles-top-5-most-searched-people-of-2026,2026-10-10T17:26:32.436514+00:00
0x0e92bd62ad8516f1df559665086be733be6d85f4b3bb86fb1f3b9a6f08134b7e,4566252,101147175432297566165325006774554867263052923329793597879107059331542027810950,47740581278177696201188675270073375366123756859132922698271290350147216126534,Will Arsenal finish top 8 in UCL league phase?,True,Sports,2027-02-28,0.72,0.71,0.73,1755.1124,37536.36538,0.05,2.768889,uefa-champions-league-team-to-finish-top-8-in-league-phase,will-arsenal-finish-top-8-in-ucl-league-phase,https://polymarket.com/event/uefa-champions-league-team-to-finish-top-8-in-league-phase/will-arsenal-finish-top-8-in-ucl-league-phase,2026-10-10T17:26:32.436514+00:00
0xdd9ff51e98b5f85b29c7c80b245ba668753438d9ad9ff3ee577d2110ff374489,4566254,26319661653580221782690487644668582568790357216542297091642458975130238399100,76017564926377810260105805126875741550944016219526567273218565431783874095382,Will Manchester City finish top 8 in UCL league phase?,True,Sports,2027-02-28,0.67,0.66,0.68,1591.3426,37536.36538,0.05,,uefa-champions-league-team-to-finish-top-8-in-league-phase,will-manchester-city-finish-top-8-in-ucl-league-phase,https://polymarket.com/event/uefa-champions-league-team-to-finish-top-8-in-league-phase/will-manchester-city-finish-top-8-in-ucl-league-phase,2026-10-10T17:26:32.436514+00:00
0x19b29bc6b4f72c6ad9afc9c45223449dffaa6310c293828488c7d029ad7fe3f5,4566258,22224754569834903690046028068810099185200777902777084548688531338006920170324,86750536347350477534308610786223794243818970404810945825507459171396129210105,Will Manchester United finish top 8 in UCL league phase?,True,Sports,2027-02-28,0.325,0.32,0.33,1584.755,37536.36538,0.05,,uefa-champions-league-team-to-finish-top-8-in-league-phase,will-manchester-united-finish-top-8-in-ucl-league-phase,https://polymarket.com/event/uefa-champions-league-team-to-finish-top-8-in-league-phase/will-manchester-united-finish-top-8-in-ucl-league-phase,2026-10-10T17:26:32.436514+00:00
0xfdd953220ff7fae463e4778367c2b6fb15657c765432a5e64a1ca1e73a09a797,4566262,1754760025944130864012083589444891427920752231475911782493590722886511693856,11123818247894256656146049015388983108137877726274166114155921114018240195189,Will Liverpool finish top 8 in UCL league phase?,True,Sports,2027-02-28,0.645,0.64,0.65,1602.9946,37536.36538,0.05,81.66,uefa-champions-league-team-to-finish-top-8-in-league-phase,will-liverpool-finish-top-8-in-ucl-league-phase,https://polymarket.com/event/uefa-champions-league-team-to-finish-top-8-in-league-phase/will-liverpool-finish-top-8-in-ucl-league-phase,2026-10-10T17:26:32.436514+00:00
0x4c1a018871e61a9f24201ea263483a889aa1139313c90b8f8178f6ac06b91e0e,4566284,106602434514124228099096459754066325238319373874311222065290624527735939433208,53122468270298804173260773131983202342424564313679924702339559247303635353165,Will Barcelona finish top 8 in UCL league phase?,True,Sports,2027-02-28,0.715,0.71,0.72,3958.9574,37536.36538,0.05,4693.1555530000005,uefa-champions-league-team-to-finish-top-8-in-league-phase,will-barcelona-finish-top-8-in-ucl-league-phase,https://polymarket.com/event/uefa-champions-league-team-to-finish-top-8-in-league-phase/will-barcelona-finish-top-8-in-ucl-league-phase,2026-10-10T17:26:32.436514+00:00
0xa15eb63663ec267a21cadf8e27c5e15778ac05b3c62045754536dd6a9feac586,4566287,4417495335237419680285037325920120235960135049889636844931091274720459650107,100778086522395944651248957243859501715368088597164475125250422677507458825507,Will Real Madrid finish top 8 in UCL league phase?,True,Sports,2027-02-28,0.745,0.74,0.75,2338.7241,37536.36538,0.05,3400.94,uefa-champions-league-team-to-finish-top-8-in-league-phase,will-real-madrid-finish-top-8-in-ucl-league-phase,https://polymarket.com/event/uefa-champions-league-team-to-finish-top-8-in-league-phase/will-real-madrid-finish-top-8-in-ucl-league-phase,2026-10-10T17:26:32.436514+00:00
0x13f7e71a46a79005cfaba3cc3f138038f126c3088e17191c7c9d00bb8b8b7b2b,4566300,52527998723398870235669883749711300218921978985717077719519719032848099875163,71320711983683447065113382811250864714691607438819053080666549100319877725225,Will Bayern Munich finish top 8 in UCL league phase?,True,Sports,2027-02-28,0.73,0.72,0.74,1945.3543,37536.36538,0.05,1419.7718359999997,uefa-champions-league-team-to-finish-top-8-in-league-phase,will-bayern-munich-finish-top-8-in-ucl-league-phase,https://polymarket.com/event/uefa-champions-league-team-to-finish-top-8-in-league-phase/will-bayern-munich-finish-top-8-in-ucl-league-phase,2026-10-10T17:26:32.436514+00:00
0xa0ccc84080d1b1c29004d7356d011d4624b91147fcf67baf6eb47a4c03dab107,4566308,68107416848975397733144130273927647877816132247544452481057855775271454624238,13951134499825393634273816223832360693009254919349830953545972808621143884078,Will VfB Stuttgart finish top 8 in UCL league phase?,True,Sports,2027-02-28,0.225,0.22,0.23,1803.4982,37536.36538,0.05,101.265823,uefa-champions-league-team-to-finish-top-8-in-league-phase,will-vfb-stuttgart-finish-top-8-in-ucl-league-phase,https://polymarket.com/event/uefa-champions-league-team-to-finish-top-8-in-league-phase/will-vfb-stuttgart-finish-top-8-in-ucl-league-phase,2026-10-10T17:26:32.436514+00:00
0x441daa1def04a637ebaf3950950cf7b1dd75d7d486309d764cb4b35b983f5b01,4566312,102212288598697609372469332774190482791160803705176075541946624237599910580406,82312542748467395219801571854253071929041619496676564160315902649670384699988,Will Lens finish top 8 in UCL league phase?,True,Sports,2027-02-28,0.125,0.11,0.14,900.0328,37536.36538,0.05,1.12359,uefa-champions-league-team-to-finish-top-8-in-league-phase,will-lens-finish-top-8-in-ucl-league-phase,https://polymarket.com/event/uefa-champions-league-team-to-finish-top-8-in-league-phase/will-lens-finish-top-8-in-ucl-league-phase,2026-10-10T17:26:32.436514+00:00
0x7e43c297f5cd11002abf76251d175186d20ae71b7b0bcf66090c0d5ba98ed79b,4566339,38980815832524737033585985811008429587338670111138119011267157594075870928635,80071055018586328738813231466190525853588888727856736297237956908533460908850,Will Galatasaray finish top 8 in UCL league phase?,True,Sports,2027-02-28,0.0505,0.05,0.051,603.50345,37536.36538,0.05,1108.878325,uefa-champions-league-team-to-finish-top-8-in-league-phase,will-galatasaray-finish-top-8-in-ucl-league-phase,https://polymarket.com/event/uefa-champions-league-team-to-finish-top-8-in-league-phase/will-galatasaray-finish-top-8-in-ucl-league-phase,2026-10-10T17:26:32.436514+00:00
0x4930d5b3451de5278de776da2ebaa0f9914eaa072f0055f9581cac9ba84dd559,4570716,78567162160923482366606413622134043821431187190105441348806200791569724271185,44991002993345705283813694029016433576907503184563661793237073134786587659946,Saxony-Anhalt snap election called in 2026?,True,Politics,2027-01-01,0.215,0.18,0.25,761.8668,683.7868,0.04,2192.253681,saxony-anhalt-snap-election-called-in-2026,saxony-anhalt-snap-election-called-in-2026,https://polymarket.com/event/saxony-anhalt-snap-election-called-in-2026,2026-10-10T17:26:32.436514+00:00
0x85ca83689dcdeac0d1fc36c92383ea130857fdf1a936028b1b06300b43aac29f,4662689,51756651129063286836478056810964393647279938649695891397322968393705394468398,67128751468483556229832759208366883546322755534707299877343488487587068231726,Will Kendrick Lamar be featured on GTA VI: The Album?,True,Culture,2026-11-26,0.235,0.23,0.24,380.9322,4769.30558,0.05,4727.478973,who-will-be-featured-on-gta-vi-the-album,will-kendrick-lamar-be-featured-on-gta-vi-the-album,https://polymarket.com/event/who-will-be-featured-on-gta-vi-the-album/will-kendrick-lamar-be-featured-on-gta-vi-the-album,2026-10-10T17:26:32.436514+00:00
0x03c752b4664d1453485f3068180635296540b6d371e15aaa6ac2567b7a1147c9,4665442,13035140228718222588766953281435349046876248485978830021382269498609064833298,105061650404959719826050826138388314943751732534919355447530003212569826756372,FTC opens investigation into AI book destruction in 2026?,True,Politics,2027-01-01,0.195,0.15,0.24,266.4151,10236.7088,0.04,1528.9233,ftc-opens-investigation-into-ai-book-destruction-in-2026,ftc-opens-investigation-into-ai-book-destruction-in-2026,https://polymarket.com/event/ftc-opens-investigation-into-ai-book-destruction-in-2026,2026-10-10T17:26:32.436514+00:00
0xfdfe2e6d0a556e66ffc9f44805e0b14fc56d4bf17aaca78d6fde5849aaee4c75,4688839,12898287549974848009922314645247727397783796119550715860387489455002101721691,22165142711071360167804268845248901054852094528724551928949650604408930910624,DOJ fines Nvidia over Groq deal in 2026?,True,Politics,2027-01-01,0.12,0.11,0.13,12333.4692,12131.2692,0.04,534.2027889999999,doj-fines-nvidia-over-groq-deal-in-2026,doj-fines-nvidia-over-groq-deal-in-2026,https://polymarket.com/event/doj-fines-nvidia-over-groq-deal-in-2026,2026-10-10T17:26:32.436514+00:00
0x8f4339b091027c5489c4e291f3ea8fe1c704f7363eb8d72c4735cd184ee5c200,5004029,68800478341702274358553500450750620441422033269760336660864262573298155237594,76616182070814885177141137739702247955037772925214055599555671825670127517572,SSC Napoli to score first vs. Frosinone Calcio?,True,Sports,2026-10-10,0.66,0.64,0.68,5807.2686,19572.8076,0.05,5.0,sea-nap-fro-2026-10-10-first-to-score,sea-nap-fro-2026-10-10-first-to-score-home,https://polymarket.com/event/sea-nap-fro-2026-10-10-first-to-score/sea-nap-fro-2026-10-10-first-to-score-home,2026-10-10T17:26:32.436514+00:00
0xcd3cbda6a161ba34900e40611878110881b8a6a895f337f7f7bccce6c7ee5533,5004030,37279064248965983698901201602437912480477197203812174468930793555273024581188,52421061302888527641961528383028987608254155838459863333934538633177120372200,Frosinone Calcio to score first vs. SSC Napoli?,True,Sports,2026-10-10,0.3,0.29,0.31,6319.6321,19572.8076,0.05,,sea-nap-fro-2026-10-10-first-to-score,sea-nap-fro-2026-10-10-first-to-score-away,https://polymarket.com/event/sea-nap-fro-2026-10-10-first-to-score/sea-nap-fro-2026-10-10-first-to-score-away,2026-10-10T17:26:32.436514+00:00
0x37ed8012c65da36010b3c82a1ec5b230909d4ece128683d4aacb3555fd23161d,5009473,58326252631267247754978284908698106732626003972850119693772900392176855562083,31386754163697083124248633981093602004520120649397090888752242856290832901552,AS Monaco FC to score first vs. Toulouse FC?,True,Sports,2026-10-10,0.64,0.62,0.66,5272.6677,17996.58815,0.05,,fl1-asm-tou-2026-10-10-first-to-score,fl1-asm-tou-2026-10-10-first-to-score-home,https://polymarket.com/event/fl1-asm-tou-2026-10-10-first-to-score/fl1-asm-tou-2026-10-10-first-to-score-home,2026-10-10T17:26:32.436514+00:00
0xe4f7d22ee8bc2c97847cd65f900fe4be1f6ac533d60cb1318843ed50249ff934,5009477,100466678192104471506436650393353527974669860317539624559547916165712600761190,67420529466830689006654197752156505392432344584661444305405582328933480146967,Toulouse FC to score first vs. AS Monaco FC?,True,Sports,2026-10-10,0.31,0.3,0.32,5188.5082,17996.58815,0.05,,fl1-asm-tou-2026-10-10-first-to-score,fl1-asm-tou-2026-10-10-first-to-score-away,https://polymarket.com/event/fl1-asm-tou-2026-10-10-first-to-score/fl1-asm-tou-2026-10-10-first-to-score-away,2026-10-10T17:26:32.436514+00:00
0x356de2f35f752800d525aa587d8d5d7f58f20b5119ce31b2aa5bcc2e7d1fffa8,5009704,17633044993399183745793264629202234361915339747258885022678056300809805985454,8881676228281256172910467748847611248763854242787631828233087973852070158843,Stade Brestois 29 to score first vs. Angers SCO?,True,Sports,2026-10-10,0.595,0.59,0.6,3965.9656,15063.24143,0.05,50.84,fl1-sbr-ang-2026-10-10-first-to-score,fl1-sbr-ang-2026-10-10-first-to-score-home,https://polymarket.com/event/fl1-sbr-ang-2026-10-10-first-to-score/fl1-sbr-ang-2026-10-10-first-to-score-home,2026-10-10T17:26:32.436514+00:00
0x69e741148608ccba5465539737a7b6fce1fc7f86ef0f86f3283b3dc7c0fa422a,5009708,18471336983359428250431743196132776308131781870906940987433152192343389208263,103901038405586549089879787006885534985078659916728378290017227958683719449021,Angers SCO to score first vs. Stade Brestois 29?,True,Sports,2026-10-10,0.355,0.33,0.38,4227.5343,15063.24143,0.05,,fl1-sbr-ang-2026-10-10-first-to-score,fl1-sbr-ang-2026-10-10-first-to-score-away,https://polymarket.com/event/fl1-sbr-ang-2026-10-10-first-to-score/fl1-sbr-ang-2026-10-10-first-to-score-away,2026-10-10T17:26:32.436514+00:00
0x4bbac137e26020de3a93239400d5c3ff7ac3b90141d549c4a04c3e3ea9b32712,5009950,53255602505353191026010349682698659233773504811955943152781685867647418061782,65283044781833658451001748658159650682620653159127872814777252649312873682784,Paris FC to score first vs. FC Lorient?,True,Sports,2026-10-10,0.54,0.52,0.56,4670.6097,18231.2428,0.05,,fl1-lor-pfc-2026-10-10-first-to-score,fl1-lor-pfc-2026-10-10-first-to-score-away,https://polymarket.com/event/fl1-lor-pfc-2026-10-10-first-to-score/fl1-lor-pfc-2026-10-10-first-to-score-away,2026-10-10T17:26:32.436514+00:00
0x157b08dc7d9edf1b533f3f33ede9208070aeaa73492d04d22a9a1bedc08f72fc,5010018,66533217826928956967795441888500484700767051006998015542328304315915390645160,98281471753149648043511750437213499530154957057930076855272032236437924958343,Exact Score: Paris Saint-Germain FC 0 - 1 Le Mans FC?,True,Sports,2026-10-10,0.011,0.01,0.012,78295.27719,915799.48267,0.05,9.9898,fl1-psg-lmf-2026-10-10-exact-score,fl1-psg-lmf-2026-10-10-exact-score-0-1,https://polymarket.com/event/fl1-psg-lmf-2026-10-10-exact-score/fl1-psg-lmf-2026-10-10-exact-score-0-1,2026-10-10T17:26:32.436514+00:00
0x61609940e8c4075e6933b0c6c41eb5cd46bc8e7dc1fac0e9c2758d0173c853c0,5010033,100233083609489787052736103195237540293624866548187141825724037722680840008385,51315944189294699137992379455016920742727792833322581601619826409629778663920,Exact Score: Paris Saint-Germain FC 1 - 2 Le Mans FC?,True,Sports,2026-10-10,0.0135,0.012,0.015,51123.20786,915799.48267,0.05,,fl1-psg-lmf-2026-10-10-exact-score,fl1-psg-lmf-2026-10-10-exact-score-1-2,https://polymarket.com/event/fl1-psg-lmf-2026-10-10-exact-score/fl1-psg-lmf-2026-10-10-exact-score-1-2,2026-10-10T17:26:32.436514+00:00
0x5c4d1afb8a03969afee9e6448fd258daa642ea2b5894f2523ba6e7c9464bb30c,5010127,61537650912173903617761347422945053635879862337309964881676016436396807792707,65046848028307897823375627412379038657649900580283252611293382575721077318681,Le Mans FC to score first vs. Paris Saint-Germain FC?,True,Sports,2026-10-10,0.155,0.14,0.17,5202.4103,17786.25811,0.05,,fl1-psg-lmf-2026-10-10-first-to-score,fl1-psg-lmf-2026-10-10-first-to-score-away,https://polymarket.com/event/fl1-psg-lmf-2026-10-10-first-to-score/fl1-psg-lmf-2026-10-10-first-to-score-away,2026-10-10T17:26:32.436514+00:00
0x819970f16f610b1fb376840a4a81b38f81afffa41ecd531eb0fc4ec306752826,5012747,108337782775387288762569561032514999373158325050479330169082462091369489652874,63519050277935487728346483656891645508829901561154917674406368978260802010736,SSC Napoli vs. Frosinone Calcio: Both Teams to Score,True,Sports,2026-10-10,0.615,0.61,0.62,84322.1521,1086296.62411,0.05,1592.250238,sea-nap-fro-2026-10-10-more-markets,sea-nap-fro-2026-10-10-btts,https://polymarket.com/event/sea-nap-fro-2026-10-10-more-markets/sea-nap-fro-2026-10-10-btts,2026-10-10T17:26:32.436514+00:00
0x29d780036cdb01bc3bd2f7e810b2d576164c5725702eaa51752d82bf2cb6eb81,5012752,43947769609857731205889193292008492524150312043932450166186770121989950677501,18877813336583700002508734120967651648501863550352689175692376905993043255664,SSC Napoli vs. Frosinone Calcio: Both Teams to Score in First Half,True,Sports,2026-10-10,0.235,0.21,0.26,17498.115,1086296.62411,0.05,,sea-nap-fro-2026-10-10-more-markets,sea-nap-fro-2026-10-10-btts-first-half,https://polymarket.com/event/sea-nap-fro-2026-10-10-more-markets/sea-nap-fro-2026-10-10-btts-first-half,2026-10-10T17:26:32.436514+00:00
0xfe0d51e02c4190bffed6f7b23ec8f5979a95f674d378274a5315757896ca270a,5012794,46095676877376642102134773003275365051451620689700714014373959914543809373982,46287899403753717351342988829910533330207503596575505119915445450077525165989,Manchester United FC vs. Tottenham Hotspur FC: Both Teams to Score,True,Sports,2026-10-10,0.335,0.33,0.34,435784.5386,1537712.29982,0.05,39006.072457,epl-mun-tot-2026-10-10-more-markets,epl-mun-tot-2026-10-10-btts,https://polymarket.com/event/epl-mun-tot-2026-10-10-more-markets/epl-mun-tot-2026-10-10-btts,2026-10-10T17:26:32.436514+00:00
0x133bfd00dbaf8a608395863e1581bc453f5e2f33dc53e71b053f9373950b843e,5012904,9212482108483410920695619261769302755695367630109833677050970317399994500870,108361574593016701409993671810254668566876532543756097988306523753732679028548,Manchester United FC vs. Tottenham Hotspur FC: Both Teams to Score in Second Half,True,Sports,2026-10-10,0.345,0.31,0.38,508.7317,1537712.29982,0.05,25.052632,epl-mun-tot-2026-10-10-more-markets,epl-mun-tot-2026-10-10-btts-second-half,https://polymarket.com/event/epl-mun-tot-2026-10-10-more-markets/epl-mun-tot-2026-10-10-btts-second-half,2026-10-10T17:26:32.436514+00:00
0x9beca03fd376a09d8d8e72f16c374d601aafd283a5390e15051e54aed1652df2,5012797,31086084096129016340734883080905532968523783865781157079946736361489185075068,13635462303527587959155555277617613810694122218375176913941593358789317798475,RB Leipzig vs. Eintracht Frankfurt: Both Teams to Score,True,Sports,2026-10-10,0.615,0.61,0.62,20164.1455,563453.12088,0.05,8719.868198000002,bun-lei-ein-2026-10-10-more-markets,bun-lei-ein-2026-10-10-btts,https://polymarket.com/event/bun-lei-ein-2026-10-10-more-markets/bun-lei-ein-2026-10-10-btts,2026-10-10T17:26:32.436514+00:00
0xa669351965d02ffd51ae729e9efbb750d083ee91c4088312fe5eabaa9e414944,5012909,103134285905217115559377286646615057739107061158239104972227458633770755285366,88915392315265974405543029671421830462686312460317579547391327639529532502827,RB Leipzig vs. Eintracht Frankfurt: Both Teams to Score in Second Half,True,Sports,2026-10-10,0.45,0.39,0.51,1413.9797,563453.12088,0.05,,bun-lei-ein-2026-10-10-more-markets,bun-lei-ein-2026-10-10-btts-second-half,https://polymarket.com/event/bun-lei-ein-2026-10-10-more-markets/bun-lei-ein-2026-10-10-btts-second-half,2026-10-10T17:26:32.436514+00:00
0xdf3c3eff3dca37644b21833125c0e2bedc4d073e6ba7e385105cc878436a4a0a,5013039,11234189034966730520555283718723826016677541630963424099835923199834761940801,39894430852470122041642298862299810898970804686987587963567528324614835235914,FC Lorient vs. Paris FC: Both Teams to Score,True,Sports,2026-10-10,0.545,0.54,0.55,63129.1903,1143754.89917,0.05,246.433669,fl1-lor-pfc-2026-10-10-more-markets,fl1-lor-pfc-2026-10-10-btts,https://polymarket.com/event/fl1-lor-pfc-2026-10-10-more-markets/fl1-lor-pfc-2026-10-10-btts,2026-10-10T17:26:32.436514+00:00
0x5219253e666a5767aa60f47e12b4168a97d30636d9eba8b194585b662379fbce,5013043,59375821119186685313873264385470023396480461674952072262171085474453248064153,104862548867343753455588194239324771223107044807373669400319001266575365078992,FC Lorient vs. Paris FC: Both Teams to Score in First Half,True,Sports,2026-10-10,0.19,0.17,0.21,9574.6249,1143754.89917,0.05,,fl1-lor-pfc-2026-10-10-more-markets,fl1-lor-pfc-2026-10-10-btts-first-half,https://polymarket.com/event/fl1-lor-pfc-2026-10-10-more-markets/fl1-lor-pfc-2026-10-10-btts-first-half,2026-10-10T17:26:32.436514+00:00
0x8352b3a38d9b895272eed72a1505584074593562c34b7c7de831855b983a998b,5013284,3851034935051853510582095815591932193315429157418321514321901803777241231951,42835066548202911890891465928572174415409940451938293330950257058064038967571,Stade Brestois 29 vs. Angers SCO: Both Teams to Score,True,Sports,2026-10-10,0.595,0.59,0.6,62308.5363,1170844.68126,0.05,535.6893190000001,fl1-sbr-ang-2026-10-10-more-markets,fl1-sbr-ang-2026-10-10-btts,https://polymarket.com/event/fl1-sbr-ang-2026-10-10-more-markets/fl1-sbr-ang-2026-10-10-btts,2026-10-10T17:26:32.436514+00:00
0x72d592914f683ebf954412795883b652e619cf3b9f08c7ec9b98d4692a42ffe7,5013288,59030993880864487988159361191306078220203052129012067213582406364034404285192,12433967280486656018532618364330570183066347531927773433716998128956875997694,Stade Brestois 29 vs. Angers SCO: Both Teams to Score in First Half,True,Sports,2026-10-10,0.225,0.2,0.25,11329.4444,1170844.68126,0.05,,fl1-sbr-ang-2026-10-10-more-markets,fl1-sbr-ang-2026-10-10-btts-first-half,https://polymarket.com/event/fl1-sbr-ang-2026-10-10-more-markets/fl1-sbr-ang-2026-10-10-btts-first-half,2026-10-10T17:26:32.436514+00:00
0xcb5554d7267e5bebe45a50873507c020e1462613711bb0e29e0b32d9bd8895ce,5013493,68128098245011313026846332026262824657895179021154847110311765849415308055283,64022690857069696771328498861726043161031174491409431736276545067836660733365,AS Monaco FC vs. Toulouse FC: Both Teams to Score,True,Sports,2026-10-10,0.595,0.59,0.6,59782.942,1033174.59427,0.05,970.068245,fl1-asm-tou-2026-10-10-more-markets,fl1-asm-tou-2026-10-10-btts,https://polymarket.com/event/fl1-asm-tou-2026-10-10-more-markets/fl1-asm-tou-2026-10-10-btts,2026-10-10T17:26:32.436514+00:00
0x126811987de29a929000f03a66380ff8e4b3bbd26eaa8e619755f2986aa4bb1b,5013496,97905881919980010074290362686276151490610211497865798860422374297208076665597,59711742962918161738927392778213277178708363132714595491566192842316295980229,AS Monaco FC vs. Toulouse FC: Both Teams to Score in First Half,True,Sports,2026-10-10,0.22,0.2,0.24,11097.1903,1033174.59427,0.05,,fl1-asm-tou-2026-10-10-more-markets,fl1-asm-tou-2026-10-10-btts-first-half,https://polymarket.com/event/fl1-asm-tou-2026-10-10-more-markets/fl1-asm-tou-2026-10-10-btts-first-half,2026-10-10T17:26:32.436514+00:00
0xad1f3db24854b1bcccd3ad964b263e37e16c737c4b41cf8ac0317953f862bf6c,5015563,109697394669914662949010150669042044270208985735950158938261828617042050910403,42773838776236545793516445379608425842102917253785691831002237232239035726508,Real Madrid CF to score first vs. Villarreal CF?,True,Sports,2026-10-10,0.71,0.7,0.72,13004.822,34438.25449,0.05,6.388889,lal-rea-vil-2026-10-10-first-to-score,lal-rea-vil-2026-10-10-first-to-score-home,https://polymarket.com/event/lal-rea-vil-2026-10-10-first-to-score/lal-rea-vil-2026-10-10-first-to-score-home,2026-10-10T17:26:32.436514+00:00
0x6251aedd8df2fb77df2413c5de40f726c8429ca7507b5ab27ead8103b3897206,5015564,82859884569775474598342427826140874570005083682737652027909018657616655317164,90976680863869062149997807675060147512209576660356463080437214148768677703672,Villarreal CF to score first vs. Real Madrid CF?,True,Sports,2026-10-10,0.265,0.25,0.28,12742.967,34438.25449,0.05,,lal-rea-vil-2026-10-10-first-to-score,lal-rea-vil-2026-10-10-first-to-score-away,https://polymarket.com/event/lal-rea-vil-2026-10-10-first-to-score/lal-rea-vil-2026-10-10-first-to-score-away,2026-10-10T17:26:32.436514+00:00
0x0566dd98bd354068468501088e2265d5427b64c33f912ebe72f51ff70224f017,5016240,39607898827818301180029133275494212217290723737484522135214770499499931413269,75196510783526331078221336289932393985454332342462004227170939619199256108781,Real Madrid CF vs. Villarreal CF: Both Teams to Score,True,Sports,2026-10-10,0.655,0.65,0.66,87376.0881,2007912.57147,0.05,1676.4794380000003,lal-rea-vil-2026-10-10-more-markets,lal-rea-vil-2026-10-10-btts,https://polymarket.com/event/lal-rea-vil-2026-10-10-more-markets/lal-rea-vil-2026-10-10-btts,2026-10-10T17:26:32.436514+00:00
0xdfda7ea7ffa67c55912994bbd26ff58337aec07d0d541f81250977e5e5e06eb5,5016241,1937204115553698744055119230730385782927753255431525037204073684989054781088,3247828532596297233272982985807685842025957230522131492468072349165272742101,Real Madrid CF vs. Villarreal CF: Both Teams to Score in First Half,True,Sports,2026-10-10,0.29,0.28,0.3,20550.8004,2007912.57147,0.05,3.571429,lal-rea-vil-2026-10-10-more-markets,lal-rea-vil-2026-10-10-btts-first-half,https://polymarket.com/event/lal-rea-vil-2026-10-10-more-markets/lal-rea-vil-2026-10-10-btts-first-half,2026-10-10T17:26:32.436514+00:00
0x0ceabd1c135ef2faaa1f5288a29c10c89c31702769cb592a65d89a2de3bf3b82,5016289,49967371248473302478299207649992206705668641043996049191795326738505015507922,28120329682469399634706644431892063583229012862197258813451555204210503063093,Real Madrid CF vs. Villarreal CF: Both Teams to Score in Second Half,True,Sports,2026-10-10,0.38,0.37,0.39,7902.1152,2007912.57147,0.05,15.0,lal-rea-vil-2026-10-10-more-markets,lal-rea-vil-2026-10-10-btts-second-half,https://polymarket.com/event/lal-rea-vil-2026-10-10-more-markets/lal-rea-vil-2026-10-10-btts-second-half,2026-10-10T17:26:32.436514+00:00
0xc96bb7b2dcac6b8df771d6bd0d26f6470358b4b82e89c4a05eab135c44248d44,5016384,21735258320169663281177933565996225693575554342445824877336710929840315963406,66958466816894718944696016683149217473372418399455239123810956427558909183472,FC Barcelona vs. Getafe CF: Both Teams to Score,True,Sports,2026-10-10,0.31,0.3,0.32,20307.5844,712014.23511,0.05,25335.798287,lal-bar-get-2026-10-10-more-markets,lal-bar-get-2026-10-10-btts,https://polymarket.com/event/lal-bar-get-2026-10-10-more-markets/lal-bar-get-2026-10-10-btts,2026-10-10T17:26:32.436514+00:00
0x4e40673b8a8a9b077777a4516ee5c9fdd49af0def3c6e9c401afaa5ac2429fcd,5021048,21785557771650471829834554893721757496896170450249270521338251387661482035204,3013022547434509968285721758557211390263432701383285770975144905003151050154,Casa Pia AC vs. CD Santa Clara: Both Teams to Score,True,Sports,2026-10-10,0.49,0.48,0.5,21438.2178,81901.29948,0.05,46.296154,por-cas-cds-2026-10-10-more-markets,por-cas-cds-2026-10-10-btts,https://polymarket.com/event/por-cas-cds-2026-10-10-more-markets/por-cas-cds-2026-10-10-btts,2026-10-10T17:26:32.436514+00:00
0xce52fd9ce4f79fa4da4cb52a4cf95264600bb986ca2dec966db9c13de2667105,5021052,36305965987220627253515153101874717780458927798726629775509579170536792716995,20683117364160970395026350077086119185187384598086721124142373952215891939041,Casa Pia AC vs. CD Santa Clara: Both Teams to Score in First Half,True,Sports,2026-10-10,0.165,0.13,0.2,2956.9546,81901.29948,0.05,,por-cas-cds-2026-10-10-more-markets,por-cas-cds-2026-10-10-btts-first-half,https://polymarket.com/event/por-cas-cds-2026-10-10-more-markets/por-cas-cds-2026-10-10-btts-first-half,2026-10-10T17:26:32.436514+00:00
0xa75b68b703557c3f7762a9c93b28b46de41e0c9b81474b80d340f5de936b6972,5026379,71178096937588116800703532851118501112666063395105661300239372408093217213943,94811398567975339135830377937345521402951886462437717194850119195743851755977,Forest Green Rovers FC vs. Hartlepool United FC: Both Teams to Score,True,Sports,2026-10-10,0.7,0.68,0.72,5322.5479,80939.94185,0.05,10.0,enl-fgr-har-2026-10-10-more-markets,enl-fgr-har-2026-10-10-btts,https://polymarket.com/event/enl-fgr-har-2026-10-10-more-markets/enl-fgr-har-2026-10-10-btts,2026-10-10T17:26:32.436514+00:00
0x7e614a717d1dea4c0401091e70a91fd122a7c9cdd33d44d5a562c17ec7be2827,5030424,83414816191865072508530177682489719111828017166329556755495483415020926631265,38391507420617725228151585469855230456200981521423191450481811458699755540703,Çaykur Rizespor vs. Fenerbahçe SK: Both Teams to Score,True,Sports,2026-10-10,0.35,0.34,0.36,4866.2071,254225.71582,0.05,440.055532,tur-riz-fen-2026-10-10-more-markets,tur-riz-fen-2026-10-10-btts,https://polymarket.com/event/tur-riz-fen-2026-10-10-more-markets/tur-riz-fen-2026-10-10-btts,2026-10-10T17:26:32.436514+00:00
0x7fb88b6ee9978fc94729efe5ef1ddf4fbd9ec4ad095211e6a6f5136af6259b12,5036499,24584029973487096487726474995848653545882424075742240824430368133207047036206,92234079288037156904368233291342703638893438898889511510879437451235083903575,Chicago Fire FC to score first vs. New York City FC?,True,Sports,2026-10-10,0.55,0.53,0.57,3744.5908,13053.60151,0.05,,mls-chi-nyc-2026-10-10-first-to-score,mls-chi-nyc-2026-10-10-first-to-score-home,https://polymarket.com/event/mls-chi-nyc-2026-10-10-first-to-score/mls-chi-nyc-2026-10-10-first-to-score-home,2026-10-10T17:26:32.436514+00:00
0x600e4cd9c810b7d6a8da425f84b89a0b2285e3c90cc81368c5e7bc998f50419f,5036500,45508574383198971622273575665409467878238421955680262648616502738285103257294,97316260429847780111570065435215602572196058801613252337380555925244334914564,New York City FC to score first vs. Chicago Fire FC?,True,Sports,2026-10-10,0.395,0.37,0.42,4634.4329,13053.60151,0.05,,mls-chi-nyc-2026-10-10-first-to-score,mls-chi-nyc-2026-10-10-first-to-score-away,https://polymarket.com/event/mls-chi-nyc-2026-10-10-first-to-score/mls-chi-nyc-2026-10-10-first-to-score-away,2026-10-10T17:26:32.436514+00:00
0x4f5cb2593b5c3b3d11b43cebb7beb493cf17b1d0a79e12b2e7413b1c7114183a,5036545,31152269747058389409745413164656272785050800843251298032439869850316146861675,86796846217745080596379873122033166371002469775874823260404593178875465486694,Philadelphia Union to score first vs. Real Salt Lake?,True,Sports,2026-10-10,0.715,0.7,0.73,2983.6819,11683.19015,0.05,,mls-phi-rsl-2026-10-10-first-to-score,mls-phi-rsl-2026-10-10-first-to-score-home,https://polymarket.com/event/mls-phi-rsl-2026-10-10-first-to-score/mls-phi-rsl-2026-10-10-first-to-score-home,2026-10-10T17:26:32.436514+00:00
0xb5f85c8a7aeae738414d72e855d3f4f2d839403d9bcaa1e6a52177946be5e034,5036546,65554345949069201750353873292341906034343418242180153880693432081153999781836,115407455541724926851426224543989365934571985852000495975193830796986751186442,Real Salt Lake to score first vs. Philadelphia Union?,True,Sports,2026-10-10,0.255,0.24,0.27,5172.9299,11683.19015,0.05,,mls-phi-rsl-2026-10-10-first-to-score,mls-phi-rsl-2026-10-10-first-to-score-away,https://polymarket.com/event/mls-phi-rsl-2026-10-10-first-to-score/mls-phi-rsl-2026-10-10-first-to-score-away,2026-10-10T17:26:32.436514+00:00
0x0aa7fe5b9dd7773d1d16eecace21624f7daa808111a5748cd15b0bbfca6d9d84,5036591,35523370022243089908626197443351800539436966291783245150935242861618605137042,97085339172640746571240677109658341048145028022198746170261459267347876049921,New England Revolution to score first vs. Seattle Sounders FC?,True,Sports,2026-10-10,0.555,0.54,0.57,3935.1951,11903.95792,0.05,,mls-ner-sea-2026-10-10-first-to-score,mls-ner-sea-2026-10-10-first-to-score-home,https://polymarket.com/event/mls-ner-sea-2026-10-10-first-to-score/mls-ner-sea-2026-10-10-first-to-score-home,2026-10-10T17:26:32.436514+00:00
0x31f184e3cb5a7d663ac65839b02bf703ff8535d068e8ce60da91d8177b13be7f,5036592,100272495544273103518121707055946645565320366444174238323908121897660294889024,108155788785109395914176271625674544710133095657420654508367534412217469445265,Seattle Sounders FC to score first vs. New England Revolution?,True,Sports,2026-10-10,0.395,0.38,0.41,3889.7996,11903.95792,0.05,,mls-ner-sea-2026-10-10-first-to-score,mls-ner-sea-2026-10-10-first-to-score-away,https://polymarket.com/event/mls-ner-sea-2026-10-10-first-to-score/mls-ner-sea-2026-10-10-first-to-score-away,2026-10-10T17:26:32.436514+00:00
0x25336dc51d06e8056e463692e4cd54626e7426b34450c8ca944f7f5aeb7f4ec6,5036637,44685391383292632142371855281329013867877199647510247514209236612230626781058,19229021666138008022294313450130007276589431352731381973150777457647680817525,Charlotte FC to score first vs. FC Dallas?,True,Sports,2026-10-10,0.515,0.5,0.53,4075.5652,13386.51146,0.05,,mls-clt-dal-2026-10-10-first-to-score,mls-clt-dal-2026-10-10-first-to-score-home,https://polymarket.com/event/mls-clt-dal-2026-10-10-first-to-score/mls-clt-dal-2026-10-10-first-to-score-home,2026-10-10T17:26:32.436514+00:00
0xc6c1c80923694570fea94d302499a2525da050d105cb8042ec05ac2606fdaf73,5036638,113297082878059925262634301489346512822118337140468017725126964589123998313606,39759873483873789107652571366641448386459528198063178919607977130069855552873,FC Dallas to score first vs. Charlotte FC?,True,Sports,2026-10-10,0.43,0.41,0.45,4391.1175,13386.51146,0.05,,mls-clt-dal-2026-10-10-first-to-score,mls-clt-dal-2026-10-10-first-to-score-away,https://polymarket.com/event/mls-clt-dal-2026-10-10-first-to-score/mls-clt-dal-2026-10-10-first-to-score-away,2026-10-10T17:26:32.436514+00:00
0x8ffec0ae25a2cbd47bcbf7d9313c8286b6f70561037549b9e4612c1fa6417b91,5036683,37281909983203567431079364931456839787497518099936325951400617777652131847283,102894395911566817004363715648490963670485568802478333040742724027569632339598,Inter Miami CF to score first vs. D.C. United SC?,True,Sports,2026-10-10,0.675,0.66,0.69,3530.5257,13068.1791,0.05,,mls-mia-dcu-2026-10-10-first-to-score,mls-mia-dcu-2026-10-10-first-to-score-home,https://polymarket.com/event/mls-mia-dcu-2026-10-10-first-to-score/mls-mia-dcu-2026-10-10-first-to-score-home,2026-10-10T17:26:32.436514+00:00
0xcdccd1c9b650b7794ad0c5ff88d27f2c2bbbe515e53f54fc5b3783f8dbe55fb6,5036684,115301112611502413041660758632757919901691971136781537863017718790945695016917,47707026503971483957918557290924272831999200079085881555736534418576436491913,D.C. United SC to score first vs. Inter Miami CF?,True,Sports,2026-10-10,0.295,0.28,0.31,4870.6188,13068.1791,0.05,,mls-mia-dcu-2026-10-10-first-to-score,mls-mia-dcu-2026-10-10-first-to-score-away,https://polymarket.com/event/mls-mia-dcu-2026-10-10-first-to-score/mls-mia-dcu-2026-10-10-first-to-score-away,2026-10-10T17:26:32.436514+00:00
0x623055cfe37ea38fe6a8c7a1f9b75df51e8ba5d57ecb90782cd9ef34f3f7df02,5036729,61800712258551165476104214738151833083983073113683800476279146948772250423723,111477589379061648654763580212444985235882928193641173601462811649534407158949,Orlando City SC to score first vs. Columbus Crew?,True,Sports,2026-10-10,0.555,0.54,0.57,4136.9901,14042.73436,0.05,,mls-orl-clb-2026-10-10-first-to-score,mls-orl-clb-2026-10-10-first-to-score-home,https://polymarket.com/event/mls-orl-clb-2026-10-10-first-to-score/mls-orl-clb-2026-10-10-first-to-score-home,2026-10-10T17:26:32.436514+00:00
0x1666391100aff8eacc5ee39612b542276fbfb7b80de48acf25a131dfec7d1f1c,5036730,94482438816654423942427314144342857468497569928021758807071684898001976439777,112944884228263968002718017868763729861072288009702960641825032184275846353619,Columbus Crew to score first vs. Orlando City SC?,True,Sports,2026-10-10,0.405,0.39,0.42,4410.0579,14042.73436,0.05,,mls-orl-clb-2026-10-10-first-to-score,mls-orl-clb-2026-10-10-first-to-score-away,https://polymarket.com/event/mls-orl-clb-2026-10-10-first-to-score/mls-orl-clb-2026-10-10-first-to-score-away,2026-10-10T17:26:32.436514+00:00
0x85c49e51c4bec17ae2f99ff47fdd445dc270754f1395aefe03f34ea7482d1486,5036775,13003294942829058011953152576020856882571459387445195715508048391159301010310,109618176213167346613273389092201011464315591875473304902398967762085401811122,Atlanta United FC to score first vs. FC Cincinnati?,True,Sports,2026-10-10,0.51,0.49,0.53,4243.444,13039.63577,0.05,,mls-atl-fcc-2026-10-10-first-to-score,mls-atl-fcc-2026-10-10-first-to-score-home,https://polymarket.com/event/mls-atl-fcc-2026-10-10-first-to-score/mls-atl-fcc-2026-10-10-first-to-score-home,2026-10-10T17:26:32.436514+00:00
0x2f7a14bdb4dad742094c771a056dcc88233ebb07d249b0ae39eb891ff32f1795,5036776,23533906773943703910835645101969215727217401899490244246813913777768960251976,34590254343822607809599905493465874802392418446496646000457807667480868477960,FC Cincinnati to score first vs. Atlanta United FC?,True,Sports,2026-10-10,0.45,0.44,0.46,4331.5978,13039.63577,0.05,,mls-atl-fcc-2026-10-10-first-to-score,mls-atl-fcc-2026-10-10-first-to-score-away,https://polymarket.com/event/mls-atl-fcc-2026-10-10-first-to-score/mls-atl-fcc-2026-10-10-first-to-score-away,2026-10-10T17:26:32.436514+00:00
0x825139d07d5f969afbb5570721fcda7e57c4ad9eb0c10a1075f2414eccd7ca05,5036822,27218502933159161283212286496118612594399849491299752558161398195765221980472,73374609121246873755880920715205862782985497645894493765692761688569554889540,San Diego FC to score first vs. New York Red Bulls?,True,Sports,2026-10-10,0.485,0.47,0.5,3957.5289,12082.11771,0.05,,mls-nyr-sdg-2026-10-10-first-to-score,mls-nyr-sdg-2026-10-10-first-to-score-away,https://polymarket.com/event/mls-nyr-sdg-2026-10-10-first-to-score/mls-nyr-sdg-2026-10-10-first-to-score-away,2026-10-10T17:26:32.436514+00:00
0xa43b4b0d403b0bbac8fc81be62e8c0feec2eaf3f753b62c3e860f4529eb0351b,5036867,49873827048323331918373651527001844526344855511346380836491479701862041404843,86977345182248012053977023393644174338231077965180985657319196451363130487901,Austin FC to score first vs. Nashville SC?,True,Sports,2026-10-11,0.37,0.35,0.39,3604.685,11432.2691,0.05,,mls-aus-nas-2026-10-10-first-to-score,mls-aus-nas-2026-10-10-first-to-score-home,https://polymarket.com/event/mls-aus-nas-2026-10-10-first-to-score/mls-aus-nas-2026-10-10-first-to-score-home,2026-10-10T17:26:32.436514+00:00
0x58ee323ac8f374433f66d1f3e578d3b9d00433db309d6dd23e53754e3d05e8b1,5036868,13380868253742349500150812721431938149506246976432198349154731570559855832824,114276677265663258633895844099756957916156694221998697494409009686376066249258,Nashville SC to score first vs. Austin FC?,True,Sports,2026-10-11,0.57,0.56,0.58,3395.6995,11432.2691,0.05,,mls-aus-nas-2026-10-10-first-to-score,mls-aus-nas-2026-10-10-first-to-score-away,https://polymarket.com/event/mls-aus-nas-2026-10-10-first-to-score/mls-aus-nas-2026-10-10-first-to-score-away,2026-10-10T17:26:32.436514+00:00
0x8bca24fc841d823714852925ab17cb12bb6a49dc01446275bd6d54fd334f0727,5036913,17057711235991349317839497353551587785314044733883844930843789310439347539268,10197298274812157743338128258006040589658232039670267608753926036249893153865,Minnesota United FC to score first vs. Houston Dynamo?,True,Sports,2026-10-11,0.54,0.52,0.56,3658.6281,13156.9568,0.05,,mls-min-hou-2026-10-10-first-to-score,mls-min-hou-2026-10-10-first-to-score-home,https://polymarket.com/event/mls-min-hou-2026-10-10-first-to-score/mls-min-hou-2026-10-10-first-to-score-home,2026-10-10T17:26:32.436514+00:00
0x63e70134a538d76bd7132f72ba209935667030cd2c552681a452f4bd6af51ae0,5036914,54187619573702216242464139257802727942248003585302855437419993004201645895446,24792741427591754658254766782784572596774437086532870573068716826719963813874,Houston Dynamo to score first vs. Minnesota United FC?,True,Sports,2026-10-11,0.395,0.38,0.41,3827.023,13156.9568,0.05,,mls-min-hou-2026-10-10-first-to-score,mls-min-hou-2026-10-10-first-to-score-away,https://polymarket.com/event/mls-min-hou-2026-10-10-first-to-score/mls-min-hou-2026-10-10-first-to-score-away,2026-10-10T17:26:32.436514+00:00
0x060636d3a4f49457483c8a0c60dae4f79e4017388cc48573a6cbbebb895a8399,5036960,55200790503054582781463923314736759164496409348574031597619177097716837531008,65487093975124926637704132511268851846773423081004438866236137595177745019709,Portland Timbers to score first vs. Sporting Kansas City?,True,Sports,2026-10-11,0.51,0.49,0.53,3795.4627,12802.75725,0.05,,mls-skc-por-2026-10-10-first-to-score,mls-skc-por-2026-10-10-first-to-score-away,https://polymarket.com/event/mls-skc-por-2026-10-10-first-to-score/mls-skc-por-2026-10-10-first-to-score-away,2026-10-10T17:26:32.436514+00:00
0xa0047c65d1a346b5518f9caf1d1c03f24ef3e87ad2fb74eac3a10e1babd38863,5037005,106307274214614114956913594427322268777422624820060235453428501365747593905281,49556321754465850961414391471475257058428009914612889812120835843782259936386,Colorado Rapids SC to score first vs. San Jose Earthquakes?,True,Sports,2026-10-11,0.57,0.55,0.59,3170.5302,11636.42389,0.05,,mls-col-sje-2026-10-10-first-to-score,mls-col-sje-2026-10-10-first-to-score-home,https://polymarket.com/event/mls-col-sje-2026-10-10-first-to-score/mls-col-sje-2026-10-10-first-to-score-home,2026-10-10T17:26:32.436514+00:00
0xb7dfe21f52d388fc3641840b08dbc585214265e622bbea939f6b9e68cbcb3524,5037006,46958838577831401406401708831156109209115712563581883490777358438982736162042,6437515621945559784715775045623334032369597983741979573476129167194597937027,San Jose Earthquakes to score first vs. Colorado Rapids SC?,True,Sports,2026-10-11,0.375,0.36,0.39,3449.9298,11636.42389,0.05,,mls-col-sje-2026-10-10-first-to-score,mls-col-sje-2026-10-10-first-to-score-away,https://polymarket.com/event/mls-col-sje-2026-10-10-first-to-score/mls-col-sje-2026-10-10-first-to-score-away,2026-10-10T17:26:32.436514+00:00
0x09f22a49117cfc6e9abe9b64b1075fd8cb5dfc8426e95f147466c3e45359ac2c,5037056,64311759973658777310094129520839932907042537552548667335336696231843052655180,48242489332402986300698580194904435609080570206575929731838438758343303446989,Los Angeles FC to score first vs. Vancouver Whitecaps FC?,True,Sports,2026-10-11,0.485,0.47,0.5,3686.1877,13027.7099,0.05,,mls-laf-vwh-2026-10-10-first-to-score,mls-laf-vwh-2026-10-10-first-to-score-home,https://polymarket.com/event/mls-laf-vwh-2026-10-10-first-to-score/mls-laf-vwh-2026-10-10-first-to-score-home,2026-10-10T17:26:32.436514+00:00
0x93e2d3c0bbb7b63ab7f1209364cf223f90c5ec25ba1b2306635a5bc56a177802,5040035,105688171832152532420596278165695354567228396194534116677602549564937921633616,75587056289632774894408810342563940908687879125760915984176864779020055808316,Atlante FC to score first vs. Querétaro FC?,True,Sports,2026-10-10,0.395,0.38,0.41,2271.128,6829.2546,0.05,,mex-que-atla-2026-10-10-first-to-score,mex-que-atla-2026-10-10-first-to-score-away,https://polymarket.com/event/mex-que-atla-2026-10-10-first-to-score/mex-que-atla-2026-10-10-first-to-score-away,2026-10-10T17:26:32.436514+00:00
0x75940a482896262921a72052c6da30e79edaf29b7d0b33fcb79d95edb2daf46c,5040081,77630926523333831923469196901138033948189585321497009382257851645197631412241,9242356870679414602173025056573486583380231834556223400072725362535027034648,Atlas FC to score first vs. CD Guadalajara?,True,Sports,2026-10-11,0.39,0.37,0.41,1588.1126,4283.1016,0.05,,mex-atl-gua-2026-10-10-first-to-score,mex-atl-gua-2026-10-10-first-to-score-home,https://polymarket.com/event/mex-atl-gua-2026-10-10-first-to-score/mex-atl-gua-2026-10-10-first-to-score-home,2026-10-10T17:26:32.436514+00:00
0x5672ac814252afd6b13476c812c8ad037a8245ab4edf6e0387687863dbedd61d,5040082,52497491579646495682028857031402978810769968807780980647333547498277189361425,106796719289660981135112109134936327785279689147069473839662967155245270903252,CD Guadalajara to score first vs. Atlas FC?,True,Sports,2026-10-11,0.53,0.51,0.55,1310.5065,4283.1016,0.05,,mex-atl-gua-2026-10-10-first-to-score,mex-atl-gua-2026-10-10-first-to-score-away,https://polymarket.com/event/mex-atl-gua-2026-10-10-first-to-score/mex-atl-gua-2026-10-10-first-to-score-away,2026-10-10T17:26:32.436514+00:00
0xe7441d45da9c7810a13dc3e38465e37b728e2fabaa156f4d1ffc642944774593,5040258,41787016439045361667944384452260472882368483144789879625734790903026503996078,43449281557850294858716575062151063191018129456459530202707960333305624024521,Los Angeles FC vs. Vancouver Whitecaps FC: Both Teams to Score,True,Sports,2026-10-11,0.635,0.63,0.64,11163.5493,257396.45217,0.05,179.277778,mls-laf-vwh-2026-10-10-more-markets,mls-laf-vwh-2026-10-10-btts,https://polymarket.com/event/mls-laf-vwh-2026-10-10-more-markets/mls-laf-vwh-2026-10-10-btts,2026-10-10T17:26:32.436514+00:00
0x8131cdaf59dd4c8b0d58e39fb1fde32d090c31a44ac796dccbffa7b30984ba0d,5040259,79954273000270558737751413955483680571518605839296875539815367513005692726271,36871970456032583502654792204756245407773216860048486204888064456699333038403,Los Angeles FC vs. Vancouver Whitecaps FC: Both Teams to Score in First Half,True,Sports,2026-10-11,0.24,0.22,0.26,6180.3545,257396.45217,0.05,,mls-laf-vwh-2026-10-10-more-markets,mls-laf-vwh-2026-10-10-btts-first-half,https://polymarket.com/event/mls-laf-vwh-2026-10-10-more-markets/mls-laf-vwh-2026-10-10-btts-first-half,2026-10-10T17:26:32.436514+00:00
0xc56f7e22da42f925e313f4cccd8c706e23410f357632b10a47c41fcf8f5e4769,5040285,1212534671056590472128546562634716443274926244164346153600881017830766696710,43998187758441629307541118724214152540667361127597033547279962481357766060881,Los Angeles FC vs. Vancouver Whitecaps FC: Both Teams to Score in Second Half,True,Sports,2026-10-11,0.34,0.3,0.38,2958.7288,257396.45217,0.05,,mls-laf-vwh-2026-10-10-more-markets,mls-laf-vwh-2026-10-10-btts-second-half,https://polymarket.com/event/mls-laf-vwh-2026-10-10-more-markets/mls-laf-vwh-2026-10-10-btts-second-half,2026-10-10T17:26:32.436514+00:00
0xe2238ce53347e0027a708bd7a85ac27f861b3120a834d8080d9a19090bcb0e76,5040440,58661074719803590605205525938551345706418950930048562067492251562886478098706,24768970163050101035095183454877084496610620316540140034412634256730336683316,Minnesota United FC vs. Houston Dynamo: Both Teams to Score,True,Sports,2026-10-11,0.58,0.57,0.59,16958.7278,306980.50746,0.05,,mls-min-hou-2026-10-10-more-markets,mls-min-hou-2026-10-10-btts,https://polymarket.com/event/mls-min-hou-2026-10-10-more-markets/mls-min-hou-2026-10-10-btts,2026-10-10T17:26:32.436514+00:00
0xcc0a013ebed979f5f219a0cd83e81d0d77662fc7f4e44b40611ae9fc90ebcc65,5040500,31761195583972638615968811265186693240452566596454844926431189117101443805797,10903968587505972093871561218031684885434589873866936471788143294699005474656,Austin FC vs. Nashville SC: Both Teams to Score,True,Sports,2026-10-11,0.585,0.58,0.59,13530.8627,287112.35666,0.05,20.606123,mls-aus-nas-2026-10-10-more-markets,mls-aus-nas-2026-10-10-btts,https://polymarket.com/event/mls-aus-nas-2026-10-10-more-markets/mls-aus-nas-2026-10-10-btts,2026-10-10T17:26:32.436514+00:00
0x0b3053fd8e7d1d0bd58bb31c250c8b41842016451d4dd8b5911efec854b792e1,5040501,79658850461358887094943916071673836974019047689579463233918870303141585617841,54176688697991300161730893476608048983521107512900113078199923096357884053814,Austin FC vs. Nashville SC: Both Teams to Score in First Half,True,Sports,2026-10-11,0.21,0.19,0.23,6248.1684,287112.35666,0.05,,mls-aus-nas-2026-10-10-more-markets,mls-aus-nas-2026-10-10-btts-first-half,https://polymarket.com/event/mls-aus-nas-2026-10-10-more-markets/mls-aus-nas-2026-10-10-btts-first-half,2026-10-10T17:26:32.436514+00:00
0xa70c39d44bb33b05223a4e45c5cffa660b27c319440114ca32dab64f7a01a537,5040527,91552735933091637455385160865139288568683012994663197665465350480980089142815,100897861064422108614800212174366984441662941627582828794101383847608222226449,Austin FC vs. Nashville SC: Both Teams to Score in Second Half,True,Sports,2026-10-11,0.305,0.26,0.35,3187.5356,287112.35666,0.05,,mls-aus-nas-2026-10-10-more-markets,mls-aus-nas-2026-10-10-btts-second-half,https://polymarket.com/event/mls-aus-nas-2026-10-10-more-markets/mls-aus-nas-2026-10-10-btts-second-half,2026-10-10T17:26:32.436514+00:00
0xe7dafe232b9fbab4ae4fffe766e08f5b4df88270f2ddfd8154fb489be6f82f05,5040582,68639335787235302739549613161838235110087614963505910950800354498635353327405,29226008498190424172812373638076940429220348824717006738192777116207882990443,New York Red Bulls vs. San Diego FC: Both Teams to Score,True,Sports,2026-10-10,0.715,0.71,0.72,15148.1572,334502.57936,0.05,858.086685,mls-nyr-sdg-2026-10-10-more-markets,mls-nyr-sdg-2026-10-10-btts,https://polymarket.com/event/mls-nyr-sdg-2026-10-10-more-markets/mls-nyr-sdg-2026-10-10-btts,2026-10-10T17:26:32.436514+00:00
0xe2dd0c2e40dd7a37f9b8bb03787241bdda17d998433c38d37962248c34292719,5040584,59612248119463821366064892169540472001427164399252135360998128797376444138447,69223764649816797195423947164747846637699489782336631908210934806667692597497,New York Red Bulls vs. San Diego FC: Both Teams to Score in First Half,True,Sports,2026-10-10,0.31,0.29,0.33,6807.4901,334502.57936,0.05,,mls-nyr-sdg-2026-10-10-more-markets,mls-nyr-sdg-2026-10-10-btts-first-half,https://polymarket.com/event/mls-nyr-sdg-2026-10-10-more-markets/mls-nyr-sdg-2026-10-10-btts-first-half,2026-10-10T17:26:32.436514+00:00
0x723efa8a4d754db73196eeae4e3a8bb777615e1c2e3ae51d3f2f7780dcdc3c70,5040632,20667635282149593749241212704094828519596336669601397814180549945731984413671,77460028621652025965485628287507315882031780045900765664148077163184605723383,New York Red Bulls vs. San Diego FC: Both Teams to Score in Second Half,True,Sports,2026-10-10,0.415,0.37,0.46,3119.297,334502.57936,0.05,,mls-nyr-sdg-2026-10-10-more-markets,mls-nyr-sdg-2026-10-10-btts-second-half,https://polymarket.com/event/mls-nyr-sdg-2026-10-10-more-markets/mls-nyr-sdg-2026-10-10-btts-second-half,2026-10-10T17:26:32.436514+00:00
0x616aab0448b7dd69599f63e9cddaa8c2a745121ef4338c1aa47d6c556fe3616c,5040691,86209451466910592041999281443516141169662035535420756774148372955815904200152,11178619144260787600767482114271692905427560360823452805799756334864665589960,Atlanta United FC vs. FC Cincinnati: Both Teams to Score,True,Sports,2026-10-10,0.695,0.69,0.7,13599.0995,342912.88104,0.05,223.48857,mls-atl-fcc-2026-10-10-more-markets,mls-atl-fcc-2026-10-10-btts,https://polymarket.com/event/mls-atl-fcc-2026-10-10-more-markets/mls-atl-fcc-2026-10-10-btts,2026-10-10T17:26:32.436514+00:00
0xdaa02af46846fc651c3397c1596cc045f30b9cfeeb20ec73c3a5221a80e1734a,5040739,53081302782170552304446416512446039065585599968571929092772411588027318278601,101710049714864760995001910288185493873839187545952536201870786436791015255404,Atlanta United FC vs. FC Cincinnati: Both Teams to Score in Second Half,True,Sports,2026-10-10,0.395,0.35,0.44,3066.5698,342912.88104,0.05,,mls-atl-fcc-2026-10-10-more-markets,mls-atl-fcc-2026-10-10-btts-second-half,https://polymarket.com/event/mls-atl-fcc-2026-10-10-more-markets/mls-atl-fcc-2026-10-10-btts-second-half,2026-10-10T17:26:32.436514+00:00
0x4bffb7b1ad9d15c182674ba42078444f23b22163b857a4f5e8dd131bdd673f16,5040795,60164007649499437005735557615719590337739511383362795289553966497503052199598,57004018127004394901495838994518380167182517431358705490868604613437830371158,Orlando City SC vs. Columbus Crew: Both Teams to Score,True,Sports,2026-10-10,0.685,0.68,0.69,15807.7567,386506.15215,0.05,452.352657,mls-orl-clb-2026-10-10-more-markets,mls-orl-clb-2026-10-10-btts,https://polymarket.com/event/mls-orl-clb-2026-10-10-more-markets/mls-orl-clb-2026-10-10-btts,2026-10-10T17:26:32.436514+00:00
0x7c770fbe85b73637c43372611c73ee4697b2aeab5fef4006ceaacfa6b97ae27d,5040797,53511896677165558235513727410588497899836235588932395332602661970818466829958,106556814572214916104226126811002168702191669921371997788282978990984941667214,Orlando City SC vs. Columbus Crew: Both Teams to Score in First Half,True,Sports,2026-10-10,0.285,0.27,0.3,7147.7539,386506.15215,0.05,,mls-orl-clb-2026-10-10-more-markets,mls-orl-clb-2026-10-10-btts-first-half,https://polymarket.com/event/mls-orl-clb-2026-10-10-more-markets/mls-orl-clb-2026-10-10-btts-first-half,2026-10-10T17:26:32.436514+00:00
0x274fe230b4edfd0f59382fd09489d6cad22ad4f9b6aa5b80e0a3ddb3e6bce586,5040835,66315786552828087173936925082050868846755266605379597053432051404640878104413,61689385118278872985904082421298446698046176206250301128567213714295352611480,Orlando City SC vs. Columbus Crew: Both Teams to Score in Second Half,True,Sports,2026-10-10,0.39,0.34,0.44,3158.9671,386506.15215,0.05,,mls-orl-clb-2026-10-10-more-markets,mls-orl-clb-2026-10-10-btts-second-half,https://polymarket.com/event/mls-orl-clb-2026-10-10-more-markets/mls-orl-clb-2026-10-10-btts-second-half,2026-10-10T17:26:32.436514+00:00
0x0ef54bfc7dd7c44f489a74ddb76442437d857ae7e13fe3ea8abc22f7112498f5,5040868,3804129798535084249997356488165959720493725591511215386737019824924064447171,10153648255031459523987109171203426913347428876063981919219290721976596701363,Inter Miami CF vs. D.C. United SC: Both Teams to Score,True,Sports,2026-10-10,0.675,0.67,0.68,14462.5382,339678.70567,0.05,568.2839720000001,mls-mia-dcu-2026-10-10-more-markets,mls-mia-dcu-2026-10-10-btts,https://polymarket.com/event/mls-mia-dcu-2026-10-10-more-markets/mls-mia-dcu-2026-10-10-btts,2026-10-10T17:26:32.436514+00:00
0x3b59ef94b89e689744b79106c2021e3b7d5f9c093ade976b5e75d7527d655910,5040936,53347825465691450098774967095085274748371692926819942387725572980768147890715,14698055340751992139277604279695837913409473995560351517726150705729279113386,Charlotte FC vs. FC Dallas: Both Teams to Score,True,Sports,2026-10-10,0.655,0.65,0.66,14884.8777,308596.64695,0.05,169.560143,mls-clt-dal-2026-10-10-more-markets,mls-clt-dal-2026-10-10-btts,https://polymarket.com/event/mls-clt-dal-2026-10-10-more-markets/mls-clt-dal-2026-10-10-btts,2026-10-10T17:26:32.436514+00:00
0xc29601d32acab9e81a5b514f0ea2c3e7a3889970132ce81ab69dfc1ad25ff39a,5040937,96077627650133611131747081974469299844055661580253511592870898142934203166234,46531525032347426839203487377546119495207495151338650499524746541906892577018,Charlotte FC vs. FC Dallas: Both Teams to Score in First Half,True,Sports,2026-10-10,0.265,0.25,0.28,7576.6325,308596.64695,0.05,,mls-clt-dal-2026-10-10-more-markets,mls-clt-dal-2026-10-10-btts-first-half,https://polymarket.com/event/mls-clt-dal-2026-10-10-more-markets/mls-clt-dal-2026-10-10-btts-first-half,2026-10-10T17:26:32.436514+00:00
0x4a4e129c8245e74e2ed84127d8d3f8ae0d05f5fcab722ba76a2f98e0f0d3f0e8,5040963,102281061440677117856896392060589426416241953250181784125924490166783054463791,1972314080493293553587152398231144265721790508337388511195655000021925566597,Charlotte FC vs. FC Dallas: Both Teams to Score in Second Half,True,Sports,2026-10-10,0.355,0.31,0.4,3340.2523,308596.64695,0.05,,mls-clt-dal-2026-10-10-more-markets,mls-clt-dal-2026-10-10-btts-second-half,https://polymarket.com/event/mls-clt-dal-2026-10-10-more-markets/mls-clt-dal-2026-10-10-btts-second-half,2026-10-10T17:26:32.436514+00:00
0x044f637db973245987289188bb9089e385581fe7b5e5b39f33ae9264b94a39a6,5041056,47228287290152050570231378625699893197348328869269043788488833955890805693606,30215353398251956230333885523043874793112057255374807562287091716913101126969,Philadelphia Union vs. Real Salt Lake: Both Teams to Score,True,Sports,2026-10-10,0.585,0.58,0.59,15043.2031,424244.61122,0.05,,mls-phi-rsl-2026-10-10-more-markets,mls-phi-rsl-2026-10-10-btts,https://polymarket.com/event/mls-phi-rsl-2026-10-10-more-markets/mls-phi-rsl-2026-10-10-btts,2026-10-10T17:26:32.436514+00:00
0xa4c17e3e98f79dc9711289d2fe70875c86c988f4dee6a742129eeaa5342a5f66,5041057,68689131516756042442180617057110351290700881545825282843816291698776037403695,20994060935313360225502657706210608974697164261963046746977780931222610500882,Philadelphia Union vs. Real Salt Lake: Both Teams to Score in First Half,True,Sports,2026-10-10,0.235,0.22,0.25,6463.0346,424244.61122,0.05,,mls-phi-rsl-2026-10-10-more-markets,mls-phi-rsl-2026-10-10-btts-first-half,https://polymarket.com/event/mls-phi-rsl-2026-10-10-more-markets/mls-phi-rsl-2026-10-10-btts-first-half,2026-10-10T17:26:32.436514+00:00
0x3a96150db6e1c4fdc10ac137b46f31f15225668a9398f5aa769ed577213e8cae,5041083,10726808314373325709602461687650838400789000205962251853101081445829249768530,102473926084261502039012957329575925160800069493572462014018066186401181571309,Philadelphia Union vs. Real Salt Lake: Both Teams to Score in Second Half,True,Sports,2026-10-10,0.345,0.3,0.39,3406.7916,424244.61122,0.05,,mls-phi-rsl-2026-10-10-more-markets,mls-phi-rsl-2026-10-10-btts-second-half,https://polymarket.com/event/mls-phi-rsl-2026-10-10-more-markets/mls-phi-rsl-2026-10-10-btts-second-half,2026-10-10T17:26:32.436514+00:00
0x37dff30182514e4280aa17beb693cdfa41add55b2d53290807f126c6b60f2280,5041116,106730855164647467406615658460258169238432372994817741048798726209993695642578,92487881205869670833754367045037992599283483559858415006747891064554480154635,Chicago Fire FC vs. New York City FC: Both Teams to Score,True,Sports,2026-10-10,0.645,0.64,0.65,17814.3103,444692.03174,0.05,747.032369,mls-chi-nyc-2026-10-10-more-markets,mls-chi-nyc-2026-10-10-btts,https://polymarket.com/event/mls-chi-nyc-2026-10-10-more-markets/mls-chi-nyc-2026-10-10-btts,2026-10-10T17:26:32.436514+00:00
0x9ef6921b9e263de84aeadfdf87cbb1855df0a84b32ced90db2b20d061f0be7e3,5041117,111724707693623817643493994767678899490776389307502975815558901108474922886661,62511777397436633409474473017608322112780674648042592014208137312716136908137,Chicago Fire FC vs. New York City FC: Both Teams to Score in First Half,True,Sports,2026-10-10,0.25,0.22,0.28,10496.3952,444692.03174,0.05,,mls-chi-nyc-2026-10-10-more-markets,mls-chi-nyc-2026-10-10-btts-first-half,https://polymarket.com/event/mls-chi-nyc-2026-10-10-more-markets/mls-chi-nyc-2026-10-10-btts-first-half,2026-10-10T17:26:32.436514+00:00
0x9a3ae120fb3e88a303ce2b0fa3b7168fa10d4e5961ed5b56b57570abcbc006ba,5041143,66492604621709546552246689636984592368355539397028377024285844018213537088686,107692667263546151952464283931176967836069084888373414387901006227586570321174,Chicago Fire FC vs. New York City FC: Both Teams to Score in Second Half,True,Sports,2026-10-10,0.345,0.29,0.4,3658.7711,444692.03174,0.05,,mls-chi-nyc-2026-10-10-more-markets,mls-chi-nyc-2026-10-10-btts-second-half,https://polymarket.com/event/mls-chi-nyc-2026-10-10-more-markets/mls-chi-nyc-2026-10-10-btts-second-half,2026-10-10T17:26:32.436514+00:00
0x7ca2103cb45cf6b5adbe68d3d37d69e7e44d0b74af01552825a46675f5fab157,5041176,110518844766347275405789736675846827910575102604028483620529081827148096525199,90203032914646391073020975140799271038847056090771949610228017533947415411490,Toronto FC vs. CF Montréal: Both Teams to Score,True,Sports,2026-10-10,0.555,0.55,0.56,1578.6898,131695.50958,0.05,942.779709,mls-tor-mim-2026-10-10-more-markets,mls-tor-mim-2026-10-10-btts,https://polymarket.com/event/mls-tor-mim-2026-10-10-more-markets/mls-tor-mim-2026-10-10-btts,2026-10-10T17:26:32.436514+00:00
0xf7af03532cd1954f941445768a33e3acbf93941ab32063e75219b26a519ec304,5041177,53089310811328714440436495421648681168667404226557245984152905940374176286201,113826986066789819663573256949929533336462250115150738722365221104685432713629,Toronto FC vs. CF Montréal: Both Teams to Score in First Half,True,Sports,2026-10-10,0.24,0.05,,537.6162,131695.50958,0.05,70.370371,mls-tor-mim-2026-10-10-more-markets,mls-tor-mim-2026-10-10-btts-first-half,https://polymarket.com/event/mls-tor-mim-2026-10-10-more-markets/mls-tor-mim-2026-10-10-btts-first-half,2026-10-10T17:26:32.436514+00:00
0x42117219fad2ee91b87e82a6e98379449e86b3161a5063495c41fdce9d37a07e,5046552,87886711075922623930683796607958456681187569369006290395828281537459472118391,3752898715365593408888489268718234539916256374042677446559720974106505579425,Celta Fortuna vs. Real Sociedad de Fútbol B: Both Teams to Score,True,Sports,2026-10-10,0.59,0.58,0.6,20891.6339,261175.34967,0.05,183.333334,es2-cel-rso-2026-10-10-more-markets,es2-cel-rso-2026-10-10-btts,https://polymarket.com/event/es2-cel-rso-2026-10-10-more-markets/es2-cel-rso-2026-10-10-btts,2026-10-10T17:26:32.436514+00:00
0xe5feb647bf03a947ee7ba25c4763218233c3cc3aad6aa9234ea759d73b1c040e,5047023,86922547727544904533820741150156012086631737226355549156186979798810003746851,63902478519054197665619820175643284822768777107885966971843666640324357866860,CD Eldense vs. Córdoba CF: Both Teams to Score,True,Sports,2026-10-10,0.595,0.58,0.61,9823.1396,218602.88324,0.05,886.718451,es2-eld-cor-2026-10-10-more-markets,es2-eld-cor-2026-10-10-btts,https://polymarket.com/event/es2-eld-cor-2026-10-10-more-markets/es2-eld-cor-2026-10-10-btts,2026-10-10T17:26:32.436514+00:00
0x6d1ab2442b0d7620b6d7c71b8710dc1650140861226e416ebc5cfde818da8035,5052105,35350223540325059080243916579031626691649342485991263972370171428905753099242,88772317387678925426960779393120129316297569864704216127782990398183430288429,"Will Serbia call its presidential election by October 15, 2026?",True,Politics,2026-10-16,0.2,0.14,0.26,1408.8637,11955.5421,0.04,3597.253508,serbian-presidential-election-called-byptptpt,will-serbia-call-its-presidential-election-by-october-15-2026,https://polymarket.com/event/serbian-presidential-election-called-byptptpt/will-serbia-call-its-presidential-election-by-october-15-2026,2026-10-10T17:26:32.436514+00:00
0xa2148605c9569eb2f819de1bd11b54785e6e518a100caa2566480011fca76785,5054110,99259220605042709359862064122110619300623434133362001941222253723018655352468,89791035233915002223188722602508530811774669703113037276337680350395079588607,SS Arezzo vs. US Cremonese: Both Teams to Score,True,Sports,2026-10-10,0.505,0.5,0.51,19747.6436,271691.93847,0.05,193.092116,itsb-are-cre-2026-10-10-more-markets,itsb-are-cre-2026-10-10-btts,https://polymarket.com/event/itsb-are-cre-2026-10-10-more-markets/itsb-are-cre-2026-10-10-btts,2026-10-10T17:26:32.436514+00:00
0xb63ab045aec48ecd3aa5e975dbcc1186127d4d7528a15f57410ed200d172c3c0,5054964,110272345753956648905926434917019815299842352804583436870685569607639522186119,93397299570692774327991585144965837852738337327044523867559080174267115058168,Iwaki FC vs. Blaublitz Akita: Both Teams to Score,True,Sports,2026-10-11,0.525,0.51,0.54,4197.0849,47395.3019,0.05,,ja2-iwa-bla-2026-10-11-more-markets,ja2-iwa-bla-2026-10-11-btts,https://polymarket.com/event/ja2-iwa-bla-2026-10-11-more-markets/ja2-iwa-bla-2026-10-11-btts,2026-10-10T17:26:32.436514+00:00
0x7cc1fb0a33afc5e76e8033dfa2487c5c0653851bc2f9472819d6f78b8a5a53c6,5055493,104287052663905169401279283272882654995193893586788694451213176246164464087194,47609989221045085397728368869990146326856677997849421631969820518189919677861,Gwangju FC vs. Ulsan HD FC: Both Teams to Score,True,Sports,2026-10-11,0.59,0.58,0.6,6802.9764,139549.68114,0.05,149.947272,kor-gwa-uls-2026-10-11-more-markets,kor-gwa-uls-2026-10-11-btts,https://polymarket.com/event/kor-gwa-uls-2026-10-11-more-markets/kor-gwa-uls-2026-10-11-btts,2026-10-10T17:26:32.436514+00:00
0x2b1ee05fad5755041c5f780f01e5cf0943f6b3d4899092995c27ad28b6ec94d4,5055494,73265044050992227821151168630164267751293568831294148105566582482846150074156,101161005164582730925474390480381434617901557441427669626454280929317480628102,Gwangju FC vs. Ulsan HD FC: Both Teams to Score in First Half,True,Sports,2026-10-11,0.22,0.2,0.24,3197.6922,139549.68114,0.05,,kor-gwa-uls-2026-10-11-more-markets,kor-gwa-uls-2026-10-11-btts-first-half,https://polymarket.com/event/kor-gwa-uls-2026-10-11-more-markets/kor-gwa-uls-2026-10-11-btts-first-half,2026-10-10T17:26:32.436514+00:00
0xf4a15abc8f4dff27db32e0b0df3bd713d216faa328359d5194e38d02ed01455c,5057105,106534946678506357522318387694386667455116409574885146607313062004862738485462,43736966514234740269066357177187928616811543562430492775026158203574376061871,Al Shabab Saudi Club vs. Al Taawoun Saudi Club: Both Teams to Score,True,Sports,2026-10-11,0.635,0.62,0.65,4595.4807,146878.43192,0.05,,spl-sha-taa-2026-10-11-more-markets,spl-sha-taa-2026-10-11-btts,https://polymarket.com/event/spl-sha-taa-2026-10-11-more-markets/spl-sha-taa-2026-10-11-btts,2026-10-10T17:26:32.436514+00:00
0x541d1b715c2bd09edba7c41ceb94455eba8a36e563e74a4fec066c9b62aeff0e,5057219,54712369197216550488788633743217693005132937460933544744232536592099269388582,61149627752854403799839544076847422485531541249230403395411442017415434265524,Como 1907 to score first vs. AS Roma?,True,Sports,2026-10-11,0.495,0.48,0.51,3963.5325,14867.50905,0.05,,sea-com-rom-2026-10-11-first-to-score,sea-com-rom-2026-10-11-first-to-score-home,https://polymarket.com/event/sea-com-rom-2026-10-11-first-to-score/sea-com-rom-2026-10-11-first-to-score-home,2026-10-10T17:26:32.436514+00:00
0xfcc5b904d68d88e03af2fe9b98ea34ba3a522fd47c292b38de77439b664bafd4,5057220,32708481171280860500726281519346472472950935331507306175014437179277807990089,73989855906366990534785962982649861530260953977761898316881764117041761940339,AS Roma to score first vs. Como 1907?,True,Sports,2026-10-11,0.455,0.44,0.47,4304.5771,14867.50905,0.05,,sea-com-rom-2026-10-11-first-to-score,sea-com-rom-2026-10-11-first-to-score-away,https://polymarket.com/event/sea-com-rom-2026-10-11-first-to-score/sea-com-rom-2026-10-11-first-to-score-away,2026-10-10T17:26:32.436514+00:00
0x1d585d0fb4e5887e02816275230fb2761002a837dff0e07736f40e30bf273ae7,5057298,93887523326777664288161516064449428298707709698054149778936974044646160602797,63154175675248778610623784067771545111387180191898252768414696438542456261461,Bologna FC 1909 to score first vs. US Lecce?,True,Sports,2026-10-11,0.585,0.57,0.6,3616.5715,13188.5001,0.05,,sea-lec-bol-2026-10-11-first-to-score,sea-lec-bol-2026-10-11-first-to-score-away,https://polymarket.com/event/sea-lec-bol-2026-10-11-first-to-score/sea-lec-bol-2026-10-11-first-to-score-away,2026-10-10T17:26:32.436514+00:00
0x650292f7dacc5054d9b9d0a769353ef8502e636da5c88d7cd81114d4f1349e60,5057446,83192791033603275554660815718842501884971440237633048737172509192479611596641,27879222639267020171428144900666874112147468601920780357537126227302091793666,AC Milan to score first vs. US Sassuolo Calcio?,True,Sports,2026-10-11,0.605,0.59,0.62,3462.1506,13432.1329,0.05,,sea-sas-mil-2026-10-11-first-to-score,sea-sas-mil-2026-10-11-first-to-score-away,https://polymarket.com/event/sea-sas-mil-2026-10-11-first-to-score/sea-sas-mil-2026-10-11-first-to-score-away,2026-10-10T17:26:32.436514+00:00
0xeb93bbe9bbfe291d7f5accecacdccc46fd94d6eb0a6b6362ac27c45e38ff2815,5062593,11325093561165982142020580034025281944508286999051428800287543057912724146012,23705864359380224777907523312420587361495228123213939654884135714956569058612,OGC Nice to score first vs. RC Strasbourg Alsace?,True,Sports,2026-10-11,0.495,0.48,0.51,3690.1979,14597.4392,0.05,,fl1-ogc-str-2026-10-11-first-to-score,fl1-ogc-str-2026-10-11-first-to-score-home,https://polymarket.com/event/fl1-ogc-str-2026-10-11-first-to-score/fl1-ogc-str-2026-10-11-first-to-score-home,2026-10-10T17:26:32.436514+00:00
0x63ff7e52059666b8b69cbc9cae6d8514562fb685155e64aed8ca78b8ddf200a9,5062594,42751588104490377261699663368067916051044223395844635462508444929074453830294,14304222184404983534338478991041076023663665054684711306782797928785014281856,Hull City AFC to score first vs. Everton FC?,True,Sports,2026-10-11,0.38,0.36,0.4,5280.2364,18777.9405,0.05,,epl-hul-eve-2026-10-11-first-to-score,epl-hul-eve-2026-10-11-first-to-score-home,https://polymarket.com/event/epl-hul-eve-2026-10-11-first-to-score/epl-hul-eve-2026-10-11-first-to-score-home,2026-10-10T17:26:32.436514+00:00
0xf640e2a1f42ac9ff36b3613bf49128039916a0b59a7b7bbca29c7e5e963acb89,5062796,82799286917727337876338066611383359987267287535621446962263897312336313473569,77566184709205905235704374391809398879214108144769800882481631561515171904128,Crystal Palace FC to score first vs. Nottingham Forest FC?,True,Sports,2026-10-11,0.445,0.43,0.46,4810.4767,15953.709,0.05,,epl-cry-not-2026-10-11-first-to-score,epl-cry-not-2026-10-11-first-to-score-home,https://polymarket.com/event/epl-cry-not-2026-10-11-first-to-score/epl-cry-not-2026-10-11-first-to-score-home,2026-10-10T17:26:32.436514+00:00
0xa363f0dbd94a616c17a3fc1288094abbcf21298a2c50b7d343a3ebf900392df9,5062799,27085698733009013583294551114965378652976125024801680945542677921746659545083,90896778777382803873483478255929539508396495204026368750286515038077173499877,FC Schalke 04 to score first vs. SC Freiburg?,True,Sports,2026-10-11,0.305,0.29,0.32,4937.9451,13126.89998,0.05,,bun-fre-s04-2026-10-11-first-to-score,bun-fre-s04-2026-10-11-first-to-score-away,https://polymarket.com/event/bun-fre-s04-2026-10-11-first-to-score/bun-fre-s04-2026-10-11-first-to-score-away,2026-10-10T17:26:32.436514+00:00
0xb8c78aeaa3e510ce25197013053521afa32bbd6a86bbab1298b1f1f716b24c19,5062804,89123929553141669478566561918609363328228103791408618742517255329170010752034,94988698001265149472593192230968697075737062723192162998491905764171003600669,AJ Auxerre to score first vs. Stade Rennais FC 1901?,True,Sports,2026-10-11,0.27,0.25,0.29,3315.7658,10168.64093,0.05,,fl1-ren-aja-2026-10-11-first-to-score,fl1-ren-aja-2026-10-11-first-to-score-away,https://polymarket.com/event/fl1-ren-aja-2026-10-11-first-to-score/fl1-ren-aja-2026-10-11-first-to-score-away,2026-10-10T17:26:32.436514+00:00
0xc9fb080159bbdf0653af0dddadd0fb960e1afe7bedafc5240a67b33c414ffd9a,5062941,70224108805928757580389947258543445546121643302848147990892276592519598339204,5170739276758819678811264229521690497958773785935141511242635996355795622125,Liverpool FC to score first vs. Manchester City FC?,True,Sports,2026-10-11,0.425,0.4,0.45,4196.6493,12427.34999,0.05,,epl-liv-mac-2026-10-11-first-to-score,epl-liv-mac-2026-10-11-first-to-score-home,https://polymarket.com/event/epl-liv-mac-2026-10-11-first-to-score/epl-liv-mac-2026-10-11-first-to-score-home,2026-10-10T17:26:32.436514+00:00
0xcf576233bba280673f9013042a1dc250c4b67932f6473b83add47e4a1029a8d4,5062943,99254515168704672888551431601784015170416005548530823162124846921988104674077,108906520886070617508088813557380163145628952853548489969336016148712468482147,Manchester City FC to score first vs. Liverpool FC?,True,Sports,2026-10-11,0.52,0.5,0.54,4164.7979,12427.34999,0.05,,epl-liv-mac-2026-10-11-first-to-score,epl-liv-mac-2026-10-11-first-to-score-away,https://polymarket.com/event/epl-liv-mac-2026-10-11-first-to-score/epl-liv-mac-2026-10-11-first-to-score-away,2026-10-10T17:26:32.436514+00:00
0xb58b7bd7a2f1025fb45de94ec8fec7d1f608ef8978024b08db9c96943f6c032d,5064331,50486560071082796578748347434262926910190107389099840027214182060854751112520,20407471625706892548329134847477116241628354937448642149169909232807180036503,Cagliari Calcio vs. Juventus FC: Both Teams to Score,True,Sports,2026-10-11,0.465,0.46,0.47,20471.4096,480717.27983,0.05,4.25532,sea-cag-juv-2026-10-11-more-markets,sea-cag-juv-2026-10-11-btts,https://polymarket.com/event/sea-cag-juv-2026-10-11-more-markets/sea-cag-juv-2026-10-11-btts,2026-10-10T17:26:32.436514+00:00
0x24badbfb515916fa8a30385ffd9bc38a1437ac33e7f7b5ad445e897bce11bec9,5064335,67463610374355775393108384387439856932304525470004034096070967753473906053668,65627468259399392016158138339980906968206153180184421468788650569000968227431,Cagliari Calcio vs. Juventus FC: Both Teams to Score in First Half,True,Sports,2026-10-11,0.155,0.13,0.18,8127.1313,480717.27983,0.05,,sea-cag-juv-2026-10-11-more-markets,sea-cag-juv-2026-10-11-btts-first-half,https://polymarket.com/event/sea-cag-juv-2026-10-11-more-markets/sea-cag-juv-2026-10-11-btts-first-half,2026-10-10T17:26:32.436514+00:00
0xaa48a7dc62b18335f17c7376c446a1f472ce4b86d8d1cd4e4fca6845ad3d95a5,5064353,41258419681972522173658479236296554389574379220447852822598781774300541886870,90619736610459375226752185535134591811035240370007800351947216784732847601122,ES Troyes AC vs. Olympique de Marseille: Both Teams to Score,True,Sports,2026-10-11,0.625,0.62,0.63,10823.8608,299747.91018,0.05,240.288136,fl1-tro-olm-2026-10-11-more-markets,fl1-tro-olm-2026-10-11-btts,https://polymarket.com/event/fl1-tro-olm-2026-10-11-more-markets/fl1-tro-olm-2026-10-11-btts,2026-10-10T17:26:32.436514+00:00
0x0bd297d6a5feca27c4f8fe88e092f86421ae3439e2766e8991acdfa2e27d2210,5064382,544915442702641586831781069598436681671403656250010394452068022077323863189,43852812792621706557622109606001690914902225438731672041787449345270745143196,SC Freiburg vs. FC Schalke 04: Both Teams to Score,True,Sports,2026-10-11,0.575,0.57,0.58,20021.5233,382006.15954,0.05,139.007273,bun-fre-s04-2026-10-11-more-markets,bun-fre-s04-2026-10-11-btts,https://polymarket.com/event/bun-fre-s04-2026-10-11-more-markets/bun-fre-s04-2026-10-11-btts,2026-10-10T17:26:32.436514+00:00
0xade9e3a98c602e2fd33c05a854dd8fc8dce8f8972db1d6acaf40ad5c7d379c46,5064384,16891885923923223242088976695967838714170688302676401356920802731408615857381,60742478761874116657400064854909689095858036353984283878980843537151647708586,Liverpool FC vs. Manchester City FC: Both Teams to Score,True,Sports,2026-10-11,0.625,0.62,0.63,89143.0793,608127.68079,0.05,2867.3920229999994,epl-liv-mac-2026-10-11-more-markets,epl-liv-mac-2026-10-11-btts,https://polymarket.com/event/epl-liv-mac-2026-10-11-more-markets/epl-liv-mac-2026-10-11-btts,2026-10-10T17:26:32.436514+00:00
0x3de9c8971069f007faa5e8d8d859db244ae3e8b65e44743fa22c1f1534aba63f,5064388,52386760590990338979110986686262219821915988463532527362794772831137240980501,3449701007893833248665808907051865695531566783759114160785228262974712933058,Liverpool FC vs. Manchester City FC: Both Teams to Score in First Half,True,Sports,2026-10-11,0.235,0.22,0.25,8009.1241,608127.68079,0.05,,epl-liv-mac-2026-10-11-more-markets,epl-liv-mac-2026-10-11-btts-first-half,https://polymarket.com/event/epl-liv-mac-2026-10-11-more-markets/epl-liv-mac-2026-10-11-btts-first-half,2026-10-10T17:26:32.436514+00:00
0x2a6142d9eefc9ed4e15bfd1f2050d6e20fc34ce44e5594f473d58a3659f681f4,5064576,47179928791163305521547523509825602505680794662614430402098631116161739357549,76178244932006392676966138463127149083074066575546725254079883052078162605230,US Sassuolo Calcio vs. AC Milan: Both Teams to Score,True,Sports,2026-10-11,0.575,0.57,0.58,21407.5037,458928.84894,0.05,151.35937800000002,sea-sas-mil-2026-10-11-more-markets,sea-sas-mil-2026-10-11-btts,https://polymarket.com/event/sea-sas-mil-2026-10-11-more-markets/sea-sas-mil-2026-10-11-btts,2026-10-10T17:26:32.436514+00:00
0x9297906925814793e50566ab4d181d647a48ce44ccfaf4130def613ce52c043c,5064579,73124015581457192900786995016222777361412464783947416600722859610916531882110,43965061328818273848461005752404725214554276270928011601307827916334423266697,US Sassuolo Calcio vs. AC Milan: Both Teams to Score in First Half,True,Sports,2026-10-11,0.2,0.18,0.22,10371.3937,458928.84894,0.05,,sea-sas-mil-2026-10-11-more-markets,sea-sas-mil-2026-10-11-btts-first-half,https://polymarket.com/event/sea-sas-mil-2026-10-11-more-markets/sea-sas-mil-2026-10-11-btts-first-half,2026-10-10T17:26:32.436514+00:00
0xadd412df4d5486fadd12ea513b4f9d3318fc435277ea2c48abf502465c527a09,5064589,1373871622695071757889601537556450629372117039031719553405897318899303670820,37764280760808652315963608438499655518062450610131918098710153615439826929996,Stade Rennais FC 1901 vs. AJ Auxerre: Both Teams to Score,True,Sports,2026-10-11,0.565,0.56,0.57,17459.7652,410720.56667,0.05,220.605237,fl1-ren-aja-2026-10-11-more-markets,fl1-ren-aja-2026-10-11-btts,https://polymarket.com/event/fl1-ren-aja-2026-10-11-more-markets/fl1-ren-aja-2026-10-11-btts,2026-10-10T17:26:32.436514+00:00
0x283b0ba5a9e0f7ebc2ca516f8216e5613bb183615574b2b150eb274ec41c6c1c,5064626,80580624119724713511093685005625002141408752549106258301011541891689970812970,7001516450790981539828102397900218165824334755522065017483283418542092074812,Crystal Palace FC vs. Nottingham Forest FC: Both Teams to Score,True,Sports,2026-10-11,0.575,0.57,0.58,102568.2535,828259.83009,0.05,314.872409,epl-cry-not-2026-10-11-more-markets,epl-cry-not-2026-10-11-btts,https://polymarket.com/event/epl-cry-not-2026-10-11-more-markets/epl-cry-not-2026-10-11-btts,2026-10-10T17:26:32.436514+00:00
0xef11783844bc3635d41a8366b8e762c76fec9f5105edbcf8db8bb635924b18c8,5064630,23522836113765134770754843788606538563356553754293791425146132208999433428657,78067380294145510390682527359112452253609362848255110864329811435342842448264,Crystal Palace FC vs. Nottingham Forest FC: Both Teams to Score in First Half,True,Sports,2026-10-11,0.195,0.18,0.21,11581.2533,828259.83009,0.05,,epl-cry-not-2026-10-11-more-markets,epl-cry-not-2026-10-11-btts-first-half,https://polymarket.com/event/epl-cry-not-2026-10-11-more-markets/epl-cry-not-2026-10-11-btts-first-half,2026-10-10T17:26:32.436514+00:00
0xb9ef00e9535129434cc50a74ffab3847591af91608066ad462c44aa9c234555d,5064735,79537565762719664856896037288368789828674651503684164009168287862509392841155,97797692859229840881924464820385898344872040769349831348358744940515822053235,Crystal Palace FC vs. Nottingham Forest FC: Both Teams to Score in Second Half,True,Sports,2026-10-11,0.29,0.24,0.34,2971.373,828259.83009,0.05,,epl-cry-not-2026-10-11-more-markets,epl-cry-not-2026-10-11-btts-second-half,https://polymarket.com/event/epl-cry-not-2026-10-11-more-markets/epl-cry-not-2026-10-11-btts-second-half,2026-10-10T17:26:32.436514+00:00
0x03da92f70a42301eb8531364bb3186f43b29ae427eb2f0fd2478ecd7d232ed99,5064807,61498375657159494835513408430817417395474198597822157391344158788091015506808,81199945724919232031051623986742427526383563117870601291788103696128744719392,SS Lazio vs. AC Monza: Both Teams to Score,True,Sports,2026-10-11,0.51,0.5,0.52,25552.5462,573056.46318,0.05,138.11,sea-laz-mon-2026-10-11-more-markets,sea-laz-mon-2026-10-11-btts,https://polymarket.com/event/sea-laz-mon-2026-10-11-more-markets/sea-laz-mon-2026-10-11-btts,2026-10-10T17:26:32.436514+00:00
0xa4d0cc90b18efe646474515c8755ca6fb59413be77ad71bc5c1adb7c3e53e191,5064810,39925406470865759810675895313235037505949067231041781207733378986757857079777,85364196018743891404112697720672604646619431657416414032306542904737597514001,SS Lazio vs. AC Monza: Both Teams to Score in First Half,True,Sports,2026-10-11,0.17,0.15,0.19,11179.7574,573056.46318,0.05,,sea-laz-mon-2026-10-11-more-markets,sea-laz-mon-2026-10-11-btts-first-half,https://polymarket.com/event/sea-laz-mon-2026-10-11-more-markets/sea-laz-mon-2026-10-11-btts-first-half,2026-10-10T17:26:32.436514+00:00
0xa99166e095ea34de16aaba832c61570fd3ed6639d22014d0d934bcc19e58fccc,5064820,58369055288041455369171970946019210670694038280681483193593536564398310476199,15905259418978254348626464094975121348558167202130572262952937144770330013818,OGC Nice vs. RC Strasbourg Alsace: Both Teams to Score,True,Sports,2026-10-11,0.61,0.6,0.62,15970.852,327199.20418,0.05,114.983049,fl1-ogc-str-2026-10-11-more-markets,fl1-ogc-str-2026-10-11-btts,https://polymarket.com/event/fl1-ogc-str-2026-10-11-more-markets/fl1-ogc-str-2026-10-11-btts,2026-10-10T17:26:32.436514+00:00
0x4c6c4b74904b8d58845cc492b386bfdb9224dab9e2cb370143216959d2d08760,5064823,63894239358138725671447638239265109641906699250139185713035990885820059116047,17299932938562220112680857391248365073414929173499083641413050928664945969639,OGC Nice vs. RC Strasbourg Alsace: Both Teams to Score in First Half,True,Sports,2026-10-11,0.225,0.21,0.24,7445.1953,327199.20418,0.05,,fl1-ogc-str-2026-10-11-more-markets,fl1-ogc-str-2026-10-11-btts-first-half,https://polymarket.com/event/fl1-ogc-str-2026-10-11-more-markets/fl1-ogc-str-2026-10-11-btts-first-half,2026-10-10T17:26:32.436514+00:00
0x6bec03f7b5b5a7728feb2bda7ea686083c5d29e61eec46cd732cfb8d830e07f6,5064848,6421630367017571630705728306190737825274396075534768843775225483870837888729,111172399335661373809719532207510037827908451073464691452934934714642325780654,Hull City AFC vs. Everton FC: Both Teams to Score,True,Sports,2026-10-11,0.535,0.53,0.54,100910.1092,759242.80755,0.05,877.849684,epl-hul-eve-2026-10-11-more-markets,epl-hul-eve-2026-10-11-btts,https://polymarket.com/event/epl-hul-eve-2026-10-11-more-markets/epl-hul-eve-2026-10-11-btts,2026-10-10T17:26:32.436514+00:00
0x3539d1d20c3a86e37870ba210452b16e00862a6a80fe18207a102566f12a52db,5064851,6187636628314767827813177654518430191879092967410042795386502768621094572054,94730876519089916533363817176367450181177907864885289389036958362953269137380,Hull City AFC vs. Everton FC: Both Teams to Score in First Half,True,Sports,2026-10-11,0.175,0.16,0.19,9450.4951,759242.80755,0.05,,epl-hul-eve-2026-10-11-more-markets,epl-hul-eve-2026-10-11-btts-first-half,https://polymarket.com/event/epl-hul-eve-2026-10-11-more-markets/epl-hul-eve-2026-10-11-btts-first-half,2026-10-10T17:26:32.436514+00:00
0xbe8a4115ff8c283d735945d103ae4edb24770007dbada32a87169a6895096eaf,5064928,66004927543872005621063592575294219218865764733708125064406283617770860988070,34997089640584664552186297106435323649455381522982092053076277683949980662773,Hull City AFC vs. Everton FC: Both Teams to Score in Second Half,True,Sports,2026-10-11,0.265,0.22,0.31,4209.9655,759242.80755,0.05,,epl-hul-eve-2026-10-11-more-markets,epl-hul-eve-2026-10-11-btts-second-half,https://polymarket.com/event/epl-hul-eve-2026-10-11-more-markets/epl-hul-eve-2026-10-11-btts-second-half,2026-10-10T17:26:32.436514+00:00
0x27430fe08bda8574faddd529b79f72210c4494315b422e3852f22ab6895d5e05,5064968,96075342917508639349545861199387151383679071895387581886039142268021942556033,61299370919040041065423996239300135985764451637208869845218575594007688547732,US Lecce vs. Bologna FC 1909: Both Teams to Score,True,Sports,2026-10-11,0.505,0.5,0.51,20661.4811,491499.92938,0.05,,sea-lec-bol-2026-10-11-more-markets,sea-lec-bol-2026-10-11-btts,https://polymarket.com/event/sea-lec-bol-2026-10-11-more-markets/sea-lec-bol-2026-10-11-btts,2026-10-10T17:26:32.436514+00:00
0x1c6fe8eec92d5cf74bd0ee0e9e9aa11668dceaa610ef44f5ea1b1af1c2f26679,5065028,14184129505306790966355147740839455321915068811322404742577784267548137765956,6463683553984556706636184366348962530856257131499845544197045205108203727922,Como 1907 vs. AS Roma: Both Teams to Score,True,Sports,2026-10-11,0.625,0.62,0.63,36606.5273,456361.76024,0.05,357.463759,sea-com-rom-2026-10-11-more-markets,sea-com-rom-2026-10-11-btts,https://polymarket.com/event/sea-com-rom-2026-10-11-more-markets/sea-com-rom-2026-10-11-btts,2026-10-10T17:26:32.436514+00:00
0xd528b6aa2f20d128ec8a2e9c9e767a5c9edbc1078b6a78c8ddbe4151816b25a3,5065356,43817261565452541966277322470887780149068168442334292157722046516583929150095,40713023241320393739986702376292500542647985201676126816321900850731772891404,Telstar 1963 vs. ADO Den Haag: Both Teams to Score,True,Sports,2026-10-11,0.645,0.63,0.66,5965.6119,187367.21849,0.05,11.06,ere-tel-ado-2026-10-11-more-markets,ere-tel-ado-2026-10-11-btts,https://polymarket.com/event/ere-tel-ado-2026-10-11-more-markets/ere-tel-ado-2026-10-11-btts,2026-10-10T17:26:32.436514+00:00
0x0badee885f90d4ba23f50ecb6843ab768185bf9d57d6ae7c3ec9418c15a0edfa,5065474,89040337385873279446624853695055952939672419676459128885093987904325529446774,3927483991542279212989212522649790389462242054666628837155117053690601123231,Elche CF to score first vs. RC Celta de Vigo?,True,Sports,2026-10-11,0.44,0.42,0.46,3989.8284,13123.9306,0.05,,lal-elc-cel-2026-10-11-first-to-score,lal-elc-cel-2026-10-11-first-to-score-home,https://polymarket.com/event/lal-elc-cel-2026-10-11-first-to-score/lal-elc-cel-2026-10-11-first-to-score-home,2026-10-10T17:26:32.436514+00:00
0x0a76097f18820c9169105c511865be07d158b72b68ab3c00e60b08c7ec8c8237,5065900,102160434321315074937990264120079721599126683430385498256844884378702889330972,30072580523955572508746356325343334116792424912681362376573121866733598084471,FC Utrecht vs. Willem II Tilburg: Both Teams to Score,True,Sports,2026-10-11,0.6,0.59,0.61,7506.3388,284146.93202,0.05,8.278686,ere-utr-wii-2026-10-11-more-markets,ere-utr-wii-2026-10-11-btts,https://polymarket.com/event/ere-utr-wii-2026-10-11-more-markets/ere-utr-wii-2026-10-11-btts,2026-10-10T17:26:32.436514+00:00
0xd074591fa58b698316760a39e473a76cf83f2ff521b88f4d62c57d0cbacb77dd,5065908,56231573384002735008466959501213333452124335588669143715011319849954335170953,22696731138507458947838474468368388336425174735964427311753677499440307480949,FC Utrecht vs. Willem II Tilburg: Both Teams to Score in First Half,True,Sports,2026-10-11,0.23,0.21,0.25,2964.0038,284146.93202,0.05,,ere-utr-wii-2026-10-11-more-markets,ere-utr-wii-2026-10-11-btts-first-half,https://polymarket.com/event/ere-utr-wii-2026-10-11-more-markets/ere-utr-wii-2026-10-11-btts-first-half,2026-10-10T17:26:32.436514+00:00
0x71562c53cc096c2c44a2157097a04b26021907beb05754043b2ec7ca6bd5e7b6,5067018,59207555531598802009720159056383577826172845599832637128925798440693774210172,50579001960630788742529591348996727810366760232686170740040834990536607439822,Real Betis Balompié vs. CA Osasuna: Both Teams to Score,True,Sports,2026-10-11,0.515,0.51,0.52,19230.8435,511420.2325,0.05,299.458315,lal-bet-osa-2026-10-11-more-markets,lal-bet-osa-2026-10-11-btts,https://polymarket.com/event/lal-bet-osa-2026-10-11-more-markets/lal-bet-osa-2026-10-11-btts,2026-10-10T17:26:32.436514+00:00
0xc0a9a208073500b20c3b378a46b96aa9404dc854af76f10b8af44d25934077c3,5067019,85735476493809269405671552744248694669793983930441495908895759302448218795149,96012013176912740849117477848284584503762164877937043898061510743743023365085,Real Betis Balompié vs. CA Osasuna: Both Teams to Score in First Half,True,Sports,2026-10-11,0.18,0.17,0.19,10317.6109,511420.2325,0.05,,lal-bet-osa-2026-10-11-more-markets,lal-bet-osa-2026-10-11-btts-first-half,https://polymarket.com/event/lal-bet-osa-2026-10-11-more-markets/lal-bet-osa-2026-10-11-btts-first-half,2026-10-10T17:26:32.436514+00:00
0xa1e73b50c9bc8fb8953c35cbc02e5b841521f81a0a5ee0c9147eb2f89579697b,5067045,67248479300237643118292324330789217151544618311289666285712675951018893977697,30579597455656371193898856317218619993967039870083774628319041601705224251133,Real Betis Balompié vs. CA Osasuna: Both Teams to Score in Second Half,True,Sports,2026-10-11,0.26,0.21,0.31,2450.3343,511420.2325,0.05,,lal-bet-osa-2026-10-11-more-markets,lal-bet-osa-2026-10-11-btts-second-half,https://polymarket.com/event/lal-bet-osa-2026-10-11-more-markets/lal-bet-osa-2026-10-11-btts-second-half,2026-10-10T17:26:32.436514+00:00
0x891616f6f797b317be929942b9c03c5b8336a71fe96e233ffc3d5da94f79f38f,5067078,29310602335210637514654880907564239692499563474383856135503728618670350617372,22120011386105773051645961612372574653890754058965665769953725139023585260043,Real Sociedad de Fútbol vs. RC Deportivo A Coruña: Both Teams to Score,True,Sports,2026-10-11,0.535,0.53,0.54,24223.2684,413695.88186,0.05,1485.369361,lal-rso-dep-2026-10-11-more-markets,lal-rso-dep-2026-10-11-btts,https://polymarket.com/event/lal-rso-dep-2026-10-11-more-markets/lal-rso-dep-2026-10-11-btts,2026-10-10T17:26:32.436514+00:00
0xb376bb1758bc01e38f7de2f8cfce1f945a62768c1c8b76d051e0b5472050e92b,5067079,78793540015199175060805653584217072651293109324359909191966614858820516918479,21547460514665364136741361584362142917030039292261452052582234624334719424187,Real Sociedad de Fútbol vs. RC Deportivo A Coruña: Both Teams to Score in First Half,True,Sports,2026-10-11,0.185,0.17,0.2,13606.2649,413695.88186,0.05,,lal-rso-dep-2026-10-11-more-markets,lal-rso-dep-2026-10-11-btts-first-half,https://polymarket.com/event/lal-rso-dep-2026-10-11-more-markets/lal-rso-dep-2026-10-11-btts-first-half,2026-10-10T17:26:32.436514+00:00
0x8bf0b3189f0c9c53f4c2d1c2b64a5c658a596e0c36a9cb45a408fb0382ca7ef4,5067138,17307797726435209978688235773507857882827579024449608496453146107960990558004,75469545586133851970847051004827004688711615794199510314432997975789388585972,Elche CF vs. RC Celta de Vigo: Both Teams to Score,True,Sports,2026-10-11,0.545,0.54,0.55,27047.5934,518106.38321,0.05,161.605265,lal-elc-cel-2026-10-11-more-markets,lal-elc-cel-2026-10-11-btts,https://polymarket.com/event/lal-elc-cel-2026-10-11-more-markets/lal-elc-cel-2026-10-11-btts,2026-10-10T17:26:32.436514+00:00
0x3215149045a14917b5aefc5abd1511b4b9ef923283afbff58bdd63494462a4ec,5067139,106177294806296351521948888792905360126048540982120622570401777034807520497245,107299870681064306362566305686593713362170864178709159769450090131364355656900,Elche CF vs. RC Celta de Vigo: Both Teams to Score in First Half,True,Sports,2026-10-11,0.185,0.17,0.2,10590.2409,518106.38321,0.05,,lal-elc-cel-2026-10-11-more-markets,lal-elc-cel-2026-10-11-btts-first-half,https://polymarket.com/event/lal-elc-cel-2026-10-11-more-markets/lal-elc-cel-2026-10-11-btts-first-half,2026-10-10T17:26:32.436514+00:00
0x075fa0f4aef3246757ebfe73a7b640de42e1b04a04fa7b365214d119cff05a96,5067167,41687396969374005768500456619481753786503053687658492683066644950984667629795,86574939579409079607456141799332093300695013424364088324987093015968463211111,Elche CF vs. RC Celta de Vigo: Both Teams to Score in Second Half,True,Sports,2026-10-11,0.27,0.24,0.3,3492.8688,518106.38321,0.05,,lal-elc-cel-2026-10-11-more-markets,lal-elc-cel-2026-10-11-btts-second-half,https://polymarket.com/event/lal-elc-cel-2026-10-11-more-markets/lal-elc-cel-2026-10-11-btts-second-half,2026-10-10T17:26:32.436514+00:00
0xebccba06ed117097aae4a9675f577d51f17d0f64cb03ba5dad270d7030260d78,5067728,69990440399015694599625611508507555555673870539343828695598006072423366770358,91851156748028992874631341587149591533399131301710938767091762654698005737791,CF América vs. CF Monterrey: Both Teams to Score,True,Sports,2026-10-11,0.605,0.6,0.61,8845.5717,163408.77021,0.05,220.131145,mex-ame-mon1-2026-10-10-more-markets,mex-ame-mon1-2026-10-10-btts,https://polymarket.com/event/mex-ame-mon1-2026-10-10-more-markets/mex-ame-mon1-2026-10-10-btts,2026-10-10T17:26:32.436514+00:00
0x1f8adfbe619d1f64ee3fa8d385a2b4f822edc92b63338927661c43faa9273577,5067729,44251312181369063031239759084389744368042029347048396650456698877666882091058,104945357849757882983545721298537561302893396204048721563439304701242768111566,CF América vs. CF Monterrey: Both Teams to Score in First Half,True,Sports,2026-10-11,0.23,0.21,0.25,3856.9667,163408.77021,0.05,,mex-ame-mon1-2026-10-10-more-markets,mex-ame-mon1-2026-10-10-btts-first-half,https://polymarket.com/event/mex-ame-mon1-2026-10-10-more-markets/mex-ame-mon1-2026-10-10-btts-first-half,2026-10-10T17:26:32.436514+00:00
0xbd9995297109d4774ca23f380413719d238f68378420b325af66ceda13130783,5067851,40701100540575251101003054221324840294870819250827129914382757778296630641881,20533754146895052735453795833520840789099905556925318132365179952723550537913,Atlas FC vs. CD Guadalajara: Both Teams to Score,True,Sports,2026-10-11,0.575,0.57,0.58,21217.7305,167594.94451,0.05,364.80869,mex-atl-gua-2026-10-10-more-markets,mex-atl-gua-2026-10-10-btts,https://polymarket.com/event/mex-atl-gua-2026-10-10-more-markets/mex-atl-gua-2026-10-10-btts,2026-10-10T17:26:32.436514+00:00
0xe7f5200ca929adfd89017b054cf22009f33a1a5fafacc22d1672088d5ddfc8a5,5067854,52917100998839843247085568854213841236395740117556773793318328328703818902372,51801823990396578351342483554978754999103509887668068266198749384370485422678,Atlas FC vs. CD Guadalajara: Both Teams to Score in First Half,True,Sports,2026-10-11,0.205,0.19,0.22,3405.5094,167594.94451,0.05,,mex-atl-gua-2026-10-10-more-markets,mex-atl-gua-2026-10-10-btts-first-half,https://polymarket.com/event/mex-atl-gua-2026-10-10-more-markets/mex-atl-gua-2026-10-10-btts-first-half,2026-10-10T17:26:32.436514+00:00
0x99f80ed421f5c824e0fa283f09cc239693fc893438e9215a2050b13075497d28,5067990,27928689797605613492071205575745371188446509204156682547218452372104547412987,60586165679230076162275505667967238692999432909496381040497210826384734199448,Querétaro FC vs. Atlante FC: Both Teams to Score,True,Sports,2026-10-10,0.585,0.58,0.59,12125.9182,183271.23629,0.05,,mex-que-atla-2026-10-10-more-markets,mex-que-atla-2026-10-10-btts,https://polymarket.com/event/mex-que-atla-2026-10-10-more-markets/mex-que-atla-2026-10-10-btts,2026-10-10T17:26:32.436514+00:00
0x48e17d9efd8b4e38ef00fe04c2d5568b629b7c6687cce7910d11554f438d3e2e,5067991,62720784651488168834141454330158065884985659434762966638592940175577930925538,13694095613420251660949640260680867617874456187219236269112889640981322843797,Querétaro FC vs. Atlante FC: Both Teams to Score in First Half,True,Sports,2026-10-10,0.205,0.19,0.22,5131.2021,183271.23629,0.05,,mex-que-atla-2026-10-10-more-markets,mex-que-atla-2026-10-10-btts-first-half,https://polymarket.com/event/mex-que-atla-2026-10-10-more-markets/mex-que-atla-2026-10-10-btts-first-half,2026-10-10T17:26:32.436514+00:00
0xe135009fa05af1dd8465fbdd852fef4593e02a5d78fe22f003084144c63c53e2,5068050,92633379941438740576216092530247504211554359239353621484196219330285916057751,62139256085290032799768650390324082012135493613602032189203502667954223300891,FC Juárez vs. Club Tijuana: Both Teams to Score,True,Sports,2026-10-10,0.565,0.56,0.57,13310.486,184402.75836,0.05,42.0,mex-jua-tij-2026-10-10-more-markets,mex-jua-tij-2026-10-10-btts,https://polymarket.com/event/mex-jua-tij-2026-10-10-more-markets/mex-jua-tij-2026-10-10-btts,2026-10-10T17:26:32.436514+00:00
0x70e45d36cf18538607bf4d819ed921930ef64f9fd32ff000d163621dd2d8cb4f,5068051,67970338181903034398577532817118534188000089504754745235019779461713246342261,25282354966553517470062966850663410438534184487052288742776863134759057837101,FC Juárez vs. Club Tijuana: Both Teams to Score in First Half,True,Sports,2026-10-10,0.2,0.18,0.22,5393.6808,184402.75836,0.05,,mex-jua-tij-2026-10-10-more-markets,mex-jua-tij-2026-10-10-btts-first-half,https://polymarket.com/event/mex-jua-tij-2026-10-10-more-markets/mex-jua-tij-2026-10-10-btts-first-half,2026-10-10T17:26:32.436514+00:00
0xea111ec7d7799dcc9d2ac50514fe1dea9e8988bf70293218a54f8bcbf3e33f42,5069033,113420451077415599247404471316984365258097405256842420241643809656647515484539,61799210756361066352362236080396397431351900601929326028320338392001717538493,Rio Ave FC vs. CD Nacional: Both Teams to Score,True,Sports,2026-10-11,0.53,0.52,0.54,4421.7069,135408.79834,0.05,,por-rio-nac-2026-10-11-more-markets,por-rio-nac-2026-10-11-btts,https://polymarket.com/event/por-rio-nac-2026-10-11-more-markets/por-rio-nac-2026-10-11-btts,2026-10-10T17:26:32.436514+00:00
0x2d17c27243c28c2ff14fba335e7e43b872e0bbc9168ae8da41db409c3eff6980,5069040,75308871573669577462919127446401538589896530549101661644290127668695377149344,2655866631800253587505025652800868803781567143696280210429870161172933022443,Rio Ave FC vs. CD Nacional: Both Teams to Score in First Half,True,Sports,2026-10-11,0.185,0.16,0.21,1450.5569,135408.79834,0.05,,por-rio-nac-2026-10-11-more-markets,por-rio-nac-2026-10-11-btts-first-half,https://polymarket.com/event/por-rio-nac-2026-10-11-more-markets/por-rio-nac-2026-10-11-btts-first-half,2026-10-10T17:26:32.436514+00:00
0x2b826bbe75319536e98c6730291342a72defb3ab4087ef21f3ac2a09839879b7,5069619,51285087953689517384133843058855498316922570587777013030692877069576561069467,90797444195119984219767388308303164935461933959852669746606618538306230721192,CA Tigre vs. CA Banfield: Both Teams to Score,True,Sports,2026-10-10,0.435,0.42,0.45,12212.1362,216789.72394,0.05,109.982143,arg-tig-ban-2026-10-10-more-markets,arg-tig-ban-2026-10-10-btts,https://polymarket.com/event/arg-tig-ban-2026-10-10-more-markets/arg-tig-ban-2026-10-10-btts,2026-10-10T17:26:32.436514+00:00
0xd6715b5514c1e70a98bc9bc47b71ac7391a23f418314a4506a8e971e648515a0,5069679,114490355453273542111451224305436358775789767958951956070804650168680236775349,111825133694713756403680543549423416190083486927489362656277480017523491761023,CA Central Córdoba vs. Estudiantes de La Plata: Both Teams to Score,True,Sports,2026-10-10,0.455,0.45,0.46,17828.123,339782.55373,0.05,633.367779,arg-cac-est-2026-10-10-more-markets,arg-cac-est-2026-10-10-btts,https://polymarket.com/event/arg-cac-est-2026-10-10-more-markets/arg-cac-est-2026-10-10-btts,2026-10-10T17:26:32.436514+00:00
0x8c988aa8eb43fb730ec3fc749d14d3893a840d65498690d3297d4b1d4cb30143,5069741,22015481133259733877239169362180508928060213343227612661835005231437685760137,95723589922741794277108539685108878433582327136233994486611351548339699508437,CA Barracas Central vs. CA Huracán: Both Teams to Score,True,Sports,2026-10-10,0.39,0.38,0.4,29411.5959,343633.62237,0.05,1282.2900190000005,arg-bar-cah-2026-10-10-more-markets,arg-bar-cah-2026-10-10-btts,https://polymarket.com/event/arg-bar-cah-2026-10-10-more-markets/arg-bar-cah-2026-10-10-btts,2026-10-10T17:26:32.436514+00:00
0xf8ea225f3c21b11845bf122b45c11fc4fc51be0a05cccb6a1d931aff367e0667,5071463,99261327301982564262878297485318783754061778571425370256555238919060506531535,79680035307466935552386353978191890642533779036699724028143092099722991591659,Southampton FC vs. Portsmouth FC: Both Teams to Score,True,Sports,2026-10-11,0.56,0.55,0.57,8606.9289,323366.35285,0.05,117.54386,elc-sot-por-2026-10-11-more-markets,elc-sot-por-2026-10-11-btts,https://polymarket.com/event/elc-sot-por-2026-10-11-more-markets/elc-sot-por-2026-10-11-btts,2026-10-10T17:26:32.436514+00:00
0x83daa7caf67b13329b4902ea559f82a247c4da2de911c1ea079125afee9a360d,5071465,5069312336539266488990767952415966115523733668011064781524856938335781889131,65435982794575034600579584640076288451947854047501668278994421231726813993868,Southampton FC vs. Portsmouth FC: Both Teams to Score in First Half,True,Sports,2026-10-11,0.2,0.18,0.22,4592.0589,323366.35285,0.05,,elc-sot-por-2026-10-11-more-markets,elc-sot-por-2026-10-11-btts-first-half,https://polymarket.com/event/elc-sot-por-2026-10-11-more-markets/elc-sot-por-2026-10-11-btts-first-half,2026-10-10T17:26:32.436514+00:00
0xa8a227f89a431c7636f06247d7e6a40b3b0ee14b4e04163a88275c278bb85bbb,5072799,40352137724808465545957353289870107699794477293373461664210687280347069509687,18191824673235664517409999789304281974192114133909780469342611841431722191760,CA Mineiro vs. Santos FC: Both Teams to Score,True,Sports,2026-10-11,0.53,0.52,0.54,4822.417,100423.68727,0.05,5.0,bra-cam-san-2026-10-11-more-markets,bra-cam-san-2026-10-11-btts,https://polymarket.com/event/bra-cam-san-2026-10-11-more-markets/bra-cam-san-2026-10-11-btts,2026-10-10T17:26:32.436514+00:00
0xcb68d3e27640994cce8de1f21ec38c6a4735f4a56e4a135c1a0a06342c00211b,5072919,88843726001812022970544354407533117270815853314877062919473168633025653160849,17682656997012089066354869994678696703893121257681624006991459342622767944286,CR Vasco da Gama vs. Clube do Remo: Both Teams to Score,True,Sports,2026-10-10,0.49,0.48,0.5,26500.7409,544484.19136,0.05,41.458824,bra-vas-cre-2026-10-10-more-markets,bra-vas-cre-2026-10-10-btts,https://polymarket.com/event/bra-vas-cre-2026-10-10-more-markets/bra-vas-cre-2026-10-10-btts,2026-10-10T17:26:32.436514+00:00
0xfd4262ae0d244bf7c411355d4bb5fd0c1a16071b8819ab98179815f64dff7111,5072920,83822280051769526966365491829259732607228523335729445157869539806502947509089,7263977365206101426326498034165268431016598506019694820371273529343024128941,CR Vasco da Gama vs. Clube do Remo: Both Teams to Score in First Half,True,Sports,2026-10-10,0.18,0.17,0.19,4829.0121,544484.19136,0.05,,bra-vas-cre-2026-10-10-more-markets,bra-vas-cre-2026-10-10-btts-first-half,https://polymarket.com/event/bra-vas-cre-2026-10-10-more-markets/bra-vas-cre-2026-10-10-btts-first-half,2026-10-10T17:26:32.436514+00:00
0x4f0bbb40894e98ec9d9ea58128bea13de9c843fc0c5caf324753757aa5c09f42,5073368,8483644282100913189919511775476272880412358254525076184916184287354397842656,20093122001513078138845195522584576789721521241292236617084205698402222370948,NK Slaven Belupo vs. HNK Rijeka: Both Teams to Score,True,Sports,2026-10-11,0.53,0.52,0.54,1896.1342,46609.04246,0.05,,hr1-sla-rij-2026-10-11-more-markets,hr1-sla-rij-2026-10-11-btts,https://polymarket.com/event/hr1-sla-rij-2026-10-11-more-markets/hr1-sla-rij-2026-10-11-btts,2026-10-10T17:26:32.436514+00:00
0x70f7e23f597c30b2a806aee49ea0370653eacb631a6d45bde40c919284890051,5073428,23376388999528214356339807178494438101008387081674062984176204645122419504561,112475606055357961608431810063729369872793535892750318861859763855825477348610,NK Lokomotiva Zagreb vs. NK Varaždin: Both Teams to Score,True,Sports,2026-10-11,0.56,0.55,0.57,2632.6607,50310.35484,0.05,,hr1-lok-var-2026-10-11-more-markets,hr1-lok-var-2026-10-11-btts,https://polymarket.com/event/hr1-lok-var-2026-10-11-more-markets/hr1-lok-var-2026-10-11-btts,2026-10-10T17:26:32.436514+00:00
0x6da10a277d3d9d39e93ab9728f38661f7a20493ff6b55e64c3d3e87d9dc27e9d,5074044,57543430782456189674568449396663274638432604348533162324068762305268788060976,81421468515289202494251584632473566268935347184235744054022245448228428803683,Hertha BSC vs. SpVgg Greuther Fürth: Both Teams to Score,True,Sports,2026-10-11,0.645,0.64,0.65,7505.2218,135761.14691,0.05,15.151514,bl2-ber-fur-2026-10-11-more-markets,bl2-ber-fur-2026-10-11-btts,https://polymarket.com/event/bl2-ber-fur-2026-10-11-more-markets/bl2-ber-fur-2026-10-11-btts,2026-10-10T17:26:32.436514+00:00
0x0a54c8761f3f1b5057b273caddda4d31987920d85e00ac63a3b368fa19b20825,5074104,99180693097238386590267444225002722323066747430257043060381846420519128548503,28174598189454030036485282568875838843551108389727780642423668723644708106960,VfL Bochum vs. DSC Arminia Bielefeld: Both Teams to Score,True,Sports,2026-10-11,0.615,0.6,0.63,5174.7312,110692.48684,0.05,5.0,bl2-boc-bie-2026-10-11-more-markets,bl2-boc-bie-2026-10-11-btts,https://polymarket.com/event/bl2-boc-bie-2026-10-11-more-markets/bl2-boc-bie-2026-10-11-btts,2026-10-10T17:26:32.436514+00:00
0x9c00bd3d5bc7a814293b460b98d4c8d4f3e5a6dc63fec4dd94e8471360ee8e89,5074703,3005003341162930657234718571429957445071528175193015790279747326594953339720,115472883820627534972377550306682550732428633875233614896509425441110156879701,Konyaspor vs. Rams Başakşehir FK: Both Teams to Score,True,Sports,2026-10-11,0.595,0.58,0.61,4137.0713,79011.99405,0.05,,tur-kon-iba-2026-10-11-more-markets,tur-kon-iba-2026-10-11-btts,https://polymarket.com/event/tur-kon-iba-2026-10-11-more-markets/tur-kon-iba-2026-10-11-btts,2026-10-10T17:26:32.436514+00:00
0x9ef1569a022859ee0627e4c765d5f3812d8b4fb76d1f716b686e6b8741cd547c,5081825,79121799979514003717517064072741072436152863228825821611377191414120711548346,100320963078595160345171592867152216916755589066922514006921223310896671357411,Chongqing Tonglianglong FC vs. Shandong Taishan FC: Both Teams to Score,True,Sports,2026-10-11,0.605,0.59,0.62,4689.8432,102322.11378,0.05,7.612902,chi-ton-sha-2026-10-11-more-markets,chi-ton-sha-2026-10-11-btts,https://polymarket.com/event/chi-ton-sha-2026-10-11-more-markets/chi-ton-sha-2026-10-11-btts,2026-10-10T17:26:32.436514+00:00
0xad5b9abcaf36d3e7aebd31231e765ea6567d910f80b9fec1b6bf56255e014e1a,5082159,19975451175204233311447825568660395797215071367906852022684958150514037699394,1693346305982581679407546483304830397957431358771978300009601495553607504983,Qingdao Xihaian FC vs. Dalian Yingbo FC: Both Teams to Score,True,Sports,2026-10-11,0.58,0.57,0.59,3350.644,71001.01573,0.05,3.389831,chi-qin-ygb-2026-10-11-more-markets,chi-qin-ygb-2026-10-11-btts,https://polymarket.com/event/chi-qin-ygb-2026-10-11-more-markets/chi-qin-ygb-2026-10-11-btts,2026-10-10T17:26:32.436514+00:00
0x1c733b694432e56086342c9129c264a3ff2498e6332b5fc81c1d66acc4981a42,5082617,11719405762552853654599974198034650107311631212881624424827694483538904371535,5920757288370212320764897817027807673458873732143348901943720427907353658289,Silkeborg IF vs. AC Horsens: Both Teams to Score,True,Sports,2026-10-11,0.575,0.56,0.59,4139.7955,95366.56399,0.05,,den-sif-hor-2026-10-11-more-markets,den-sif-hor-2026-10-11-btts,https://polymarket.com/event/den-sif-hor-2026-10-11-more-markets/den-sif-hor-2026-10-11-btts,2026-10-10T17:26:32.436514+00:00
0x637810606aec0e6827a98781bf1fcf4937ccc11dc294817722de9b653e9b2e88,5082677,72324753889125413899713922980001276090190915424589358124829024788112446351143,66761784314287874969438212353134364308962856412263418513195379053471020673191,Randers FC vs. Viborg FF: Both Teams to Score,True,Sports,2026-10-11,0.61,0.6,0.62,3749.3859,79491.47327,0.05,5.0,den-ran-vib-2026-10-11-more-markets,den-ran-vib-2026-10-11-btts,https://polymarket.com/event/den-ran-vib-2026-10-11-more-markets/den-ran-vib-2026-10-11-btts,2026-10-10T17:26:32.436514+00:00
0x3c89892cfa7838af7ba0f6cdae4b0a05935fd746d6c560694f387946f97b6b8a,5083371,47645951380182965187724391630160254770861172374083338745882681077971982853861,98773237156158123585847797071969783754933097764902362347511914255482407752399,St. Louis City SC vs. Los Angeles Galaxy: Both Teams to Score,True,Sports,2026-10-11,0.64,0.63,0.65,8041.8485,169625.97537,0.05,137.814506,mls-stl-lag-2026-10-11-more-markets,mls-stl-lag-2026-10-11-btts,https://polymarket.com/event/mls-stl-lag-2026-10-11-more-markets/mls-stl-lag-2026-10-11-btts,2026-10-10T17:26:32.436514+00:00
0xb86a28a04c39cdecd5966b4c5ec8e20d55e110a914cf131dcc243de1a8e5afa3,5083372,19106268660386458963856721429037424004082372307679012146862528272125581685293,71253951467875218692641488194964424364268613447808916639746986917238761493049,St. Louis City SC vs. Los Angeles Galaxy: Both Teams to Score in First Half,True,Sports,2026-10-11,0.255,0.23,0.28,4970.1776,169625.97537,0.05,,mls-stl-lag-2026-10-11-more-markets,mls-stl-lag-2026-10-11-btts-first-half,https://polymarket.com/event/mls-stl-lag-2026-10-11-more-markets/mls-stl-lag-2026-10-11-btts-first-half,2026-10-10T17:26:32.436514+00:00
0xf8d440424de5354f626ba3f32f1116e0c029169d3940bf294ec57aebb917170c,5088697,93581652171118745051067319745033261387633094056333453726661441803241876879687,34567113858209446819163167922819056080936642836182019965998076037963001728649,RCD Mallorca vs. UD Las Palmas: Both Teams to Score,True,Sports,2026-10-11,0.515,0.5,0.53,5708.3988,107049.26359,0.05,,es2-rm-lpm-2026-10-11-more-markets,es2-rm-lpm-2026-10-11-btts,https://polymarket.com/event/es2-rm-lpm-2026-10-11-more-markets/es2-rm-lpm-2026-10-11-btts,2026-10-10T17:26:32.436514+00:00
0x971460f20025c57fdde45a44e828caae2f02b8582c8878d304a1f50fbb970044,5088787,10619341546563173540050504420759610464131329075960895677509210492408180390478,30578263302895740204427217346870363866305999609594419752361898268063688470087,SE Palmeiras to score first vs. SC Corinthians Paulista?,True,Sports,2026-10-11,0.645,0.62,0.67,2184.6238,6261.8822,0.05,,bra-pal-cor1-2026-10-11-first-to-score,bra-pal-cor1-2026-10-11-first-to-score-home,https://polymarket.com/event/bra-pal-cor1-2026-10-11-first-to-score/bra-pal-cor1-2026-10-11-first-to-score-home,2026-10-10T17:26:32.436514+00:00
0x3ebce9d4824c16e3ae56bcd10f260d8546a20a1879a2187e7aebf7f8d1841b3a,5088973,84483567597421656361004499897331832933273326191483426883349254861021436602896,40054536356679024672570934300409627422272814654168428548328127808190887649605,UD Almería vs. CD Leganés: Both Teams to Score,True,Sports,2026-10-11,0.545,0.54,0.55,5541.6619,133953.61202,0.05,,es2-alm-leg-2026-10-11-more-markets,es2-alm-leg-2026-10-11-btts,https://polymarket.com/event/es2-alm-leg-2026-10-11-more-markets/es2-alm-leg-2026-10-11-btts,2026-10-10T17:26:32.436514+00:00
0x9b6d2bc432afde877eecb1ce2f8141ce0d0dcb4fbef36a185f570e833fa8e524,5089179,44563414406100347180949509923555768385999800538048835703386740776402308708311,104904952886427826917254780420303946468044213316536109925586595098109081654119,FC Andorra vs. CD Castellón: Both Teams to Score,True,Sports,2026-10-11,0.615,0.61,0.62,4294.3684,79380.19381,0.05,1548.47,es2-and-cas-2026-10-11-more-markets,es2-and-cas-2026-10-11-btts,https://polymarket.com/event/es2-and-cas-2026-10-11-more-markets/es2-and-cas-2026-10-11-btts,2026-10-10T17:26:32.436514+00:00
0x05c5a92ca6ee20c277b692090cdd1d2b3c20c50b9c8438907e250a6c6f075b7f,5093497,96711720122702421601323885534014720247550585344581811110943767388675052482929,96188889786329887137332622765300504352990859712950901330342970285695017938038,Calcio Padova vs. Carrarese Calcio: Both Teams to Score,True,Sports,2026-10-11,0.55,0.54,0.56,4866.2559,90758.76551,0.05,,itsb-pad-car-2026-10-11-more-markets,itsb-pad-car-2026-10-11-btts,https://polymarket.com/event/itsb-pad-car-2026-10-11-more-markets/itsb-pad-car-2026-10-11-btts,2026-10-10T17:26:32.436514+00:00
0x970229e1ed1fe9b9632480c88cf116e11fb93d0e3f18f2e86807fca5b8e0899f,5093557,105906275494131553414410642049344663959817555730342043114885353567858590890727,72655854260887785859324580028877875865014008734278913459022939515221663691838,US Catanzaro 1929 vs. Mantova 1911: Both Teams to Score,True,Sports,2026-10-11,0.59,0.58,0.6,4903.8863,87019.04004,0.05,,itsb-cat-man-2026-10-11-more-markets,itsb-cat-man-2026-10-11-btts,https://polymarket.com/event/itsb-cat-man-2026-10-11-more-markets/itsb-cat-man-2026-10-11-btts,2026-10-10T17:26:32.436514+00:00
0xfbf629d78841b6eeaa230399c27d6a19596eabc5ec3241af2a45d2a090fe1b7a,5100383,43888105732668127087571067989874154317562814663648176858736097166643150772608,28720137293153801005176362926483342224433154035727481854284831392385259445818,Aberdeen FC vs. St Johnstone FC: Both Teams to Score,True,Sports,2026-10-11,0.545,0.53,0.56,4950.1264,82892.89997,0.05,,scop-abe-joh-2026-10-11-more-markets,scop-abe-joh-2026-10-11-btts,https://polymarket.com/event/scop-abe-joh-2026-10-11-more-markets/scop-abe-joh-2026-10-11-btts,2026-10-10T17:26:32.436514+00:00
0xe5e6e8a5319b4462be3bc24221389c7b76f8177878e36237743bab7ddef1e3dd,5100458,32961871459470064278268785462869687335066803656107837616500355415691938868739,91726246756379099690428787382793419547041548972869459626681349909412588510255,Motherwell FC vs. Celtic FC: Both Teams to Score,True,Sports,2026-10-11,0.61,0.6,0.62,4615.2212,106255.56349,0.05,,scop-mot-cel-2026-10-11-more-markets,scop-mot-cel-2026-10-11-btts,https://polymarket.com/event/scop-mot-cel-2026-10-11-more-markets/scop-mot-cel-2026-10-11-btts,2026-10-10T17:26:32.436514+00:00
0x5a755094b9c8e06253f46b3194575df457734682bb3badc985b045c0d70a5ad4,5116565,50262732276159549379923002457499835816369924699028047388490723342563521886128,93498390136211932092483204593473763143580577241896881620533574932468888110256,Torino FC vs. Udinese Calcio: Both Teams to Score,True,Sports,2026-10-12,0.515,0.51,0.52,5812.7213,219505.67166,0.05,105.564105,sea-tor-udi-2026-10-12-more-markets,sea-tor-udi-2026-10-12-btts,https://polymarket.com/event/sea-tor-udi-2026-10-12-more-markets/sea-tor-udi-2026-10-12-btts,2026-10-10T17:26:32.436514+00:00
0xf3757fa01111588cf64d4f7d3ca91de3c1b7758a4b1e8f817b0d922afdcffcd0,5116566,107244734960669704387506620971935683182929741413191748595434422256513680016744,30892277746505975747395338276817203649515858980605872833341412105287482465511,Coventry City FC vs. Newcastle United FC: Both Teams to Score,True,Sports,2026-10-12,0.61,0.6,0.62,7641.8351,230530.86008,0.05,432.754839,epl-cov-new-2026-10-12-more-markets,epl-cov-new-2026-10-12-btts,https://polymarket.com/event/epl-cov-new-2026-10-12-more-markets/epl-cov-new-2026-10-12-btts,2026-10-10T17:26:32.436514+00:00
0xf6b2f2d57ee01fe97a1ec28ce914a88d9b91be862e9dfdd8582ecebc35e1ee96,5116668,7812359169318347416238561102417800014867908222209856845822304933863559493232,43237049232272921183604166981997980944350058487962653302108058382627090928488,Atalanta BC vs. Venezia FC: Both Teams to Score,True,Sports,2026-10-12,0.58,0.57,0.59,15279.2173,361585.65804,0.05,243.500789,sea-ata-ven-2026-10-12-more-markets,sea-ata-ven-2026-10-12-btts,https://polymarket.com/event/sea-ata-ven-2026-10-12-more-markets/sea-ata-ven-2026-10-12-btts,2026-10-10T17:26:32.436514+00:00
0x3ac9a04c236d0d76191b58333448ce0a5d689e6726f6d1cb7e4068d713982f01,5117234,77300462022314737329290118894529971436923146131315324320342910907318935921605,55655115021935065376370395140415263152528591716806729534105671876875769955934,SBV Excelsior vs. FC Groningen: Both Teams to Score,True,Sports,2026-10-11,0.65,0.64,0.66,6280.8818,220444.88239,0.05,19.045072,ere-exc-gro-2026-10-11-more-markets,ere-exc-gro-2026-10-11-btts,https://polymarket.com/event/ere-exc-gro-2026-10-11-more-markets/ere-exc-gro-2026-10-11-btts,2026-10-10T17:26:32.436514+00:00
0x0a18109dbce144977db59f42bf79f662255c8ff62204398a7726be661f5c4e90,5117239,23856961136885847163090600859001272691793180171420191620593524320620990983087,41866203539971572096167956906351871118343426035897101872633589093707817217139,SBV Excelsior vs. FC Groningen: Both Teams to Score in First Half,True,Sports,2026-10-11,0.26,0.24,0.28,2690.3935,220444.88239,0.05,,ere-exc-gro-2026-10-11-more-markets,ere-exc-gro-2026-10-11-btts-first-half,https://polymarket.com/event/ere-exc-gro-2026-10-11-more-markets/ere-exc-gro-2026-10-11-btts-first-half,2026-10-10T17:26:32.436514+00:00
0x481c74f45b7de2e2ae20bc7ec86fce18078003ae26aecf91717eee1c11cf69ce,5119046,89223082454463434760451886299656210386638412601914654829062880753116748388743,50265368095617992566696879749454605651872306099949682280724536378970595016643,Levante UD vs. Sevilla FC: Both Teams to Score,True,Sports,2026-10-12,0.535,0.53,0.54,5780.1847,185706.62697,0.05,135.872341,lal-lev-sev-2026-10-12-more-markets,lal-lev-sev-2026-10-12-btts,https://polymarket.com/event/lal-lev-sev-2026-10-12-more-markets/lal-lev-sev-2026-10-12-btts,2026-10-10T17:26:32.436514+00:00
0x104499a6d96d8d809f4e0c62360ad5f5be75c01214143fec6c1a770399c37e25,5119628,81499073740698132578156268006487201283982186123695593388318186619560772031288,25331620071830261556684817656680624507551068767774965822590885449544799010087,Pumas de la UNAM vs. CF Cruz Azul: Both Teams to Score,True,Sports,2026-10-12,0.61,0.6,0.62,5704.4468,92802.76676,0.05,,mex-pum-caz-2026-10-11-more-markets,mex-pum-caz-2026-10-11-btts,https://polymarket.com/event/mex-pum-caz-2026-10-11-more-markets/mex-pum-caz-2026-10-11-btts,2026-10-10T17:26:32.436514+00:00
0x3f0510eabb17d939ccab563d60ef6162f54be3f6abb6ac5d74c28cb283e3254e,5119630,4653193351132675584359594522775895640440740097384708563447366417283071324952,8990898816935750077143213445478293318880895463494965899001023202525795227247,Pumas de la UNAM vs. CF Cruz Azul: Both Teams to Score in First Half,True,Sports,2026-10-12,0.225,0.2,0.25,2650.7438,92802.76676,0.05,,mex-pum-caz-2026-10-11-more-markets,mex-pum-caz-2026-10-11-btts-first-half,https://polymarket.com/event/mex-pum-caz-2026-10-11-more-markets/mex-pum-caz-2026-10-11-btts-first-half,2026-10-10T17:26:32.436514+00:00
0x0f8f237d2b547818228d6e2d7f5e00f74f7f4ca50f4aab747f49607f713e6438,5119691,62795140593291539130158540612207623637208657798035939627751696971469946214382,113177719639772350118741691152146962698677447149420246080252757751964580961536,CF Pachuca vs. Club Necaxa: Both Teams to Score,True,Sports,2026-10-11,0.575,0.57,0.58,5650.4362,96044.51531,0.05,,mex-pac-nec-2026-10-11-more-markets,mex-pac-nec-2026-10-11-btts,https://polymarket.com/event/mex-pac-nec-2026-10-11-more-markets/mex-pac-nec-2026-10-11-btts,2026-10-10T17:26:32.436514+00:00
0x777c7503b03d4fa1c8b80c49a92bd347d2017010375d32043d609925c25ca685,5119751,4006574027910873222590075355455248109288128764839330676304116221584334133460,31204126116955620176088786141934336963340494799971720933492455908372926477894,Atlético San Luis vs. Club Santos Laguna: Both Teams to Score,True,Sports,2026-10-11,0.605,0.59,0.62,5976.2621,90510.1468,0.05,,mex-asl-san-2026-10-11-more-markets,mex-asl-san-2026-10-11-btts,https://polymarket.com/event/mex-asl-san-2026-10-11-more-markets/mex-asl-san-2026-10-11-btts,2026-10-10T17:26:32.436514+00:00
0x9ac94540f0adc1ad5e851552b3714c73a4ab517a7b136db5f28a9d7d6d0dd8cd,5120390,110714678203733388834480281611369477469175409892084622007655739130671092880074,5880369603862474059667668108516213934833301222428910382679891027667286519238,FC Arouca vs. CF Estrela da Amadora: Both Teams to Score,True,Sports,2026-10-11,0.55,0.54,0.56,5750.1457,206554.14996,0.05,10.6,por-aro-ama-2026-10-11-more-markets,por-aro-ama-2026-10-11-btts,https://polymarket.com/event/por-aro-ama-2026-10-11-more-markets/por-aro-ama-2026-10-11-btts,2026-10-10T17:26:32.436514+00:00
0x1148ac3bcc35b75b0e7cfac85d3ec0e15072ea7d1ce701e333819f21b42e4d7b,5122560,25553574358860800293026109832498260786390843615447862754568374672243577240421,43399293322469157874233481065348111761220092027898112720733916739023297878540,Coritiba FBC vs. Botafogo FR: Both Teams to Score,True,Sports,2026-10-12,0.6,0.58,0.62,2253.3029,37912.18823,0.05,,bra-cor-bot-2026-10-12-more-markets,bra-cor-bot-2026-10-12-btts,https://polymarket.com/event/bra-cor-bot-2026-10-12-more-markets/bra-cor-bot-2026-10-12-btts,2026-10-10T17:26:32.436514+00:00
0x5af286903b34b0940c9deab2f365f8251f63b618251174974a51c38d76593486,5122620,38150265788627422101537888211431628863901527062172375603979619448234101151542,43887301978274055136564584282890197072467265936524177532147436954295924449243,EC Bahia vs. Mirassol FC: Both Teams to Score,True,Sports,2026-10-11,0.57,0.56,0.58,5072.4583,94950.84429,0.05,20.440678,bra-bah-mir-2026-10-11-more-markets,bra-bah-mir-2026-10-11-btts,https://polymarket.com/event/bra-bah-mir-2026-10-11-more-markets/bra-bah-mir-2026-10-11-btts,2026-10-10T17:26:32.436514+00:00
0x666f1882150207141c1447d2537fe75a8f57ab2cbf29a27ba16cd95222f7c179,5122680,17320950379490151092085240432737569031943474385692175188829713078744937380916,40290577653642272582402082661252372090966883373802643661764902792761174828926,Grêmio FBPA vs. SC Internacional: Both Teams to Score,True,Sports,2026-10-11,0.53,0.52,0.54,4937.6367,171150.16498,0.05,,bra-gre-int-2026-10-11-more-markets,bra-gre-int-2026-10-11-btts,https://polymarket.com/event/bra-gre-int-2026-10-11-more-markets/bra-gre-int-2026-10-11-btts,2026-10-10T17:26:32.436514+00:00
0x85364952388fefe8dfea3493be9e2d6302b16ae32e8b75e0c7e1ad9152e3fe03,5122740,52089428769702322867127015407868493082064550490566805222322437470526769021425,55321146590493282566094921095555270905067274223985005102765427618732932813907,SE Palmeiras vs. SC Corinthians Paulista: Both Teams to Score,True,Sports,2026-10-11,0.45,0.44,0.46,4033.4203,79111.47526,0.05,5.0,bra-pal-cor1-2026-10-11-more-markets,bra-pal-cor1-2026-10-11-btts,https://polymarket.com/event/bra-pal-cor1-2026-10-11-more-markets/bra-pal-cor1-2026-10-11-btts,2026-10-10T17:26:32.436514+00:00
0x0eea8c76dfb3e802d6077106e4eba0611dd2228cd37b53e296942373da72d42c,5122800,25762295643145355252693601752338351418979094743097104255660968289894391356549,33343423657930172272810700872594881052281798507112364608275021833493473957943,CR Flamengo vs. Fluminense FC: Both Teams to Score,True,Sports,2026-10-11,0.5,0.49,0.51,4806.1269,95440.11436,0.05,,bra-fla-flu-2026-10-11-more-markets,bra-fla-flu-2026-10-11-btts,https://polymarket.com/event/bra-fla-flu-2026-10-11-more-markets/bra-fla-flu-2026-10-11-btts,2026-10-10T17:26:32.436514+00:00
0x92cc422bcb2c896c32af6c44ba6b16ff34dfda92da76984f8705307a1968d0b4,5136244,8384618291153010022994089519861143212504875642853838879497592392583083023646,42576973038128162651677565108589254117630595646503330303858240614381169910335,Racing Club de Lens vs. Sporting CP: Both Teams to Score,True,Sports,2026-10-13,0.64,0.63,0.65,3592.2346,56883.86692,0.05,,ucl-rcl-spo-2026-10-13-more-markets,ucl-rcl-spo-2026-10-13-btts,https://polymarket.com/event/ucl-rcl-spo-2026-10-13-more-markets/ucl-rcl-spo-2026-10-13-btts,2026-10-10T17:26:32.436514+00:00
0x338bb8391e457c2957a2188ce5f4b3a0093a06891b1c76134b6c996f9343bfaa,5139896,51700813574417087202989794940236027881389344452173550786921808142887385655223,97514328652887640207866894889619988211414606339762686201148481862918470677705,Will Harry Kane finish in the top 10 of the 2026 Ballon d'Or?,True,Sports,2027-01-01,0.9945,0.99,0.999,3795.98626,57800.65662,0.05,110.0,ballon-dor-top-10-finish-2026,will-harry-kane-finish-in-the-top-10-of-the-2026-ballon-dor,https://polymarket.com/event/ballon-dor-top-10-finish-2026/will-harry-kane-finish-in-the-top-10-of-the-2026-ballon-dor,2026-10-10T17:26:32.436514+00:00
0xa2b002c381892d323d88f121f1719088d0ff726951c02d7dcaa49c16ab87b9b6,5139898,19378848842506606701896892011589113130015320375710121887420539928373875012091,95409216276322014815116372227472175457219115608014313651479023002073520533193,Will Lamine Yamal finish in the top 10 of the 2026 Ballon d'Or?,True,Sports,2027-01-01,0.9945,0.99,0.999,2455.41198,57800.65662,0.05,1098.706409,ballon-dor-top-10-finish-2026,will-lamine-yamal-finish-in-the-top-10-of-the-2026-ballon-dor,https://polymarket.com/event/ballon-dor-top-10-finish-2026/will-lamine-yamal-finish-in-the-top-10-of-the-2026-ballon-dor,2026-10-10T17:26:32.436514+00:00
0x67e0d6ac1f3dc89fb68de2d6588a8f7c33ed3a853a04b78d5e0319f805704490,5139900,43335234683627662515749262278834382262882767648227917928715790387433511938003,34640150463178300693984965469742566344551834705259410186430472199439036395136,Will Kylian Mbappé finish in the top 10 of the 2026 Ballon d'Or?,True,Sports,2027-01-01,0.984,0.969,0.999,3667.51964,57800.65662,0.05,158.13,ballon-dor-top-10-finish-2026,will-kylian-mbappe-finish-in-the-top-10-of-the-2026-ballon-dor,https://polymarket.com/event/ballon-dor-top-10-finish-2026/will-kylian-mbappe-finish-in-the-top-10-of-the-2026-ballon-dor,2026-10-10T17:26:32.436514+00:00
0x3238c3bfe39e6988d3f3b7c3971078469a514c615144323dfe4646a6aac794ca,5139902,36584317187255946530208348593052788204080318532825431349930038971717345670693,106956795533262085820418039122452389695382178980446425849981404957195524692088,Will Rodri finish in the top 10 of the 2026 Ballon d'Or?,True,Sports,2027-01-01,0.97,0.952,0.988,2691.11121,57800.65662,0.05,72.83333400000001,ballon-dor-top-10-finish-2026,will-rodri-finish-in-the-top-10-of-the-2026-ballon-dor,https://polymarket.com/event/ballon-dor-top-10-finish-2026/will-rodri-finish-in-the-top-10-of-the-2026-ballon-dor,2026-10-10T17:26:32.436514+00:00
0x1873a5e2feb95fc2632eb670f3672d5709fc945dcd65ae96c933040717657953,5139904,84135700551503332048724915771867624181170551560436553747930960664713968131366,31128531503821828132626513448329946456299088663164825338172321289538845662859,Will Khvicha Kvaratskhelia finish in the top 10 of the 2026 Ballon d'Or?,True,Sports,2027-01-01,0.93,0.92,0.94,3667.7913,57800.65662,0.05,2898.065298,ballon-dor-top-10-finish-2026,will-khvicha-kvaratskhelia-finish-in-the-top-10-of-the-2026-ballon-dor,https://polymarket.com/event/ballon-dor-top-10-finish-2026/will-khvicha-kvaratskhelia-finish-in-the-top-10-of-the-2026-ballon-dor,2026-10-10T17:26:32.436514+00:00
0xa9a1898a3ea4ec42488d7cb58bb89d547bac9daa8200bf84c923d530c756b4cb,5139906,90491879642624292759308658346576318407571303394657172842597644260749357712663,88504113554237291716449758595007620306972751261857515929629509219887942226375,Will Lionel Messi finish in the top 10 of the 2026 Ballon d'Or?,True,Sports,2027-01-01,0.9685,0.948,0.989,1825.63519,57800.65662,0.05,1351.95,ballon-dor-top-10-finish-2026,will-lionel-messi-finish-in-the-top-10-of-the-2026-ballon-dor,https://polymarket.com/event/ballon-dor-top-10-finish-2026/will-lionel-messi-finish-in-the-top-10-of-the-2026-ballon-dor,2026-10-10T17:26:32.436514+00:00
0xb08b97a50285e77170aa244f5770bc3a2cc518d71159634529217713b7a0b6c5,5139908,65656829621880301998133251468073913557037182530286790867043663721521488731044,55066402981106649293736785082769755651387389725652941791225113824055605776765,Will Fabian Ruiz finish in the top 10 of the 2026 Ballon d'Or?,True,Sports,2027-01-01,0.515,0.5,0.53,1029.7909,57800.65662,0.05,6294.49272,ballon-dor-top-10-finish-2026,will-fabian-ruiz-finish-in-the-top-10-of-the-2026-ballon-dor,https://polymarket.com/event/ballon-dor-top-10-finish-2026/will-fabian-ruiz-finish-in-the-top-10-of-the-2026-ballon-dor,2026-10-10T17:26:32.436514+00:00
0xe8b9f618bc52d28fd56de716326a5300fa09edecb3bb5bf4e8fac1c5dfc97154,5139910,2878219488340103421575326580498601038503473856696152740661653594753315459510,28034201907999818646884676589447949251471752260976499873697233264188862152352,Will Ousmane Dembélé finish in the top 10 of the 2026 Ballon d'Or?,True,Sports,2027-01-01,0.855,0.85,0.86,2236.3122,57800.65662,0.05,3760.982093,ballon-dor-top-10-finish-2026,will-ousmane-dembele-finish-in-the-top-10-of-the-2026-ballon-dor,https://polymarket.com/event/ballon-dor-top-10-finish-2026/will-ousmane-dembele-finish-in-the-top-10-of-the-2026-ballon-dor,2026-10-10T17:26:32.436514+00:00
0xf1de1a724bf7498a44dfb81cc736700e260d6024e54c7dd626778088d2ba92a8,5139912,23085296494206099285519909421058339893862715769009165536354035784667776218344,51620822713484742090980868215272291003356171909872871199394209938538852817234,Will Pau Cubarsi finish in the top 10 of the 2026 Ballon d'Or?,True,Sports,2027-01-01,0.295,0.28,0.31,2003.3482,57800.65662,0.05,2334.971776,ballon-dor-top-10-finish-2026,will-pau-cubarsi-finish-in-the-top-10-of-the-2026-ballon-dor,https://polymarket.com/event/ballon-dor-top-10-finish-2026/will-pau-cubarsi-finish-in-the-top-10-of-the-2026-ballon-dor,2026-10-10T17:26:32.436514+00:00
0xd24c32c650bf337c02f2c22094496d6e3c78f12bf5588b0d654ddf28b9b9ed36,5139914,3035991149599791032531329032939065037530116810755197461227891272821538001960,22872304126347710673984746333072048840310956799415015607159894789758823662428,Will Erling Haaland finish in the top 10 of the 2026 Ballon d'Or?,True,Sports,2027-01-01,0.69,0.68,0.7,715.1435,57800.65662,0.05,2344.557859,ballon-dor-top-10-finish-2026,will-erling-haaland-finish-in-the-top-10-of-the-2026-ballon-dor,https://polymarket.com/event/ballon-dor-top-10-finish-2026/will-erling-haaland-finish-in-the-top-10-of-the-2026-ballon-dor,2026-10-10T17:26:32.436514+00:00
0xa54e17cdd9eecdae8ced60b8cff7b59252a414d98063c9c4881a3757668e9432,5139916,7976652874302228116562387963397020451716203034693320092234554396171137983702,58353848924257499166514269490522672492660509502760887274449710404534162900093,Will Jude Bellingham finish in the top 10 of the 2026 Ballon d'Or?,True,Sports,2027-01-01,0.525,0.52,0.53,2130.9737,57800.65662,0.05,3055.434549999999,ballon-dor-top-10-finish-2026,will-jude-bellingham-finish-in-the-top-10-of-the-2026-ballon-dor,https://polymarket.com/event/ballon-dor-top-10-finish-2026/will-jude-bellingham-finish-in-the-top-10-of-the-2026-ballon-dor,2026-10-10T17:26:32.436514+00:00
0xa26c5115a0de8f361840188fe853cb06cfd97b7d269dc85556f7b18fc6730d19,5139919,25198581480353363344724715170756563531030779669634598392322462068588763244731,17811478642033917877533105613150124565289070579770444642723491310444347515816,Will Michael Olise finish in the top 10 of the 2026 Ballon d'Or?,True,Sports,2027-01-01,0.9,0.88,0.92,4543.1325,57800.65662,0.05,3320.094286,ballon-dor-top-10-finish-2026,will-michael-olise-finish-in-the-top-10-of-the-2026-ballon-dor,https://polymarket.com/event/ballon-dor-top-10-finish-2026/will-michael-olise-finish-in-the-top-10-of-the-2026-ballon-dor,2026-10-10T17:26:32.436514+00:00
0x39ddfa952685280afc7d97645a5edc4f6a2037104c9f583eb1099a0adb36c481,5139923,3258747462691925405012194657693024465929337199227131928378618947945736498230,79353248770094459910180850354996153747840645386941624736459681160263904917036,Will Declan Rice finish in the top 10 of the 2026 Ballon d'Or?,True,Sports,2027-01-01,0.275,0.27,0.28,1907.4367,57800.65662,0.05,6489.118422999999,ballon-dor-top-10-finish-2026,will-declan-rice-finish-in-the-top-10-of-the-2026-ballon-dor,https://polymarket.com/event/ballon-dor-top-10-finish-2026/will-declan-rice-finish-in-the-top-10-of-the-2026-ballon-dor,2026-10-10T17:26:32.436514+00:00
0x52e721d1a8df3c08ef78471b03cabd6d49c867610fffe9a64a11eae603869dee,5139925,88402100451331974118537945139586765517987652029817279808587103567183080669633,97551092816556228121105663337699224991237725470783542821572371718124140349858,Will Vitinha finish in the top 10 of the 2026 Ballon d'Or?,True,Sports,2027-01-01,0.033,0.02,0.046,1340.37469,57800.65662,0.05,3066.0740989999995,ballon-dor-top-10-finish-2026,will-vitinha-finish-in-the-top-10-of-the-2026-ballon-dor,https://polymarket.com/event/ballon-dor-top-10-finish-2026/will-vitinha-finish-in-the-top-10-of-the-2026-ballon-dor,2026-10-10T17:26:32.436514+00:00
0xbc55992f2e16367cc0d936c126c930ee8107da29f432c1ed7eddb7c8fb780457,5139927,71986476495218656049611551708364928440089440895571453226631432837986690332503,93261909224568600303986533827106240785539217023661028499355626421741856296479,Will Achraf Hakimi finish in the top 10 of the 2026 Ballon d'Or?,True,Sports,2027-01-01,0.095,0.08,0.11,1287.8706,57800.65662,0.05,1115.348309,ballon-dor-top-10-finish-2026,will-achraf-hakimi-finish-in-the-top-10-of-the-2026-ballon-dor,https://polymarket.com/event/ballon-dor-top-10-finish-2026/will-achraf-hakimi-finish-in-the-top-10-of-the-2026-ballon-dor,2026-10-10T17:26:32.436514+00:00
0x1f2bfbaf11790e8f233ee7f62b4bc9dbd1a1de6a1e2241191b7f2109923a0529,5139929,32448249249211123860031738464016706171003307422435092244589488841197023126130,9623494424096569312594099378571878728551969819947583651061200993026835937990,Will Bruno Fernandes finish in the top 10 of the 2026 Ballon d'Or?,True,Sports,2027-01-01,0.03,0.011,0.049,2267.98069,57800.65662,0.05,745.493778,ballon-dor-top-10-finish-2026,will-bruno-fernandes-finish-in-the-top-10-of-the-2026-ballon-dor,https://polymarket.com/event/ballon-dor-top-10-finish-2026/will-bruno-fernandes-finish-in-the-top-10-of-the-2026-ballon-dor,2026-10-10T17:26:32.436514+00:00
0xab2be93c1c995cb4c3d7fb221e5780771be0265c76561323a3cd6703208b18ba,5139932,60315408439955463582057129389780799477612291978672598220569880351698488009427,24823108454497292484118553809770528675595174760802317288881907334645669219982,Will Luis Diaz finish in the top 10 of the 2026 Ballon d'Or?,True,Sports,2027-01-01,0.013,0.005,0.021,1987.018,57800.65662,0.05,755.627017,ballon-dor-top-10-finish-2026,will-luis-diaz-finish-in-the-top-10-of-the-2026-ballon-dor,https://polymarket.com/event/ballon-dor-top-10-finish-2026/will-luis-diaz-finish-in-the-top-10-of-the-2026-ballon-dor,2026-10-10T17:26:32.436514+00:00
0xee3c1749b2d41703daa679cd7487fa409d57891f38152feb944ebeccd2d60e81,5139944,90357195281160375060868146323482555279810010443558842437460774803352522517857,3862404837406069184514873024220880855219748180225233961276385957815015201424,Will Nuno Mendes finish in the top 10 of the 2026 Ballon d'Or?,True,Sports,2027-01-01,0.065,0.06,0.07,2338.3438,57800.65662,0.05,338.88,ballon-dor-top-10-finish-2026,will-nuno-mendes-finish-in-the-top-10-of-the-2026-ballon-dor,https://polymarket.com/event/ballon-dor-top-10-finish-2026/will-nuno-mendes-finish-in-the-top-10-of-the-2026-ballon-dor,2026-10-10T17:26:32.436514+00:00
0x0b7114a4825b6badb9023cdfc895d1518731fa0b98764c7f7380a42bc184b23c,5139954,74978210291657812655457309410832896663975200378771956800772331235245910935670,16133469858599681707504684045799926972315538385967624573524452539302366657163,Will Julián Quiñones finish in the top 10 of the 2026 Ballon d'Or?,True,Sports,2027-01-01,0.024,0.009,0.039,1563.83063,57800.65662,0.05,359.67,ballon-dor-top-10-finish-2026,will-julian-quinones-finish-in-the-top-10-of-the-2026-ballon-dor,https://polymarket.com/event/ballon-dor-top-10-finish-2026/will-julian-quinones-finish-in-the-top-10-of-the-2026-ballon-dor,2026-10-10T17:26:32.436514+00:00
0x1ff6c934771e1df071f8870df8d392a49dc1b5c1bd46ea7166d7eb472489b2b1,5151336,38188436505983890326030741376752497550569276506347017773425532352064586571431,72762653090948513824050502814910429382285140389270417710324089697390083853769,FC Famalicão vs. FC Alverca: Both Teams to Score,True,Sports,2026-10-12,0.51,0.48,0.54,1642.3083,125369.71363,0.05,,por-fam-alv-2026-10-12-more-markets,por-fam-alv-2026-10-12-btts,https://polymarket.com/event/por-fam-alv-2026-10-12-more-markets/por-fam-alv-2026-10-12-btts,2026-10-10T17:26:32.436514+00:00
0xe4eb39a1965f0126a97ff1bbf0cc5a1dc68f669efb567ef4fffb7faab553cd73,5153841,51622171526838988564509819991489007997297858042396908077681934410845819090005,105405247847998256566051685237673859101355619970500263521913541472605034414750,Red Bull Bragantino vs. Cruzeiro EC: Both Teams to Score,True,Sports,2026-10-13,0.6,0.58,0.62,2463.5551,108298.77119,0.05,,bra-bra-cru-2026-10-12-more-markets,bra-bra-cru-2026-10-12-btts,https://polymarket.com/event/bra-bra-cru-2026-10-12-more-markets/bra-bra-cru-2026-10-12-btts,2026-10-10T17:26:32.436514+00:00
0x45aa8bf1c0a81128db7c2da93a95e0dba27e485139585611ae060cad6d156143,5159458,1597881775828305280174770061057714813125405542682662257905177302355929226890,58066902942381587190089820447205068895680329352097396847940626987856565031815,LASK Linz vs. Liverpool FC: Both Teams to Score,True,Sports,2026-10-14,0.535,0.52,0.55,3099.4833,60843.83585,0.05,,ucl-lin2-liv-2026-10-14-more-markets,ucl-lin2-liv-2026-10-14-btts,https://polymarket.com/event/ucl-lin2-liv-2026-10-14-more-markets/ucl-lin2-liv-2026-10-14-btts,2026-10-10T17:26:32.436514+00:00
0x9a22da94857ae8118b8daeae4819688e8d310e745da4ff1e11e222bbdeedf18b,5159518,6040166301797318674455887298064690338118413685034723010164954802612102866303,46960710092964224146146804085121721663731744918793749695205338389462377716802,Club Atlético de Madrid vs. Manchester United FC: Both Teams to Score,True,Sports,2026-10-13,0.66,0.65,0.67,3489.3438,85204.83815,0.05,,ucl-atm-mnu-2026-10-13-more-markets,ucl-atm-mnu-2026-10-13-btts,https://polymarket.com/event/ucl-atm-mnu-2026-10-13-more-markets/ucl-atm-mnu-2026-10-13-btts,2026-10-10T17:26:32.436514+00:00
0xaf76480b6db9db56347f213c03c5bcd61b8daa4795b3da7f833f67a6f9c6d5c3,5159578,21575523194882467762618876627768988314188073084832197028376244141379034779375,78659585456202206312310422586699285888618716088337321458265239835115473025293,Viking FK vs. FC Bayern München: Both Teams to Score,True,Sports,2026-10-13,0.54,0.53,0.55,2592.6016,55780.70885,0.05,94.462203,ucl-vf-bay-2026-10-13-more-markets,ucl-vf-bay-2026-10-13-btts,https://polymarket.com/event/ucl-vf-bay-2026-10-13-more-markets/ucl-vf-bay-2026-10-13-btts,2026-10-10T17:26:32.436514+00:00
0xb2f7f399ed6c3186e18a275e2d0e8f8f023a5f61fe8cca42693a59b9af97e87b,5159638,37443162601187749513321097667874274612068755591937826249708318424965998039529,63282213045808564779531572594865460753317342494752816623069800526015721695539,Galatasaray SK vs. FC Barcelona: Both Teams to Score,True,Sports,2026-10-13,0.66,0.65,0.67,3305.7979,60615.1033,0.05,136.617649,ucl-gal-fcb-2026-10-13-more-markets,ucl-gal-fcb-2026-10-13-btts,https://polymarket.com/event/ucl-gal-fcb-2026-10-13-more-markets/ucl-gal-fcb-2026-10-13-btts,2026-10-10T17:26:32.436514+00:00
0x8b194a20981023f7ab5afa86a136757605d4de1496ba71c928bbc47ddd655ce5,5159760,105053505029980519652942079232500841474312219094719506464153714119218465901622,86879215078781330804867750993620913447304836089876407731562492724882147754958,Villarreal CF vs. SSC Napoli: Both Teams to Score,True,Sports,2026-10-13,0.62,0.61,0.63,3619.1646,92796.23651,0.05,1.5625,ucl-vil-nap-2026-10-13-more-markets,ucl-vil-nap-2026-10-13-btts,https://polymarket.com/event/ucl-vil-nap-2026-10-13-more-markets/ucl-vil-nap-2026-10-13-btts,2026-10-10T17:26:32.436514+00:00
0x9fdb4b312ce2c7a2621b367c4d341219da0e14a9821d95a80f04f49548d58163,5159820,18061131356455881496773784814995433354570426741821353665595621946074605797884,108831935721783815359009247710594511328136158944085937304328977800598427962893,Arsenal FC vs. Lille OSC: Both Teams to Score,True,Sports,2026-10-13,0.435,0.42,0.45,3509.696,95660.71609,0.05,7.4,ucl-ars-lil-2026-10-13-more-markets,ucl-ars-lil-2026-10-13-btts,https://polymarket.com/event/ucl-ars-lil-2026-10-13-more-markets/ucl-ars-lil-2026-10-13-btts,2026-10-10T17:26:32.436514+00:00
0x19e75f32a671c3c9cbdd96530d9c0e87a71937f3809e1629109aadeffa6e70cd,5170729,17914254906987821103954724968898702177477465264491908783238145921759658492433,69803892323569212331339178782090870657755055854700360280671150999977056591804,"Will Bitcoin reach $102,500 in October?",True,Crypto,2026-11-01,0.0185,0.018,0.019,153146.59088,1861698.30442,0.07,212855.244108,what-price-will-bitcoin-hit-in-october-2026,will-bitcoin-reach-102pt5k-in-october-2026,https://polymarket.com/event/what-price-will-bitcoin-hit-in-october-2026/will-bitcoin-reach-102pt5k-in-october-2026,2026-10-10T17:26:32.436514+00:00
0x8e80ea7acae674a30a58c8db893493f88964601796b5a8bc786979deafae181b,5170730,14921318335552450030431574095915413074609297124930453526360718034146246382072,57643386008911132455976180998659384819884592446663620859700218800825358378060,"Will Bitcoin reach $100,000 in October?",True,Crypto,2026-11-01,0.029,0.028,0.03,135089.61177,1861698.30442,0.07,219067.70803099996,what-price-will-bitcoin-hit-in-october-2026,will-bitcoin-reach-100k-in-october-2026,https://polymarket.com/event/what-price-will-bitcoin-hit-in-october-2026/will-bitcoin-reach-100k-in-october-2026,2026-10-10T17:26:32.436514+00:00
0x92b08ea4b42761055b6c8c87a71dbb9ab0a7a8869454fe65eec5785b24ceaf26,5170731,109800526277315231209722429316036702247205543438618130834410289059200560794384,94560422257756908163349377282342344355949543228458145528713104104714780173128,"Will Bitcoin reach $97,500 in October?",True,Crypto,2026-11-01,0.055,0.05,0.06,96488.5144,1861698.30442,0.07,202422.095052,what-price-will-bitcoin-hit-in-october-2026,will-bitcoin-reach-97pt5k-in-october-2026,https://polymarket.com/event/what-price-will-bitcoin-hit-in-october-2026/will-bitcoin-reach-97pt5k-in-october-2026,2026-10-10T17:26:32.436514+00:00
0x3d78687856148bc4410fcf2d511c6a8e797a32cd123d5130550937776c1bc580,5170732,53665396372658032656004566428944986037910380349696131244522039250854818095837,76471051577236003340607396022143277221411949551690516292798322618323364155642,"Will Bitcoin reach $95,000 in October?",True,Crypto,2026-11-01,0.105,0.1,0.11,79926.8934,1861698.30442,0.07,139984.766231,what-price-will-bitcoin-hit-in-october-2026,will-bitcoin-reach-95k-in-october-2026,https://polymarket.com/event/what-price-will-bitcoin-hit-in-october-2026/will-bitcoin-reach-95k-in-october-2026,2026-10-10T17:26:32.436514+00:00
0x5efc792583ed760c4cd710bef57236e005a632f9bb16d58d58d99fbdd632efce,5170733,5781470207346150088846857810979285179673387258576975786992756437466246032255,30818728398156706234794468367455547887214224344248887223121436644448325982367,"Will Bitcoin reach $92,500 in October?",True,Crypto,2026-11-01,0.195,0.19,0.2,92576.9957,1861698.30442,0.07,311865.9956280001,what-price-will-bitcoin-hit-in-october-2026,will-bitcoin-reach-92pt5k-in-october-2026,https://polymarket.com/event/what-price-will-bitcoin-hit-in-october-2026/will-bitcoin-reach-92pt5k-in-october-2026,2026-10-10T17:26:32.436514+00:00
0x94f623a9c9ac7e0caca65b1ab664e8158ebb8ec0c826b023ba98518967910755,5170734,9725885586831319753022077956575535891028311255342474244273380293836298763086,64819747658332139590150584397503379135346674632293012455820817880602204273024,"Will Bitcoin reach $90,000 in October?",True,Crypto,2026-11-01,0.33,0.32,0.34,88340.2009,1861698.30442,0.07,207616.38435799995,what-price-will-bitcoin-hit-in-october-2026,will-bitcoin-reach-90k-in-october-2026,https://polymarket.com/event/what-price-will-bitcoin-hit-in-october-2026/will-bitcoin-reach-90k-in-october-2026,2026-10-10T17:26:32.436514+00:00
0x42dc04e485b5d8ec749326fe564820ee37a1c63425f43d7b0755a016afd5c4cb,5170735,60853708478456543766262549859214991255573301006704578370875039498477095018713,96542630129959650343931842229679432616366799477200535852826422961087489621387,"Will Bitcoin reach $87,500 in October?",True,Crypto,2026-11-01,0.485,0.48,0.49,85522.5666,1861698.30442,0.07,447556.682519,what-price-will-bitcoin-hit-in-october-2026,will-bitcoin-reach-87pt5k-in-october-2026,https://polymarket.com/event/what-price-will-bitcoin-hit-in-october-2026/will-bitcoin-reach-87pt5k-in-october-2026,2026-10-10T17:26:32.436514+00:00
0x6cdca3f2bdbb59e8d575c713b598b4d8e40fee6358a074304cb4a6d133dcece9,5170738,62976932459367828475383444586075066655037344433248730230369035658374295169513,69825830761241800433079294426669295677112311926873275841467877807705880827980,"Will Bitcoin dip to $80,000 in October?",True,Crypto,2026-11-01,0.635,0.63,0.64,89498.3309,1861698.30442,0.07,199526.49863900003,what-price-will-bitcoin-hit-in-october-2026,will-bitcoin-dip-to-80k-in-october-2026,https://polymarket.com/event/what-price-will-bitcoin-hit-in-october-2026/will-bitcoin-dip-to-80k-in-october-2026,2026-10-10T17:26:32.436514+00:00
0x4e22f6d2ae4af77a41c1f57a3f077e3c32606c826b987406d6e27fac9ddad7aa,5170739,48045889863514434791027683165030484591150070525321329143007221367853467755508,107296114993852456879225680181902759867747119948269590573492859802799754303155,"Will Bitcoin dip to $77,500 in October?",True,Crypto,2026-11-01,0.375,0.37,0.38,92576.3487,1861698.30442,0.07,166658.9426299999,what-price-will-bitcoin-hit-in-october-2026,will-bitcoin-dip-to-77pt5k-in-october-2026,https://polymarket.com/event/what-price-will-bitcoin-hit-in-october-2026/will-bitcoin-dip-to-77pt5k-in-october-2026,2026-10-10T17:26:32.436514+00:00
0x5280e91e95ab540de0879f26813f060f51f9d77d8c2e41dd81f1aec41c8bb714,5170740,65710340847928463620991566082994656002922673891777077235559888767925599088131,34913450717134692139134503608237195358004980714821621364139815843727767877427,"Will Bitcoin dip to $75,000 in October?",True,Crypto,2026-11-01,0.225,0.22,0.23,93168.4566,1861698.30442,0.07,203625.60027,what-price-will-bitcoin-hit-in-october-2026,will-bitcoin-dip-to-75k-in-october-2026,https://polymarket.com/event/what-price-will-bitcoin-hit-in-october-2026/will-bitcoin-dip-to-75k-in-october-2026,2026-10-10T17:26:32.436514+00:00
0xbf0602707edd80eada90c28ee03e74b9330432105f71b41da38f3997a55c1bde,5170741,112081340862783094288531507232939550290094225969740006580351083084588352390635,72624341280159472994524480084115312651813992006632059407465419165722353069536,"Will Bitcoin dip to $72,500 in October?",True,Crypto,2026-11-01,0.125,0.12,0.13,78349.1413,1861698.30442,0.07,171751.40072600002,what-price-will-bitcoin-hit-in-october-2026,will-bitcoin-dip-to-72pt5k-in-october-2026,https://polymarket.com/event/what-price-will-bitcoin-hit-in-october-2026/will-bitcoin-dip-to-72pt5k-in-october-2026,2026-10-10T17:26:32.436514+00:00
0x8feb2a254634f61caacbbe13abd7b9d5b30c296e66fa3666990cab540fb3d0a5,5170742,61652850125251950698207965617627574223915095535247898006231788162915017870855,29664673244174799182114521717774702941585996339705669435041254633816999779157,"Will Bitcoin dip to $70,000 in October?",True,Crypto,2026-11-01,0.085,0.08,0.09,90326.5986,1861698.30442,0.07,174382.88554899997,what-price-will-bitcoin-hit-in-october-2026,will-bitcoin-dip-to-70k-in-october-2026,https://polymarket.com/event/what-price-will-bitcoin-hit-in-october-2026/will-bitcoin-dip-to-70k-in-october-2026,2026-10-10T17:26:32.436514+00:00
0x758784e5d3076107c30fee0658405306e8c2bd051c9be06af638d63b5dd6b1d2,5170743,110564184572020789808791112779902116039352817949474164083544149647688039119715,113269261137471313167738282914628237554572314588891439732018002934484232128455,"Will Bitcoin dip to $67,500 in October?",True,Crypto,2026-11-01,0.0415,0.041,0.042,100706.07818,1861698.30442,0.07,146026.25659399998,what-price-will-bitcoin-hit-in-october-2026,will-bitcoin-dip-to-67pt5k-in-october-2026,https://polymarket.com/event/what-price-will-bitcoin-hit-in-october-2026/will-bitcoin-dip-to-67pt5k-in-october-2026,2026-10-10T17:26:32.436514+00:00
0x68bd2cba871a2289c3cbc75396a2e180795b74c0183c1407875247243a083af7,5170744,31793794072376179132551384818263911726235333701947452088128571114300858276683,104508479213332535244802190895249397322927181289512000610908454297036375491175,"Will Bitcoin dip to $65,000 in October?",True,Crypto,2026-11-01,0.0245,0.024,0.025,89930.31929,1861698.30442,0.07,367300.203136,what-price-will-bitcoin-hit-in-october-2026,will-bitcoin-dip-to-65k-in-october-2026,https://polymarket.com/event/what-price-will-bitcoin-hit-in-october-2026/will-bitcoin-dip-to-65k-in-october-2026,2026-10-10T17:26:32.436514+00:00
0xff6a852f912fc6548ec130b05de014f21b1a26342adedef20e4103bb97b4e81d,5170745,44865398269639626482718658062115569114290261223861176267854655725463640094895,2889031750228883477684452692050060027959998988496305421466645884321906462970,"Will Bitcoin dip to $62,500 in October?",True,Crypto,2026-11-01,0.0165,0.016,0.017,98034.94659,1861698.30442,0.07,419817.64707000006,what-price-will-bitcoin-hit-in-october-2026,will-bitcoin-dip-to-62pt5k-in-october-2026,https://polymarket.com/event/what-price-will-bitcoin-hit-in-october-2026/will-bitcoin-dip-to-62pt5k-in-october-2026,2026-10-10T17:26:32.436514+00:00
0x6aff462c72f6ac555c9c924d41036d5b2e6fbf698d65f80bf9aeeda221c4aebe,5170760,28991287325870050372190509590836891410462334755071722874663958786337947947700,67265655061191942545144994594370733581794835876650453069476637104139217309231,"Will Ethereum reach $3,500 in October?",True,Crypto,2026-11-01,0.0145,0.014,0.015,70039.35235,1230308.90351,0.07,31137.433332000008,what-price-will-ethereum-hit-in-october-2026,will-ethereum-reach-3500-in-october-2026,https://polymarket.com/event/what-price-will-ethereum-hit-in-october-2026/will-ethereum-reach-3500-in-october-2026,2026-10-10T17:26:32.436514+00:00
0xf19de4f7018fc921c0db1a238af94136e9ee68d506d8030aac8f63b2ebe4ce26,5170771,17706823263441590914557183278816891450251575643248106418922526300598367626289,19604986239684470908065105157351642610903148465670467533420652184556280130256,"Will Ethereum reach $3,000 in October?",True,Crypto,2026-11-01,0.115,0.11,0.12,64104.4395,1230308.90351,0.07,79848.85887899999,what-price-will-ethereum-hit-in-october-2026,will-ethereum-reach-3000-in-october-2026,https://polymarket.com/event/what-price-will-ethereum-hit-in-october-2026/will-ethereum-reach-3000-in-october-2026,2026-10-10T17:26:32.436514+00:00
0x1d02752bdc9d722256c79b239f67f747f0c931525e0d10b2187e3ef48bfe2ec9,5170792,53110547926944158800724417394741060207636285558361074437947366541347471116763,51972977550529908718878676759390494563647955011461429104529971797196543454856,"Will Ethereum dip to $2,000 in October?",True,Crypto,2026-11-01,0.075,0.072,0.078,65574.89805,1230308.90351,0.07,26290.879548000004,what-price-will-ethereum-hit-in-october-2026,will-ethereum-dip-to-2000-in-october-2026,https://polymarket.com/event/what-price-will-ethereum-hit-in-october-2026/will-ethereum-dip-to-2000-in-october-2026,2026-10-10T17:26:32.436514+00:00
0x5e242c3bcbb02f4e4222df8467ffa31693403d2c7d429de5467438ca482f8129,5170800,95731611658871706594577170403433105048399591314451900683466699059584232952524,58289219959550242646549171888927255644594802391795509646407646554350922868672,Will Solana reach $150 in October?,True,Crypto,2026-11-01,0.0435,0.03,0.057,28247.88418,743361.61728,0.07,8466.941385000002,what-price-will-solana-hit-in-october-2026,will-solana-reach-150-in-october-2026,https://polymarket.com/event/what-price-will-solana-hit-in-october-2026/will-solana-reach-150-in-october-2026,2026-10-10T17:26:32.436514+00:00
0xe45b9feacee0e469848e9db9d598f31516778c3473e6ae428d814832e09e5edd,5170801,61920662646389804979046394856613514667407984902141497092246720075855408051060,53879031917678118036194614908122839261487759443326662439059125776626965852702,Will Solana reach $140 in October?,True,Crypto,2026-11-01,0.09,0.08,0.1,22035.9797,743361.61728,0.07,14657.945048000003,what-price-will-solana-hit-in-october-2026,will-solana-reach-140-in-october-2026,https://polymarket.com/event/what-price-will-solana-hit-in-october-2026/will-solana-reach-140-in-october-2026,2026-10-10T17:26:32.436514+00:00
0x752736974c97a2e83db55ceea85ab0cda576dfded4dc4b6ec72d56b39c18aaa3,5170802,6558708246257676721120093058566058303613881566198905724326231947387046531577,104909498925352411127109404059311118674029144016067452739384583621013453306360,Will Solana reach $130 in October?,True,Crypto,2026-11-01,0.185,0.17,0.2,21277.8614,743361.61728,0.07,6832.083669,what-price-will-solana-hit-in-october-2026,will-solana-reach-130-in-october-2026,https://polymarket.com/event/what-price-will-solana-hit-in-october-2026/will-solana-reach-130-in-october-2026,2026-10-10T17:26:32.436514+00:00
0xba2998f8288f2b245045eee70b23826aed61847f0fd19bb291655f553a97923a,5170805,17709235986797491431382950653733523784132383766642098600738977963396072393360,114567425847736396588026069713366352122012705006353194917011684147062953497589,Will Solana dip to $100 in October?,True,Crypto,2026-11-01,0.43,0.4,0.46,26087.2158,743361.61728,0.07,2937.482393,what-price-will-solana-hit-in-october-2026,will-solana-dip-to-100-in-october-2026,https://polymarket.com/event/what-price-will-solana-hit-in-october-2026/will-solana-dip-to-100-in-october-2026,2026-10-10T17:26:32.436514+00:00
0xf8ee7fb235671f2a205911ddc42fdfac9c2d93b125f023371760e29196bf96e9,5170806,92788672402118996175068701119980519193846755150884517688902549157411772536189,98643715970523023515627014250039911270581343494898916061019108512918433922355,Will Solana dip to $90 in October?,True,Crypto,2026-11-01,0.125,0.11,0.14,23075.5107,743361.61728,0.07,13505.407073,what-price-will-solana-hit-in-october-2026,will-solana-dip-to-90-in-october-2026,https://polymarket.com/event/what-price-will-solana-hit-in-october-2026/will-solana-dip-to-90-in-october-2026,2026-10-10T17:26:32.436514+00:00
0x25ede9e5749af8a0deb9a3077f222183dee4b8f9b65638675eaeb51c5ec97d4b,5170807,84807785274194437945906728080516137208389364570733356643013021533424363449893,105773269277379109315089374858024478804145425033863735901708506352124611169080,Will Solana dip to $80 in October?,True,Crypto,2026-11-01,0.048,0.037,0.059,23543.71243,743361.61728,0.07,15603.799119999998,what-price-will-solana-hit-in-october-2026,will-solana-dip-to-80-in-october-2026,https://polymarket.com/event/what-price-will-solana-hit-in-october-2026/will-solana-dip-to-80-in-october-2026,2026-10-10T17:26:32.436514+00:00
0xaffa8a574428cd4a414adc59486a9b73a95eed9aae7fc2b2fdf14dd71dd35236,5170820,47344964758159770372447704851105156415538139351603437753242794867730641829749,36982257007888333689134664294443757675127574253384880046129082629086679196691,Will XRP reach $2.20 in October?,True,Crypto,2026-11-01,0.041,0.021,0.061,21655.52508,377857.86087,0.07,11183.959656000005,what-price-will-xrp-hit-in-october-2026,will-xrp-reach-2pt2-in-october-2026,https://polymarket.com/event/what-price-will-xrp-hit-in-october-2026/will-xrp-reach-2pt2-in-october-2026,2026-10-10T17:26:32.436514+00:00
0x724d9af6966657dc2431a7840c73a883cf2b0b1da48304530d1f24343c6841c6,5170821,41807150672032239550477033541031451097075894048747941613625450986894643937985,37195387269218884684755403348427251257652360962642332472068166727294282239652,Will XRP reach $2.00 in October?,True,Crypto,2026-11-01,0.058,0.045,0.071,19673.85605,377857.86087,0.07,13046.056162999996,what-price-will-xrp-hit-in-october-2026,will-xrp-reach-2-in-october-2026,https://polymarket.com/event/what-price-will-xrp-hit-in-october-2026/will-xrp-reach-2-in-october-2026,2026-10-10T17:26:32.436514+00:00
0x981100548fd294aae08eb982610b2304f70a5bfff571629df2f4b1960ae4b767,5170822,59058787761400807901390532679567717080046427256722027396709864449652228742276,34942317397440269704453641412767510225148329032320886963276929943972415183400,Will XRP reach $1.80 in October?,True,Crypto,2026-11-01,0.14,0.1,0.18,19072.0286,377857.86087,0.07,23817.514462,what-price-will-xrp-hit-in-october-2026,will-xrp-reach-1pt8-in-october-2026,https://polymarket.com/event/what-price-will-xrp-hit-in-october-2026/will-xrp-reach-1pt8-in-october-2026,2026-10-10T17:26:32.436514+00:00
0xa4905956668fdf90476cb861135fdbf727ddb32a881bdfdf87195956bd87f47f,5170823,114605195260478596412479860310296624196738533187453606884069962142242083822633,12680809065491988337874208955670456738043098771807004367911408324823879422712,Will XRP reach $1.60 in October?,True,Crypto,2026-11-01,0.315,0.28,0.35,18004.5197,377857.86087,0.07,8761.017389,what-price-will-xrp-hit-in-october-2026,will-xrp-reach-1pt6-in-october-2026,https://polymarket.com/event/what-price-will-xrp-hit-in-october-2026/will-xrp-reach-1pt6-in-october-2026,2026-10-10T17:26:32.436514+00:00
0x5f18de33d8f566d5059754496ed876374e825e14047baf3f4de682e22cf6f140,5170825,101235080267211258290436500938427772273559399330191423935393139198308329492554,80987536365626163119467957827453069439966782293142487284658476936484305720836,Will XRP dip to $1.20 in October?,True,Crypto,2026-11-01,0.225,0.2,0.25,18767.7476,377857.86087,0.07,3497.225823,what-price-will-xrp-hit-in-october-2026,will-xrp-dip-to-1pt2-in-october-2026,https://polymarket.com/event/what-price-will-xrp-hit-in-october-2026/will-xrp-dip-to-1pt2-in-october-2026,2026-10-10T17:26:32.436514+00:00
0x7031c803db99614c1d054313145097c8feecf087717647a2998cc464f649074a,5170826,15247208627094587010916593385550943899218740129001988446881464749128315562048,98225089738953638037945670736108116695167305488832553471706744832452222285943,Will XRP dip to $1.00 in October?,True,Crypto,2026-11-01,0.0365,0.023,0.05,19131.64361,377857.86087,0.07,6352.111561999999,what-price-will-xrp-hit-in-october-2026,will-xrp-dip-to-1-in-october-2026,https://polymarket.com/event/what-price-will-xrp-hit-in-october-2026/will-xrp-dip-to-1-in-october-2026,2026-10-10T17:26:32.436514+00:00
0x45795ccff4fd7710e2299f9952e705abb9b98abc176f223b6613cbdbb37e774a,5182280,42462185143977931839644620270764485164206592105350033731332770286090348309035,98180942851536591582161516215399218587567462595993326333197079056817514483929,Los Angeles Galaxy vs. Portland Timbers: Both Teams to Score,True,Sports,2026-10-15,0.675,0.65,0.7,3255.8622,49577.6239,0.05,,mls-lag-por-2026-10-14-more-markets,mls-lag-por-2026-10-14-btts,https://polymarket.com/event/mls-lag-por-2026-10-14-more-markets/mls-lag-por-2026-10-14-btts,2026-10-10T17:26:32.436514+00:00
0xa9c001ec3128183b1e32c35339cafb9d7c6709117b6f91a6221d4a75c381f691,5182341,54676747168746687914533596734564142601787172215136168546029976136446143776829,62481070484384410988435392407221157942430756582121681021751669085383641118897,Los Angeles FC vs. Austin FC: Both Teams to Score,True,Sports,2026-10-15,0.55,0.51,0.59,3585.3832,48254.1855,0.05,,mls-laf-aus-2026-10-14-more-markets,mls-laf-aus-2026-10-14-btts,https://polymarket.com/event/mls-laf-aus-2026-10-14-more-markets/mls-laf-aus-2026-10-14-btts,2026-10-10T17:26:32.436514+00:00
0x72ecbbc258a702b36c374bebfcdeb7b4ea262ccf40e8665d04a21216e76f8c26,5182481,23424906201465058818169893553948892430207940556124656650025573497950594126445,114948780266756153044013474020393639769602757333026992123055279620864160364714,Real Salt Lake vs. San Jose Earthquakes: Both Teams to Score,True,Sports,2026-10-15,0.645,0.62,0.67,3306.2255,46862.5353,0.05,,mls-rsl-sje-2026-10-14-more-markets,mls-rsl-sje-2026-10-14-btts,https://polymarket.com/event/mls-rsl-sje-2026-10-14-more-markets/mls-rsl-sje-2026-10-14-btts,2026-10-10T17:26:32.436514+00:00
0xa7b2f569888d75d4a03af6858dae0ad3a4037ee0a581bcf8d17a3e9de8bd28b1,5182601,42829495424222446677879638813418018238234053615820309039345007024502408927890,6165492600478982432339507695086939657408473416914993547441963788833176972635,Chicago Fire FC vs. Philadelphia Union: Both Teams to Score,True,Sports,2026-10-15,0.695,0.67,0.72,3308.2858,40294.1543,0.05,,mls-chi-phi-2026-10-14-more-markets,mls-chi-phi-2026-10-14-btts,https://polymarket.com/event/mls-chi-phi-2026-10-14-more-markets/mls-chi-phi-2026-10-14-btts,2026-10-10T17:26:32.436514+00:00
0xd14e3be8146fdfb2358db3ec399f5415546487126b8b7f7240bf235deb94aeb7,5182841,92902143540955217830776130272306463800377950344744587855500284499601588087306,30394035605260964523878736889424396497796903172159389811806569469551392433346,Nashville SC vs. Sporting Kansas City: Both Teams to Score,True,Sports,2026-10-15,0.57,0.53,0.61,3472.8488,51104.1351,0.05,,mls-nas-skc-2026-10-14-more-markets,mls-nas-skc-2026-10-14-btts,https://polymarket.com/event/mls-nas-skc-2026-10-14-more-markets/mls-nas-skc-2026-10-14-btts,2026-10-10T17:26:32.436514+00:00
0x8233452bb6d2c02a6710d5cf88d6d74cb5f42781073abc63e2699f0aa9b26899,5183006,91994228799919157237577166867468062106377000977421182850492277281309171768198,92498199393147108777063906665018055468625033648867829158299552579817452198189,Columbus Crew vs. Charlotte FC: Both Teams to Score,True,Sports,2026-10-14,0.635,0.6,0.67,3475.7048,43874.997,0.05,,mls-clb-clt-2026-10-14-more-markets,mls-clb-clt-2026-10-14-btts,https://polymarket.com/event/mls-clb-clt-2026-10-14-more-markets/mls-clb-clt-2026-10-14-btts,2026-10-10T17:26:32.436514+00:00
0x3c9f765ac62867bf6a41371aba285646b40a4848e579311fd2c2f076ed20534b,5183069,94056901407527856821968012397760125252053942705301626117179340103525930176846,5689218912024056949684688914376214488999511284270475125483376357422908321590,CF Montréal vs. Atlanta United FC: Both Teams to Score,True,Sports,2026-10-14,0.625,0.58,0.67,1397.272,10833.8474,0.05,,mls-mim-atl-2026-10-14-more-markets,mls-mim-atl-2026-10-14-btts,https://polymarket.com/event/mls-mim-atl-2026-10-14-more-markets/mls-mim-atl-2026-10-14-btts,2026-10-10T17:26:32.436514+00:00
0xe290b68800f3ed65866737d07824cbfb231d46a4e2c6620dd82229c871a3b80c,5183129,100792503564790669329518710504555795959748119675326990790972385046079002813547,17350117558595528867215851831635699562898171141277687300887524646704305191009,Toronto FC vs. Orlando City SC: Both Teams to Score,True,Sports,2026-10-14,0.71,0.68,0.74,3297.0215,44704.1336,0.05,,mls-tor-orl-2026-10-14-more-markets,mls-tor-orl-2026-10-14-btts,https://polymarket.com/event/mls-tor-orl-2026-10-14-more-markets/mls-tor-orl-2026-10-14-btts,2026-10-10T17:26:32.436514+00:00
0x92ad3fabec3d81ddebab71a37cd49cec60cb070c699ec727d198600ebb4c19d4,5183189,100464532749420717673486784564682115499578917825094163386463353622673230728583,53999547801909517969405171569111920652867013193579739979802418704768109689666,D.C. United SC vs. New York Red Bulls: Both Teams to Score,True,Sports,2026-10-14,0.64,0.61,0.67,3357.3446,47067.2337,0.05,,mls-dcu-nyr-2026-10-14-more-markets,mls-dcu-nyr-2026-10-14-btts,https://polymarket.com/event/mls-dcu-nyr-2026-10-14-more-markets/mls-dcu-nyr-2026-10-14-btts,2026-10-10T17:26:32.436514+00:00
0x31c82891734ad9916f0b6a7a35b9676092115635acf25570c9701648244e9ad0,5183249,90142179330830723414320966027533225336977409210818255156645986788449142578335,28666950867641949027867259635595197015237064760586011270822499050830389335182,Inter Miami CF vs. New York City FC: Both Teams to Score,True,Sports,2026-10-14,0.645,0.61,0.68,3379.8525,47910.2317,0.05,,mls-mia-nyc-2026-10-14-more-markets,mls-mia-nyc-2026-10-14-btts,https://polymarket.com/event/mls-mia-nyc-2026-10-14-more-markets/mls-mia-nyc-2026-10-14-btts,2026-10-10T17:26:32.436514+00:00
0x1d9d4308045d697f4a1b33a6c8dea6417869d62a6657d939b3bb4877c3a6b329,5183309,56824615745740975426857083248361301253770527491204535906714247504265109185720,45251945878156980751802365321413460219147785000978540002969738420366802021825,FC Cincinnati vs. New England Revolution: Both Teams to Score,True,Sports,2026-10-14,0.7,0.67,0.73,3352.004,45506.682,0.05,,mls-fcc-ner-2026-10-14-more-markets,mls-fcc-ner-2026-10-14-btts,https://polymarket.com/event/mls-fcc-ner-2026-10-14-more-markets/mls-fcc-ner-2026-10-14-btts,2026-10-10T17:26:32.436514+00:00
0x540815711e82e8dc19ca98ecc878a7db5d066aaec2ffe4dbc81564907a151ff8,5186790,77319667785103558964435031259324361899924931613500270905419818658383777807079,108032632045339731015609694804137725790930160522678522575262809541811457951840,Aston Villa FC vs. Fenerbahçe SK: Both Teams to Score,True,Sports,2026-10-14,0.56,0.55,0.57,3332.2018,78406.88481,0.05,,ucl-ast-fen-2026-10-14-more-markets,ucl-ast-fen-2026-10-14-btts,https://polymarket.com/event/ucl-ast-fen-2026-10-14-more-markets/ucl-ast-fen-2026-10-14-btts,2026-10-10T17:26:32.436514+00:00
0xb4711eaa09aa1ade871eea203f032c486d8abbd046e669c4ca3dd04f55c2de5e,5186852,18467414744598500744995278225403551681215353090300326263546113201626667383492,59005831146461892068077236465997307356511023542562946953543114476898523216900,Real Betis Balompié vs. FC Porto: Both Teams to Score,True,Sports,2026-10-14,0.59,0.58,0.6,3369.2909,41659.3968,0.05,,ucl-bet-por-2026-10-14-more-markets,ucl-bet-por-2026-10-14-btts,https://polymarket.com/event/ucl-bet-por-2026-10-14-more-markets/ucl-bet-por-2026-10-14-btts,2026-10-10T17:26:32.436514+00:00
0x394dc38aeb6b5f3e41dc81d6c0a48761a79330868bc551d0464a2c27da2f7663,5186912,71649268993422451992642690715729282062572311422316998750786824525906916015937,35949591956302854080577420401974409250544730116097705108948599508786294871239,ŠK Slovan Bratislava vs. VfB Stuttgart: Both Teams to Score,True,Sports,2026-10-14,0.56,0.55,0.57,3416.392,55207.09054,0.05,,ucl-sba-stu-2026-10-14-more-markets,ucl-sba-stu-2026-10-14-btts,https://polymarket.com/event/ucl-sba-stu-2026-10-14-more-markets/ucl-sba-stu-2026-10-14-btts,2026-10-10T17:26:32.436514+00:00
0x962a2c13bc52a33b33ee9cfbab084aab5dfc4d2501919f4c0a4b3f0ac999d629,5186973,112551894519340414698312185575646362230118648435464686612679549380310369039246,114199954260341631809454653661692455348383607141501607043144261866892070339104,FK Bodø/Glimt vs. BV Borussia 09 Dortmund: Both Teams to Score,True,Sports,2026-10-14,0.69,0.68,0.7,2413.0605,25108.46811,0.05,17.026097,ucl-bog-bvb-2026-10-14-more-markets,ucl-bog-bvb-2026-10-14-btts,https://polymarket.com/event/ucl-bog-bvb-2026-10-14-more-markets/ucl-bog-bvb-2026-10-14-btts,2026-10-10T17:26:32.436514+00:00
0x903a7859540e7978cefd55ba156f3b66ef5a781bd88fc60ceb8479efcd644ea6,5187093,107448505445585257445173173538360902480432186511265012096856956075780253305865,1747122291561969148922585850582282215392444094171538636094725005434431992855,AS Roma vs. Real Madrid CF: Both Teams to Score,True,Sports,2026-10-14,0.68,0.67,0.69,3446.6531,52406.10978,0.05,48.094119,ucl-rom-rma-2026-10-14-more-markets,ucl-rom-rma-2026-10-14-btts,https://polymarket.com/event/ucl-rom-rma-2026-10-14-more-markets/ucl-rom-rma-2026-10-14-btts,2026-10-10T17:26:32.436514+00:00
0xaeeb897d4c7ffc9205b1ff75607f950f1b3920c034836fed0a31ef2eaa373970,5187153,59973667207091521946639896547064458098823001745443980351837993743315260537198,45184196496808714257428809367954840812924605886022212229275426237377675789358,FK Shakhtar Donetsk vs. AEK: Both Teams to Score,True,Sports,2026-10-14,0.565,0.55,0.58,1965.1811,28765.8375,0.05,,ucl-shd-aek1-2026-10-14-more-markets,ucl-shd-aek1-2026-10-14-btts,https://polymarket.com/event/ucl-shd-aek1-2026-10-14-more-markets/ucl-shd-aek1-2026-10-14-btts,2026-10-10T17:26:32.436514+00:00
0xd5afac1f03483723bb12be994604f43f5966b31beb68172059a5271ab2b7d5cf,5188451,9762166310252603121388343381001609530921702991369956205132591036610839307636,92507821129485200350030404112214180707781492371543659304605501289293675548348,KKS Lech Poznań vs. Bayer 04 Leverkusen: Both Teams to Score,True,Sports,2026-10-15,0.61,0.6,0.62,1521.4343,37350.23559,0.05,,uel-lep-lev-2026-10-15-more-markets,uel-lep-lev-2026-10-15-btts,https://polymarket.com/event/uel-lep-lev-2026-10-15-more-markets/uel-lep-lev-2026-10-15-btts,2026-10-10T17:26:32.436514+00:00
0xb687d9bd41926996f97291d407cc21a15b9ec611cf180cbe5823aff682bc96c3,5188513,70253819673063150311136885199872568335900891387495991898818905664171215987179,109089739936605612764327755973545647252657318349030093866622942973734980811680,SC União Torreense vs. Sunderland AFC: Both Teams to Score,True,Sports,2026-10-15,0.545,0.53,0.56,1484.9248,37066.03585,0.05,,uel-ut-sun-2026-10-15-more-markets,uel-ut-sun-2026-10-15-btts,https://polymarket.com/event/uel-ut-sun-2026-10-15-more-markets/uel-ut-sun-2026-10-15-btts,2026-10-10T17:26:32.436514+00:00
0xd03d06ecce085d80958c2d74bb72ef38b3ca518f38f3a1ca5901f4cf9603dfaa,5188873,87720008223279803796785464410425616311520724977687253853346013106257251988767,17203473144534859909787837409868741315168557720223560711768517529277978191526,FC Red Bull Salzburg vs. AC Milan: Both Teams to Score,True,Sports,2026-10-15,0.595,0.58,0.61,1679.7696,37127.95629,0.05,,uel-rbs-mil1-2026-10-15-more-markets,uel-rbs-mil1-2026-10-15-btts,https://polymarket.com/event/uel-rbs-mil1-2026-10-15-more-markets/uel-rbs-mil1-2026-10-15-btts,2026-10-10T17:26:32.436514+00:00
0x37d6949893ff675a19b4d456f7b781bfc5b6ed79adfe9801eaa9075895192f49,5198223,7368925317376868318842458569215853842149522044920154614291610751747893567391,51996270162901665010190808736049412033645817202217942057159557272903882722865,SK Brann vs. Lincoln Red Imps FC: Both Teams to Score,True,Sports,2026-10-15,0.45,0.38,0.52,1216.7905,22012.52233,0.05,,col-bra-lin-2026-10-15-more-markets,col-bra-lin-2026-10-15-btts,https://polymarket.com/event/col-bra-lin-2026-10-15-more-markets/col-bra-lin-2026-10-15-btts,2026-10-10T17:26:32.436514+00:00
0x4e021d580256a91cc52402425fd5bf149d31b8b2d68014806b3204c696c0b641,5198343,52941061237383536538240644163711124746621698041623189240500064353237777716784,27857531808143749699593178789069412375145098233255883322003347649361429636785,SC Freiburg vs. FK Jablonec: Both Teams to Score,True,Sports,2026-10-15,0.5,0.47,0.53,1031.5895,23747.2863,0.05,,col-scf-jab-2026-10-15-more-markets,col-scf-jab-2026-10-15-btts,https://polymarket.com/event/col-scf-jab-2026-10-15-more-markets/col-scf-jab-2026-10-15-btts,2026-10-10T17:26:32.436514+00:00
0x7a98256211f902eec306ac737afecbffb4ffc4cc4f6645fe19af682fd0f4a45a,5198523,40363452242746322227258950628866522676806858238231739491655166479830544131354,75890058534639855930325661004033460940495541922071888162981027790260413143017,Atalanta BC vs. Páfos FC: Both Teams to Score,True,Sports,2026-10-15,0.555,0.51,0.6,883.5688,21370.443,0.05,,col-ata-paf-2026-10-15-more-markets,col-ata-paf-2026-10-15-btts,https://polymarket.com/event/col-ata-paf-2026-10-15-more-markets/col-ata-paf-2026-10-15-btts,2026-10-10T17:26:32.436514+00:00
0x070f7f2f252614597f4b985f22fd7297bff1238da788f62b2354064e0a150e4d,5198643,29341500081646307683314488715491905132405344513003496172476919907236740798548,78944721634117576381517742347206043528803388973922051654914847843006022531547,K. Sint-Truidense VV vs. SK Iberia 1999: Both Teams to Score,True,Sports,2026-10-15,0.475,0.41,0.54,1002.2586,20100.74516,0.05,,col-kst-sab-2026-10-15-more-markets,col-kst-sab-2026-10-15-btts,https://polymarket.com/event/col-kst-sab-2026-10-15-more-markets/col-kst-sab-2026-10-15-btts,2026-10-10T17:26:32.436514+00:00
0xa3e986ca828754821e56ca2956c4f6452f75a1ab925d88aef0a0080ed22e92b0,5198703,81422545935674196824180030740030715727589435301076871691049890531617646143704,36569663479615446543052800302723524664722489945986662670610011731942880052160,KAA Gent vs. Aarhus GF: Both Teams to Score,True,Sports,2026-10-15,0.51,0.45,0.57,1131.3983,14430.23992,0.05,,col-gen-agf-2026-10-15-more-markets,col-gen-agf-2026-10-15-btts,https://polymarket.com/event/col-gen-agf-2026-10-15-more-markets/col-gen-agf-2026-10-15-btts,2026-10-10T17:26:32.436514+00:00
0xc642ca0ba997f6dcbc7831f0fa7725e3befe765d002c6c609dc092280d3548d7,5198763,44036126828769532133415081902723794486327579332163893434874270662827173889136,82828344969755020714835539578632746072468383954198499995489908169962050509159,Panathinaikós AO vs. FK Borac Banja Luka: Both Teams to Score,True,Sports,2026-10-15,0.49,0.43,0.55,824.9473,21331.86799,0.05,,col-pao-bor-2026-10-15-more-markets,col-pao-bor-2026-10-15-btts,https://polymarket.com/event/col-pao-bor-2026-10-15-more-markets/col-pao-bor-2026-10-15-btts,2026-10-10T17:26:32.436514+00:00
0x28256fbd47600c10b1092f4943f403e8eadd1df27d9a2d824d81dd3e8f293080,5198831,44613330832847332738428735422044691457089108676026926028436366347394055597146,38517382405572034167011957753366269081696591704686966861142666120528139452235,Mjällby AIF vs. Inter Club d'Escaldes: Both Teams to Score,True,Sports,2026-10-15,0.46,0.4,0.52,790.584,20564.6695,0.05,,col-ma-int-2026-10-15-more-markets,col-ma-int-2026-10-15-btts,https://polymarket.com/event/col-ma-int-2026-10-15-more-markets/col-ma-int-2026-10-15-btts,2026-10-10T17:26:32.436514+00:00
0xb13446dd299f3b33786ba9ed30739392e48ab3bee703c4710211528921dff107,5198891,64707483647136561578316686137679833032815758610093131021311010908844407477751,22705218944302691939200243231933691665701933980848564420911530193231265598288,Kuopion PS vs. Trabzonspor: Both Teams to Score,True,Sports,2026-10-15,0.51,0.45,0.57,1076.6885,13229.6524,0.05,,col-kps-tra-2026-10-15-more-markets,col-kps-tra-2026-10-15-btts,https://polymarket.com/event/col-kps-tra-2026-10-15-more-markets/col-kps-tra-2026-10-15-btts,2026-10-10T17:26:32.436514+00:00
0xe23a0d56096d64ec3fb173f0672e5c8340598777c8af9b2fabb721b75a71b4ed,5199011,21192342141446294793968249981592030947388431433236287911240059527332842855007,35445710931482279170621485072223461939968288514897755949869890520011266535933,FC Lugano vs. FK Crvena zvezda: Both Teams to Score,True,Sports,2026-10-15,0.605,0.54,0.67,1175.1763,19440.40865,0.05,,col-lug-crv-2026-10-15-more-markets,col-lug-crv-2026-10-15-btts,https://polymarket.com/event/col-lug-crv-2026-10-15-more-markets/col-lug-crv-2026-10-15-btts,2026-10-10T17:26:32.436514+00:00
0xa08e283e7762b78cdb5fff843413e8f2f1c63467b73fd944f74395f2d1e33fe6,5199071,61484379595929771275222696964326427029787518777927930674125989471536719852762,15963823126517748112916374582260369571806842626659353861800101174044044878037,KF Egnatia Rrogozhinë vs. FC Midtjylland: Both Teams to Score,True,Sports,2026-10-15,0.5,0.44,0.56,904.2718,19408.4077,0.05,,col-egn-mid-2026-10-15-more-markets,col-egn-mid-2026-10-15-btts,https://polymarket.com/event/col-egn-mid-2026-10-15-more-markets/col-egn-mid-2026-10-15-btts,2026-10-10T17:26:32.436514+00:00
0xe2fd420e83e0040ed1897b5f628e532abfdd647875636d25ea7effd8a1725981,5199131,64603942945846301835618305715177248560781833836517673973306586314993007040397,100320549962744181350948737912429267243632195369081343161852341731788563749531,Universitatea Craiova CS vs. Getafe CF: Both Teams to Score,True,Sports,2026-10-15,0.48,0.42,0.54,1286.1276,15066.89018,0.05,,col-ucr-get-2026-10-15-more-markets,col-ucr-get-2026-10-15-btts,https://polymarket.com/event/col-ucr-get-2026-10-15-more-markets/col-ucr-get-2026-10-15-btts,2026-10-10T17:26:32.436514+00:00
0x11df094cbdd4c87dfdc18282abd79471c74d32799718006ea31285d3545fa3e8,5199191,29106667557147407100478458044583281012423368493457781272608482173049403279267,107776373447971962399017098353674613920804491108679020634135979332270622089974,PFK CSKA Sofia vs. AS Monaco FC: Both Teams to Score,True,Sports,2026-10-15,0.525,0.46,0.59,851.4969,21431.53013,0.05,,col-csk-asm-2026-10-15-more-markets,col-csk-asm-2026-10-15-btts,https://polymarket.com/event/col-csk-asm-2026-10-15-more-markets/col-csk-asm-2026-10-15-btts,2026-10-10T17:26:32.436514+00:00
0x18c0b4c2ce2b341eaaec2fbf1c3be6a78c0000d53139218f026edd7440048a1d,5212786,62896587295733293917805696932995138811180052579605584643690928259868184986183,98081237204428357467662066046023008663907387696150690773305037244716516753446,Stade Rennais FC 1901 vs. OFI: Both Teams to Score,True,Sports,2026-10-15,0.46,0.41,0.51,1450.4056,36732.8245,0.05,,uel-ren1-ofi-2026-10-15-more-markets,uel-ren1-ofi-2026-10-15-btts,https://polymarket.com/event/uel-ren1-ofi-2026-10-15-more-markets/uel-ren1-ofi-2026-10-15-btts,2026-10-10T17:26:32.436514+00:00
0xb6c66289551d80b3ce9a4911e484bd02f305f58aa0469248d1d0b7fa6593b7b2,5212968,66104436134437948103357523124428829067103795914308380436669736145473486929402,10366892823784569655769778213270876301492650743546546682028081749538569649253,GNK Dinamo Zagreb vs. RSC Anderlecht: Both Teams to Score,True,Sports,2026-10-15,0.56,0.54,0.58,1481.1092,38471.0838,0.05,,uel-din-and-2026-10-15-more-markets,uel-din-and-2026-10-15-btts,https://polymarket.com/event/uel-din-and-2026-10-15-more-markets/uel-din-and-2026-10-15-btts,2026-10-10T17:26:32.436514+00:00
0x5747c11418a46f8588ce1af7f345d0eb4112d1a8125629d04e2f006c6ba8508d,5213028,81186100670634014894747747616097792348085946983850523976161173878039339961767,73451259400910129031897115178085897625631341146468200483591149496119195379356,Jagiellonia Białystok vs. Ararat-Armenia FA: Both Teams to Score,True,Sports,2026-10-15,0.515,0.5,0.53,1548.689,36874.1216,0.05,,uel-jag-aa-2026-10-15-more-markets,uel-jag-aa-2026-10-15-btts,https://polymarket.com/event/uel-jag-aa-2026-10-15-more-markets/uel-jag-aa-2026-10-15-btts,2026-10-10T17:26:32.436514+00:00
0xbef7f5c25120beb7e36b9a3413fe85965e5f03a6ce455ef22ea45ffe703a703e,5213208,82492887628062794611674016986639697556313005659063262647695789014116483612488,66119298292502611933564505836450295410531733533476135878475190228350490503984,RC Celta de Vigo vs. Juventus FC: Both Teams to Score,True,Sports,2026-10-15,0.53,0.52,0.54,1485.0422,34988.70531,0.05,,uel-cel1-juv-2026-10-15-more-markets,uel-cel1-juv-2026-10-15-btts,https://polymarket.com/event/uel-cel1-juv-2026-10-15-more-markets/uel-cel1-juv-2026-10-15-btts,2026-10-10T17:26:32.436514+00:00
0xd018861480a30699e66a2274ddce0b92da22d455b4dac3e17cf7bc07beb3cb4f,5225608,11418425584679940438225055994672074194221267597045813234656919634627709431510,105403967983307321536487014218009611456793039544583681924163080449169526809199,Le Mans FC vs. Toulouse FC: Both Teams to Score,True,Sports,2026-10-16,0.595,0.58,0.61,1600.1908,27921.9318,0.05,,fl1-lmf-tou-2026-10-16-more-markets,fl1-lmf-tou-2026-10-16-btts,https://polymarket.com/event/fl1-lmf-tou-2026-10-16-more-markets/fl1-lmf-tou-2026-10-16-btts,2026-10-10T17:26:32.436514+00:00
0xbd73ff679ffb8f93f8cf4a0c01093eb05789982bbaa228ecf8201805d176e427,5225626,96835098666625262616702282217851552560962552386210509349013288417861370921092,92256416368805579530597574758978964451766600511873250827045064855529503640887,Frosinone Calcio vs. US Sassuolo Calcio: Both Teams to Score,True,Sports,2026-10-16,0.65,0.64,0.66,3741.2087,88761.69403,0.05,,sea-fro-sas-2026-10-16-more-markets,sea-fro-sas-2026-10-16-btts,https://polymarket.com/event/sea-fro-sas-2026-10-16-more-markets/sea-fro-sas-2026-10-16-btts,2026-10-10T17:26:32.436514+00:00
0xc5c8de811b21f7c2c325e1a8ce66ca210595f9052fa02419ba69a0d66895398c,5225634,13699878857885785189991798452922053442068701287574444985532478841615164849500,78265628359457498680830013916716647397625129798547890406459167317482471458677,Eintracht Frankfurt vs. 1. FC Köln: Both Teams to Score,True,Sports,2026-10-16,0.7,0.69,0.71,1364.5471,29919.46172,0.05,16.115941,bun-ein-koe-2026-10-16-more-markets,bun-ein-koe-2026-10-16-btts,https://polymarket.com/event/bun-ein-koe-2026-10-16-more-markets/bun-ein-koe-2026-10-16-btts,2026-10-10T17:26:32.436514+00:00
0x5602c49864b9a0f8db5faf8d09554833cff1c7206e4d41072263392931085b48,5227008,60505714846439751520702188337306325295537841824240291437150316621017499900832,59659477849016990235873529287287643358656440456609134124678193500533029359665,RC Deportivo A Coruña vs. Levante UD: Both Teams to Score,True,Sports,2026-10-16,0.55,0.53,0.57,2563.88,35974.014,0.05,,lal-dep-lev-2026-10-16-more-markets,lal-dep-lev-2026-10-16-btts,https://polymarket.com/event/lal-dep-lev-2026-10-16-more-markets/lal-dep-lev-2026-10-16-btts,2026-10-10T17:26:32.436514+00:00
0xc9a3e5829b33c2d876c57e46f6abb98aba77c396aa4ad4f61337eb4e6e0f3719,5238176,28604242593571904477045606019799451396155991698914981807218021983221815354906,51499752120496719640323897452965757009628484205425247672214047339393511988889,FK Radnicki 1923 Kragujevac vs. FK Crvena Zvezda Belgrade: Both Teams to Score,True,Sports,2026-10-10,0.5,0.49,0.51,7323.8798,47207.67487,0.05,18.46,srb-rkg-czv-2026-10-10-more-markets,srb-rkg-czv-2026-10-10-btts,https://polymarket.com/event/srb-rkg-czv-2026-10-10-more-markets/srb-rkg-czv-2026-10-10-btts,2026-10-10T17:26:32.436514+00:00
0xa474786be18631877ddc0b8d0a487dcfc4292b543ce44eb12e1efba9b84280e5,5240373,82016094762185401474612985194863228916458447523975362493391819298348875544699,66374706257512685152851856356041634021540418778498415077918841283446341310050,Ironi Tiberias vs. Hapoel Be`er Sheva FC: Both Teams to Score,True,Sports,2026-10-10,0.295,0.22,,3997.8399,43657.89104,0.05,,isr-iti-hbs-2026-10-10-more-markets,isr-iti-hbs-2026-10-10-btts,https://polymarket.com/event/isr-iti-hbs-2026-10-10-more-markets/isr-iti-hbs-2026-10-10-btts,2026-10-10T17:26:32.436514+00:00
0x7316352327f65ef7cdf4f88def4f05cda32a76513bddb7a4c5cc60cc7b884de9,5240500,67721806801921189557250519264643543692882688579686259765097454879011959466269,64151219324860845430607736521520645899105771390914063547003619994631080322447,Hapoel Haifa FC vs. Maccabi Petah Tikva FC: Both Teams to Score,True,Sports,2026-10-10,0.375,0.36,0.39,6871.1197,41944.10687,0.05,5.0,isr-hh-mpt-2026-10-10-more-markets,isr-hh-mpt-2026-10-10-btts,https://polymarket.com/event/isr-hh-mpt-2026-10-10-more-markets/isr-hh-mpt-2026-10-10-btts,2026-10-10T17:26:32.436514+00:00
0xd7fc834d3b8c48f02467b14fdd097322b2b229beec88dbb3ae6cca4c6db585d5,5241516,49102318019637142638827564250768024617905931179379074314792772753277819733067,68316900410538097557798694403450956902987004223340820245862533422517784551472,RAAL La Louviere vs. Club Brugge: Both Teams to Score,True,Sports,2026-10-10,0.415,0.41,0.42,8528.2107,138926.68563,0.05,1281.768143,bel1-raal-bru-2026-10-10-more-markets,bel1-raal-bru-2026-10-10-btts,https://polymarket.com/event/bel1-raal-bru-2026-10-10-more-markets/bel1-raal-bru-2026-10-10-btts,2026-10-10T17:26:32.436514+00:00
0xfd09a2cc557c5d98d217774b96c3536e9a2cb3e43650cfa648418a0795e30628,5241715,81165877715152165504377478329115718741403534956101025377520791969843094622190,114136975929931963451748055009386001496683326593604566781062892856957988356116,FC Lugano vs. FC Luzern: Both Teams to Score,True,Sports,2026-10-10,0.41,0.4,0.42,10622.8194,78373.40263,0.05,304.162374,sui-lug-luz-2026-10-10-more-markets,sui-lug-luz-2026-10-10-btts,https://polymarket.com/event/sui-lug-luz-2026-10-10-more-markets/sui-lug-luz-2026-10-10-btts,2026-10-10T17:26:32.436514+00:00
0x94417fa57b26af0bd13d9e0b39fe5457e05e89e7966c298300b435acbd1a200c,5241835,63108426920077784790289596247715816897990889172584153716876738268905661663550,31786702640323786804611473177035718053442112076432356279501639018569852812425,FC Zurich vs. FC Thun: Both Teams to Score,True,Sports,2026-10-10,0.9995,0.999,,2921.6852,66558.5897,0.05,1080.968493,sui-fcz-thu-2026-10-10-more-markets,sui-fcz-thu-2026-10-10-btts,https://polymarket.com/event/sui-fcz-thu-2026-10-10-more-markets/sui-fcz-thu-2026-10-10-btts,2026-10-10T17:26:32.436514+00:00
0x6dccbe78b8e733cf300b8741247aabc3b4c885c97d1865b774be01db47bdc544,5242216,103630118814431997100396455574507669513074787171734424137153336995886647299520,36543188480353971589181367706379550167607818561195350717130964764560818212911,Maccabi Tel Aviv FC vs. Bnei Sakhnin FC: Both Teams to Score,True,Sports,2026-10-10,0.19,0.18,0.2,6500.5427,81463.84499,0.05,,isr-mta-bns-2026-10-10-more-markets,isr-mta-bns-2026-10-10-btts,https://polymarket.com/event/isr-mta-bns-2026-10-10-more-markets/isr-mta-bns-2026-10-10-btts,2026-10-10T17:26:32.436514+00:00
0xa2fcf95713f8aeaf71fa1a282beeaedaf8090aafd60a33d6b53c341cee8e126e,5242281,43251381460857799847729802145826013737720254288583224667195169209469405601709,42504773215025055793436037675832984715733508717682322825852896610157397343115,Hapoel Ironi Kiryat Shmona FC vs. Hapoel Tel Aviv FC: Both Teams to Score,True,Sports,2026-10-10,0.385,0.37,0.4,5681.26,79836.46474,0.05,122.385883,isr-iks-hta-2026-10-10-more-markets,isr-iks-hta-2026-10-10-btts,https://polymarket.com/event/isr-iks-hta-2026-10-10-more-markets/isr-iks-hta-2026-10-10-btts,2026-10-10T17:26:32.436514+00:00
0xdc3bdfd6506fbb67ca0897c0214f3d16347fd2dbdf1b11d0b5add8b8db201b33,5246496,68225486592273463192911878239017530956273930323166184081620674930675033196879,32442959244234202138795384722347770890111475850689084422155486164724378029492,SV Zulte Waregem vs. KAA Gent: Both Teams to Score,True,Sports,2026-10-10,0.51,0.5,0.52,21702.8492,269186.20036,0.05,,bel1-zul-kaa-2026-10-10-more-markets,bel1-zul-kaa-2026-10-10-btts,https://polymarket.com/event/bel1-zul-kaa-2026-10-10-more-markets/bel1-zul-kaa-2026-10-10-btts,2026-10-10T17:26:32.436514+00:00
0xbf7883eac945da0fb1d118a65d3c062ab71b2da1dea97ddbf560254763cd7fe7,5246556,4084091909836200441545015970096808573567842622020498415164292344281875525559,10597615414361566865947956586945910416922004391228552394051415291887929053166,KRC Genk vs. KV Kortrijk: Both Teams to Score,True,Sports,2026-10-10,0.56,0.55,0.57,24291.8278,301449.51001,0.05,,bel1-gen-kor-2026-10-10-more-markets,bel1-gen-kor-2026-10-10-btts,https://polymarket.com/event/bel1-gen-kor-2026-10-10-more-markets/bel1-gen-kor-2026-10-10-btts,2026-10-10T17:26:32.436514+00:00
0x3026ca4a659e68b3be327f89b7c5ae242b814c55abaa4af8ae69e5c0c0e6ba87,5255827,38891287824155400385282004742051483657714001309534723334762065339723787728229,21345106702390360377634787677388825343336044094500725742584775307780682687746,Guayaquil City FC vs. CS Emelec: Both Teams to Score,True,Sports,2026-10-10,0.48,0.47,0.49,8635.9331,81591.72806,0.05,19.59,ecu1-gua-cse-2026-10-10-more-markets,ecu1-gua-cse-2026-10-10-btts,https://polymarket.com/event/ecu1-gua-cse-2026-10-10-more-markets/ecu1-gua-cse-2026-10-10-btts,2026-10-10T17:26:32.436514+00:00
0xe504262a0b6e1fbec997fdc92527e81b99f34f6d2e68681a14d9bf18a015880a,5260019,25688097855542237034894774999132333699986720324263851108609609354643632860517,105828327962794130218116862302999570171728999930600157164252870100668731159328,Istanbulspor AS vs. Esenler Erokspor: Both Teams to Score,True,Sports,2026-10-10,0.27,0.26,0.28,5548.5899,20554.64775,0.05,5.0,tur2-ias-ese-2026-10-10-more-markets,tur2-ias-ese-2026-10-10-btts,https://polymarket.com/event/tur2-ias-ese-2026-10-10-more-markets/tur2-ias-ese-2026-10-10-btts,2026-10-10T17:26:32.436514+00:00
0x06b789fae0f5e9ad1d9d01e7835366cb55d7d4e4dc8b252d7b1f4735d38a067f,5260473,17944694474042698176553639391179902260609766466619102646821040406426728025072,108187720405788743585597926935477577456062476489039968142486574299832746818812,Jagiellonia Bialystok vs. Gornik Zabrze: Both Teams to Score,True,Sports,2026-10-10,0.58,0.57,0.59,15928.9483,216451.35991,0.05,3.384914,pol-jag-gor-2026-10-10-more-markets,pol-jag-gor-2026-10-10-btts,https://polymarket.com/event/pol-jag-gor-2026-10-10-more-markets/pol-jag-gor-2026-10-10-btts,2026-10-10T17:26:32.436514+00:00
0xa95d54fa03f8d92ba12dd6e057a1cfb7d83aa2efbf4b9712b474477a57257525,5260593,85473016675904347717364258387023587525494585973625232660698910376004595444578,8160330351234662973569412173573696205983446546131504134457665968417057491195,WKS Slask Wroclaw vs. KKS Lech Poznan: Both Teams to Score,True,Sports,2026-10-10,0.995,0.999,,3997.4986,44875.02647,0.05,4587.3289270000005,pol-sla-lpo-2026-10-10-more-markets,pol-sla-lpo-2026-10-10-btts,https://polymarket.com/event/pol-sla-lpo-2026-10-10-more-markets/pol-sla-lpo-2026-10-10-btts,2026-10-10T17:26:32.436514+00:00
0x14831765bc6f9eb406fd4b064626c159f3797d93c8599fb082f3179eaa934913,5267033,32514801348307424599251508348955328734385728446993559084605970271968878913121,83750278408539927832207650595705449819269073783726705355428438331874569697069,FC Bayern München vs. RB Leipzig: Both Teams to Score,True,Sports,2026-10-17,0.67,0.66,0.68,2849.6884,73008.4802,0.05,516.880541,bun-bay-lei-2026-10-17-more-markets,bun-bay-lei-2026-10-17-btts,https://polymarket.com/event/bun-bay-lei-2026-10-17-more-markets/bun-bay-lei-2026-10-17-btts,2026-10-10T17:26:32.436514+00:00
0x70a9ac203e7fcf68f6ab8e1d9a5ba9b38f96a7127a7e3b2b5c5cb36c41ec227f,5267046,113470427443605664806816652358977783671994138636899988493653208770398168188207,74889681497755672754726066660549318189242530313964169150743651345143829509807,Newcastle United FC vs. Aston Villa FC: Both Teams to Score,True,Sports,2026-10-17,0.62,0.59,0.65,4119.5334,61916.44098,0.05,,epl-new-ast-2026-10-17-more-markets,epl-new-ast-2026-10-17-btts,https://polymarket.com/event/epl-new-ast-2026-10-17-more-markets/epl-new-ast-2026-10-17-btts,2026-10-10T17:26:32.436514+00:00
0xdb8fdff428446d2c91e409068ae5a5886015700464bab6827e14f34251bc5178,5267282,31034169486127245740109481057725698143713652614349044093973282240740071561405,2054298690596250333061705493160609698669242138743497092593367039792465757283,Manchester City FC vs. Ipswich Town FC: Both Teams to Score,True,Sports,2026-10-17,0.52,0.5,0.54,3619.1438,44535.3274,0.05,,epl-mac-ips-2026-10-17-more-markets,epl-mac-ips-2026-10-17-btts,https://polymarket.com/event/epl-mac-ips-2026-10-17-more-markets/epl-mac-ips-2026-10-17-btts,2026-10-10T17:26:32.436514+00:00
0xebee10fba01eb7d7d724955acc3c37428ebe40abadc54c3a23e979a3cd0ede41,5267526,113343056427531237966643959286324037508217196881311470015747282546752626330575,83017811304060389436562518869980298024719674643829835304437488984661871090875,Venezia FC vs. SSC Napoli: Both Teams to Score,True,Sports,2026-10-17,0.56,0.54,0.58,4731.1174,77420.8297,0.05,,sea-ven-nap-2026-10-17-more-markets,sea-ven-nap-2026-10-17-btts,https://polymarket.com/event/sea-ven-nap-2026-10-17-more-markets/sea-ven-nap-2026-10-17-btts,2026-10-10T17:26:32.436514+00:00
0x9461cd8c601a89fb6062293b0a3b8b17974adbca97456243f7864d01bd40c401,5267524,100349010968832353736980839948623140834336900333573740909242418301330884635858,14028662413603852998106497771663824895563752849005695502465936169288838475552,Fulham FC vs. Hull City AFC: Both Teams to Score,True,Sports,2026-10-17,0.545,0.53,0.56,4919.905,80979.95738,0.05,,epl-ful-hul-2026-10-17-more-markets,epl-ful-hul-2026-10-17-btts,https://polymarket.com/event/epl-ful-hul-2026-10-17-more-markets/epl-ful-hul-2026-10-17-btts,2026-10-10T17:26:32.436514+00:00
0x4a94568abb1cb5450fc176725a8c54e19bea9ab801da859396fe18d9d9b688dd,5267714,89362254777823172962775630470098884806353646044380754903594519058154830733039,95007404199672671741434120085501602409490614296831494088147542749992384467288,SV 07 Elversberg vs. FC Augsburg: Both Teams to Score,True,Sports,2026-10-17,0.685,0.66,0.71,3350.8909,62002.4184,0.05,,bun-elv-aug-2026-10-17-more-markets,bun-elv-aug-2026-10-17-btts,https://polymarket.com/event/bun-elv-aug-2026-10-17-more-markets/bun-elv-aug-2026-10-17-btts,2026-10-10T17:26:32.436514+00:00
0x62c45f7f34c4edaedc76309ea85f3e1d691ed84603ccb741b7a0371f304b7eae,5267723,81462074059248026527057962834355781914413972294035230991905717573699900815407,114567098528604281527285153254620722074873699010514801691721389338219247230284,Brentford FC vs. Liverpool FC: Both Teams to Score,True,Sports,2026-10-17,0.655,0.64,0.67,5503.2901,84033.3301,0.05,,epl-bre-liv-2026-10-17-more-markets,epl-bre-liv-2026-10-17-btts,https://polymarket.com/event/epl-bre-liv-2026-10-17-more-markets/epl-bre-liv-2026-10-17-btts,2026-10-10T17:26:32.436514+00:00
0xeea57dd42a20c32a25337a0a7bd9c83e699adbe9457d1827328fefdf0f34b700,5267834,82610978453059635493804328434098724547341948145938118121304446831774465094521,38064981424247294672219439980249986276298626116371472762980114348477790031230,1. FC Union Berlin vs. BV Borussia 09 Dortmund: Both Teams to Score,True,Sports,2026-10-17,0.62,0.6,0.64,1897.3757,20636.15219,0.05,,bun-uni-dor-2026-10-17-more-markets,bun-uni-dor-2026-10-17-btts,https://polymarket.com/event/bun-uni-dor-2026-10-17-more-markets/bun-uni-dor-2026-10-17-btts,2026-10-10T17:26:32.436514+00:00
0x2a9cdf88876ea72697abff2574cd6bb2311f71204e166d2a78cbbf0a7f0cfd5d,5267843,13412405008244218852381547700728553649851003679027981829906973785339654332303,81772011956132305946627381597944238426102508235380116225751922909657537467569,Everton FC vs. Chelsea FC: Both Teams to Score,True,Sports,2026-10-17,0.61,0.6,0.62,4435.759,41129.5063,0.05,7.936508,epl-eve-che-2026-10-17-more-markets,epl-eve-che-2026-10-17-btts,https://polymarket.com/event/epl-eve-che-2026-10-17-more-markets/epl-eve-che-2026-10-17-btts,2026-10-10T17:26:32.436514+00:00
0x35509d21ec1a971c2efb4920ee5974f9ffd02112852f607ea46d0223b87e1964,5267939,28606804685904161190267436996481510065120759093038241982215150941642637937988,44760112882275842625038907844677873459208861850841676675446953563539313817352,FC Schalke 04 vs. 1. FSV Mainz 05: Both Teams to Score,True,Sports,2026-10-17,0.635,0.59,0.68,3589.2124,50257.5751,0.05,,bun-s04-mai-2026-10-17-more-markets,bun-s04-mai-2026-10-17-btts,https://polymarket.com/event/bun-s04-mai-2026-10-17-more-markets/bun-s04-mai-2026-10-17-btts,2026-10-10T17:26:32.436514+00:00
0x55eaecb47b4ad605b6b3fb6b86657e7952815a7de0ff874ee781c1b59b6d5730,5269900,78043248630173927338825607745376592294750970070290292037515349922231544856340,96246634674218580522528857338593773702905131795562900204870248743617362189145,Real Betis Balompié vs. FC Barcelona: Both Teams to Score,True,Sports,2026-10-17,0.655,0.63,0.68,2813.0113,87832.6015,0.05,89.81153500000002,lal-bet-bar-2026-10-17-more-markets,lal-bet-bar-2026-10-17-btts,https://polymarket.com/event/lal-bet-bar-2026-10-17-more-markets/lal-bet-bar-2026-10-17-btts,2026-10-10T17:26:32.436514+00:00
0xfc01c90025f7be958c7561cc9e1c840ddec3970e1b62655a5e0422dd3d08d1d7,5270041,61706603838767174659429294843287651662398854051553632298408345854805081630877,12466454900341849236571090766440709898678727876845658113652312045634736539038,Villarreal CF vs. Elche CF: Both Teams to Score,True,Sports,2026-10-17,0.6,0.58,0.62,2917.4063,67378.08001,0.05,,lal-vil-elc-2026-10-17-more-markets,lal-vil-elc-2026-10-17-btts,https://polymarket.com/event/lal-vil-elc-2026-10-17-more-markets/lal-vil-elc-2026-10-17-btts,2026-10-10T17:26:32.436514+00:00
0x82b1dd65ab292dce68fd8eee217ccb1702f1f5d1229f6f46369678e8765359ce,5271854,39632541736034724519391525824060864946286551095407777374306980652556921450891,30637212262814411443106977763780246684298483240348220267854151283136338548696,Suwon Bluewings vs. Ansan Greeners FC: Both Teams to Score,True,Sports,2026-10-11,0.45,0.44,0.46,4956.0095,64537.62608,0.05,10.0,kor2-suw-ang-2026-10-11-more-markets,kor2-suw-ang-2026-10-11-btts,https://polymarket.com/event/kor2-suw-ang-2026-10-11-more-markets/kor2-suw-ang-2026-10-11-btts,2026-10-10T17:26:32.436514+00:00
0x74898676e0cd796ec65cf504ba929a2ab24cd2c113e36937aced7f5a47978da8,5278748,112330092614069128593614886457041775093014081188390670053711071865133899250126,111915339722107684056851822659971927546129558097617420765926830829475311921434,Standard Liege vs. Royal Charleroi SC: Both Teams to Score,True,Sports,2026-10-11,0.585,0.57,0.6,2978.4026,68510.26503,0.05,,bel1-sta-rch-2026-10-11-more-markets,bel1-sta-rch-2026-10-11-btts,https://polymarket.com/event/bel1-sta-rch-2026-10-11-more-markets/bel1-sta-rch-2026-10-11-btts,2026-10-10T17:26:32.436514+00:00
0x8ac00451dfead803fa6e2bcd11bc3026ab6767d852bb935b41291b5767bf113e,5278811,9514276064054884060826308821719816651206753943280360015880361462492590498241,72163696254597524240002282764232072392407164540938267368081009818938336983365,Mirassol FC vs. SC Internacional: Both Teams to Score,True,Sports,2026-10-16,0.535,0.48,0.59,828.3775,4946.0219,0.05,,bra-mir-int-2026-10-16-more-markets,bra-mir-int-2026-10-16-btts,https://polymarket.com/event/bra-mir-int-2026-10-16-more-markets/bra-mir-int-2026-10-16-btts,2026-10-10T17:26:32.436514+00:00
0xb653b4a1213554f91dcf775d3d5e95e3aa88013ebdc97cc852f9898d1a337a6d,5280169,87198375799221397879428526886578255107609219451548441886016018030376029449403,59824306760230421863223698019739714626705256661084978370634271763974940937612,Grasshopper Club Zurich vs. Young Boys Bern: Both Teams to Score,True,Sports,2026-10-11,0.715,0.71,0.72,4229.2373,83161.10781,0.05,169.847221,sui-gcz-yb-2026-10-11-more-markets,sui-gcz-yb-2026-10-11-btts,https://polymarket.com/event/sui-gcz-yb-2026-10-11-more-markets/sui-gcz-yb-2026-10-11-btts,2026-10-10T17:26:32.436514+00:00
0x00b04272ad4a4a373c9bb90e12b952e60bab0a06f0a2baf73f406ab1b0f0dfd7,5284029,110156559337156839487152120325281803234009876927213908211684672292450071715457,18743343901190584899538651935690158898226375017719630855786871544864102861519,AE Kifisia FC vs. Panaitolikos Agrinio: Both Teams to Score,True,Sports,2026-10-11,0.48,0.46,0.5,1833.9063,27864.24392,0.05,,gre1-kif-pa-2026-10-11-more-markets,gre1-kif-pa-2026-10-11-btts,https://polymarket.com/event/gre1-kif-pa-2026-10-11-more-markets/gre1-kif-pa-2026-10-11-btts,2026-10-10T17:26:32.436514+00:00
0x445c856be9136fc5efa1c2c9e5a0135dac5eb8c43d49b38d45a6f0869569995e,5285723,45207313653246318707622734742607589803526087146276790487315280892762906157225,68758643965455245354759715177312063412497149830934314590193534117544148891663,FC St. Gallen 1879 vs. Lausanne-Sport: Both Teams to Score,True,Sports,2026-10-11,0.63,0.62,0.64,2037.4062,69732.896,0.05,15.384614,sui-stg-lau-2026-10-11-more-markets,sui-stg-lau-2026-10-11-btts,https://polymarket.com/event/sui-stg-lau-2026-10-11-more-markets/sui-stg-lau-2026-10-11-btts,2026-10-10T17:26:32.436514+00:00
0xe20971eb0fd5be01b7cc9abb5da8f2d7eae2f1c92c099d0c7d5c2252c119b434,5285783,55941413642303029619846418527100043709126140702629606181408670256704536785586,5451170543448915578758772683141485187659025804898992384790206236661743377664,FC Vaduz vs. FC Basel 1893: Both Teams to Score,True,Sports,2026-10-11,0.715,0.7,0.73,2369.3075,63808.16975,0.05,166.905971,sui-vad-fcb-2026-10-11-more-markets,sui-vad-fcb-2026-10-11-btts,https://polymarket.com/event/sui-vad-fcb-2026-10-11-more-markets/sui-vad-fcb-2026-10-11-btts,2026-10-10T17:26:32.436514+00:00
0xcc145b44ea3dd4c6e69824d883aa71c8e93993884c57275a851a7c3b7544bbc5,5286013,61971079745239032975192676786033880942001773252509295797040922813475182456409,102483200665619768604705289303171010646281527238719449832960750576523724289641,FK Partizan Belgrade vs. FK Novi Pazar: Both Teams to Score,True,Sports,2026-10-11,0.62,0.59,0.65,2002.1406,20931.853,0.05,5.080644,srb-par-npa-2026-10-11-more-markets,srb-par-npa-2026-10-11-btts,https://polymarket.com/event/srb-par-npa-2026-10-11-more-markets/srb-par-npa-2026-10-11-btts,2026-10-10T17:26:32.436514+00:00
0x2f1f30ca9c5b0d89f8c145cf108dd197bcd4d7941e09b6ac26f998983c484165,5291038,20322263821544592704427976698738795054466522156495766032329896199612154420629,38428701679406157746316151588139616378856156937389506719660918260805854962640,KVC Westerlo vs. Royal Antwerp FC: Both Teams to Score,True,Sports,2026-10-11,0.66,0.65,0.67,3861.3201,60827.34904,0.05,,bel1-wes-rafc-2026-10-11-more-markets,bel1-wes-rafc-2026-10-11-btts,https://polymarket.com/event/bel1-wes-rafc-2026-10-11-more-markets/bel1-wes-rafc-2026-10-11-btts,2026-10-10T17:26:32.436514+00:00
0xcb8f65c38d91b949b0e1bb304fd047dea534aac98247d1d098a6c74f2e043c18,5291573,45296926957292785210735659866746825485161015836591020146858194511892883802681,14403008304974261847346944349163788274753476071956399584963254611744985678740,FK Zemun vs. FK Zeleznicar Pancevo: Both Teams to Score,True,Sports,2026-10-11,0.47,0.45,0.49,1861.3335,17441.1766,0.05,,srb-zem-zel-2026-10-11-more-markets,srb-zem-zel-2026-10-11-btts,https://polymarket.com/event/srb-zem-zel-2026-10-11-more-markets/srb-zem-zel-2026-10-11-btts,2026-10-10T17:26:32.436514+00:00
0xf27ac09f74d778c57ae49be1ffdc18e228e66165f098634c8f3c0c1e72bd635e,5295436,40553232227079590863676778874279489995031720855956849545832105942539100723338,95956881579312123326166047682318610466495356322771059792134435375958012040882,Sacramento Republic FC vs. Colorado Springs Switchbacks FC: Both Teams to Score,True,Sports,2026-10-11,0.52,0.5,0.54,1325.8709,30198.4689,0.05,,uslc-srp-css-2026-10-10-more-markets,uslc-srp-css-2026-10-10-btts,https://polymarket.com/event/uslc-srp-css-2026-10-10-more-markets/uslc-srp-css-2026-10-10-btts,2026-10-10T17:26:32.436514+00:00
0xb2e8d28e725c429f403f1308da02a3396bef78803f4a4101cafbb770a00a5e2f,5295437,63993068558651598271535281183032762423573424726237440861584602301083214620038,81676219070641783719057128341831703702068714229524895938917009528429985419045,Sacramento Republic FC vs. Colorado Springs Switchbacks FC: Both Teams to Score in First Half,True,Sports,2026-10-11,0.17,0.14,0.2,2431.2704,30198.4689,0.05,,uslc-srp-css-2026-10-10-more-markets,uslc-srp-css-2026-10-10-btts-first-half,https://polymarket.com/event/uslc-srp-css-2026-10-10-more-markets/uslc-srp-css-2026-10-10-btts-first-half,2026-10-10T17:26:32.436514+00:00
0x09d62d3e321d1670ea3f0d694cca149c8bf4796fb6f165edb13e32175c8413f6,5295496,7722915666450800352932310867430829274804228630505280714257094402640386646445,32681727900915379133077472109176167539701712571786445719208268600819190362482,Oakland Roots SC vs. San Antonio FC: Both Teams to Score,True,Sports,2026-10-11,0.52,0.5,0.54,1429.0316,30782.7256,0.05,,uslc-oak-san-2026-10-10-more-markets,uslc-oak-san-2026-10-10-btts,https://polymarket.com/event/uslc-oak-san-2026-10-10-more-markets/uslc-oak-san-2026-10-10-btts,2026-10-10T17:26:32.436514+00:00
0x342b1d550c9dd490c04453ccdd7d7bb9645521de3653cf3fe124e524c6f5c2e6,5295497,70292522604252800985697205555211736825827645050108971687494658072316411525223,2503346543606558466018042471243166807122360798255587866840644849258163264600,Oakland Roots SC vs. San Antonio FC: Both Teams to Score in First Half,True,Sports,2026-10-11,0.15,0.08,0.22,1309.2673,30782.7256,0.05,,uslc-oak-san-2026-10-10-more-markets,uslc-oak-san-2026-10-10-btts-first-half,https://polymarket.com/event/uslc-oak-san-2026-10-10-more-markets/uslc-oak-san-2026-10-10-btts-first-half,2026-10-10T17:26:32.436514+00:00
0x091f326a26fd96ad8bf17b329371d9e5701cca0a7af4bc828eae44f998970129,5295556,100241744261828705069948566487275007696381356046956220385908064544330420053418,87197516007106585576454820097516009388332770487995222580818911205686287836528,El Paso Locomotive FC vs. Orange County SC: Both Teams to Score,True,Sports,2026-10-11,0.535,0.51,0.56,2279.9846,42469.70434,0.05,10.0,uslc-pas-oc-2026-10-10-more-markets,uslc-pas-oc-2026-10-10-btts,https://polymarket.com/event/uslc-pas-oc-2026-10-10-more-markets/uslc-pas-oc-2026-10-10-btts,2026-10-10T17:26:32.436514+00:00
0x84706bc8ff4c4893bbfb62ccb031e8c5f87e318896b3388022f4995e6b10a662,5295557,50760269904544135844510291708156822490394638528025236704546306872430970077048,104533893917660951389379708576902646249811968330698999802245597928426333786838,El Paso Locomotive FC vs. Orange County SC: Both Teams to Score in First Half,True,Sports,2026-10-11,0.205,0.18,0.23,2022.5335,42469.70434,0.05,,uslc-pas-oc-2026-10-10-more-markets,uslc-pas-oc-2026-10-10-btts-first-half,https://polymarket.com/event/uslc-pas-oc-2026-10-10-more-markets/uslc-pas-oc-2026-10-10-btts-first-half,2026-10-10T17:26:32.436514+00:00
0x2163871bbc52c36fa2c5c31c5a893c97a21d29e28cb91761abc2b459863e2aa0,5295616,88427232951979624874273269291469431542294569908949093985852856785376136131487,77170438183750774788890166764133556172072840798159372986289692505140284352461,Pittsburgh Riverhounds vs. Hartford Athletic: Both Teams to Score,True,Sports,2026-10-10,0.49,0.47,0.51,1108.6792,19635.54175,0.05,,uslc-pit-har-2026-10-10-more-markets,uslc-pit-har-2026-10-10-btts,https://polymarket.com/event/uslc-pit-har-2026-10-10-more-markets/uslc-pit-har-2026-10-10-btts,2026-10-10T17:26:32.436514+00:00
0x1bf74f24123cc67100774612eb3832adb739a8bedd5e72a448b7c57cfedff645,5295617,18775971276078966155588448335784431694098024042602094394995525769183875588958,9251370784639271220437389004708277496546157293259757644842846531102995551112,Pittsburgh Riverhounds vs. Hartford Athletic: Both Teams to Score in First Half,True,Sports,2026-10-10,0.15,0.11,0.19,2367.0735,19635.54175,0.05,,uslc-pit-har-2026-10-10-more-markets,uslc-pit-har-2026-10-10-btts-first-half,https://polymarket.com/event/uslc-pit-har-2026-10-10-more-markets/uslc-pit-har-2026-10-10-btts-first-half,2026-10-10T17:26:32.436514+00:00
0x9134a2430d4e18b590cfc86efa5440dd1354983496ff9873d2f4c0c039eb7b87,5295817,16816211593565540236709492291009014402151916846344793492124848582450461475267,33113687873781035252448327897366580358376758854061035181463819358627628651734,Charleston Battery vs. Louisville City FC: Both Teams to Score,True,Sports,2026-10-10,0.615,0.6,0.63,1200.2598,22342.89494,0.05,,uslc-cha-lc-2026-10-10-more-markets,uslc-cha-lc-2026-10-10-btts,https://polymarket.com/event/uslc-cha-lc-2026-10-10-more-markets/uslc-cha-lc-2026-10-10-btts,2026-10-10T17:26:32.436514+00:00
0xbd290b5720b48846f09e1a2630180b3290e7efe544c8897e47918c5ab1b514c8,5295818,78624294446289942403743701923197064926144616799185092114691237966087996772927,24914137584002423894390931437800553955629303505679119144530595715207002389470,Charleston Battery vs. Louisville City FC: Both Teams to Score in First Half,True,Sports,2026-10-10,0.215,0.19,0.24,1219.8156,22342.89494,0.05,,uslc-cha-lc-2026-10-10-more-markets,uslc-cha-lc-2026-10-10-btts-first-half,https://polymarket.com/event/uslc-cha-lc-2026-10-10-more-markets/uslc-cha-lc-2026-10-10-btts-first-half,2026-10-10T17:26:32.436514+00:00
0x876166015a2dbc2ea798d1d9519faaf5d00935186d92c06aa9f4244a2ef4760d,5305202,55313802991336166152145234495150703362546423148077971240331280028606617419596,51015402936497123545441711878482824338692052214487989669150158352713683571107,NK Brinje Grosuplje vs. NK Maribor: Both Teams to Score,True,Sports,2026-10-11,0.525,0.5,0.55,1948.7712,40309.816,0.05,,slo-bri-nkm-2026-10-11-more-markets,slo-bri-nkm-2026-10-11-btts,https://polymarket.com/event/slo-bri-nkm-2026-10-11-more-markets/slo-bri-nkm-2026-10-11-btts,2026-10-10T17:26:32.436514+00:00
0xfd93f6cfdf44911cf52a27ab91d8ad9b871f1ba3f84ca14932c1d1d564615fc8,5305323,87270495607535390639971641270583427294729798132651889684172350860552306777121,47967092109638626790158659198156202733321991091846624675315861532797571686794,Nafta 1903 Lendava vs. Bravo Ljubljana: Both Teams to Score,True,Sports,2026-10-11,0.625,0.6,0.65,1589.8896,24124.09201,0.05,,slo-naf-bra-2026-10-11-more-markets,slo-naf-bra-2026-10-11-btts,https://polymarket.com/event/slo-naf-bra-2026-10-11-more-markets/slo-naf-bra-2026-10-11-btts,2026-10-10T17:26:32.436514+00:00
0xc40c93917d1d5ec25366360e93276344a48de6ededcfc4ebac7ab45b260efa6d,5305338,19527706472775549365965663142371386153207786753770144079753399695740385287122,53913719250449326197475817054642924772108844003128247439721568308512757256737,GKS Piast Gliwice vs. Widzew Lodz: Both Teams to Score,True,Sports,2026-10-11,0.61,0.6,0.62,2034.0563,42793.5708,0.05,,pol-pgl-wlo-2026-10-11-more-markets,pol-pgl-wlo-2026-10-11-btts,https://polymarket.com/event/pol-pgl-wlo-2026-10-11-more-markets/pol-pgl-wlo-2026-10-11-btts,2026-10-10T17:26:32.436514+00:00
0x68ce66ede854858bf865f07f6946323855aa6f03635f24fd27a2a3fc00d6136f,5307991,65487211825255558385323596396624698594495643350753789758177682594515780166268,38086562097404492857366399217213580609554489229143877971255664660234386636165,Montevideo Wanderers vs. CA Boston River: Both Teams to Score,True,Sports,2026-10-10,0.525,0.52,0.53,24568.6118,184897.64697,0.05,239.75,uru1-wan-bri-2026-10-10-more-markets,uru1-wan-bri-2026-10-10-btts,https://polymarket.com/event/uru1-wan-bri-2026-10-10-more-markets/uru1-wan-bri-2026-10-10-btts,2026-10-10T17:26:32.436514+00:00
0x74c695f151d6ebfb6a531eabfbaf7aa8559ccfec9d46ab99611e118f01752c6b,5310081,96085347926868019601945036096594559720994615009848466454811317281521910878317,56365836556348635552656477489431784861212275160746586692830023323656512078642,Club Almagro vs. Chacarita Juniors: Both Teams to Score,True,Sports,2026-10-10,0.435,0.42,0.45,13203.8829,106221.34936,0.05,,argpn-alm-cac-2026-10-10-more-markets,argpn-alm-cac-2026-10-10-btts,https://polymarket.com/event/argpn-alm-cac-2026-10-10-more-markets/argpn-alm-cac-2026-10-10-btts,2026-10-10T17:26:32.436514+00:00
0xc99252388ea6d9778b3432f82586f9f09b8bb088a8a7437caff649777407afac,5310141,79481357208875656630928114504209034227383213163136675631752931882079275195503,6066098892120696995142736574137112226579989449630951266627916946599284519359,Quilmes AC vs. Agropecuario Argentino: Both Teams to Score,True,Sports,2026-10-10,0.47,0.46,0.48,7846.9883,120645.72976,0.05,15.01,argpn-qui-caa-2026-10-10-more-markets,argpn-qui-caa-2026-10-10-btts,https://polymarket.com/event/argpn-qui-caa-2026-10-10-more-markets/argpn-qui-caa-2026-10-10-btts,2026-10-10T17:26:32.436514+00:00
0xb6586e8f6473c8b82fe291e1f7e9fef2720cb41a010495592538c8ca7ad8cac9,5315055,82541731028353485547273208809582035506813851393198169558682724079153750643691,98495485301408156730066832551874540735827041700679670017806984718326963125308,BK Hacken vs. Orgryte IS: Both Teams to Score,True,Sports,2026-10-11,0.58,0.57,0.59,7821.4252,104242.96406,0.05,7.82,swe-hac-org-2026-10-11-more-markets,swe-hac-org-2026-10-11-btts,https://polymarket.com/event/swe-hac-org-2026-10-11-more-markets/swe-hac-org-2026-10-11-btts,2026-10-10T17:26:32.436514+00:00
0x1c796855898825cf35f96631c75fe03a5f03681388ea04d4bc1ffac1e236aed6,5319212,84544297994184244310873510567525041325718914165150494022727414085312902120733,36461358770537382550733363277049902347413665875039880452119329995922436235313,CA Colegiales vs. CSD Tristan Suarez: Both Teams to Score,True,Sports,2026-10-10,0.38,0.37,0.39,5095.9826,96666.08451,0.05,17.112302,argpn-cc-tri-2026-10-10-more-markets,argpn-cc-tri-2026-10-10-btts,https://polymarket.com/event/argpn-cc-tri-2026-10-10-more-markets/argpn-cc-tri-2026-10-10-btts,2026-10-10T17:26:32.436514+00:00
0xcb1d4f3a720478bc02301cdfdca0e5230379b50cb7b56a79701d0964401ebe68,5361823,54972700388780265170793243490114435683344267237837387701999895115319312227931,22230508428234399557020096498049138848587047500862609970092452238809311152251,CA Penarol Montevideo vs. CA Progreso: Both Teams to Score,True,Sports,2026-10-10,0.43,0.42,0.44,10150.0924,71558.94195,0.05,167.54915499999998,uru1-pen-pro-2026-10-10-more-markets,uru1-pen-pro-2026-10-10-btts,https://polymarket.com/event/uru1-pen-pro-2026-10-10-more-markets/uru1-pen-pro-2026-10-10-btts,2026-10-10T17:26:32.436514+00:00
0x6542f77687fc8dea9d85026ec25de7e7d7c359c40e433cbd1e12cae934573536,5362004,72807054624646979719329084799101608628688706065213968799075823213200419873665,28862577092712249653563879702565957737823946760441559529001110561315780536738,Phoenix Rising FC vs. Las Vegas Lights: Both Teams to Score,True,Sports,2026-10-11,0.615,0.59,0.64,1549.2498,34537.37661,0.05,,uslc-pho-las-2026-10-10-more-markets,uslc-pho-las-2026-10-10-btts,https://polymarket.com/event/uslc-pho-las-2026-10-10-more-markets/uslc-pho-las-2026-10-10-btts,2026-10-10T17:26:32.436514+00:00
0x87ee30b9383c4929acc87735eea95258b1289d552db76245f9cbc14d65bf6860,5362005,43898309490025830227545839472341045583978479982430967646955285326368910291009,48995824897055143278059107366509347082120181137327334141180790405746440501925,Phoenix Rising FC vs. Las Vegas Lights: Both Teams to Score in First Half,True,Sports,2026-10-11,0.2,0.12,0.28,1521.0034,34537.37661,0.05,,uslc-pho-las-2026-10-10-more-markets,uslc-pho-las-2026-10-10-btts-first-half,https://polymarket.com/event/uslc-pho-las-2026-10-10-more-markets/uslc-pho-las-2026-10-10-btts-first-half,2026-10-10T17:26:32.436514+00:00
0x9d5e7758a583af1016306e931892cb16dddd2e4d8ebff1ede0d29db8953297b1,5379060,36265722993090861065181819078736462713307548008093497562964534107038386019098,81548806186804525783961853784950482265086294946335075520559629974353035611725,Will Hikaru Nakamura win Titled Tuesday on October 13?,True,Sports,2026-10-28,0.125,0.03,0.22,1512.7,7548.659,0.05,5.263158,titled-tuesday-2026-10-13-winner,titled-tuesday-2026-10-13-winner-hikaru-nakamura,https://polymarket.com/event/titled-tuesday-2026-10-13-winner/titled-tuesday-2026-10-13-winner-hikaru-nakamura,2026-10-10T17:26:32.436514+00:00
0xb81f8085b635aaf5e582fe7a3e6685667b62cf1a227691738583e86c71f5b5e0,5379063,26884027835907357830101463694548663502441239544470206647534464851880544030643,16911128010940362153377724625332789477304788214141818088816003427703543998418,Will Sina Movahed win Titled Tuesday on October 13?,True,Sports,2026-10-28,0.075,0.04,0.11,542.95,7548.659,0.05,128.994546,titled-tuesday-2026-10-13-winner,titled-tuesday-2026-10-13-winner-sina-movahed,https://polymarket.com/event/titled-tuesday-2026-10-13-winner/titled-tuesday-2026-10-13-winner-sina-movahed,2026-10-10T17:26:32.436514+00:00
0xcb50732d8f605112691831dd930c6b33aae231c2176c9d0980da10f7697ed7e5,5379295,9747815391473373071357920433002072956317354149037987085114757979994367482032,87768517457357488107357759927249171319161893316348194840643871840952892437270,Will Maxime Vachier-Lagrave finish in the Top 5 of Titled Tuesday on October 13?,True,Sports,2026-10-28,0.145,0.1,0.19,312.47,14101.365,0.05,,titled-tuesday-2026-10-13-top5,titled-tuesday-2026-10-13-top5-maxime-vachier-lagrave,https://polymarket.com/event/titled-tuesday-2026-10-13-top5/titled-tuesday-2026-10-13-top5-maxime-vachier-lagrave,2026-10-10T17:26:32.436514+00:00
0x54642c393ddab9c3d7456a42ab2afce56f5246c288eb027a23b8d14807447b05,5379341,102477637314971794416507344482279441414298854806052032176885237139228444344088,42682350395084217999750491734537500280979240787685628769506772851776120375437,Will Cristobal Henriquez Villagra finish in the Top 8 of Titled Tuesday on October 13?,True,Sports,2026-10-28,0.0385,0.001,0.076,551.562,36525.331,0.05,,titled-tuesday-2026-10-13-top8,titled-tuesday-2026-10-13-top8-cristobal-henriquez-villagra,https://polymarket.com/event/titled-tuesday-2026-10-13-top8/titled-tuesday-2026-10-13-top8-cristobal-henriquez-villagra,2026-10-10T17:26:32.436514+00:00
0xb8c060970ff98ca89758af2804bf774026fc3e714cd4daca0f0b953f9cc336ad,5379368,3709591289095052765336361312217998928433489733767016070435685154576055188385,10452688047604206865719030513803278103820985367576696472021213794308734776704,Will Praggnanandhaa Rameshbabu finish in the Top 8 of Titled Tuesday on October 13?,True,Sports,2026-10-28,0.075,0.01,0.14,900.84,36525.331,0.05,,titled-tuesday-2026-10-13-top8,titled-tuesday-2026-10-13-top8-praggnanandhaa-rameshbabu,https://polymarket.com/event/titled-tuesday-2026-10-13-top8/titled-tuesday-2026-10-13-top8-praggnanandhaa-rameshbabu,2026-10-10T17:26:32.436514+00:00
0x82006ad208beab8abc051caf5439432bb73aa343f40a9548b45837c65faf4a18,5379375,113687774139384610616381537558685380696692189958573419428938901213140513211271,49448510552116006150525449206449632688714467463515419999948147946732897643913,Will Seyyed Mohammad Amin Tabatabaei finish in the Top 8 of Titled Tuesday on October 13?,True,Sports,2026-10-28,0.08,0.02,0.14,1097.08,36525.331,0.05,,titled-tuesday-2026-10-13-top8,titled-tuesday-2026-10-13-top8-seyyed-mohammad-amin-tabatabaei,https://polymarket.com/event/titled-tuesday-2026-10-13-top8/titled-tuesday-2026-10-13-top8-seyyed-mohammad-amin-tabatabaei,2026-10-10T17:26:32.436514+00:00
0x1416b212c8145973a7f2662511a95e7280b59e963f7c1a46df78e091ac46b10c,5394353,73182412742443129403883378880320761850015000912750372968615559734819390060197,48564980820356630670625775158436299736452912715706256407545035712455119294135,"Will ""East of Eden: Limited Series"" be the #2 global Netflix show this week?",True,Culture,2026-10-13,0.9665,0.96,0.973,498.00879,11989.24445,0.05,407.144164,what-will-be-the-2-global-netflix-show-this-week-20261006t230000000z,what-will-be-the-2-global-netflix-show-this-week-20261006t230000000z-will-east-of-eden-limited-series-be-the-2-global-netflix-show-this-week,https://polymarket.com/event/what-will-be-the-2-global-netflix-show-this-week-20261006t230000000z/what-will-be-the-2-global-netflix-show-this-week-20261006t230000000z-will-east-of-eden-limited-series-be-the-2-global-netflix-show-this-week,2026-10-10T17:26:32.436514+00:00
0x08291a1cca941e015f4e735691c218afe4e27a3b9c731a094c9b11686a6a0142,5394366,14872796978937354292651875100987712429248569282211154509480483152066141468463,19992882964023006643492523918214840647230434074797096393254998632419493437637,"Will ""Doing Life"" be the top US Netflix movie this week?",True,Culture,2026-10-13,0.035,0.021,0.049,1132.0754,11303.10409,0.05,2352.548028,what-will-be-the-top-us-netflix-movie-this-week-20261006t230000000z,what-will-be-the-top-us-netflix-movie-this-week-20261006t230000000z-will-doing-life-be-the-top-us-netflix-movie-this-week,https://polymarket.com/event/what-will-be-the-top-us-netflix-movie-this-week-20261006t230000000z/what-will-be-the-top-us-netflix-movie-this-week-20261006t230000000z-will-doing-life-be-the-top-us-netflix-movie-this-week,2026-10-10T17:26:32.436514+00:00
0x193be2872f3aadaac168c87565225b19cd73c0e326ddc24847a35ee2c1c48637,5394368,60292801895976050522392021759705747749975554710901897041117448974583992163683,3454744018094154877091892181800013720090697021531202794150583505267029299736,"Will ""Animals"" be the top US Netflix movie this week?",True,Culture,2026-10-13,0.955,0.95,0.96,455.4706,11303.10409,0.05,3102.012978,what-will-be-the-top-us-netflix-movie-this-week-20261006t230000000z,what-will-be-the-top-us-netflix-movie-this-week-20261006t230000000z-will-animals-be-the-top-us-netflix-movie-this-week,https://polymarket.com/event/what-will-be-the-top-us-netflix-movie-this-week-20261006t230000000z/what-will-be-the-top-us-netflix-movie-this-week-20261006t230000000z-will-animals-be-the-top-us-netflix-movie-this-week,2026-10-10T17:26:32.436514+00:00
0x612821d8ab73efefa21439f0ed71afe7db7eb4fcf13aaab7fe5273f2bed13e24,5394378,60812487483401508719238871230392267455048054550526255433470841878601061977938,115720893446271266767177417565111695937805108458389309698781388830437906917718,"Will ""Below: Limited Series"" be the top US Netflix show this week?",True,Culture,2026-10-13,0.9665,0.954,0.979,1838.02632,31241.57283,0.05,4200.137584,what-will-be-the-top-us-netflix-show-this-week-20261006t230000000z,what-will-be-the-top-us-netflix-show-this-week-20261006t230000000z-will-below-limited-series-be-the-top-us-netflix-show-this-week,https://polymarket.com/event/what-will-be-the-top-us-netflix-show-this-week-20261006t230000000z/what-will-be-the-top-us-netflix-show-this-week-20261006t230000000z-will-below-limited-series-be-the-top-us-netflix-show-this-week,2026-10-10T17:26:32.436514+00:00
0x23d2d70d9c0f0206783d6eac3d87b45076f8d20a59afaf63894348efc5e4b6cc,5394384,114623717829021149931009986625945497242619374433710804122856361395469959585424,30207610358242250223332326368444429610812649064148911234977704342801122322014,"Will ""East of Eden: Limited Series"" be the #2 US Netflix show this week?",True,Culture,2026-10-13,0.965,0.95,0.98,537.54779,24687.32157,0.05,2944.0412149999997,what-will-be-the-2-us-netflix-show-this-week-20261006t230000000z,what-will-be-the-2-us-netflix-show-this-week-20261006t230000000z-will-east-of-eden-limited-series-be-the-2-us-netflix-show-this-week,https://polymarket.com/event/what-will-be-the-2-us-netflix-show-this-week-20261006t230000000z/what-will-be-the-2-us-netflix-show-this-week-20261006t230000000z-will-east-of-eden-limited-series-be-the-2-us-netflix-show-this-week,2026-10-10T17:26:32.436514+00:00
0x86462b1e4cb4d94f125af4ccf7a639adb02fdbcd0f09f0d7c88b0479f802eadd,5394396,64367064376018803438118602500581486921977042353258556097784213859233136337099,86180508972618219796137989821165010382393016524262345908529518890239364283494,"Will ""Doing Life"" be the #2 US Netflix movie this week?",True,Culture,2026-10-13,0.945,0.93,0.96,651.1884,7382.50874,0.05,2792.612372,what-will-be-the-2-us-netflix-movie-this-week-20261006t230000000z,what-will-be-the-2-us-netflix-movie-this-week-20261006t230000000z-will-doing-life-be-the-2-us-netflix-movie-this-week,https://polymarket.com/event/what-will-be-the-2-us-netflix-movie-this-week-20261006t230000000z/what-will-be-the-2-us-netflix-movie-this-week-20261006t230000000z-will-doing-life-be-the-2-us-netflix-movie-this-week,2026-10-10T17:26:32.436514+00:00
0x275690dcd418a8489fe51d8154ccd6b6433c86fafba2c1cad3e1f46b12bcaabf,5394398,7973608201716239860824470278834131729696337704681470814606209040676756190380,92084225300813643671059900619910444122485469480129942579152971084175997492525,"Will ""Animals"" be the #2 US Netflix movie this week?",True,Culture,2026-10-13,0.04,0.012,0.068,1481.20014,7382.50874,0.05,491.052798,what-will-be-the-2-us-netflix-movie-this-week-20261006t230000000z,what-will-be-the-2-us-netflix-movie-this-week-20261006t230000000z-will-animals-be-the-2-us-netflix-movie-this-week,https://polymarket.com/event/what-will-be-the-2-us-netflix-movie-this-week-20261006t230000000z/what-will-be-the-2-us-netflix-movie-this-week-20261006t230000000z-will-animals-be-the-2-us-netflix-movie-this-week,2026-10-10T17:26:32.436514+00:00
0xaff7f8785d685d53acefab4e4a799bf7fcb7a972f34f02e926bf9e2322533e2a,5394403,94613644901130217118155932925940270237539865759819907547761334712999915795771,20249711940866151055608505433816341240533230410196330632576885577237292845690,"Will ""East of Eden: Limited Series"" be the top global Netflix show this week?",True,Culture,2026-10-13,0.015,0.003,0.027,1185.0381,12029.70318,0.05,741.6700000000001,what-will-be-the-top-global-netflix-show-this-week-20261006t230000000z,what-will-be-the-top-global-netflix-show-this-week-20261006t230000000z-will-east-of-eden-limited-series-be-the-top-global-netflix-show-this-week,https://polymarket.com/event/what-will-be-the-top-global-netflix-show-this-week-20261006t230000000z/what-will-be-the-top-global-netflix-show-this-week-20261006t230000000z-will-east-of-eden-limited-series-be-the-top-global-netflix-show-this-week,2026-10-10T17:26:32.436514+00:00
0x5141cdfc02df76322c0a8bbc4410828315c73dbc4a7893e69e547f0b475b2b6f,5394415,67817916066026921927084783534168663421567995496838722096629820052064560514374,109346257205363376766557784562339738055924646012750784544091915819979099829615,"Will ""Doing Life"" be the top global Netflix movie this week?",True,Culture,2026-10-13,0.0255,0.011,0.04,2134.04146,10254.55672,0.05,3368.220431,what-will-be-the-top-global-netflix-movie-this-week-20261006t230000000z,what-will-be-the-top-global-netflix-movie-this-week-20261006t230000000z-will-doing-life-be-the-top-global-netflix-movie-this-week,https://polymarket.com/event/what-will-be-the-top-global-netflix-movie-this-week-20261006t230000000z/what-will-be-the-top-global-netflix-movie-this-week-20261006t230000000z-will-doing-life-be-the-top-global-netflix-movie-this-week,2026-10-10T17:26:32.436514+00:00
0xae0a5c042d73940a35161a70fce19cd2fbb5ead612a191db6b80058c68cc6688,5394424,20931984575658961452377852926483814630424507372266107935797058133807873290106,27295027913782352821258987946396196267926047213832190346064403452176732622562,"Will ""Doing Life"" be the #2 global Netflix movie this week?",True,Culture,2026-10-13,0.955,0.94,0.97,542.8581,7426.44146,0.05,1432.2849889999998,what-will-be-the-2-global-netflix-movie-this-week-20261006t230000000z,what-will-be-the-2-global-netflix-movie-this-week-20261006t230000000z-will-doing-life-be-the-2-global-netflix-movie-this-week,https://polymarket.com/event/what-will-be-the-2-global-netflix-movie-this-week-20261006t230000000z/what-will-be-the-2-global-netflix-movie-this-week-20261006t230000000z-will-doing-life-be-the-2-global-netflix-movie-this-week,2026-10-10T17:26:32.436514+00:00
0x154f14ee20a10346ebe0a9ba7a32145253b9f5290e3812b99f9e8d5a79db0a69,5399859,52343948588926821760074151693852619731735881520392017948065729740533161088443,62538742104618221586643517995299831374818184169597085285465450290760043082756,CSD Independiente del Valle vs. SD Aucas: Both Teams to Score,True,Sports,2026-10-10,0.71,0.69,0.73,2843.6399,27110.53306,0.05,,ecu1-ind-sda-2026-10-10-more-markets,ecu1-ind-sda-2026-10-10-btts,https://polymarket.com/event/ecu1-ind-sda-2026-10-10-more-markets/ecu1-ind-sda-2026-10-10-btts,2026-10-10T17:26:32.436514+00:00
0xcbf7b492cb3d57798af3f47a41add93a29511db84d1b0edb7f70d80001aefe31,5419170,24894629587891297470700090639161783993674057410705109930885187491059548246842,110793251444919424477386355790319780117470535136624564446552046270735977411587,Portuguesa FC vs. Deportivo La Guaira: Both Teams to Score,True,Sports,2026-10-10,0.54,0.52,0.56,6466.344,44943.43449,0.05,5.0,ven1-por-dlg-2026-10-10-more-markets,ven1-por-dlg-2026-10-10-btts,https://polymarket.com/event/ven1-por-dlg-2026-10-10-more-markets/ven1-por-dlg-2026-10-10-btts,2026-10-10T17:26:32.436514+00:00
0xd3d25dcd4904c2930b17c468ba1deb8a9687428468ba7e60f58ab1613bb722f4,5422881,80920794530848246218535979140712332945564560883571233603379932718748193716694,18048040983929492813057333412373579597111363281286539387847673411343722579181,Manta FC vs. CD Tecnico Universitario: Both Teams to Score,True,Sports,2026-10-10,0.46,0.45,0.47,8448.878,170429.09143,0.05,25.0,ecu1-man-tec-2026-10-10-more-markets,ecu1-man-tec-2026-10-10-btts,https://polymarket.com/event/ecu1-man-tec-2026-10-10-more-markets/ecu1-man-tec-2026-10-10-btts,2026-10-10T17:26:32.436514+00:00
0x134eb51f17139583f7648dc61896aaa35b47d1c10ccf43785c990f1c73b94b9e,5428239,31797472333916415084347923265801112593988108725572413839685496370408474256150,46303642541359522302425322442513928817320453319826190956276286712436709808209,Metropolitanos FC vs. Deportivo Rayo Zuliano: Both Teams to Score,True,Sports,2026-10-10,0.505,0.48,0.53,2074.6315,13515.5939,0.05,7.777778,ven1-met-drz-2026-10-10-more-markets,ven1-met-drz-2026-10-10-btts,https://polymarket.com/event/ven1-met-drz-2026-10-10-more-markets/ven1-met-drz-2026-10-10-btts,2026-10-10T17:26:32.436514+00:00
0xcb26322a7839791bda2d8c3d4e9c990b2933a0a20583ed59b672dbcd876b1f81,5429858,50991197826086097330207980730558974734547298762481086562933092737242386996780,15080354165551329455638590641664712450655528200740813933000387625701527526344,Deportivo Tachira vs. UCV FC: Both Teams to Score,True,Sports,2026-10-10,0.52,0.49,0.55,1645.6117,17666.75128,0.05,,ven1-tac-ucv-2026-10-10-more-markets,ven1-tac-ucv-2026-10-10-btts,https://polymarket.com/event/ven1-tac-ucv-2026-10-10-more-markets/ven1-tac-ucv-2026-10-10-btts,2026-10-10T17:26:32.436514+00:00
0x225da99a3da33e69514c005ff1a009d2b89302853beb6212af189cb422a9aa00,5431925,113419215517419598313794017094952037356144565481906566529223264383531828329419,4552237385540738584345369391055939861047811969478214103363393838855200149023,Sisaket United FC vs. Chonburi FC: Both Teams to Score,True,Sports,2026-10-11,0.515,0.49,0.54,1874.422,24778.6932,0.05,,tha1-sis-cho-2026-10-11-more-markets,tha1-sis-cho-2026-10-11-btts,https://polymarket.com/event/tha1-sis-cho-2026-10-11-more-markets/tha1-sis-cho-2026-10-11-btts,2026-10-10T17:26:32.436514+00:00
0x74525c5c7b2c3c0f05d67766b7714f5c15de58cb3c3c021f63937a9e9ea1b62e,5432177,9141330348310460718521974430259502443085827170656647903626158445018318925542,16593141765015073351391243893412424665893256829216552347127713858777512043105,CD Mineros de Zacatecas vs. Cancun FC: Both Teams to Score,True,Sports,2026-10-11,0.575,0.56,0.59,336.0693,21972.16283,0.05,,mex2-mza-can-2026-10-10-more-markets,mex2-mza-can-2026-10-10-btts,https://polymarket.com/event/mex2-mza-can-2026-10-10-more-markets/mex2-mza-can-2026-10-10-btts,2026-10-10T17:26:32.436514+00:00
0x8a3271b3eec312f9004bc8e7b73cddb4ba4e99faaf168dd546ff3a8ba5cee162,5432224,833206512860562562788439334077024870633424712883934214032282404330347370647,54483713477120252373479930873616502524398238352251149825145929336658400887327,Jaiba Brava vs. Alacranes de Durango: Both Teams to Score,True,Sports,2026-10-11,0.52,0.5,0.54,3222.0158,25364.36299,0.05,,mex2-jab-acr-2026-10-10-more-markets,mex2-jab-acr-2026-10-10-btts,https://polymarket.com/event/mex2-jab-acr-2026-10-10-more-markets/mex2-jab-acr-2026-10-10-btts,2026-10-10T17:26:32.436514+00:00
0x7b2bec3c457626d6b69343886abe4cfe6965f2ff6f86c5d40f34b8c393776f4d,5432270,46277848124487222759235291205080754775338103091627023868242728402112851164288,22505455474831064082128801315968671127060783093982518016278474834833456489300,CSD Dorados Sinaloa vs. Cruz Azul Hidalgo: Both Teams to Score,True,Sports,2026-10-11,0.61,0.6,0.62,3115.5082,28222.47821,0.05,5.0,mex2-drd-cah-2026-10-10-more-markets,mex2-drd-cah-2026-10-10-btts,https://polymarket.com/event/mex2-drd-cah-2026-10-10-more-markets/mex2-drd-cah-2026-10-10-btts,2026-10-10T17:26:32.436514+00:00
0x0c7ac151db1f1c9ed931870b34b68ff233622dd417a9798e6032563452985fee,5432316,30843113770675466301478255971425812062895302437675568163390597666674351182931,57958517795809040564593966351735342329854555225141918346718950540363082119629,Venados FC vs. Leones Negros UDEG: Both Teams to Score,True,Sports,2026-10-10,0.655,0.63,0.68,1188.8297,21457.47756,0.05,,mex2-vds-len-2026-10-10-more-markets,mex2-vds-len-2026-10-10-btts,https://polymarket.com/event/mex2-vds-len-2026-10-10-more-markets/mex2-vds-len-2026-10-10-btts,2026-10-10T17:26:32.436514+00:00
0xfb5d4fb6dcef88c078e89a5163d0192ab3c8acb2435002f8abd2706a657d7b5e,5432362,38498973978449067218302678390696302707228780957071863032229289026713735494704,6931090462376153972149790552671023396007684733177920132010338474103360486443,Tlaxcala FC vs. Piratas Veracruz: Both Teams to Score,True,Sports,2026-10-10,0.56,0.51,0.61,463.3509,17498.9221,0.05,,mex2-tla-pir-2026-10-10-more-markets,mex2-tla-pir-2026-10-10-btts,https://polymarket.com/event/mex2-tla-pir-2026-10-10-more-markets/mex2-tla-pir-2026-10-10-btts,2026-10-10T17:26:32.436514+00:00
0x197fd1d713119f04c64a709d4fb36cb95d7d890e1b7a3d7d3d941b881a48a3c6,5433864,49032466450595169216970714212244598753272007897711583235959306938880648375278,32090718048671297179089367390658670190047983096602919121749612876166765505015,Brusque FC SC vs. Paysandu SC PA: Both Teams to Score,True,Sports,2026-10-10,0.54,0.53,0.55,28573.7592,155229.08649,0.05,14.607693,bra3-bru-psc-2026-10-10-more-markets,bra3-bru-psc-2026-10-10-btts,https://polymarket.com/event/bra3-bru-psc-2026-10-10-more-markets/bra3-bru-psc-2026-10-10-btts,2026-10-10T17:26:32.436514+00:00
0xe334f576a1027290c40140650105a8ec8c129353af2e3cc2d954a78a970d9d29,5433910,32508772826357381314727320922274830735849543230029818548545893309742879119488,18214849344356242227746024799776609811064139695825208021803113877837530312053,Maringa FC PR vs. Floresta EC CE: Both Teams to Score,True,Sports,2026-10-10,0.435,0.42,0.45,3653.2739,108493.1906,0.05,261.357143,bra3-mp-flo-2026-10-10-more-markets,bra3-mp-flo-2026-10-10-btts,https://polymarket.com/event/bra3-mp-flo-2026-10-10-more-markets/bra3-mp-flo-2026-10-10-btts,2026-10-10T17:26:32.436514+00:00
0x4192d66918037b7355e8971988e7d9e261b10b5c308c42e13421bcf66aa0a455,5435185,17588795554065692888302151610683578752781837658848370247257884499268229416111,89399778019206697767153995930450810109445156729340151554492269451130048768614,Lamphun Warriors FC vs. Bangkok United FC: Both Teams to Score,True,Sports,2026-10-11,0.53,0.49,0.57,1286.4232,21225.3088,0.05,,tha1-lam-bgk-2026-10-11-more-markets,tha1-lam-bgk-2026-10-11-btts,https://polymarket.com/event/tha1-lam-bgk-2026-10-11-more-markets/tha1-lam-bgk-2026-10-11-btts,2026-10-10T17:26:32.436514+00:00
0x35082ecc3f2b7b8173f423e601b4d5bc1eab5b4f7df393aab4ac42bbfebdd40c,5441403,103859447166903378301845592584091612894303272037018579656251089827656360111592,18006897383193632155910067300835607132250187248860683462251043660749678923177,FC RFS vs. FS Jelgava: Both Teams to Score,True,Sports,2026-10-11,0.43,0.42,0.44,1272.8032,15108.6207,0.05,118.500001,lva1-rfs-jel-2026-10-11-more-markets,lva1-rfs-jel-2026-10-11-btts,https://polymarket.com/event/lva1-rfs-jel-2026-10-11-more-markets/lva1-rfs-jel-2026-10-11-btts,2026-10-10T17:26:32.436514+00:00
0x5967beb9697cb774787a680fe02da488dba77381648b62017ea28184af727499,5446456,49337084979672025812605481945417199652537794635319250118299937509556821782155,64810439526248724690338967389755811067835316768696048727954195321634258442292,Botafogo FC PB vs. Santa Cruz FC PE: Both Teams to Score,True,Sports,2026-10-10,0.475,0.47,0.48,17551.3646,173016.73886,0.05,423.923077,bra3-bot-stc-2026-10-10-more-markets,bra3-bot-stc-2026-10-10-btts,https://polymarket.com/event/bra3-bot-stc-2026-10-10-more-markets/bra3-bot-stc-2026-10-10-btts,2026-10-10T17:26:32.436514+00:00
0x3dc383ce280342d4f28df882c663ef920078e51f54728e58bf8cafc596925c7b,5452899,106054026418618199497284522936887130870461493839693600213423115201003489562991,96870747237036595370569748529495192098369891063498471687368868862052534233185,Kyoto Sanga FC vs. Ratchaburi FC: Both Teams to Score,True,Sports,2026-10-13,0.485,0.43,0.54,865.1851,16419.9601,0.05,,acle-kyo-rat-2026-10-13-more-markets,acle-kyo-rat-2026-10-13-btts,https://polymarket.com/event/acle-kyo-rat-2026-10-13-more-markets/acle-kyo-rat-2026-10-13-btts,2026-10-10T17:26:32.436514+00:00
0x5d3bb92771b1b19190822c8b622f38bc06e4acb6b48263c7f9fc8c9fc5179333,5453037,97393961207995980864294115504709722874498503965866387347076900712175778242285,3189410136525419977728662623054500754556460461483031652625796628369634390060,Al Nassr Club vs. FK Neftchi Fargona: Both Teams to Score,True,Sports,2026-10-12,0.53,0.5,0.56,1224.9499,16531.7595,0.05,,acle-aln-nef-2026-10-12-more-markets,acle-aln-nef-2026-10-12-btts,https://polymarket.com/event/acle-aln-nef-2026-10-12-more-markets/acle-aln-nef-2026-10-12-btts,2026-10-10T17:26:32.436514+00:00
0x04461dfc33a07cc59e451b43c935ff371a7a7b5e5ff2eb56011c62e2d0ab6ec5,5453137,11964076275213616313920012191134968289325204980499293410948984666700946223859,8665661056977586825052437904372302489139003452342626832863145847131059269880,Al Wasl FC vs. Al Ahli Saudi FC: Both Teams to Score,True,Sports,2026-10-12,0.6,0.57,0.63,1372.5632,35973.7363,0.05,,acle-alw-aas-2026-10-12-more-markets,acle-alw-aas-2026-10-12-btts,https://polymarket.com/event/acle-alw-aas-2026-10-12-more-markets/acle-alw-aas-2026-10-12-btts,2026-10-10T17:26:32.436514+00:00
0x070db573150078ef6cd7e10600847cea7db2e3597cca50f6f25a593a42cf1154,5464154,14952789519754489597974634401324955724468541336479230403309421306175211281587,19111052841170256661576381003803482208919054130933074736830377205458417620625,Alemannia Aachen vs. FC Viktoria Cologne: Both Teams to Score,True,Sports,2026-10-11,0.665,0.64,0.69,1084.6135,11418.00869,0.05,,bl3-aac-vik-2026-10-11-more-markets,bl3-aac-vik-2026-10-11-btts,https://polymarket.com/event/bl3-aac-vik-2026-10-11-more-markets/bl3-aac-vik-2026-10-11-btts,2026-10-10T17:26:32.436514+00:00
0x794385aea9d2006586bafc40a2dec486eafb6247b69dfa736367adb36e8404d9,5464189,12557548001208433117512556345054504866469158282920811362965575843691651239676,3981729842261228425640439522512635106808844482291683528889759288768643264186,FC Ingolstadt 04 vs. SV Wehen Wiesbaden: Both Teams to Score,True,Sports,2026-10-11,0.605,0.59,0.62,4094.2149,21664.35347,0.05,5.0,bl3-fci-weh-2026-10-11-more-markets,bl3-fci-weh-2026-10-11-btts,https://polymarket.com/event/bl3-fci-weh-2026-10-11-more-markets/bl3-fci-weh-2026-10-11-btts,2026-10-10T17:26:32.436514+00:00
0x505de5707070386fb2a8ccb5b170c7aa6ec2ba8f6cba57963a9c39bc9dbe50e8,5485173,12918059818878847129827594953723599989941390685638018729803165931930109737263,2171880930943233402626073949015729779566924287117916099315834642648555084993,Ningbo Professional FC vs. Nanjing City: Both Teams to Score,True,Sports,2026-10-11,0.48,0.47,0.49,1292.5164,9759.5003,0.05,,chi2-nip-nac-2026-10-11-more-markets,chi2-nip-nac-2026-10-11-btts,https://polymarket.com/event/chi2-nip-nac-2026-10-11-more-markets/chi2-nip-nac-2026-10-11-btts,2026-10-10T17:26:32.436514+00:00
