best_bid,best_ask,best_bid_size,best_ask_size,depth_bid_at_1pp,depth_ask_at_1pp,max_buy_size_at_3pp_edge,platform,market_id,fetched_at,side,yes_market_id,max_no_buy_size_at_3pp_edge
0.17,0.19,794.48,396.75,4513.27,7365.15,23122.3,polymarket,64751505184958139146196081658481476813866015817972108997333100399972093820939,2026-10-01T20:33:41.444255+00:00,yes,,
0.81,0.83,396.75,794.48,7365.15,4513.27,10968.28,polymarket,15859382751346746343939036525053853077867668968518299817855187651744506002496,2026-10-01T20:33:41.620913+00:00,no,64751505184958139146196081658481476813866015817972108997333100399972093820939,
0.066,0.071,15.95,149.13,522.86,868.23,2335.03,polymarket,66799540193763442273153807390120946960260027428359861674134091731050086258652,2026-10-01T20:33:41.900518+00:00,yes,,
0.929,0.934,149.13,15.95,868.23,522.86,1661.35,polymarket,24047710826989921604302853982918619576361902127755708458471439265448576446915,2026-10-01T20:33:42.081456+00:00,no,66799540193763442273153807390120946960260027428359861674134091731050086258652,
0.1,0.11,2667.64,3664.65,6104.12,12589.37,40785.81,polymarket,18859933834391393264997730047904836599784455493762567366530805521273388590339,2026-10-01T20:33:42.372532+00:00,yes,,
0.89,0.9,3664.65,2667.64,12589.37,6104.12,30328.46,polymarket,88124433300559247959309048268928728970816174095213461359357515260826164605193,2026-10-01T20:33:42.574242+00:00,no,18859933834391393264997730047904836599784455493762567366530805521273388590339,
0.026,0.031,15.0,61.36,30.0,320.36,4106.79,polymarket,17546916569546560082654809047780534438941220653259855302022567325162996913878,2026-10-01T20:33:42.858249+00:00,yes,,
0.969,0.974,61.36,15.0,320.36,30.0,6568.66,polymarket,99678455340473466359487157107548906800078148061788837551165683023089300945639,2026-10-01T20:33:43.039264+00:00,no,17546916569546560082654809047780534438941220653259855302022567325162996913878,
0.022,0.027,227.23,31.83,288.23,281.83,2095.36,polymarket,28222949582692352334110457056784683609708218641745397767642367585928375878193,2026-10-01T20:33:43.321231+00:00,yes,,
0.973,0.978,31.83,227.23,281.83,288.23,3654.99,polymarket,3641056676837946671256477781020225557556713248985258428151086443592289606284,2026-10-01T20:33:43.515571+00:00,no,28222949582692352334110457056784683609708218641745397767642367585928375878193,
0.78,0.79,3190.89,1167.73,10642.34,14023.03,40298.5,polymarket,107409796822153809778143872196236532785178617102787858261374110829112218839748,2026-10-01T20:33:43.801336+00:00,yes,,
0.21,0.22,1167.73,3190.89,14023.03,10642.34,27718.64,polymarket,47371207337429105795077789605234118169598966393033859219795208509845903311456,2026-10-01T20:33:44.175842+00:00,no,107409796822153809778143872196236532785178617102787858261374110829112218839748,
0.51,0.52,378.35,5.0,1668.35,777.45,9712.69,polymarket,17555504943162344098534978138053308162738914357892515623100381936995379845407,2026-10-01T20:33:44.472239+00:00,yes,,
0.48,0.49,5.0,378.35,777.45,1668.35,2066.35,polymarket,53502088681539225888217182746120417070419934602682782293991096287838014660594,2026-10-01T20:33:44.652128+00:00,no,17555504943162344098534978138053308162738914357892515623100381936995379845407,
0.14,0.15,925.0,627.92,3100.29,7290.56,27804.19,polymarket,35744753605838865227961720864928711626409257515092566128191701940968999011763,2026-10-01T20:33:44.943292+00:00,yes,,
0.85,0.86,627.92,925.0,7290.56,3100.29,6520.29,polymarket,66995205093020988805717868805435346915682775248431420622150164310292956433386,2026-10-01T20:33:45.135011+00:00,no,35744753605838865227961720864928711626409257515092566128191701940968999011763,
0.27,0.28,1628.58,2730.97,5977.56,15688.53,31581.5,polymarket,79484096963248498578517243733071571984223432387663163312687533493173144145268,2026-10-01T20:33:45.412126+00:00,yes,,
0.72,0.73,2730.97,1628.58,15688.53,5977.56,23601.89,polymarket,29394102154625046234624466923627257102948178230785334718764086258965622150946,2026-10-01T20:33:45.594253+00:00,no,79484096963248498578517243733071571984223432387663163312687533493173144145268,
0.029,0.038,100.0,41.67,5817.0,1628.7,3268.24,polymarket,60883119277247470994582429550632811829505423471772740208057726618094988141160,2026-10-01T20:33:45.892810+00:00,yes,,
0.962,0.971,41.67,100.0,1628.7,5817.0,95596.56,polymarket,10611280019407480266757525986655762365905028957860028005381241543984362875196,2026-10-01T20:33:46.086439+00:00,no,60883119277247470994582429550632811829505423471772740208057726618094988141160,
0.005,0.02,150.0,30.0,685.0,193.08,2806.83,polymarket,99454680080858182975916786322594927636228275589135289499749895045005789315019,2026-10-01T20:33:46.377066+00:00,yes,,
0.98,0.995,30.0,150.0,193.08,685.0,685.0,polymarket,56155921462165675245063764296994337178368244177849069777989554232578924728272,2026-10-01T20:33:46.568447+00:00,no,99454680080858182975916786322594927636228275589135289499749895045005789315019,
0.08,0.09,1934.3,183.0,4033.09,11164.2,23821.89,polymarket,3091929947863726371877226324959784580013579280794631063604653957812689085396,2026-10-01T20:33:46.862379+00:00,yes,,
0.91,0.92,183.0,1934.3,11164.2,4033.09,7018.78,polymarket,113314550423744773607951568238874281430587441567297387737553364413695224215541,2026-10-01T20:33:47.037903+00:00,no,3091929947863726371877226324959784580013579280794631063604653957812689085396,
0.043,0.048,12.16,12.15,112.16,4087.15,6759.94,polymarket,52147423614804649302719056405435366546705837330765266472799012257146403501281,2026-10-01T20:33:47.338378+00:00,yes,,
0.952,0.957,12.15,12.16,4087.15,112.16,577.79,polymarket,109479449074543471145484253502931698015409097892748819311501332215892915223104,2026-10-01T20:33:47.519212+00:00,no,52147423614804649302719056405435366546705837330765266472799012257146403501281,
0.04,0.06,3563.13,624.16,3672.51,3304.82,4599.4,polymarket,66486026915087812107390926299428531209332603871609345502520740675575639289776,2026-10-01T20:33:47.820412+00:00,yes,,
0.94,0.96,624.16,3563.13,3304.82,3672.51,7317.98,polymarket,28560287983606987850204671484619002594173232176549531922535113255113148304679,2026-10-01T20:33:47.994404+00:00,no,66486026915087812107390926299428531209332603871609345502520740675575639289776,
0.04,0.05,620.69,620.48,25811.35,4093.07,33525.87,polymarket,108106288970534575307495623455701128869187166289634633189375113923142364674394,2026-10-01T20:33:48.282347+00:00,yes,,
0.95,0.96,620.48,620.69,4093.07,25811.35,31087.83,polymarket,32946988346851809083717853909672502303533938428804197173672614672441945179683,2026-10-01T20:33:48.478665+00:00,no,108106288970534575307495623455701128869187166289634633189375113923142364674394,
0.36,0.37,621.25,192.54,1730.18,1749.08,14204.12,polymarket,3104629708171062356498135654472461762731791851667035051301931240755518332250,2026-10-01T20:33:48.757823+00:00,yes,,
0.63,0.64,192.54,621.25,1749.08,1730.18,4422.67,polymarket,104526794566859391085042814952967251260974275524059793655101271789052995794634,2026-10-01T20:33:48.957386+00:00,no,3104629708171062356498135654472461762731791851667035051301931240755518332250,
0.023,0.03,963.0,6190.33,1642.96,6470.33,34063.73,polymarket,5688801435889428424829669547673250506620304454224290559333533905846390372394,2026-10-01T20:33:49.235070+00:00,yes,,
0.97,0.977,6190.33,963.0,6470.33,1642.96,58385.97,polymarket,21024189438556491499983312864085506291201006475691953166988844977583635820413,2026-10-01T20:33:49.426448+00:00,no,5688801435889428424829669547673250506620304454224290559333533905846390372394,
0.17,0.18,74.0,5946.42,176.77,16992.19,33112.95,polymarket,48232987449750988261789196083999659380058157021032932634331257492238853387252,2026-10-01T20:33:49.726068+00:00,yes,,
0.82,0.83,5946.42,74.0,16992.19,176.77,4880.08,polymarket,72484470323457781490418074887818414956328925259630173408815876344351328006429,2026-10-01T20:33:49.904255+00:00,no,48232987449750988261789196083999659380058157021032932634331257492238853387252,
0.144,0.157,15.0,45.0,4953.16,4378.88,13258.32,polymarket,60184991030711150053889856154789765911962237408503307206289529109604385579009,2026-10-01T20:33:50.200595+00:00,yes,,
0.843,0.856,45.0,15.0,4153.88,4953.16,6138.11,polymarket,63691357964355397861776339416833450653158434687925250159757815624217137833471,2026-10-01T20:33:50.388712+00:00,no,60184991030711150053889856154789765911962237408503307206289529109604385579009,
0.17,0.18,756.14,712.0,1393.14,8209.68,25711.55,polymarket,110568426700454908727813010666782278712329569099119457880819387703511785225289,2026-10-01T20:33:50.672235+00:00,yes,,
0.82,0.83,712.0,756.14,8209.68,1393.14,3460.82,polymarket,94997938472772845981621371346408480728260037625129184428077443070579239724265,2026-10-01T20:33:50.856277+00:00,no,110568426700454908727813010666782278712329569099119457880819387703511785225289,
0.01,0.039,100.0,92.8,648.34,487.8,817.8,polymarket,77232568388576878990477542833081311975859328857370439688711702313039178600550,2026-10-01T20:33:51.148626+00:00,yes,,
0.961,0.99,92.8,100.0,487.8,648.34,648.34,polymarket,41305309737809315151633117199490064099794235884838684383222141982080157632024,2026-10-01T20:33:51.339854+00:00,no,77232568388576878990477542833081311975859328857370439688711702313039178600550,
0.931,0.95,33.08,11.0,26009.84,31.0,36096.58,polymarket,48125407658537781630126353551882211313520827583468729408685633955919030034320,2026-10-01T20:33:51.633263+00:00,yes,,
0.05,0.069,11.0,33.08,31.0,26009.84,27181.37,polymarket,1797580469213095171880719393862360781916964211483452267877668487044757332006,2026-10-01T20:33:51.815620+00:00,no,48125407658537781630126353551882211313520827583468729408685633955919030034320,
0.006,0.024,100.0,30.0,8779.55,765.75,4017.76,polymarket,94387913280398317052582281843978069916338462525042652614881277797162415545237,2026-10-01T20:33:52.114689+00:00,yes,,
0.976,0.994,30.0,100.0,765.75,8779.55,8779.55,polymarket,2474994172812821906731940905046937405647772936830086080400122272424376650343,2026-10-01T20:33:52.298776+00:00,no,94387913280398317052582281843978069916338462525042652614881277797162415545237,
0.007,0.02,150.0,60.0,1482.39,535.08,1345.08,polymarket,18791277393217683755628516529477058015186638022373024614300661393042993809537,2026-10-01T20:33:52.603981+00:00,yes,,
0.98,0.993,60.0,150.0,535.08,1482.39,1482.39,polymarket,111410260998316519094031668071734601628657437474531224521985946937751497012846,2026-10-01T20:33:52.796749+00:00,no,18791277393217683755628516529477058015186638022373024614300661393042993809537,
0.08,0.1,1100.0,7133.91,4068.97,14148.54,19458.54,polymarket,109815773012907461372639157658293071578555374097742562684476865021743386609433,2026-10-01T20:33:53.071633+00:00,yes,,
0.9,0.92,7133.91,1100.0,14148.54,4068.97,11442.99,polymarket,37755135088405799849800190027343457715121200916302661996402931566317384140291,2026-10-01T20:33:53.254513+00:00,no,109815773012907461372639157658293071578555374097742562684476865021743386609433,
0.02,0.031,30.0,30.0,6853.8,2705.19,9442.72,polymarket,43777191461245536274027792855557351629362906569064322165760098912770293918104,2026-10-01T20:33:53.536167+00:00,yes,,
0.969,0.98,30.0,30.0,2705.19,6853.8,174335.42,polymarket,61124290990237905740819218004087985253159695156484630843664573685734418084158,2026-10-01T20:33:53.717069+00:00,no,43777191461245536274027792855557351629362906569064322165760098912770293918104,
0.41,0.42,30215.79,58861.27,43017.17,85096.72,127704.47,polymarket,90689690530039118737607894922148077480097700217322320781526913496162509181445,2026-10-01T20:33:54.005040+00:00,yes,,
0.58,0.59,58861.27,30215.79,85096.72,43017.17,83977.06,polymarket,105412116375859456386463067772529895223931027977055063584054608854983174999392,2026-10-01T20:33:54.195579+00:00,no,90689690530039118737607894922148077480097700217322320781526913496162509181445,
0.935,0.936,432.94,246.96,5886.9,5351.99,6464.99,polymarket,6756779810577885828704276397389282544084821591107025125954859235939281991675,2026-10-01T20:33:54.490657+00:00,yes,,
0.064,0.065,246.96,432.94,5351.99,5886.9,7642.37,polymarket,87565258770725265966392236652709967744698603916603639644457593228770340754031,2026-10-01T20:33:54.672485+00:00,no,6756779810577885828704276397389282544084821591107025125954859235939281991675,
0.022,0.025,2.35,32.5,32.35,803.68,1653.67,polymarket,28293677056280080359554222049156424637171556977737746792223933800049748849083,2026-10-01T20:33:54.967853+00:00,yes,,
0.975,0.978,32.5,2.35,803.68,32.35,3934.52,polymarket,33213488937256662530482377056557065500011938647623670350418977541117315454320,2026-10-01T20:33:55.142121+00:00,no,28293677056280080359554222049156424637171556977737746792223933800049748849083,
0.28,0.29,33992.11,66038.57,47511.71,115289.87,150780.81,polymarket,75079868093228966915894372964099062660587490227046756021175661325867722540666,2026-10-01T20:33:55.440952+00:00,yes,,
0.71,0.72,66038.57,33992.11,115289.87,47511.71,103354.7,polymarket,37327444084035787269854507880662541101916131726641992937390933740081521292625,2026-10-01T20:33:55.640670+00:00,no,75079868093228966915894372964099062660587490227046756021175661325867722540666,
0.961,0.969,745.0,23223.79,2049.59,23223.79,663752.27,polymarket,48498511771232100148522166869811267217315069499419645745771730197179043728388,2026-10-01T20:33:55.945080+00:00,yes,,
0.031,0.039,23223.79,745.0,23223.79,2049.59,30292.58,polymarket,65439356235045131807396247896357430551043166853377401069960230324723866335352,2026-10-01T20:33:56.122908+00:00,no,48498511771232100148522166869811267217315069499419645745771730197179043728388,
0.012,0.024,40.0,15.25,2045.23,3022.96,6406.92,polymarket,94720102345103978732985991591541449349105398685307981352929740529082927790385,2026-10-01T20:33:56.424298+00:00,yes,,
0.976,0.988,15.25,40.0,3022.96,2045.23,5290.23,polymarket,89749451189659806236078281140753717284965641684284805325103046978904196883787,2026-10-01T20:33:56.603882+00:00,no,94720102345103978732985991591541449349105398685307981352929740529082927790385,
0.1,0.11,118.61,3591.52,391.44,16745.84,23932.2,polymarket,70179930004460104520571721963263381325865077807861641105900318902168490512539,2026-10-01T20:33:56.885165+00:00,yes,,
0.89,0.9,3591.52,118.61,16745.84,391.44,3064.73,polymarket,6282889705019268501830975677564258188191770886711457649647605609853326924852,2026-10-01T20:33:57.064446+00:00,no,70179930004460104520571721963263381325865077807861641105900318902168490512539,
0.08,0.1,3801.28,343.58,5460.12,15310.14,25080.75,polymarket,77001639760095266374534198365421436593389036687975321536722226607654949914567,2026-10-01T20:33:57.360401+00:00,yes,,
0.9,0.92,343.58,3801.28,15310.14,5460.12,19337.9,polymarket,109329484956764506378760583725617100193692863947320202695087573398990069238209,2026-10-01T20:33:57.546508+00:00,no,77001639760095266374534198365421436593389036687975321536722226607654949914567,
0.04,0.05,4289.6,1996.9,4724.76,25469.9,31598.71,polymarket,62831517509825405761763142539845746280269675872170259538293560849475982647892,2026-10-01T20:33:57.827568+00:00,yes,,
0.95,0.96,1996.9,4289.6,25469.9,4724.76,63141.47,polymarket,66273785459475184474276423059036741814958495126134511275805524603240865775761,2026-10-01T20:33:58.007232+00:00,no,62831517509825405761763142539845746280269675872170259538293560849475982647892,
0.13,0.14,3069.59,4137.61,14883.07,10912.3,41458.13,polymarket,62227089537100115269143206481757249285124282589590263790284791475153705872216,2026-10-01T20:33:58.307124+00:00,yes,,
0.86,0.87,4137.61,3069.59,10912.3,14883.07,66660.41,polymarket,58757590052289479996371632351141005979216013605386057994994985198930000872621,2026-10-01T20:33:58.486498+00:00,no,62227089537100115269143206481757249285124282589590263790284791475153705872216,
0.025,0.032,0.04,152.0,0.04,1036.03,1332.68,polymarket,80469582416211324277551196813384851504222711072116234686695188046152640511225,2026-10-01T20:33:58.778449+00:00,yes,,
0.968,0.975,152.0,0.04,1036.03,0.04,524764.12,polymarket,68311829543741021184558122622902784954644849677046739184908916756688634040204,2026-10-01T20:33:58.955277+00:00,no,80469582416211324277551196813384851504222711072116234686695188046152640511225,
0.005,0.025,375.0,5.0,4886.0,691.52,4267.93,polymarket,47410821361368319377218522333433306313753572972827491807608363074924233552004,2026-10-01T20:33:59.239475+00:00,yes,,
0.975,0.995,5.0,375.0,691.52,4886.0,4886.0,polymarket,34151693471054832326907352504678670863317940877946622594683256674473306466921,2026-10-01T20:33:59.420832+00:00,no,47410821361368319377218522333433306313753572972827491807608363074924233552004,
0.41,0.42,67882.45,10231.44,87446.56,38338.57,88340.0,polymarket,69908185249078099348466099388148864764525845923415294308139153388799352317616,2026-10-01T20:33:59.710153+00:00,yes,,
0.58,0.59,10231.44,67882.45,38338.57,87446.56,171573.5,polymarket,23913381536137166406579511315285934624565002001604591688105636176511254870797,2026-10-01T20:33:59.887859+00:00,no,69908185249078099348466099388148864764525845923415294308139153388799352317616,
0.02,0.024,100.0,436.97,310.0,1215.79,2530.79,polymarket,112281295057865404870041957222562306206517476142557838682690649172966968734671,2026-10-01T20:34:00.182275+00:00,yes,,
0.976,0.98,436.97,100.0,1215.79,310.0,3863.5,polymarket,64564597855888410825779066289398082874334191307203738739152847250485409164101,2026-10-01T20:34:00.363045+00:00,no,112281295057865404870041957222562306206517476142557838682690649172966968734671,
0.018,0.023,240.27,304.0,925.44,1061.98,5455.38,polymarket,79489800771199803792838465972773376352837733018768490302999836500381020065853,2026-10-01T20:34:00.643712+00:00,yes,,
0.977,0.982,304.0,240.27,1061.98,925.44,3742.11,polymarket,29850921617086885622321882518009992617707565675149598556157682973609083717715,2026-10-01T20:34:00.825778+00:00,no,79489800771199803792838465972773376352837733018768490302999836500381020065853,
0.004,0.013,150.0,10.0,7128.5,156.69,986.35,polymarket,18128207363125529330540526475108389147728645885887417700651189282375630645842,2026-10-01T20:34:01.123811+00:00,yes,,
0.987,0.996,10.0,150.0,156.69,7128.5,7128.5,polymarket,21708830464136004242050467178622400680068868627075028819168121519801996195940,2026-10-01T20:34:01.330754+00:00,no,18128207363125529330540526475108389147728645885887417700651189282375630645842,
0.13,0.14,31058.43,58466.8,37156.24,83543.66,88626.36,polymarket,30718966535311015751929217398361750334834655110246828806892843311659716192347,2026-10-01T20:34:01.607820+00:00,yes,,
0.86,0.87,58466.8,31058.43,83543.66,37156.24,77510.24,polymarket,33485925353171072312284533208639606685310281710515007938376691890027292332545,2026-10-01T20:34:01.802262+00:00,no,30718966535311015751929217398361750334834655110246828806892843311659716192347,
0.009,0.029,12.06,30.0,9301.85,445.36,1856.8,polymarket,109770398277480657132311708823042764648778271467537669934185093015733099277755,2026-10-01T20:34:02.093601+00:00,yes,,
0.971,0.991,30.0,12.06,445.36,9301.85,9301.85,polymarket,50635500573145079077706052236022272447121646566197183315877718515529765028366,2026-10-01T20:34:02.272173+00:00,no,109770398277480657132311708823042764648778271467537669934185093015733099277755,
0.38,0.39,39231.44,1266.34,55428.55,9983.18,56305.07,polymarket,21265207456609426291246075480390336499088453711419597084147957999650569091884,2026-10-01T20:34:02.580688+00:00,yes,,
0.61,0.62,1266.34,39231.44,9983.18,55428.55,86102.29,polymarket,9846414914422486942750462555692240718767368950832862364324602361738794436048,2026-10-01T20:34:02.774290+00:00,no,21265207456609426291246075480390336499088453711419597084147957999650569091884,
0.004,0.031,400.0,42.0,1417.0,313.12,1445.01,polymarket,30879673422883665658998557649780314115615509792114924412311244164523672753717,2026-10-01T20:34:03.055723+00:00,yes,,
0.969,0.996,42.0,400.0,313.12,1417.0,1417.0,polymarket,90754958922510400552842169151468277929530764031411953233776577468931244763939,2026-10-01T20:34:03.248848+00:00,no,30879673422883665658998557649780314115615509792114924412311244164523672753717,
0.005,0.019,180.0,49.5,4736.25,665.96,3876.72,polymarket,110692470670299760609405767524469998656804613573367102042492015567399413436772,2026-10-01T20:34:03.541868+00:00,yes,,
0.981,0.995,49.5,180.0,665.96,4736.25,4736.25,polymarket,89611284751983444666516772199088261836184128361026213372833195934667653681164,2026-10-01T20:34:03.718541+00:00,no,110692470670299760609405767524469998656804613573367102042492015567399413436772,
0.022,0.029,207.66,100.0,207.66,1179.82,2279.32,polymarket,49797779751182114244550178900838522175054943127409025738411962628574218037267,2026-10-01T20:34:03.999005+00:00,yes,,
0.971,0.978,100.0,207.66,1179.82,207.66,7694.42,polymarket,19478516824999166368089016534393288198149272568651281887970566028826732946055,2026-10-01T20:34:04.182135+00:00,no,49797779751182114244550178900838522175054943127409025738411962628574218037267,
0.13,0.33,100.0,100.0,100.0,100.0,100.0,kalshi,KXBNBMINY-BNB-26DEC31-50000,2026-10-01T20:34:04.377217+00:00,yes,,100.0
0.15,0.18,60.0,20.42,100.0,20.42,20.42,polymarket,46569948406997487969128617020264754202600271845039170013337237269952135228072,2026-10-01T20:34:04.657024+00:00,yes,,
0.82,0.85,20.42,60.0,20.42,100.0,120.0,polymarket,14564891186911255380385791785573216222806192828581994956840733587982771416984,2026-10-01T20:34:04.831073+00:00,no,46569948406997487969128617020264754202600271845039170013337237269952135228072,
0.53,0.61,454.72,77.0,459.72,591.77,711.77,kalshi,KXETHMINMON-ETH-26OCT31-250000,2026-10-01T20:34:05.025567+00:00,yes,,584.72
0.56,0.57,186.0,500.0,26991.0,3505.0,30974.0,polymarket,21196725545759370097336350101324318716019056962499261658323251997024558015872,2026-10-01T20:34:05.315792+00:00,yes,,
0.43,0.44,500.0,186.0,3505.0,26991.0,28717.0,polymarket,2724786822865765561814618767935452587679415290533339778291456309034776536543,2026-10-01T20:34:05.496924+00:00,no,21196725545759370097336350101324318716019056962499261658323251997024558015872,
0.06,0.1,9.0,497.0,992.0,1777.0,1777.0,kalshi,KXETHMINMON-ETH-26OCT31-200000,2026-10-01T20:34:05.698912+00:00,yes,,1637.0
0.053,0.064,450.0,495.0,14591.01,20535.0,27335.0,polymarket,53110547926944158800724417394741060207636285558361074437947366541347471116763,2026-10-01T20:34:05.973838+00:00,yes,,
0.936,0.947,495.0,450.0,20535.0,14591.01,19206.01,polymarket,51972977550529908718878676759390494563647955011461429104529971797196543454856,2026-10-01T20:34:06.167191+00:00,no,53110547926944158800724417394741060207636285558361074437947366541347471116763,
0.63,0.75,147.72,142.96,592.72,692.96,1112.96,kalshi,KXXRPMINMON-XRP-26OCT31-140,2026-10-01T20:34:06.365707+00:00,yes,,717.72
0.66,0.71,1300.0,76.0,1300.0,4376.0,4376.0,polymarket,88069234267031704792501379488173703391744549460612287669337685443933466274574,2026-10-01T20:34:06.647309+00:00,yes,,
0.29,0.34,76.0,1300.0,4376.0,1300.0,1300.0,polymarket,104507164161172236988400591466954215451909641089767096139086234094017968340674,2026-10-01T20:34:06.830058+00:00,no,88069234267031704792501379488173703391744549460612287669337685443933466274574,
0.22,0.28,14.0,2.0,133.87,737.77,941.77,kalshi,KXXRPMINMON-XRP-26OCT31-120,2026-10-01T20:34:07.027641+00:00,yes,,838.87
0.2,0.25,35.0,1384.09,1335.0,4384.09,4384.09,polymarket,101235080267211258290436500938427772273559399330191423935393139198308329492554,2026-10-01T20:34:07.311143+00:00,yes,,
0.75,0.8,1384.09,35.0,4384.09,1335.0,1418.0,polymarket,80987536365626163119467957827453069439966782293142487284658476936484305720836,2026-10-01T20:34:07.507604+00:00,no,101235080267211258290436500938427772273559399330191423935393139198308329492554,
0.03,0.1,1380.0,1401.0,5980.0,1821.0,1821.0,kalshi,KXXRPMINMON-XRP-26OCT31-100,2026-10-01T20:34:07.702163+00:00,yes,,7280.0
0.03,0.06,110.5,1300.0,523.15,1700.0,2100.0,polymarket,15247208627094587010916593385550943899218740129001988446881464749128315562048,2026-10-01T20:34:07.978637+00:00,yes,,
0.94,0.97,1300.0,110.5,1700.0,523.15,5160.14,polymarket,98225089738953638037945670736108116695167305488832553471706744832452222285943,2026-10-01T20:34:08.164651+00:00,no,15247208627094587010916593385550943899218740129001988446881464749128315562048,
0.01,0.06,13400.0,42.0,13400.0,355.0,955.0,kalshi,KXXRPMINMON-XRP-26OCT31-080,2026-10-01T20:34:08.356975+00:00,yes,,13400.0
0.003,0.028,1000.0,1342.49,14881.0,1342.49,2542.49,polymarket,86147076017989118037995863460123385850791927170747047664000582170517619200917,2026-10-01T20:34:08.636623+00:00,yes,,
0.972,0.997,1342.49,1000.0,1342.49,14881.0,14881.0,polymarket,77716934250274578636638196723735000352403890298090843383873919663182754523886,2026-10-01T20:34:08.867494+00:00,no,86147076017989118037995863460123385850791927170747047664000582170517619200917,
0.15,0.17,665.3,100.0,665.3,120.0,130.0,kalshi,KXSOLMAXMON-SOL-26OCT31-15000,2026-10-01T20:34:09.064599+00:00,yes,,670.3
0.12,0.14,60.63,1320.0,176.63,1320.0,1320.0,polymarket,95731611658871706594577170403433105048399591314451900683466699059584232952524,2026-10-01T20:34:09.345848+00:00,yes,,
0.86,0.88,1320.0,60.63,1320.0,176.63,8476.63,polymarket,58289219959550242646549171888927255644594802391795509646407646554350922868672,2026-10-01T20:34:09.533772+00:00,no,95731611658871706594577170403433105048399591314451900683466699059584232952524,
0.26,0.33,1238.13,120.0,1238.13,120.0,120.0,kalshi,KXSOLMAXMON-SOL-26OCT31-14000,2026-10-01T20:34:09.733067+00:00,yes,,1243.13
0.24,0.27,294.11,1401.03,3294.11,1401.03,1401.03,polymarket,61920662646389804979046394856613514667407984902141497092246720075855408051060,2026-10-01T20:34:10.026873+00:00,yes,,
0.73,0.76,1401.03,294.11,1401.03,3294.11,5694.11,polymarket,53879031917678118036194614908122839261487759443326662439059125776626965852702,2026-10-01T20:34:10.221589+00:00,no,61920662646389804979046394856613514667407984902141497092246720075855408051060,
0.47,0.58,5.0,3.0,6.19,1003.0,1123.0,kalshi,KXSOLMAXMON-SOL-26OCT31-13000,2026-10-01T20:34:10.418618+00:00,yes,,11.19
0.5,0.54,69.36,1300.0,3069.36,1300.0,3201.0,polymarket,6558708246257676721120093058566058303613881566198905724326231947387046531577,2026-10-01T20:34:10.713216+00:00,yes,,
0.46,0.5,1300.0,69.36,1300.0,3069.36,4369.36,polymarket,104909498925352411127109404059311118674029144016067452739384583621013453306360,2026-10-01T20:34:10.900570+00:00,no,6558708246257676721120093058566058303613881566198905724326231947387046531577,
0.87,0.93,406.63,720.0,406.63,720.0,720.0,kalshi,KXSOLMAXMON-SOL-26OCT31-12000,2026-10-01T20:34:11.093253+00:00,yes,,411.63
0.9,0.94,1300.0,1300.0,2866.0,2344.0,3910.0,polymarket,37067984270741418034023206305460709848665351863968837623819344787860692269842,2026-10-01T20:34:11.369888+00:00,yes,,
0.06,0.1,1300.0,1300.0,2344.0,2866.0,4432.0,polymarket,54736191632619300039649846600096851784991618690706711381671426686157020366263,2026-10-01T20:34:11.559830+00:00,no,37067984270741418034023206305460709848665351863968837623819344787860692269842,
0.05,0.07,42.0,225.3,747.0,1054.6,7065.85,kalshi,KXBTCMAXMON-BTC-26OCT31-10250000,2026-10-01T20:34:11.756441+00:00,yes,,1752.0
0.06,0.07,4233.66,32402.0,17571.66,53007.0,71949.0,polymarket,17914254906987821103954724968898702177477465264491908783238145921759658492433,2026-10-01T20:34:12.046484+00:00,yes,,
0.93,0.94,32402.0,4233.66,53007.0,17571.66,67594.17,polymarket,69803892323569212331339178782090870657755055854700360280671150999977056591804,2026-10-01T20:34:12.241988+00:00,no,17914254906987821103954724968898702177477465264491908783238145921759658492433,
0.1,0.11,1064.8,943.6,1069.8,1530.76,3454.36,kalshi,KXBTCMAXMON-BTC-26OCT31-10000000,2026-10-01T20:34:12.435213+00:00,yes,,1174.8
0.08,0.09,5758.28,1075.0,48453.28,34054.0,73548.35,polymarket,14921318335552450030431574095915413074609297124930453526360718034146246382072,2026-10-01T20:34:12.723029+00:00,yes,,
0.91,0.92,1075.0,5758.28,34054.0,48453.28,83090.28,polymarket,57643386008911132455976180998659384819884592446663620859700218800825358378060,2026-10-01T20:34:12.918697+00:00,no,14921318335552450030431574095915413074609297124930453526360718034146246382072,
0.15,0.16,2514.68,235.3,2514.68,1314.6,3456.93,kalshi,KXBTCMAXMON-BTC-26OCT31-9750000,2026-10-01T20:34:13.115223+00:00,yes,,2609.95
0.14,0.15,21.0,3738.0,33194.56,40252.81,62924.81,polymarket,109800526277315231209722429316036702247205543438618130834410289059200560794384,2026-10-01T20:34:13.406230+00:00,yes,,
0.85,0.86,3738.0,21.0,40252.81,33194.56,61640.56,polymarket,94560422257756908163349377282342344355949543228458145528713104104714780173128,2026-10-01T20:34:13.595187+00:00,no,109800526277315231209722429316036702247205543438618130834410289059200560794384,
0.24,0.25,1733.1,1415.17,1735.1,4952.11,4989.79,kalshi,KXBTCMAXMON-BTC-26OCT31-9500000,2026-10-01T20:34:13.793309+00:00,yes,,2002.42
0.22,0.23,5.0,877.0,24020.88,12952.0,36639.0,polymarket,53665396372658032656004566428944986037910380349696131244522039250854818095837,2026-10-01T20:34:14.092684+00:00,yes,,
0.77,0.78,877.0,5.0,12952.0,24020.88,50486.88,polymarket,76471051577236003340607396022143277221411949551690516292798322618323364155642,2026-10-01T20:34:14.277259+00:00,no,53665396372658032656004566428944986037910380349696131244522039250854818095837,
0.3,0.38,1411.77,651.6,2523.77,651.6,4151.6,kalshi,KXBTCMAXMON-BTC-26OCT31-9250000,2026-10-01T20:34:14.469852+00:00,yes,,2678.77
0.34,0.35,15.0,12904.0,28941.0,12909.0,35600.0,polymarket,5781470207346150088846857810979285179673387258576975786992756437466246032255,2026-10-01T20:34:14.750271+00:00,yes,,
0.65,0.66,12904.0,15.0,12909.0,28941.0,39983.75,polymarket,30818728398156706234794468367455547887214224344248887223121436644448325982367,2026-10-01T20:34:14.929709+00:00,no,5781470207346150088846857810979285179673387258576975786992756437466246032255,
0.53,0.55,1001.43,55.52,1001.43,55.52,2547.59,kalshi,KXBTCMAXMON-BTC-26OCT31-9000000,2026-10-01T20:34:15.129811+00:00,yes,,1006.43
0.52,0.54,2464.35,12611.29,27858.16,32980.29,37906.29,polymarket,9725885586831319753022077956575535891028311255342474244273380293836298763086,2026-10-01T20:34:15.411341+00:00,yes,,
0.46,0.48,12611.29,2464.35,32980.29,27858.16,49969.16,polymarket,64819747658332139590150584397503379135346674632293012455820817880602204273024,2026-10-01T20:34:15.589338+00:00,no,9725885586831319753022077956575535891028311255342474244273380293836298763086,
0.74,0.76,986.32,370.79,986.32,370.79,370.79,kalshi,KXBTCMAXMON-BTC-26OCT31-8750000,2026-10-01T20:34:15.781075+00:00,yes,,1001.32
0.73,0.74,287.29,841.0,20322.28,5194.49,44917.74,polymarket,60853708478456543766262549859214991255573301006704578370875039498477095018713,2026-10-01T20:34:16.069948+00:00,yes,,
0.26,0.27,841.0,287.29,5194.49,20322.28,40049.53,polymarket,96542630129959650343931842229679432616366799477200535852826422961087489621387,2026-10-01T20:34:16.268558+00:00,no,60853708478456543766262549859214991255573301006704578370875039498477095018713,
0.04,0.05,1000.0,500.0,15282.83,787.14,3787.14,kalshi,KXETHMAXY-27JAN01-6000.00,2026-10-01T20:34:16.461823+00:00,yes,,45307.77
0.032,0.037,73.33,5.0,986.05,3932.0,6932.0,polymarket,16537215226734710045048844527142067159409454306081743842114211928607874903730,2026-10-01T20:34:16.739960+00:00,yes,,
0.963,0.968,5.0,73.33,3932.0,986.05,100361.98,polymarket,99625432243305856023409516897537718601994293111805554742206464299633923525276,2026-10-01T20:34:16.919715+00:00,no,16537215226734710045048844527142067159409454306081743842114211928607874903730,
0.07,0.08,773.03,1957.99,5531.4,5109.03,8276.03,kalshi,KXETHMAXY-27JAN01-5000.00,2026-10-01T20:34:17.113464+00:00,yes,,9228.4
0.05,0.053,311.13,5.0,4263.87,2029.31,10439.31,polymarket,93841346952584855760123043248359496404685819909908940687797546325562720625910,2026-10-01T20:34:17.399638+00:00,yes,,
0.947,0.95,5.0,311.13,2029.31,4263.87,18690.93,polymarket,83653530246789118994492246634339447976331394500468058931341870541635471603330,2026-10-01T20:34:17.578714+00:00,no,93841346952584855760123043248359496404685819909908940687797546325562720625910,
0.11,0.12,121.0,2196.48,1565.82,4783.3,7783.3,kalshi,KXETHMAXY-27JAN01-4500.00,2026-10-01T20:34:17.773730+00:00,yes,,5770.82
0.07,0.08,15861.22,3205.01,24112.17,11199.0,20096.0,polymarket,65019787528582062608620519721284938715030885357831318061954629653913636795950,2026-10-01T20:34:18.046256+00:00,yes,,
0.92,0.93,3205.01,15861.22,11199.0,24112.17,25652.17,polymarket,4251240413067872674686064123803499349976238079777545616008767482027755117695,2026-10-01T20:34:18.243246+00:00,no,65019787528582062608620519721284938715030885357831318061954629653913636795950,
0.17,0.18,104.0,1272.5,1596.56,1272.5,2240.5,kalshi,KXETHMAXY-27JAN01-4000.00,2026-10-01T20:34:18.438025+00:00,yes,,4695.36
0.15,0.16,538.31,305.98,1113.3,378.1,1865.74,polymarket,72592268863590940134379238539821436400291742652781853158875216650430188037649,2026-10-01T20:34:18.737018+00:00,yes,,
0.84,0.85,305.98,538.31,378.1,1113.3,5268.79,polymarket,24395525485845393350950214688967223293165153127110039869504787811540919959137,2026-10-01T20:34:18.934849+00:00,no,72592268863590940134379238539821436400291742652781853158875216650430188037649,
0.28,0.31,50.0,100.0,3550.0,300.0,3300.0,kalshi,KXETHMAXY-27JAN01-3500.00,2026-10-01T20:34:19.129326+00:00,yes,,3744.71
0.35,0.36,762.12,108.58,818.97,108.58,6652.62,polymarket,114795982188663428564917597167716379346421811703835638076510302263064007011486,2026-10-01T20:34:19.423370+00:00,yes,,
0.64,0.65,108.58,762.12,108.58,818.97,4080.28,polymarket,51285366506638443435367264019285898921368420617675748461983918574312009250254,2026-10-01T20:34:19.619836+00:00,no,114795982188663428564917597167716379346421811703835638076510302263064007011486,
0.13,0.14,3361.88,6641.47,4258.97,13320.3,21820.3,kalshi,KXBTCMINY-27JAN01-55000.00,2026-10-01T20:34:19.824566+00:00,yes,,10189.97
0.09,0.1,10872.07,7586.11,10955.63,44385.3,79731.23,polymarket,115462087336983275104521488923966022755348986822352694745153736621832003960847,2026-10-01T20:34:20.115569+00:00,yes,,
0.9,0.91,7586.11,10872.07,44385.3,10955.63,31857.16,polymarket,48849252416222520684793262794712201381742900852794310345084361317209768152557,2026-10-01T20:34:20.338547+00:00,no,115462087336983275104521488923966022755348986822352694745153736621832003960847,
0.07,0.08,28.0,9956.77,3030.15,14596.77,19696.77,kalshi,KXBTCMINY-27JAN01-45000.00,2026-10-01T20:34:20.541381+00:00,yes,,5516.1
0.045,0.046,1731.72,16308.45,82691.36,56251.68,225410.1,polymarket,9894510651052373088408067031031513212801618531203062911959630395716258202132,2026-10-01T20:34:20.818502+00:00,yes,,
0.954,0.955,16308.45,1731.72,56251.68,82691.36,246031.36,polymarket,20326394798700413571801660749437036272627203479853632032510011746755865615562,2026-10-01T20:34:21.020436+00:00,no,9894510651052373088408067031031513212801618531203062911959630395716258202132,
0.09,0.1,28.0,7784.22,4122.0,13644.22,19298.44,kalshi,KXBTCMINY-27JAN01-50000.00,2026-10-01T20:34:21.223615+00:00,yes,,5751.1
0.06,0.07,14595.71,1633.54,45005.26,42875.49,87434.77,polymarket,13887983551129862992605123088744175927084435631400400451585519366058907542147,2026-10-01T20:34:21.508518+00:00,yes,,
0.93,0.94,1633.54,14595.71,42875.49,45005.26,630640.06,polymarket,41832664285845832459030640969891483663884721696292020563915305291791682631668,2026-10-01T20:34:21.690067+00:00,no,13887983551129862992605123088744175927084435631400400451585519366058907542147,
0.05,0.06,7572.57,8071.86,9298.57,12611.86,17711.86,kalshi,KXBTCMINY-27JAN01-40000.00,2026-10-01T20:34:21.883039+00:00,yes,,15602.57
0.031,0.032,2809.54,23334.02,7630.3,94983.29,124147.78,polymarket,4255890554350661695724949176183233033027635903850796430457642328613772591960,2026-10-01T20:34:22.163759+00:00,yes,,
0.968,0.969,23334.02,2809.54,94983.29,7630.3,1284667.04,polymarket,69924622127743346860742491804606293768199148137604178160078893238641086573607,2026-10-01T20:34:22.349338+00:00,no,4255890554350661695724949176183233033027635903850796430457642328613772591960,
0.05,0.06,2.02,7.5,7.02,7.5,7.5,kalshi,KXXRPMAXY-XRP-26DEC31-600,2026-10-01T20:34:22.541751+00:00,yes,,37.02
0.004,0.03,396.94,100.0,27642.94,210.0,230.0,polymarket,102705667113714931526898539585095533442650369551666814596642288052945621402958,2026-10-01T20:34:22.834789+00:00,yes,,
0.97,0.996,100.0,396.94,210.0,27642.94,27642.94,polymarket,75087342018740201336891397134899491056049424574809804179278039294638798616185,2026-10-01T20:34:23.011738+00:00,no,102705667113714931526898539585095533442650369551666814596642288052945621402958,
0.04,0.06,2.0,100.0,5.11,100.0,100.0,kalshi,KXXRPMAXY-XRP-26DEC31-500,2026-10-01T20:34:23.206371+00:00,yes,,3005.11
0.016,0.029,62.5,59.19,402.5,59.19,192.74,polymarket,49298809552663577090953558115623306552793446323919551228841438478206311771334,2026-10-01T20:34:23.493010+00:00,yes,,
0.971,0.984,59.19,62.5,59.19,402.5,94702.27,polymarket,98356009591729059104867383694921691652999524426205630246165877167563623571748,2026-10-01T20:34:23.674894+00:00,no,49298809552663577090953558115623306552793446323919551228841438478206311771334,
0.09,0.18,2.0,38.0,42.44,3038.0,3038.0,kalshi,KXXRPMAXY-XRP-26DEC31-400,2026-10-01T20:34:23.871251+00:00,yes,,108.41
0.03,0.057,100.41,114.82,256.05,283.66,433.66,polymarket,98453302482655365755754134883620842388466603758249592480783914572096716697930,2026-10-01T20:34:24.159066+00:00,yes,,
0.943,0.97,114.82,100.41,283.66,256.05,85748.81,polymarket,80317517693051107855920432450600676347588930329312046985717243790248311724021,2026-10-01T20:34:24.345472+00:00,no,98453302482655365755754134883620842388466603758249592480783914572096716697930,
0.15,0.2,32.0,28.0,132.0,28.0,55.75,kalshi,KXXRPMAXY-XRP-26DEC31-300,2026-10-01T20:34:24.549532+00:00,yes,,132.0
0.071,0.111,41.0,31.93,61.0,71.93,71.93,polymarket,60175835114799931439622839258599029672036461599607782843459740558376415002562,2026-10-01T20:34:24.829676+00:00,yes,,
0.889,0.929,31.93,41.0,71.93,61.0,3161.0,polymarket,27868536015639597138104465865746471570452668476199730964085038711169748148784,2026-10-01T20:34:25.025712+00:00,no,60175835114799931439622839258599029672036461599607782843459740558376415002562,
0.07,0.09,482.8,30.0,685.91,706.0,1126.0,kalshi,KXXRPMAXMON-XRP-26OCT31-220,2026-10-01T20:34:25.219651+00:00,yes,,985.91
0.05,0.06,20.0,1440.0,3211.52,1440.0,1440.0,polymarket,47344964758159770372447704851105156415538139351603437753242794867730641829749,2026-10-01T20:34:25.499740+00:00,yes,,
0.94,0.95,1440.0,20.0,1440.0,3211.52,4211.52,polymarket,36982257007888333689134664294443757675127574253384880046129082629086679196691,2026-10-01T20:34:25.689569+00:00,no,47344964758159770372447704851105156415538139351603437753242794867730641829749,
0.12,0.16,627.2,1500.0,627.2,1620.0,1620.0,kalshi,KXXRPMAXMON-XRP-26OCT31-200,2026-10-01T20:34:25.905443+00:00,yes,,1027.2
0.1,0.12,3000.0,1300.0,3000.0,1318.0,1918.0,polymarket,41807150672032239550477033541031451097075894048747941613625450986894643937985,2026-10-01T20:34:26.202278+00:00,yes,,
0.88,0.9,1300.0,3000.0,1318.0,3000.0,3848.7,polymarket,37195387269218884684755403348427251257652360962642332472068166727294282239652,2026-10-01T20:34:26.395038+00:00,no,41807150672032239550477033541031451097075894048747941613625450986894643937985,
0.29,0.3,200.0,499.0,429.87,499.0,499.0,kalshi,KXXRPMAXMON-XRP-26OCT31-180,2026-10-01T20:34:26.588400+00:00,yes,,434.87
0.26,0.3,10.0,1310.0,3010.0,1350.0,2252.0,polymarket,59058787761400807901390532679567717080046427256722027396709864449652228742276,2026-10-01T20:34:26.880345+00:00,yes,,
0.7,0.74,1310.0,10.0,1350.0,3010.0,4515.0,polymarket,34942317397440269704453641412767510225148329032320886963276929943972415183400,2026-10-01T20:34:27.075338+00:00,no,59058787761400807901390532679567717080046427256722027396709864449652228742276,
0.67,0.7,142.01,500.0,147.01,500.0,500.0,kalshi,KXXRPMAXMON-XRP-26OCT31-160,2026-10-01T20:34:27.267070+00:00,yes,,152.01
0.64,0.73,1305.0,1358.9,1305.0,1471.72,1471.72,polymarket,114605195260478596412479860310296624196738533187453606884069962142242083822633,2026-10-01T20:34:27.570013+00:00,yes,,
0.27,0.36,1358.9,1305.0,1471.72,1305.0,1305.0,polymarket,12680809065491988337874208955670456738043098771807004367911408324823879422712,2026-10-01T20:34:27.748636+00:00,no,114605195260478596412479860310296624196738533187453606884069962142242083822633,
0.54,0.59,2360.17,30.0,2365.17,104.0,254.0,kalshi,KXBTCMINMON-BTC-26OCT31-8000000,2026-10-01T20:34:27.944257+00:00,yes,,2370.17
0.54,0.55,531.0,957.76,26468.0,13032.76,38877.76,polymarket,62976932459367828475383444586075066655037344433248730230369035658374295169513,2026-10-01T20:34:28.237583+00:00,yes,,
0.45,0.46,957.76,531.0,13032.76,26468.0,50352.0,polymarket,69825830761241800433079294426669295677112311926873275841467877807705880827980,2026-10-01T20:34:28.413436+00:00,no,62976932459367828475383444586075066655037344433248730230369035658374295169513,
0.33,0.4,12.07,144.64,17.07,1032.64,4084.62,kalshi,KXBTCMINMON-BTC-26OCT31-7750000,2026-10-01T20:34:28.612716+00:00,yes,,22.07
0.34,0.36,1763.02,746.0,32886.43,32931.0,36161.0,polymarket,48045889863514434791027683165030484591150070525321329143007221367853467755508,2026-10-01T20:34:28.891042+00:00,yes,,
0.64,0.66,746.0,1763.02,32931.0,32886.43,53388.43,polymarket,107296114993852456879225680181902759867747119948269590573492859802799754303155,2026-10-01T20:34:29.066650+00:00,no,48045889863514434791027683165030484591150070525321329143007221367853467755508,
0.24,0.28,236.41,30.0,3926.33,823.38,1064.28,kalshi,KXBTCMINMON-BTC-26OCT31-7500000,2026-10-01T20:34:29.259627+00:00,yes,,3931.33
0.23,0.24,5.0,12276.0,2403.38,32381.0,39423.0,polymarket,65710340847928463620991566082994656002922673891777077235559888767925599088131,2026-10-01T20:34:29.552436+00:00,yes,,
0.76,0.77,12276.0,5.0,32381.0,2403.38,25338.38,polymarket,34913450717134692139134503608237195358004980714821621364139815843727767877427,2026-10-01T20:34:29.729725+00:00,no,65710340847928463620991566082994656002922673891777077235559888767925599088131,
0.15,0.17,660.07,30.0,2675.2,553.35,856.83,kalshi,KXBTCMINMON-BTC-26OCT31-7250000,2026-10-01T20:34:29.926530+00:00,yes,,2680.2
0.13,0.14,18907.0,743.0,46608.0,21451.99,33681.99,polymarket,112081340862783094288531507232939550290094225969740006580351083084588352390635,2026-10-01T20:34:30.210169+00:00,yes,,
0.86,0.87,743.0,18907.0,21451.99,46608.0,50325.0,polymarket,72624341280159472994524480084115312651813992006632059407465419165722353069536,2026-10-01T20:34:30.385259+00:00,no,112081340862783094288531507232939550290094225969740006580351083084588352390635,
0.08,0.1,1158.33,0.6,1158.33,777.16,1817.5,kalshi,KXBTCMINMON-BTC-26OCT31-7000000,2026-10-01T20:34:30.581306+00:00,yes,,1163.33
0.08,0.09,1505.0,784.0,13344.0,32959.0,46412.0,polymarket,61652850125251950698207965617627574223915095535247898006231788162915017870855,2026-10-01T20:34:30.874490+00:00,yes,,
0.91,0.92,784.0,1505.0,32959.0,13344.0,49362.49,polymarket,29664673244174799182114521717774702941585996339705669435041254633816999779157,2026-10-01T20:34:31.053074+00:00,no,61652850125251950698207965617627574223915095535247898006231788162915017870855,
0.06,0.08,1249.9,249.9,4821.25,2805.35,6997.15,kalshi,KXBTCMINMON-BTC-26OCT31-6750000,2026-10-01T20:34:31.248347+00:00,yes,,6821.25
0.06,0.07,8335.75,13021.0,19106.75,33126.0,36486.0,polymarket,110564184572020789808791112779902116039352817949474164083544149647688039119715,2026-10-01T20:34:31.527332+00:00,yes,,
0.93,0.94,13021.0,8335.75,33126.0,19106.75,45202.35,polymarket,113269261137471313167738282914628237554572314588891439732018002934484232128455,2026-10-01T20:34:31.727435+00:00,no,110564184572020789808791112779902116039352817949474164083544149647688039119715,
0.03,0.07,1211.0,254.9,7210.9,2924.39,5256.19,kalshi,KXBTCMINMON-BTC-26OCT31-6500000,2026-10-01T20:34:31.920684+00:00,yes,,8210.9
0.047,0.05,3333.34,5.0,33028.97,20917.0,36287.0,polymarket,31793794072376179132551384818263911726235333701947452088128571114300858276683,2026-10-01T20:34:32.203475+00:00,yes,,
0.95,0.953,5.0,3333.34,20917.0,33028.97,74832.97,polymarket,104508479213332535244802190895249397322927181289512000610908454297036375491175,2026-10-01T20:34:32.388266+00:00,no,31793794072376179132551384818263911726235333701947452088128571114300858276683,
0.04,0.05,920.3,236.9,920.3,2312.17,9843.2,kalshi,KXBTCMINMON-BTC-26OCT31-6250000,2026-10-01T20:34:32.582560+00:00,yes,,4800.3
0.043,0.044,3830.03,459.0,35375.42,33204.86,37034.86,polymarket,44865398269639626482718658062115569114290261223861176267854655725463640094895,2026-10-01T20:34:32.875472+00:00,yes,,
0.956,0.957,459.0,3830.03,33204.86,35375.42,81505.42,polymarket,2889031750228883477684452692050060027959998988496305421466645884321906462970,2026-10-01T20:34:33.069323+00:00,no,44865398269639626482718658062115569114290261223861176267854655725463640094895,
0.05,0.09,2.0,1.86,26.02,1.86,1.86,kalshi,KXSOLMAXY-27JAN01-300,2026-10-01T20:34:33.260179+00:00,yes,,46.02
0.023,0.031,560.31,5.0,640.31,2226.15,2316.32,polymarket,107456113693751845446699553459141275240400233632912701627570495868122391353404,2026-10-01T20:34:33.546079+00:00,yes,,
0.969,0.977,5.0,560.31,2226.15,640.31,184704.91,polymarket,12520689044217242406723388962619629476062214526228233678250180863992662480700,2026-10-01T20:34:33.742275+00:00,no,107456113693751845446699553459141275240400233632912701627570495868122391353404,
0.13,0.37,18.61,3.59,23.59,109.0,552.77,kalshi,KXSOLMAXY-27JAN01-200,2026-10-01T20:34:33.942078+00:00,yes,,101.57
0.1,0.11,563.57,5.0,1673.57,1328.3,1731.3,polymarket,29657900483802754379544004377487179481041228193522261244980235518282996286953,2026-10-01T20:34:34.234629+00:00,yes,,
0.89,0.9,5.0,563.57,1328.3,1673.57,2879.57,polymarket,94464361036661651470424676038310822490170480043753489859320589911940471055419,2026-10-01T20:34:34.430659+00:00,no,29657900483802754379544004377487179481041228193522261244980235518282996286953,
0.22,0.26,20.02,42.12,20.03,70.91,130.83,kalshi,KXSOLMAXY-27JAN01-180,2026-10-01T20:34:34.636285+00:00,yes,,78.65
0.168,0.184,93.92,5.0,398.57,1901.99,1971.99,polymarket,40391149144539591348178556823223213304223571613505107010092930579781588846486,2026-10-01T20:34:34.911832+00:00,yes,,
0.816,0.832,5.0,93.92,1901.99,398.57,1818.57,polymarket,49677759718827721471666878114009321014960693061994857477572343588389655048245,2026-10-01T20:34:35.088524+00:00,no,40391149144539591348178556823223213304223571613505107010092930579781588846486,
0.29,0.36,63.0,31.33,374.0,32.33,72.47,kalshi,KXSOLMAXY-27JAN01-160,2026-10-01T20:34:35.283430+00:00,yes,,375.0
0.3,0.31,577.77,39.1,693.18,198.47,4963.47,polymarket,109330882058614292316023690415034941592701651157216579359290853708015909209656,2026-10-01T20:34:35.584248+00:00,yes,,
0.69,0.7,39.1,577.77,198.47,693.18,1339.18,polymarket,46455726081494909436968684929249230776596467159344773760473853488134687607024,2026-10-01T20:34:35.788561+00:00,no,109330882058614292316023690415034941592701651157216579359290853708015909209656,
0.01,0.02,42375.33,1.0,42375.33,42409.12,54854.7,kalshi,KXBTCMAXY-26DEC31-199999.99,2026-10-01T20:34:35.988532+00:00,yes,,42375.33
0.01,0.011,12465.84,419.13,265951.13,16727.76,20414.25,polymarket,61368943128255287414565270336856615453000675377332178800733742873558311943412,2026-10-01T20:34:36.266911+00:00,yes,,
0.989,0.99,419.13,12465.84,16727.76,265951.13,265951.13,polymarket,96993471854400156408670527613150944443359272190785251193551242374636006072800,2026-10-01T20:34:36.442290+00:00,no,61368943128255287414565270336856615453000675377332178800733742873558311943412,
0.04,0.05,265.0,980.0,4249.75,14048.14,26713.86,kalshi,KXBTCMAXY-26DEC31-149999.99,2026-10-01T20:34:36.636560+00:00,yes,,69899.33
0.032,0.033,7.02,1000.0,27381.31,36379.99,49846.91,polymarket,9408196828451163378822245032645030045707991112669125056198742225498158094445,2026-10-01T20:34:36.928571+00:00,yes,,
0.967,0.968,1000.0,7.02,36379.99,27381.31,89440.86,polymarket,51483905306465811734319720696244063650497726569976526242005911027664652328096,2026-10-01T20:34:37.112823+00:00,no,9408196828451163378822245032645030045707991112669125056198742225498158094445,
0.05,0.07,2000.0,13828.0,2421.6,13828.0,15628.0,kalshi,KXBTCMAXY-26DEC31-139999.99,2026-10-01T20:34:37.306189+00:00,yes,,31543.71
0.036,0.038,215.99,139.85,6425.6,55543.78,63618.78,polymarket,71296910957902084356560391757722633648005498400799774895345285101862220728868,2026-10-01T20:34:37.601371+00:00,yes,,
0.962,0.964,139.85,215.99,55543.78,6425.6,45747.59,polymarket,70543103071492972645151283689391729699226843216132833577173691542490654530110,2026-10-01T20:34:37.780274+00:00,no,71296910957902084356560391757722633648005498400799774895345285101862220728868,
0.06,0.08,200.21,10.0,422.21,11852.84,11862.84,kalshi,KXBTCMAXY-26DEC31-129999.99,2026-10-01T20:34:37.976426+00:00,yes,,6783.21
0.05,0.052,50032.89,5.0,152256.83,84161.17,90110.19,polymarket,106722178102302988256241610384561546855057790384749278490135208236665942286983,2026-10-01T20:34:38.284000+00:00,yes,,
0.948,0.95,5.0,50032.89,84161.17,152256.83,181779.39,polymarket,112640187121872104723655834799934821712465419714201363140089615513884600316497,2026-10-01T20:34:38.479762+00:00,no,106722178102302988256241610384561546855057790384749278490135208236665942286983,
0.11,0.12,2400.49,11.52,2756.53,197.29,6575.06,kalshi,KXBTCMAXY-26DEC31-119999.99,2026-10-01T20:34:38.674890+00:00,yes,,8402.21
0.09,0.1,2900.05,8647.28,5371.68,50327.22,63521.22,polymarket,65965214225073605704712365855887384729237451947822407248598722221769498441791,2026-10-01T20:34:38.950247+00:00,yes,,
0.9,0.91,8647.28,2900.05,50327.22,5371.68,68119.58,polymarket,23087349975908951689849809689657583268158750956541808535385269508170739441669,2026-10-01T20:34:39.150827+00:00,no,65965214225073605704712365855887384729237451947822407248598722221769498441791,
0.22,0.23,1046.66,40.44,1296.18,4147.1,4189.87,kalshi,KXBTCMAXY-26DEC31-109999.99,2026-10-01T20:34:39.347351+00:00,yes,,1638.58
0.16,0.17,871.25,2773.46,16997.42,3332.95,17343.95,polymarket,74843373582432484858627201602003648342208168490128239235522790524493414154441,2026-10-01T20:34:39.628199+00:00,yes,,
0.83,0.84,2773.46,871.25,3332.95,16997.42,47312.59,polymarket,478527591373338225284037593163730441333267754562735300431025557171581810352,2026-10-01T20:34:39.818557+00:00,no,74843373582432484858627201602003648342208168490128239235522790524493414154441,
0.37,0.38,1301.5,43.79,2367.81,318.53,3627.76,kalshi,KXBTCMAXY-26DEC31-99999.99,2026-10-01T20:34:40.013908+00:00,yes,,7360.96
0.36,0.37,2287.0,130.0,9902.44,288.54,15945.54,polymarket,56078938060096976448086754249497300447360333783952000147427828224794011030104,2026-10-01T20:34:40.292937+00:00,yes,,
0.63,0.64,130.0,2287.0,288.54,9902.44,10385.66,polymarket,11291662904897713174667903388388696640643610556195928998276904135282270136756,2026-10-01T20:34:40.488450+00:00,no,56078938060096976448086754249497300447360333783952000147427828224794011030104,
0.06,0.08,3949.35,200.0,4253.81,400.98,400.98,kalshi,KXETHMINY-27JAN01-1250,2026-10-01T20:34:40.692000+00:00,yes,,7233.35
0.05,0.06,440.0,3116.6,369273.53,5294.01,11694.0,polymarket,27649489444549776237545541977549844348288139387147015807064757325433660937185,2026-10-01T20:34:40.979296+00:00,yes,,
0.94,0.95,3116.6,440.0,5294.01,369273.53,373240.53,polymarket,45703704411582499464332374069133096759975115041207788028520907227627254299472,2026-10-01T20:34:41.173258+00:00,no,27649489444549776237545541977549844348288139387147015807064757325433660937185,
0.1,0.11,26.59,81.13,3893.48,800.53,800.53,kalshi,KXETHMINY-27JAN01-1500,2026-10-01T20:34:41.370843+00:00,yes,,4585.24
0.064,0.065,272.0,1516.83,10932.83,1611.83,3099.36,polymarket,101639751789549589765350117072740510018809594718571111931328241076831078702528,2026-10-01T20:34:41.657222+00:00,yes,,
0.935,0.936,1516.83,272.0,1611.83,10932.83,792613.18,polymarket,38508858428676968447825900892305750232615791339175195608011299023691549494960,2026-10-01T20:34:41.850158+00:00,no,101639751789549589765350117072740510018809594718571111931328241076831078702528,
0.04,0.06,5005.51,183.0,5386.49,1309.52,1749.75,kalshi,KXETHMINY-27JAN01-1000,2026-10-01T20:34:42.042922+00:00,yes,,105508.48
0.04,0.05,84077.16,9016.73,96345.25,13128.26,37448.25,polymarket,111461019317477869113562870983413193129710955692959493083133606404494525367686,2026-10-01T20:34:42.333244+00:00,yes,,
0.95,0.96,9016.73,84077.16,13128.26,96345.25,321356.75,polymarket,20508072772404576884266330300293267272741800260494416818259836712249628797288,2026-10-01T20:34:42.527922+00:00,no,111461019317477869113562870983413193129710955692959493083133606404494525367686,
0.59,0.69,440.31,435.31,1190.31,662.31,738.31,kalshi,KXSOLMINMON-SOL-26OCT31-11000,2026-10-01T20:34:42.723944+00:00,yes,,1315.31
0.62,0.67,1300.0,76.0,1300.0,4376.0,4376.0,polymarket,56445307884323893496530237152435636459976231763995940001037415474094180642954,2026-10-01T20:34:43.001759+00:00,yes,,
0.33,0.38,76.0,1300.0,4376.0,1300.0,1300.0,polymarket,40856595621618552781412817671675571251532068376199444237528149745106183156850,2026-10-01T20:34:43.211889+00:00,no,56445307884323893496530237152435636459976231763995940001037415474094180642954,
0.26,0.36,755.71,710.49,755.71,1710.49,1830.49,kalshi,KXSOLMINMON-SOL-26OCT31-10000,2026-10-01T20:34:43.404910+00:00,yes,,760.71
0.27,0.32,1313.06,3000.0,1313.06,7101.0,9902.0,polymarket,17709235986797491431382950653733523784132383766642098600738977963396072393360,2026-10-01T20:34:43.693990+00:00,yes,,
0.68,0.73,3000.0,1313.06,7101.0,1313.06,4100.06,polymarket,114567425847736396588026069713366352122012705006353194917011684147062953497589,2026-10-01T20:34:43.880482+00:00,no,17709235986797491431382950653733523784132383766642098600738977963396072393360,
0.08,0.17,2113.2,2808.0,2113.2,2808.0,2928.0,kalshi,KXSOLMINMON-SOL-26OCT31-9000,2026-10-01T20:34:44.084415+00:00,yes,,2493.2
0.08,0.13,87.0,1300.0,1387.0,4300.0,4300.0,polymarket,92788672402118996175068701119980519193846755150884517688902549157411772536189,2026-10-01T20:34:44.359379+00:00,yes,,
0.87,0.92,1300.0,87.0,4300.0,1387.0,4607.0,polymarket,98643715970523023515627014250039911270581343494898916061019108512918433922355,2026-10-01T20:34:44.535869+00:00,no,92788672402118996175068701119980519193846755150884517688902549157411772536189,
0.02,0.08,1331.0,1000.0,10836.0,1120.0,2120.0,kalshi,KXSOLMINMON-SOL-26OCT31-8000,2026-10-01T20:34:44.727346+00:00,yes,,10836.0
0.012,0.045,83.34,1300.0,5253.66,1343.12,6675.12,polymarket,84807785274194437945906728080516137208389364570733356643013021533424363449893,2026-10-01T20:34:45.003454+00:00,yes,,
0.955,0.988,1300.0,83.34,1343.12,5253.66,9802.26,polymarket,105773269277379109315089374858024478804145425033863735901708506352124611169080,2026-10-01T20:34:45.181603+00:00,no,84807785274194437945906728080516137208389364570733356643013021533424363449893,
0.05,0.24,101.0,17.64,101.0,117.64,118.64,kalshi,KXSOLMINY-SOL-26DEC31-7000,2026-10-01T20:34:45.375637+00:00,yes,,102.0
0.11,0.15,10.0,5.0,3010.0,20.0,2122.62,polymarket,63559053538741431098207271263016094415597625013068001020979700026910743490836,2026-10-01T20:34:45.672754+00:00,yes,,
0.85,0.89,5.0,10.0,20.0,3010.0,3681.0,polymarket,47524255669243977611374855139885692928553924467621295590327553956601889932937,2026-10-01T20:34:45.857854+00:00,no,63559053538741431098207271263016094415597625013068001020979700026910743490836,
0.01,0.11,1402.86,600.0,1402.86,600.0,600.0,kalshi,KXSOLMINY-SOL-26DEC31-4000,2026-10-01T20:34:46.054501+00:00,yes,,1402.86
0.037,0.04,683.64,6.86,5117.82,2196.86,2271.31,polymarket,60939283599971443205863441964389237273348599405730669904573366241715938687248,2026-10-01T20:34:46.359411+00:00,yes,,
0.96,0.963,6.86,683.64,2196.86,5117.82,31410.96,polymarket,71290936611520034093626014449265441350381106650836604316273511063866041375457,2026-10-01T20:34:46.554770+00:00,no,60939283599971443205863441964389237273348599405730669904573366241715938687248,
0.01,0.03,2005.0,154.0,2005.0,3249.0,5744.0,kalshi,KXETHMAXMON-ETH-26OCT31-450000,2026-10-01T20:34:46.746429+00:00,yes,,2005.0
0.005,0.008,9611.06,1095.0,115491.06,52128.35,63138.35,polymarket,91823593751589774721410728551123886840206767999292087386201922851710609408971,2026-10-01T20:34:47.026990+00:00,yes,,
0.992,0.995,1095.0,9611.06,52128.35,115491.06,115491.06,polymarket,91660329364029269158833219509973840944701738744110133449168506160337010543553,2026-10-01T20:34:47.232138+00:00,no,91823593751589774721410728551123886840206767999292087386201922851710609408971,
0.09,0.1,786.0,525.0,1376.37,550.0,1379.63,kalshi,KXETHMAXMON-ETH-26OCT31-350000,2026-10-01T20:34:47.428427+00:00,yes,,1464.37
0.065,0.066,30.0,495.0,1664.0,27445.0,28910.0,polymarket,28991287325870050372190509590836891410462334755071722874663958786337947947700,2026-10-01T20:34:47.706792+00:00,yes,,
0.934,0.935,495.0,30.0,27445.0,1664.0,35418.99,polymarket,67265655061191942545144994594370733581794835876650453069476637104139217309231,2026-10-01T20:34:47.899477+00:00,no,28991287325870050372190509590836891410462334755071722874663958786337947947700,
0.42,0.44,55.0,30.0,55.0,725.0,1237.46,kalshi,KXETHMAXMON-ETH-26OCT31-300000,2026-10-01T20:34:48.094674+00:00,yes,,60.0
0.39,0.4,3005.0,7295.0,23140.0,7300.0,8609.0,polymarket,17706823263441590914557183278816891450251575643248106418922526300598367626289,2026-10-01T20:34:48.391132+00:00,yes,,
0.6,0.61,7295.0,3005.0,7300.0,23140.0,27905.0,polymarket,19604986239684470908065105157351642610903148465670467533420652184556280130256,2026-10-01T20:34:48.591493+00:00,no,17706823263441590914557183278816891450251575643248106418922526300598367626289,
0.1,0.49,200.0,250.0,200.0,329.1,329.1,kalshi,KXALBUMRELEASE-26-RIH,2026-10-01T20:34:48.785812+00:00,yes,,200.0
0.06,0.1,21.0,16.4,82.31,87.4,147.53,polymarket,68407245983392836969924042565767686053748721311080576767933165488094611677276,2026-10-01T20:34:49.065833+00:00,yes,,
0.9,0.94,16.4,21.0,87.4,82.31,953.51,polymarket,100038783553875758856983294897364788062270070698982618974154050977750540037743,2026-10-01T20:34:49.257784+00:00,no,68407245983392836969924042565767686053748721311080576767933165488094611677276,
0.23,0.4,279.0,20.0,379.0,20.0,20.0,kalshi,KXALBUMRELEASE-26-KEN,2026-10-01T20:34:49.464523+00:00,yes,,379.0
0.35,0.36,256.62,60.0,271.62,92.4,491.29,polymarket,90633861759372555740852149703875448376258793985771040949818672067551420508000,2026-10-01T20:34:49.762948+00:00,yes,,
0.64,0.65,60.0,256.62,92.4,271.62,405.24,polymarket,109402847075169198827690185416675749060112049997655558234430477455240433031189,2026-10-01T20:34:49.954551+00:00,no,90633861759372555740852149703875448376258793985771040949818672067551420508000,
0.35,0.45,250.0,13.78,350.0,13.78,13.78,kalshi,KXALBUMRELEASE-26-LAN,2026-10-01T20:34:50.148530+00:00,yes,,492.0
0.47,0.48,363.51,363.51,474.51,495.91,555.91,polymarket,36059578813532330542563536537442057270140188776628011512570728768051482293732,2026-10-01T20:34:50.423762+00:00,yes,,
0.52,0.53,363.51,363.51,495.91,474.51,625.46,polymarket,35554784502907497536820215150073298030242918411428754471653937309602437166460,2026-10-01T20:34:50.616733+00:00,no,36059578813532330542563536537442057270140188776628011512570728768051482293732,
0.23,0.74,200.0,500.0,200.0,506.21,506.21,kalshi,KXALBUMRELEASE-26-SAB,2026-10-01T20:34:50.809679+00:00,yes,,200.0
0.22,0.23,339.75,339.75,359.75,359.75,379.75,polymarket,1187347430800231076141381546185422323198658666785623758599595328882074297301,2026-10-01T20:34:51.092402+00:00,yes,,
0.77,0.78,339.75,339.75,359.75,359.75,379.75,polymarket,60990321050312298390264516123767949526953743809289824516507248386608309367043,2026-10-01T20:34:51.278702+00:00,no,1187347430800231076141381546185422323198658666785623758599595328882074297301,
0.01,0.03,1183.25,81.32,1183.25,346.67,1676.19,kalshi,KXTIME-26-TS,2026-10-01T20:34:51.474560+00:00,yes,,1183.25
0.019,0.06,25.41,61.0,72.21,1927.0,1977.0,polymarket,4123149736118864694566230758163571517520946389210330950664168360590565059249,2026-10-01T20:34:51.751847+00:00,yes,,
0.94,0.981,61.0,25.41,1927.0,72.21,17206.33,polymarket,86722672886488891236625211440339711539485151218557543737719778041662018073249,2026-10-01T20:34:51.928474+00:00,no,4123149736118864694566230758163571517520946389210330950664168360590565059249,
0.09,0.1,56.67,31070.54,978.92,31090.54,31812.54,kalshi,KXTIME-26-DT,2026-10-01T20:34:52.124443+00:00,yes,,985.43
0.1,0.11,100.21,499.27,401.21,684.82,1287.93,polymarket,55660108007606265786043981619562704583897999652265582673499371383418897683387,2026-10-01T20:34:52.402008+00:00,yes,,
0.89,0.9,499.27,100.21,684.82,401.21,1756.61,polymarket,48718143209624693256819602231099408338723531923132662349159259974089875524537,2026-10-01T20:34:52.587549+00:00,no,55660108007606265786043981619562704583897999652265582673499371383418897683387,
0.06,0.07,200.0,642.58,738.69,642.58,912.58,kalshi,KXTIME-26-SA,2026-10-01T20:34:52.788318+00:00,yes,,3485.88
0.019,0.056,100.69,444.0,829.15,1770.0,1770.0,polymarket,91195573269222885139319238736030855111206053072927457343337731770808533820424,2026-10-01T20:34:53.072185+00:00,yes,,
0.944,0.981,444.0,100.69,1770.0,829.15,9783.52,polymarket,45651345344142649841430162181092891967488050486162596482613977017412609088883,2026-10-01T20:34:53.249506+00:00,no,91195573269222885139319238736030855111206053072927457343337731770808533820424,
0.03,0.05,413.88,526.29,2011.01,545.64,1191.99,kalshi,KXTIME-26-GPT,2026-10-01T20:34:53.444896+00:00,yes,,4502.01
0.017,0.059,55.76,11.57,587.44,1142.56,4826.56,polymarket,78815940021045606641440422428300777753054439603144468994915704317778192677336,2026-10-01T20:34:53.728320+00:00,yes,,
0.941,0.983,11.57,55.76,1142.56,587.44,9439.85,polymarket,22076556895864251825445230615432784251365295047008338599447913775221108528802,2026-10-01T20:34:53.923780+00:00,no,78815940021045606641440422428300777753054439603144468994915704317778192677336,
0.02,0.03,208.0,812.82,318.0,812.82,1462.82,kalshi,KXTIME-26-JP,2026-10-01T20:34:54.117325+00:00,yes,,318.0
0.008,0.05,150.0,7.9,56624.35,53.0,60.8,polymarket,79318443007323814887195500370242534687162014170584305007006859210229821236100,2026-10-01T20:34:54.418500+00:00,yes,,
0.95,0.992,7.9,150.0,53.0,56624.35,56624.35,polymarket,4917727600977017653784321604136931411383144252055902733301510335200577014453,2026-10-01T20:34:54.611192+00:00,no,79318443007323814887195500370242534687162014170584305007006859210229821236100,
0.26,0.27,403.11,1000.69,1666.95,6515.46,20627.05,kalshi,KXTIME-26-ZOH,2026-10-01T20:34:54.817665+00:00,yes,,8742.98
0.3,0.31,1092.33,383.0,3531.77,877.48,1401.41,polymarket,75219721190829533004296881569889865263645607082195400521306397405990606723860,2026-10-01T20:34:55.104742+00:00,yes,,
0.69,0.7,383.0,1092.33,877.48,3531.77,4316.94,polymarket,114169068717289116554861249264824916099637224786297311464587351996474994462411,2026-10-01T20:34:55.297733+00:00,no,75219721190829533004296881569889865263645607082195400521306397405990606723860,
0.1,0.11,11.0,6432.57,239.62,7059.57,7109.57,kalshi,KXTIME-26-POP,2026-10-01T20:34:55.499714+00:00,yes,,912.85
0.1,0.13,41.0,205.51,207.01,391.31,432.31,polymarket,93547204301728188493186073729566863961255963880889581557252027015925549390518,2026-10-01T20:34:55.792214+00:00,yes,,
0.87,0.9,205.51,41.0,391.31,207.01,661.24,polymarket,95303672580215270288772409575952564223736310435417524375146690450384551256383,2026-10-01T20:34:55.996668+00:00,no,93547204301728188493186073729566863961255963880889581557252027015925549390518,
0.06,0.09,1827.01,1412.61,3965.0,1412.61,2156.39,kalshi,KXTIME-26-DAR,2026-10-01T20:34:56.189810+00:00,yes,,10631.0
0.069,0.085,84.48,21.0,414.48,824.97,1570.97,polymarket,55324856138639668378123269728786302535994859173020263965580593909204298656516,2026-10-01T20:34:56.492491+00:00,yes,,
0.915,0.931,21.0,84.48,824.97,414.48,935.39,polymarket,23290231001956224045200722936263539744197541041811570296625986343049561705983,2026-10-01T20:34:56.688605+00:00,no,55324856138639668378123269728786302535994859173020263965580593909204298656516,
0.03,0.04,339.65,1234.0,539.65,1234.0,1452.0,kalshi,KXTIME-26-SHE,2026-10-01T20:34:56.887959+00:00,yes,,689.65
0.031,0.075,21.0,110.0,41.3,1622.0,1672.0,polymarket,20710961152362241880774442976502891078724213888530081154312839354174397302350,2026-10-01T20:34:57.179887+00:00,yes,,
0.925,0.969,110.0,21.0,1622.0,41.3,7863.23,polymarket,14704364337221156454384409567424396003915390765729895004695230356621961826440,2026-10-01T20:34:57.357170+00:00,no,20710961152362241880774442976502891078724213888530081154312839354174397302350,
0.04,0.07,454.38,206.0,3572.38,206.0,1221.97,kalshi,KXTIME-26-REI,2026-10-01T20:34:57.552954+00:00,yes,,58423.38
0.025,0.087,27.42,90.0,83.32,90.0,90.0,polymarket,98727053670810188490443574758442026915055539356758025977721425782935482884614,2026-10-01T20:34:57.833607+00:00,yes,,
0.913,0.975,90.0,27.42,90.0,83.32,1351.82,polymarket,66857329199905570465368559658210223760264798803480282496856484065441495906273,2026-10-01T20:34:58.028512+00:00,no,98727053670810188490443574758442026915055539356758025977721425782935482884614,
0.04,0.06,200.0,1032.01,229.2,1254.01,1504.01,kalshi,KXTIME-26-VIC,2026-10-01T20:34:58.222393+00:00,yes,,51369.34
0.033,0.094,92.0,985.0,168.58,1357.79,1427.89,polymarket,75367588828315360472160079256172432293386038873034820850918099354645625473,2026-10-01T20:34:58.513430+00:00,yes,,
0.906,0.967,985.0,92.0,1357.79,168.58,374.32,polymarket,46184468207884350472956586001359096407499319668760213167805292046622472002579,2026-10-01T20:34:58.705776+00:00,no,75367588828315360472160079256172432293386038873034820850918099354645625473,
0.04,0.06,200.0,25.37,682.47,764.25,1769.29,kalshi,KXTIME-26-CHR,2026-10-01T20:34:58.903358+00:00,yes,,42429.91
0.014,0.093,13.03,40.0,1719.21,269.0,344.0,polymarket,93008287820878887200712974821467347075999656260599302238263917376369194140081,2026-10-01T20:34:59.191824+00:00,yes,,
0.907,0.986,40.0,13.03,269.0,1719.21,2670.85,polymarket,43197213575674787383457636199274579984112063043708191143956605313875821141009,2026-10-01T20:34:59.387612+00:00,no,93008287820878887200712974821467347075999656260599302238263917376369194140081,
0.02,0.03,756.94,728.0,24156.94,871.0,1673.96,kalshi,KXTIME-26-MAR,2026-10-01T20:34:59.590185+00:00,yes,,24156.94
0.022,0.046,10.0,60.0,300.84,139.39,139.39,polymarket,80715501435278800376538251697430664442452728911302405234327845338824540021870,2026-10-01T20:34:59.867410+00:00,yes,,
0.954,0.978,60.0,10.0,139.39,300.84,10922.15,polymarket,34549773038979064901724285499914776654132933909773184675996537142779268108127,2026-10-01T20:35:00.049627+00:00,no,80715501435278800376538251697430664442452728911302405234327845338824540021870,
0.05,0.06,967.2,8.48,1025.79,694.38,2384.38,kalshi,KXTIME-26-JAM,2026-10-01T20:35:00.244877+00:00,yes,,1875.82
0.02,0.024,4993.82,13.82,5313.82,13.82,13.82,polymarket,11851956469848634980207520526898346338982459773540369636173629205859966642440,2026-10-01T20:35:00.527843+00:00,yes,,
0.976,0.98,13.82,4993.82,13.82,5313.82,5950.48,polymarket,111597729371760155208100172414381200777957149730404680620365117456232056799422,2026-10-01T20:35:00.709713+00:00,no,11851956469848634980207520526898346338982459773540369636173629205859966642440,
0.02,0.03,1200.0,1043.88,1205.38,1043.88,1893.88,kalshi,KXTIME-26-PET,2026-10-01T20:35:00.902347+00:00,yes,,1205.38
0.017,0.057,190.84,237.0,637.28,1253.0,1303.0,polymarket,25355603116220024644264183514305246858377103748103450198992774898439760029079,2026-10-01T20:35:01.182789+00:00,yes,,
0.943,0.983,237.0,190.84,1253.0,637.28,8870.43,polymarket,67392743246932090054055091435881058742145119546356906698459155187690439651572,2026-10-01T20:35:01.360018+00:00,no,25355603116220024644264183514305246858377103748103450198992774898439760029079,
0.04,0.05,81.0,1140.95,394.0,1686.95,1942.95,kalshi,KXTIME-26-MOH,2026-10-01T20:35:01.553658+00:00,yes,,780.0
0.032,0.042,45.02,10.0,1802.02,2682.82,2957.82,polymarket,19529461727473340015632106766376024119061265189139390324721125014506108674892,2026-10-01T20:35:01.834480+00:00,yes,,
0.958,0.968,10.0,45.02,2682.82,1802.02,8044.48,polymarket,36907940124880352863825757054347831984792202604070891338546580060775045647937,2026-10-01T20:35:02.019359+00:00,no,19529461727473340015632106766376024119061265189139390324721125014506108674892,
0.04,0.05,201.56,125.0,700.54,173.05,3172.24,kalshi,KXTIME-26-MOJ,2026-10-01T20:35:02.211546+00:00,yes,,812.19
0.02,0.067,560.38,5.38,575.89,455.99,455.99,polymarket,7447086616240009244549196791097257101387909390912150910213412713825696964252,2026-10-01T20:35:02.492495+00:00,yes,,
0.933,0.98,5.38,560.38,455.99,575.89,1630.1,polymarket,92734265292111875646458067666716481102231137548547498048817600905913833180134,2026-10-01T20:35:02.692937+00:00,no,7447086616240009244549196791097257101387909390912150910213412713825696964252,
0.2,0.22,39.34,1164.01,239.34,3463.41,10684.6,kalshi,KXTIME-26-MARK,2026-10-01T20:35:02.887696+00:00,yes,,318.81
0.21,0.22,215.06,214.92,326.96,377.48,2173.56,polymarket,19801257871010915928461715426701726678695986988088749487395531360119171753647,2026-10-01T20:35:03.181795+00:00,yes,,
0.78,0.79,214.92,215.06,377.48,326.96,1434.73,polymarket,53391694501701903402193426226407123831418161452850630232271922772235303076714,2026-10-01T20:35:03.360842+00:00,no,19801257871010915928461715426701726678695986988088749487395531360119171753647,
0.83,0.92,200.0,203.0,200.0,203.0,211.0,kalshi,KXTOPALBUMSPOTIFY-26-BAD,2026-10-01T20:35:03.556379+00:00,yes,,200.0
0.89,0.9,701.42,2139.6,1181.05,3409.6,5982.27,polymarket,25220100596185851028567635190748284279545392897649574634975674224643594816097,2026-10-01T20:35:03.863360+00:00,yes,,
0.1,0.11,2139.6,701.42,3409.6,1181.05,1553.03,polymarket,15132325066291744004713450164712088340335338572260369166331084754310655809961,2026-10-01T20:35:04.049998+00:00,no,25220100596185851028567635190748284279545392897649574634975674224643594816097,
0.09,0.12,30.0,1.0,130.0,8.42,383.86,kalshi,KXSEXYMAN-26-BAD,2026-10-01T20:35:04.250787+00:00,yes,,376.07
0.06,0.11,52.32,46.66,117.26,46.66,46.66,polymarket,31852593636801991200086898906828499880658531575792109649084400623596845659364,2026-10-01T20:35:04.549893+00:00,yes,,
0.89,0.94,46.66,52.32,46.66,117.26,144.75,polymarket,57084003340122118111944938024355642025085437545661556516334711333849714594593,2026-10-01T20:35:04.734225+00:00,no,31852593636801991200086898906828499880658531575792109649084400623596845659364,
0.06,0.1,5.0,5.0,220.0,578.0,1283.0,kalshi,KXRANKLISTGOOGLESEARCHTOP5-26DEC-DON,2026-10-01T20:35:04.929742+00:00,yes,,795.0
0.09,0.11,253.65,244.55,963.65,640.55,1735.55,polymarket,19302538567606598791946363427403624794117988527436123311713209665010988362684,2026-10-01T20:35:05.224023+00:00,yes,,
0.89,0.91,244.55,253.65,640.55,963.65,1049.63,polymarket,45152169679306051675528784291868429737754061086313222901496769389415763636206,2026-10-01T20:35:05.406953+00:00,no,19302538567606598791946363427403624794117988527436123311713209665010988362684,
0.44,0.45,360.14,91.97,360.14,91.97,91.97,kalshi,KXRANKLISTGOOGLESEARCHTOP5-26DEC-BAD,2026-10-01T20:35:05.599873+00:00,yes,,360.14
0.38,0.4,32.78,232.21,252.78,449.46,1161.79,polymarket,114688188808045687221868226759845020757945838218994207466606303218761773349498,2026-10-01T20:35:05.923749+00:00,yes,,
0.6,0.62,232.21,32.78,449.46,252.78,443.66,polymarket,26469496211408362856903612383565393426007760442702603951756075624735702340888,2026-10-01T20:35:06.108040+00:00,no,114688188808045687221868226759845020757945838218994207466606303218761773349498,
0.23,0.26,30.0,49.49,230.0,49.49,49.49,kalshi,KXRANKLISTGOOGLESEARCHTOP5-26DEC-NICO,2026-10-01T20:35:06.304038+00:00,yes,,230.0
0.3,0.54,6.66,170.88,6.66,190.88,190.88,polymarket,54150514860306311782084435397910507654244936941693378336013788527840876797073,2026-10-01T20:35:06.582991+00:00,yes,,
0.46,0.7,170.88,6.66,190.88,6.66,116.75,polymarket,25754297995505446802103003274426298575238047277582576657577568399835546388517,2026-10-01T20:35:06.763872+00:00,no,54150514860306311782084435397910507654244936941693378336013788527840876797073,
0.5,0.53,164.83,214.26,164.83,617.26,617.26,kalshi,KXRANKLISTGOOGLESEARCHTOP5-26DEC-ERL,2026-10-01T20:35:06.958417+00:00,yes,,764.83
0.52,0.54,233.36,160.0,253.36,192.0,292.0,polymarket,30092806564231685579391445519454433672339053951875889173589008392546684243657,2026-10-01T20:35:07.252232+00:00,yes,,
0.46,0.48,160.0,233.36,192.0,253.36,253.36,polymarket,4046714101529994735483769132998855092303102871991594875071423210425114571222,2026-10-01T20:35:07.430262+00:00,no,30092806564231685579391445519454433672339053951875889173589008392546684243657,
0.29,0.52,5.0,5.0,15.0,509.0,509.0,kalshi,KXRANKLISTGOOGLESEARCHTOP5-26-LIN,2026-10-01T20:35:07.623247+00:00,yes,,137.32
0.59,0.61,271.0,32.35,271.0,52.35,72.35,polymarket,32522742101340653792731068174468712584905340565583833835742068373274309296797,2026-10-01T20:35:07.910358+00:00,yes,,
0.39,0.41,32.35,271.0,52.35,271.0,271.0,polymarket,66841063369387139354117178886702859859587488444084648235189096287253537969083,2026-10-01T20:35:08.096391+00:00,no,32522742101340653792731068174468712584905340565583833835742068373274309296797,
0.21,0.43,18.0,2026.58,18.0,2026.58,2026.58,kalshi,KXFEATURE-26GTA6-KEN,2026-10-01T20:35:08.290679+00:00,yes,,18.0
0.26,0.27,197.44,237.44,562.22,659.81,858.11,polymarket,51756651129063286836478056810964393647279938649695891397322968393705394468398,2026-10-01T20:35:08.574205+00:00,yes,,
0.73,0.74,237.44,197.44,659.81,562.22,607.22,polymarket,67128751468483556229832759208366883546322755534707299877343488487587068231726,2026-10-01T20:35:08.752731+00:00,no,51756651129063286836478056810964393647279938649695891397322968393705394468398,
0.1,0.11,3632.7,14064.71,4184.6,15749.72,19999.72,kalshi,KXDANCINGWITHTHESTARS-26DEC31-JDEW,2026-10-01T20:35:08.947062+00:00,yes,,4272.26
0.11,0.12,1881.1,1855.14,2926.1,2758.14,3121.07,polymarket,24056442946863066082853025312633281548432184148051382574057358623013506961764,2026-10-01T20:35:09.238982+00:00,yes,,
0.88,0.89,1855.14,1881.1,2758.14,2926.1,4996.09,polymarket,7905937172004896287030253385177186992962175321233359200129590756885796494183,2026-10-01T20:35:09.428897+00:00,no,24056442946863066082853025312633281548432184148051382574057358623013506961764,
0.45,0.46,1263.69,1216.59,2289.19,1460.76,2213.35,kalshi,KXDANCINGWITHTHESTARS-26DEC31-EFRE,2026-10-01T20:35:09.628518+00:00,yes,,2289.19
0.45,0.46,1721.14,1947.14,4528.8,3473.69,4771.16,polymarket,27655427333696032650642694463650923031195279558056605394593015148420087142616,2026-10-01T20:35:09.929910+00:00,yes,,
0.54,0.55,1947.14,1721.14,3473.69,4528.8,5116.27,polymarket,7053260496655950539683818615256245184282394781228965233006736332778665349920,2026-10-01T20:35:10.122540+00:00,no,27655427333696032650642694463650923031195279558056605394593015148420087142616,
0.13,0.14,1340.3,10806.34,2344.3,10906.34,13657.17,kalshi,KXDANCINGWITHTHESTARS-26DEC31-AGLE,2026-10-01T20:35:10.316445+00:00,yes,,4144.3
0.13,0.14,734.72,342.0,834.72,450.0,2350.75,polymarket,97877480261684094627470872701385477771870336725202297465631095558632175903427,2026-10-01T20:35:10.598627+00:00,yes,,
0.86,0.87,342.0,734.72,450.0,834.72,834.72,polymarket,71975397658468083931381867742925008547784783917081567436511462223451527999296,2026-10-01T20:35:10.787332+00:00,no,97877480261684094627470872701385477771870336725202297465631095558632175903427,
0.02,0.03,6222.2,25655.83,8369.2,29635.02,30914.08,kalshi,KXDANCINGWITHTHESTARS-26DEC31-CWOO,2026-10-01T20:35:10.982886+00:00,yes,,8369.2
0.007,0.049,143.15,7.87,491.84,24.99,108.99,polymarket,72540658670905172181341624659603024114375634670959021587083307460196760506860,2026-10-01T20:35:11.299751+00:00,yes,,
0.951,0.993,7.87,143.15,24.99,491.84,491.84,polymarket,60706741577560512645099739605958688077438726657376753390248399670875058382324,2026-10-01T20:35:11.496423+00:00,no,72540658670905172181341624659603024114375634670959021587083307460196760506860,
0.09,0.1,5966.83,4814.21,6541.93,7440.4,14725.49,kalshi,KXDANCINGWITHTHESTARS-26DEC31-HSHU,2026-10-01T20:35:11.689823+00:00,yes,,7227.93
0.09,0.11,220.0,120.0,1199.75,984.22,1134.22,polymarket,112920461345949814353255975219984007102101347372263250273463681181342517591304,2026-10-01T20:35:11.973086+00:00,yes,,
0.89,0.91,120.0,220.0,984.22,1199.75,1708.3,polymarket,94070374966256059770403330463909846362705837469607861339551571698426677436199,2026-10-01T20:35:12.157018+00:00,no,112920461345949814353255975219984007102101347372263250273463681181342517591304,
0.02,0.03,38544.56,26653.17,44645.41,26653.17,28653.17,kalshi,KXDANCINGWITHTHESTARS-26DEC31-GROD,2026-10-01T20:35:12.351555+00:00,yes,,44645.41
0.005,0.054,45.4,103.0,686.32,103.0,403.0,polymarket,115499407508668664348044588493084458060597867099815915391386228662721866736162,2026-10-01T20:35:12.642592+00:00,yes,,
0.946,0.995,103.0,45.4,103.0,686.32,686.32,polymarket,17177857969457108615985970208378890321933327326356819366481827969920524478574,2026-10-01T20:35:12.825806+00:00,no,115499407508668664348044588493084458060597867099815915391386228662721866736162,
0.12,0.13,2071.7,13130.0,3071.7,14341.0,15456.54,kalshi,KXDANCINGWITHTHESTARS-26DEC31-MHIG,2026-10-01T20:35:13.029298+00:00,yes,,3081.7
0.12,0.13,650.54,25.14,800.54,380.14,1435.14,polymarket,66098501642786767104392043935317279793946246986981371544469439928517283542755,2026-10-01T20:35:13.328550+00:00,yes,,
0.87,0.88,25.14,650.54,380.14,800.54,2620.08,polymarket,113950830436912686990544093422404285425094679828585059759126652631840222067393,2026-10-01T20:35:13.504811+00:00,no,66098501642786767104392043935317279793946246986981371544469439928517283542755,
0.01,0.02,12285.0,27090.8,12285.0,32487.86,32621.13,kalshi,KXDANCINGWITHTHESTARS-26DEC31-JOLS,2026-10-01T20:35:13.697434+00:00,yes,,12285.0
0.006,0.055,8.29,158.94,437.45,158.94,235.13,polymarket,10890348502425643176428983423297741320409956036782369716079420882445190183342,2026-10-01T20:35:13.995775+00:00,yes,,
0.945,0.994,158.94,8.29,158.94,437.45,437.45,polymarket,36906719469848127396665440519530775929995747757402907522980866578688243166579,2026-10-01T20:35:14.187053+00:00,no,10890348502425643176428983423297741320409956036782369716079420882445190183342,
0.36,0.37,4884.68,7086.9,5624.72,8723.9,10182.26,kalshi,KXBIGBROTHER-26DEC31-DRE,2026-10-01T20:35:14.383791+00:00,yes,,6404.72
0.351,0.382,145.96,158.0,771.96,683.9,4597.68,polymarket,51248088021157436758450787451011780631833982148823104918117523968483745594202,2026-10-01T20:35:14.658777+00:00,yes,,
0.618,0.649,158.0,145.96,683.9,771.96,2283.96,polymarket,13287382453453594905579301717376998826469623657582075897044840783076174008735,2026-10-01T20:35:14.838959+00:00,no,51248088021157436758450787451011780631833982148823104918117523968483745594202,
0.16,0.17,177.17,4042.36,620.17,4764.71,5765.71,kalshi,KXBIGBROTHER-26DEC31-TAY,2026-10-01T20:35:15.034015+00:00,yes,,1191.17
0.14,0.141,386.87,131.61,436.87,181.61,381.61,polymarket,96953366696817951102930866569588080133972978959705140002176056107675587296391,2026-10-01T20:35:15.342891+00:00,yes,,
0.859,0.86,131.61,386.87,181.61,436.87,1136.32,polymarket,2409567084071144640321599432096098394557833089308807869006657852134122727601,2026-10-01T20:35:15.523329+00:00,no,96953366696817951102930866569588080133972978959705140002176056107675587296391,
0.49,0.5,21.79,636.0,1716.79,1185.45,1592.45,kalshi,KXBIGBROTHER-26DEC31-RIC,2026-10-01T20:35:15.720798+00:00,yes,,3193.26
0.468,0.485,29.9,17.0,282.9,266.58,654.9,polymarket,25320167385794782138980224015847904344553212040671323481469433356098629134324,2026-10-01T20:35:16.007680+00:00,yes,,
0.515,0.532,17.0,29.9,266.58,282.9,1882.9,polymarket,16595625688948334839048073190670492993337002825602592042922775645748506953495,2026-10-01T20:35:16.198866+00:00,no,25320167385794782138980224015847904344553212040671323481469433356098629134324,
0.02,0.07,850.65,6.0,900.65,41.4,141.4,kalshi,KXNETFLIXRANKSHOWRUNNERUP-26OCT05-WON,2026-10-01T20:35:16.394483+00:00,yes,,900.65
0.02,0.1,7.33,11.0,424.06,111.0,111.0,polymarket,83074232547563297652504203573563499046269842662196676051325001148786098963292,2026-10-01T20:35:16.675617+00:00,yes,,
0.9,0.98,11.0,7.33,111.0,424.06,424.06,polymarket,99842749733636127642720537545322489173856949348201726334338181397485473011397,2026-10-01T20:35:16.853241+00:00,no,83074232547563297652504203573563499046269842662196676051325001148786098963292,
0.01,0.09,200.0,124.0,200.0,235.0,359.0,kalshi,KXNETFLIXRANKSHOWGLOBAL2-26OCT05-WON,2026-10-01T20:35:17.048342+00:00,yes,,200.0
0.02,0.12,5.0,250.0,27.39,490.0,490.0,polymarket,82587341124620666872389573961564970434257296069474689669305956158086319842467,2026-10-01T20:35:17.343572+00:00,yes,,
0.88,0.98,250.0,5.0,490.0,27.39,27.39,polymarket,22088032315667960900338439964563485179190740672292138042254055774598229904621,2026-10-01T20:35:17.539618+00:00,no,82587341124620666872389573961564970434257296069474689669305956158086319842467,
0.09,0.15,29.0,23.9,29.0,35.9,164.9,kalshi,KXNETFLIXRANKMOVIERUNNERUP-26OCT05-UNA,2026-10-01T20:35:17.732836+00:00,yes,,229.0
0.04,0.49,500.0,1000.0,929.0,1020.0,1020.0,polymarket,84977871239203903579106995006354204008809692641829453441867010546082714050696,2026-10-01T20:35:18.014316+00:00,yes,,
0.51,0.96,1000.0,500.0,1020.0,929.0,1347.82,polymarket,46580440972591251701773308022749592383917296599367040634906997087738099650945,2026-10-01T20:35:18.193339+00:00,no,84977871239203903579106995006354204008809692641829453441867010546082714050696,
0.02,0.06,146.0,14.93,196.0,214.93,251.44,kalshi,KXNETFLIXRANKMOVIERUNNERUP-26OCT05-THEB,2026-10-01T20:35:18.386957+00:00,yes,,196.0
0.02,0.09,8.25,264.0,425.94,264.0,264.0,polymarket,104872628554189069877669382734827407378967300699554589844774038247858929105966,2026-10-01T20:35:18.680197+00:00,yes,,
0.91,0.98,264.0,8.25,264.0,425.94,425.94,polymarket,94686966778427499190288002276677841064053363421110909468110191741949306799215,2026-10-01T20:35:18.880703+00:00,no,104872628554189069877669382734827407378967300699554589844774038247858929105966,
0.94,0.97,12.0,200.81,12.0,300.81,1310.81,kalshi,KXNETFLIXRANKMOVIEGLOBAL-26OCT05-UNA,2026-10-01T20:35:19.072764+00:00,yes,,12.0
0.95,0.98,15.0,168.0,115.0,225.55,4908.3,polymarket,64052606524674386496233526292721219762503181693732653684553026050095952314041,2026-10-01T20:35:19.371285+00:00,yes,,
0.02,0.05,168.0,15.0,225.55,115.0,615.0,polymarket,49959563231031067903087309433782603835207298645906754481144036259056340740336,2026-10-01T20:35:19.574029+00:00,no,64052606524674386496233526292721219762503181693732653684553026050095952314041,
0.02,0.07,496.0,8.0,1273.0,23.0,23.0,kalshi,KXNETFLIXRANKMOVIEGLOBAL2-26OCT05-UNA,2026-10-01T20:35:19.766631+00:00,yes,,1273.0
0.01,0.09,416.05,23.55,416.05,73.55,73.55,polymarket,90166280499465122214476593919501215727897464864772641688990143077498793138390,2026-10-01T20:35:20.045744+00:00,yes,,
0.91,0.99,23.55,416.05,73.55,416.05,416.05,polymarket,15311897751853921445226150544802415233388815324573956144205261489912570456450,2026-10-01T20:35:20.223435+00:00,no,90166280499465122214476593919501215727897464864772641688990143077498793138390,
0.86,0.87,237.2,120.0,298.38,380.0,1899.6,kalshi,KXNETFLIXRANKMOVIE-26OCT05-UNA,2026-10-01T20:35:20.417630+00:00,yes,,596.25
0.87,0.88,41.83,342.76,95.55,742.76,2226.76,polymarket,93940233854845275390463090142688066957627831773066617399378044023607799473064,2026-10-01T20:35:20.712000+00:00,yes,,
0.12,0.13,342.76,41.83,742.76,95.55,558.55,polymarket,106967539275816013674021589956177664927294455141151777740233572596780241522222,2026-10-01T20:35:20.887196+00:00,no,93940233854845275390463090142688066957627831773066617399378044023607799473064,
0.05,0.07,699.71,26.88,902.71,67.88,215.88,kalshi,KXNETFLIXRANKMOVIE-26OCT05-WID,2026-10-01T20:35:21.082958+00:00,yes,,1068.71
0.011,0.071,9.09,40.0,476.67,108.03,199.03,polymarket,28141132660282301892867402323437805486805045894028400002040009164716128444995,2026-10-01T20:35:21.366505+00:00,yes,,
0.929,0.989,40.0,9.09,108.03,476.67,476.67,polymarket,109518470987554511419577941368387820831220024917974951126536351013035676329409,2026-10-01T20:35:21.544045+00:00,no,28141132660282301892867402323437805486805045894028400002040009164716128444995,
0.07,0.12,35.0,15.0,84.0,319.0,580.0,kalshi,KXNETFLIXRANKMOVIE-26OCT05-DOI,2026-10-01T20:35:21.739933+00:00,yes,,634.0
0.06,0.11,322.0,160.0,386.0,460.8,682.09,polymarket,61563561594359950849685583814224994421489950809068908239145861013481707807132,2026-10-01T20:35:22.030002+00:00,yes,,
0.89,0.94,160.0,322.0,460.8,386.0,636.0,polymarket,74912359354821074122705504413241504655867311108639751843891845950569360276824,2026-10-01T20:35:22.212536+00:00,no,61563561594359950849685583814224994421489950809068908239145861013481707807132,
0.071,0.15,5.0,250.0,260.0,250.0,250.0,kalshi,KXRECOGSOMALI-29-27,2026-10-01T20:35:22.409421+00:00,yes,,540.0
0.088,0.09,206.05,87.53,377.76,504.58,535.71,polymarket,102929345572635447239887363328073498574489822201252070158392894695407110289078,2026-10-01T20:35:22.698261+00:00,yes,,
0.91,0.912,87.53,206.05,504.58,377.76,729.71,polymarket,45379554986085871584947058416771977376718772776823210930085949823850591101312,2026-10-01T20:35:22.881904+00:00,no,102929345572635447239887363328073498574489822201252070158392894695407110289078,
0.007,0.008,7640.42,67697.57,10300692.52,283119.17,510558.05,kalshi,KXPRESNOMR-28-MTG,2026-10-01T20:35:23.077367+00:00,yes,,10300692.52
0.003,0.004,202194.77,55435.47,240272.84,634120.05,641291.05,polymarket,65830295349944471218641822318218876930376684645620468557619951782520997909982,2026-10-01T20:35:23.360540+00:00,yes,,
0.996,0.997,55435.47,202194.77,634120.05,240272.84,240272.84,polymarket,33372330947023860525870630758549137902170576919090726047009795835189818269107,2026-10-01T20:35:23.541758+00:00,no,65830295349944471218641822318218876930376684645620468557619951782520997909982,
0.13,0.14,46777.22,140606.71,88571.86,262552.48,468261.15,kalshi,KXPRESNOMD-28-AOC,2026-10-01T20:35:23.736170+00:00,yes,,113836.01
0.165,0.166,2422.62,8135.1,29766.81,10809.55,69435.14,polymarket,107064985435494333113391038470401719113272800530429703182710416066774068907304,2026-10-01T20:35:24.019239+00:00,yes,,
0.834,0.835,8135.1,2422.62,10809.55,29766.81,72446.66,polymarket,65176072261324737856085688071627118509549293922582857186996392180609764586527,2026-10-01T20:35:24.215861+00:00,no,107064985435494333113391038470401719113272800530429703182710416066774068907304,
0.82,0.86,500.0,10.0,500.0,92.45,92.45,kalshi,KXSPANISHPM-27AUG22-AFEI,2026-10-01T20:35:24.410987+00:00,yes,,500.0
0.78,0.79,569.35,2441.73,1038.92,7306.09,10721.44,polymarket,30446115040994756735976163960167805883187697808359254957130669387440187908610,2026-10-01T20:35:24.705874+00:00,yes,,
0.21,0.22,2441.73,569.35,7306.09,1038.92,1388.92,polymarket,102959860025519533768586392648393292830655850541879057833605543601433003729221,2026-10-01T20:35:24.883315+00:00,no,30446115040994756735976163960167805883187697808359254957130669387440187908610,
0.95,0.99,200.0,50.0,200.0,50.0,50.0,kalshi,KXFRPRESBALLOT-27JUN30-JMEL,2026-10-01T20:35:25.082461+00:00,yes,,200.0
0.934,0.947,38.9,222.06,980.46,332.05,501.26,polymarket,2583738577203734007698009588440975382774630959481204634058705370506593419099,2026-10-01T20:35:25.379343+00:00,yes,,
0.053,0.066,222.06,38.9,332.05,980.46,4608.14,polymarket,71843097463083088434321921623375055459913087106489571207433290426478710982848,2026-10-01T20:35:25.575052+00:00,no,2583738577203734007698009588440975382774630959481204634058705370506593419099,
0.93,0.98,15.0,5.0,215.0,255.0,255.0,kalshi,KXFRPRESBALLOT-27JUN30-MLEP,2026-10-01T20:35:25.769914+00:00,yes,,215.0
0.91,0.93,82.85,1000.61,1503.78,1560.42,2117.11,polymarket,7754512371734273015215938178714173418935846391326977358390432779966177844819,2026-10-01T20:35:26.072577+00:00,yes,,
0.07,0.09,1000.61,82.85,1560.42,1503.78,2261.38,polymarket,108449310026281098219666849639200747424450133056842631664918675889154878073660,2026-10-01T20:35:26.265263+00:00,no,7754512371734273015215938178714173418935846391326977358390432779966177844819,
0.86,0.9,200.0,5.0,200.0,20.0,320.0,kalshi,KXFRPRESBALLOT-27JUN30-EPHI,2026-10-01T20:35:26.484071+00:00,yes,,200.0
0.79,0.86,138.54,50.0,359.54,50.0,81.0,polymarket,16012696160155626522186558850012056837092159839091646459794947761234922917246,2026-10-01T20:35:26.782732+00:00,yes,,
0.12,0.21,31.0,138.54,31.0,359.54,359.54,polymarket,53924169082728652861194450228159438987526208187110639021938645556428984979751,2026-10-01T20:35:26.964244+00:00,no,16012696160155626522186558850012056837092159839091646459794947761234922917246,
0.86,0.93,200.0,5.0,300.0,205.0,205.0,kalshi,KXFRPRESBALLOT-27JUN30-NART,2026-10-01T20:35:27.157949+00:00,yes,,300.0
0.87,0.89,150.0,150.0,150.0,181.0,525.95,polymarket,43612859593689752150619592793340404702872324991306196189934020888278993577548,2026-10-01T20:35:27.451694+00:00,yes,,
0.11,0.13,150.0,150.0,181.0,150.0,390.0,polymarket,50787813508073790661967699266046967431082155248089018946306634551863450777177,2026-10-01T20:35:27.634593+00:00,no,43612859593689752150619592793340404702872324991306196189934020888278993577548,
0.02,0.08,200.0,2.0,250.0,202.0,302.0,kalshi,KXFRPRESBALLOT-27JUN30-JBAR,2026-10-01T20:35:27.828985+00:00,yes,,250.0
0.064,0.076,50.0,550.0,150.0,1389.45,1889.45,polymarket,79573545395113607499457980203629849481438069774375121306971189413049799198986,2026-10-01T20:35:28.131215+00:00,yes,,
0.924,0.936,550.0,50.0,1389.45,150.0,305.77,polymarket,34166537544584980835945387048987899679455576969076155852420765507546755821151,2026-10-01T20:35:28.312797+00:00,no,79573545395113607499457980203629849481438069774375121306971189413049799198986,
0.25,0.31,215.0,0.74,215.0,0.74,200.74,kalshi,KXFRPRESBALLOT-27JUN30-GATT,2026-10-01T20:35:28.506916+00:00,yes,,215.0
0.3,0.32,77.29,88.2,127.29,600.23,650.23,polymarket,107522054548411774619306634308113991946472753213652905906071779736176841571061,2026-10-01T20:35:28.781706+00:00,yes,,
0.68,0.7,88.2,77.29,600.23,127.29,519.12,polymarket,20771681877265264308908855977459709862176505925171698375029158451482559134757,2026-10-01T20:35:28.959948+00:00,no,107522054548411774619306634308113991946472753213652905906071779736176841571061,
0.37,0.45,201.0,200.0,201.0,220.0,220.0,kalshi,KXFRPRESBALLOT-27JUN30-BRET,2026-10-01T20:35:29.153846+00:00,yes,,201.0
0.47,0.54,50.0,73.1,70.0,73.1,73.1,polymarket,7593969562324822692501363565205182443860928099163461045185140593084672689930,2026-10-01T20:35:29.441070+00:00,yes,,
0.46,0.53,73.1,50.0,73.1,70.0,140.1,polymarket,59683549832727433924360921737357771898611708060942579462981187475653164986034,2026-10-01T20:35:29.641299+00:00,no,7593969562324822692501363565205182443860928099163461045185140593084672689930,
0.52,0.59,100.0,200.0,300.0,200.0,200.0,kalshi,KXFRPRESBALLOT-27JUN30-RGLU,2026-10-01T20:35:29.833350+00:00,yes,,300.0
0.6,0.64,25.14,15.98,75.24,99.68,550.23,polymarket,95128328459600672872431663414733611782699451407655762383098119578070541934329,2026-10-01T20:35:30.132064+00:00,yes,,
0.36,0.4,15.98,25.14,99.68,75.24,125.34,polymarket,9148228280985091872555081318216249313542434664838053011966919087836015825851,2026-10-01T20:35:30.315244+00:00,no,95128328459600672872431663414733611782699451407655762383098119578070541934329,
0.3,0.36,200.0,10.0,200.0,40.0,240.0,kalshi,KXFRPRESBALLOT-27JUN30-FRUF,2026-10-01T20:35:30.507946+00:00,yes,,200.0
0.24,0.26,99.56,94.55,280.9,246.58,452.9,polymarket,8218933591218521191568748491997678960877502694016647511529255769025902596712,2026-10-01T20:35:30.786835+00:00,yes,,
0.74,0.76,94.55,99.56,246.58,280.9,722.9,polymarket,58234197958171886838063758386954955269616815611588432825220526136245961434164,2026-10-01T20:35:30.975465+00:00,no,8218933591218521191568748491997678960877502694016647511529255769025902596712,
0.42,0.49,10.0,200.0,210.0,200.0,200.0,kalshi,KXFRPRESBALLOT-27JUN30-FHOL,2026-10-01T20:35:31.168438+00:00,yes,,210.0
0.48,0.5,150.0,284.9,399.99,597.93,797.93,polymarket,102262115230237987453449161184134133676754192566164424185713585786398680729646,2026-10-01T20:35:31.450531+00:00,yes,,
0.5,0.52,284.9,150.0,597.93,399.99,499.99,polymarket,37583791291730637134979090593931418652540918593508476316815582850940697054435,2026-10-01T20:35:31.624567+00:00,no,102262115230237987453449161184134133676754192566164424185713585786398680729646,
0.21,0.28,20.0,200.0,220.0,200.0,200.0,kalshi,KXFRPRESBALLOT-27JUN30-MTON,2026-10-01T20:35:31.826993+00:00,yes,,220.0
0.26,0.27,278.08,228.08,1281.64,690.99,830.99,polymarket,52983298663339262026969404869995687109934741190374567200714264382560471690298,2026-10-01T20:35:32.102886+00:00,yes,,
0.73,0.74,228.08,278.08,690.99,1281.64,1790.29,polymarket,57192105662603697593037549158095717249084360978130340091867692830230297754,2026-10-01T20:35:32.295145+00:00,no,52983298663339262026969404869995687109934741190374567200714264382560471690298,
0.05,0.13,200.0,200.0,200.0,200.0,200.0,kalshi,KXFRPRESBALLOT-27JUN30-OFAU,2026-10-01T20:35:32.490317+00:00,yes,,200.0
0.111,0.122,100.0,150.0,400.0,350.0,350.0,polymarket,113610682589657064555208385829185848089850346028778101808102378347014343368326,2026-10-01T20:35:32.784893+00:00,yes,,
0.878,0.889,150.0,100.0,350.0,400.0,701.0,polymarket,84462719493990720307092268568266564453883091885681926528900709451811877983867,2026-10-01T20:35:32.976346+00:00,no,113610682589657064555208385829185848089850346028778101808102378347014343368326,
0.01,0.08,250.0,200.0,250.0,200.0,200.0,kalshi,KXFRPRESBALLOT-27JUN30-CAUT,2026-10-01T20:35:33.171490+00:00,yes,,250.0
0.007,0.02,61.89,10.0,30063.89,145.7,145.7,polymarket,79035947522755921670509853832704034121892978210917213389824256046715686510163,2026-10-01T20:35:33.463441+00:00,yes,,
0.98,0.993,10.0,61.89,145.7,30063.89,30063.89,polymarket,67936937481165989191071655192482892327782803248535418826278822975065444090723,2026-10-01T20:35:33.657255+00:00,no,79035947522755921670509853832704034121892978210917213389824256046715686510163,
0.75,0.82,5.0,200.0,205.0,200.0,200.0,kalshi,KXFRPRESBALLOT-27JUN30-FROU,2026-10-01T20:35:33.851323+00:00,yes,,205.0
0.8,0.82,110.04,14.86,360.03,124.9,530.45,polymarket,44146467575181363293684477134436449541840693765954391367217371109621873011911,2026-10-01T20:35:34.136617+00:00,yes,,
0.18,0.2,14.86,110.04,124.9,360.03,380.03,polymarket,113200634707113286734171952694776365802821382081175319858020877966254398111364,2026-10-01T20:35:34.338452+00:00,no,44146467575181363293684477134436449541840693765954391367217371109621873011911,
0.85,0.91,15.41,5.0,215.41,208.0,208.0,kalshi,KXFRPRESBALLOT-27JUN30-EZEM,2026-10-01T20:35:34.536571+00:00,yes,,215.41
0.89,0.91,13.64,30.0,13.64,183.28,689.45,polymarket,13019807592263695743949854781611320015506457057015747150989705856401994056334,2026-10-01T20:35:34.821892+00:00,yes,,
0.09,0.11,30.0,13.64,183.28,13.64,65.59,polymarket,31597292205352185311346198907318223588212225119348618682912413706869189329585,2026-10-01T20:35:35.011173+00:00,no,13019807592263695743949854781611320015506457057015747150989705856401994056334,
0.37,0.44,200.0,10.0,200.0,210.0,210.0,kalshi,KXFRPRESBALLOT-27JUN30-DVIL,2026-10-01T20:35:35.202830+00:00,yes,,200.0
0.31,0.32,136.6,306.09,1452.73,473.83,873.83,polymarket,34620880706763291086744449593876431828535078089978904746359513569434783647137,2026-10-01T20:35:35.500343+00:00,yes,,
0.68,0.69,306.09,136.6,473.83,1452.73,1815.95,polymarket,58419103350049075941040353969100588509889502886425695188255745276165157978877,2026-10-01T20:35:35.686487+00:00,no,34620880706763291086744449593876431828535078089978904746359513569434783647137,
0.09,0.14,2.0,300.0,3.0,300.0,300.0,kalshi,KXFRPRESBALLOT-27JUN30-FASS,2026-10-01T20:35:35.880611+00:00,yes,,203.0
0.1,0.11,501.0,372.28,841.27,600.11,600.11,polymarket,3169490839458870712170059782036116592435875549142224457893926188976932171850,2026-10-01T20:35:36.157241+00:00,yes,,
0.89,0.9,372.28,501.0,600.11,841.27,1474.22,polymarket,5639953466673323673986702150091390706531286712483545424049367866934871294084,2026-10-01T20:35:36.331911+00:00,no,3169490839458870712170059782036116592435875549142224457893926188976932171850,
0.1,0.17,200.0,5.0,200.0,205.0,205.0,kalshi,KXFRPRESBALLOT-27JUN30-BCAZ,2026-10-01T20:35:36.527797+00:00,yes,,200.0
0.102,0.106,155.02,205.25,360.27,310.5,545.5,polymarket,29139242352168112015210152529441040785565078456425687098626280062222765900250,2026-10-01T20:35:36.805297+00:00,yes,,
0.894,0.898,205.25,155.02,310.5,360.27,427.52,polymarket,58047956305213616440461789843816202089066813862427755491320530178474604597749,2026-10-01T20:35:36.993467+00:00,no,29139242352168112015210152529441040785565078456425687098626280062222765900250,
0.05,0.13,200.0,200.0,200.0,200.0,200.0,kalshi,KXFRPRESBALLOT-27JUN30-JGUE,2026-10-01T20:35:37.187847+00:00,yes,,200.0
0.053,0.06,51.03,196.0,410.03,1145.62,1335.42,polymarket,58951821754318908776964594536978834460038302476574549770753606964032824513411,2026-10-01T20:35:37.475087+00:00,yes,,
0.94,0.947,196.0,51.03,1145.62,410.03,726.22,polymarket,76030173413422979730689360129454564331781183029447353465818682365893769063686,2026-10-01T20:35:37.653608+00:00,no,58951821754318908776964594536978834460038302476574549770753606964032824513411,
0.03,0.11,200.0,200.0,200.0,200.0,200.0,kalshi,KXFRPRESBALLOT-27JUN30-KBOU,2026-10-01T20:35:37.848076+00:00,yes,,200.0
0.044,0.048,137.46,122.49,330.97,1408.01,1671.91,polymarket,295039928382764688380739557210096170250229349351908702544759177134980327113,2026-10-01T20:35:38.144089+00:00,yes,,
0.952,0.956,122.49,137.46,1408.01,330.97,490.56,polymarket,71139927840703189802966413260699353520755818071505710524089689242790609221375,2026-10-01T20:35:38.321499+00:00,no,295039928382764688380739557210096170250229349351908702544759177134980327113,
0.02,0.1,200.0,200.0,250.0,200.0,200.0,kalshi,KXFRPRESBALLOT-27JUN30-GDAR,2026-10-01T20:35:38.514634+00:00,yes,,250.0
0.017,0.024,9.0,71.0,109.0,71.0,471.69,polymarket,79894339753879755955360295536107129148986153301664002890940402354026103217524,2026-10-01T20:35:38.815749+00:00,yes,,
0.976,0.983,71.0,9.0,71.0,109.0,32749.0,polymarket,113086239048590571801856817536769960767064790330417922065599076125725985919577,2026-10-01T20:35:39.011366+00:00,no,79894339753879755955360295536107129148986153301664002890940402354026103217524,
0.01,0.04,50.0,500.0,50.0,500.0,500.0,kalshi,KXVENEZDEFACTO-27JAN01-VLOP,2026-10-01T20:35:39.204562+00:00,yes,,50.0
0.001,0.002,72.1,1521.77,72.1,1849.04,1998.86,polymarket,8974244717652904327303216523495387783171428177047726748953726999270161495781,2026-10-01T20:35:39.482596+00:00,yes,,
0.998,0.999,1521.77,72.1,1849.04,72.1,72.1,polymarket,58220350188826600802283294605612715113825407231085143034935469146916804005727,2026-10-01T20:35:39.668205+00:00,no,8974244717652904327303216523495387783171428177047726748953726999270161495781,
0.01,0.03,509.11,17.0,509.11,17.0,19.0,kalshi,KXVENEZDEFACTO-27JAN01-MMAC,2026-10-01T20:35:39.861368+00:00,yes,,509.11
0.033,0.035,59.11,478.4,1316.32,4658.7,10426.98,polymarket,96886936890552020721190108929271308812318740977726605105912895102331802835294,2026-10-01T20:35:40.153749+00:00,yes,,
0.965,0.967,478.4,59.11,4658.7,1316.32,8663.43,polymarket,27451465821943473118530604729972622801944006419252473990168769260008625377794,2026-10-01T20:35:40.342509+00:00,no,96886936890552020721190108929271308812318740977726605105912895102331802835294,
0.18,0.27,200.0,200.0,200.0,200.0,200.0,kalshi,KXSAXANHSNAP-27-SA,2026-10-01T20:35:40.551671+00:00,yes,,200.0
0.18,0.36,31.62,120.16,86.33,140.16,140.16,polymarket,78567162160923482366606413622134043821431187190105441348806200791569724271185,2026-10-01T20:35:40.832246+00:00,yes,,
0.64,0.82,120.16,31.62,140.16,86.33,86.33,polymarket,44991002993345705283813694029016433576907503184563661793237073134786587659946,2026-10-01T20:35:41.027560+00:00,no,78567162160923482366606413622134043821431187190105441348806200791569724271185,
0.08,0.13,100.0,320.0,188.18,320.0,320.0,kalshi,KXNVIDIAGROQFINE-26SEP-27JAN01,2026-10-01T20:35:41.221356+00:00,yes,,188.18
0.11,0.12,907.57,1025.82,1420.63,1354.46,1725.28,polymarket,12898287549974848009922314645247727397783796119550715860387489455002101721691,2026-10-01T20:35:41.504591+00:00,yes,,
0.88,0.89,1025.82,907.57,1354.46,1420.63,3054.07,polymarket,22165142711071360167804268845248901054852094528724551928949650604408930910624,2026-10-01T20:35:41.696524+00:00,no,12898287549974848009922314645247727397783796119550715860387489455002101721691,
0.1,0.15,53.0,100.0,553.0,100.0,600.0,kalshi,KXLEAVEOPEC-27,2026-10-01T20:35:41.894622+00:00,yes,,556.04
0.16,0.17,423.51,249.51,667.51,449.51,2133.14,polymarket,51521497779380154558858664227546451933112892150984250255096573026768867177192,2026-10-01T20:35:42.172663+00:00,yes,,
0.83,0.84,249.51,423.51,449.51,667.51,3226.65,polymarket,84641922064827552827253311981339741860829640000680909725575149181637431473946,2026-10-01T20:35:42.354952+00:00,no,51521497779380154558858664227546451933112892150984250255096573026768867177192,
0.25,0.32,200.0,15.0,200.0,44.0,244.0,kalshi,KXKOSOVOPRES-27JAN01-BSEJ,2026-10-01T20:35:42.547920+00:00,yes,,200.0
0.27,0.35,66.48,30.76,417.3,30.76,30.76,polymarket,68950776029599062216512097627273728171898998651564575435472397620948224060872,2026-10-01T20:35:42.844149+00:00,yes,,
0.65,0.73,30.76,66.48,30.76,417.3,1617.3,polymarket,51676846752306392871395338354722712831543490655258215550000373558860266060095,2026-10-01T20:35:43.044542+00:00,no,68950776029599062216512097627273728171898998651564575435472397620948224060872,
0.01,0.02,100.0,1350.0,100.0,1350.0,1350.0,kalshi,KXKOSOVOPRES-27JAN01-HHOX,2026-10-01T20:35:43.239272+00:00,yes,,100.0
0.006,0.045,316.67,19.4,817.37,39.5,39.5,polymarket,96037675097531080136365759013158212997588115067737535925652630651764720797215,2026-10-01T20:35:43.533933+00:00,yes,,
0.955,0.994,19.4,316.67,39.5,817.37,817.37,polymarket,16907795033915572057445844498100325355248232940688085365113384236388475908215,2026-10-01T20:35:43.729571+00:00,no,96037675097531080136365759013158212997588115067737535925652630651764720797215,
0.07,0.16,210.0,200.0,210.0,200.0,200.0,kalshi,KXKOSOVOPRES-27JAN01-VOSM,2026-10-01T20:35:43.928722+00:00,yes,,210.0
0.123,0.175,118.09,120.07,118.09,170.07,170.07,polymarket,28098468130289489198641235235549512140314994276310211748473620117092408515724,2026-10-01T20:35:44.206481+00:00,yes,,
0.825,0.877,120.07,118.09,170.07,118.09,118.09,polymarket,110716913397838363428964839581026923585884587297258791859884483728803752784769,2026-10-01T20:35:44.393743+00:00,no,28098468130289489198641235235549512140314994276310211748473620117092408515724,
0.01,0.1,300.0,200.0,300.0,200.0,200.0,kalshi,KXKOSOVOPRES-27JAN01-AHOT,2026-10-01T20:35:44.587577+00:00,yes,,300.0
0.002,0.004,10.01,79.99,146.59,214.18,228.18,polymarket,74508621821784807509286309567178933974173100540060221779941684127962485439731,2026-10-01T20:35:44.871966+00:00,yes,,
0.996,0.998,79.99,10.01,214.18,146.59,146.59,polymarket,40032535476200488833828443004945806973821562198229054503087464591768618410763,2026-10-01T20:35:45.057762+00:00,no,74508621821784807509286309567178933974173100540060221779941684127962485439731,
0.02,0.11,200.0,200.0,300.0,200.0,200.0,kalshi,KXKOSOVOPRES-27JAN01-JPUL,2026-10-01T20:35:45.252992+00:00,yes,,300.0
0.006,0.038,311.68,49.46,801.82,95.76,95.76,polymarket,64801755737815827090876334561688130063836317203791583812036641160681694066164,2026-10-01T20:35:45.533283+00:00,yes,,
0.962,0.994,49.46,311.68,95.76,801.82,801.82,polymarket,111658788289517272022788429899737053749337227042716763480419129353680548681244,2026-10-01T20:35:45.731243+00:00,no,64801755737815827090876334561688130063836317203791583812036641160681694066164,
0.02,0.11,200.0,200.0,300.0,200.0,200.0,kalshi,KXKOSOVOPRES-27JAN01-VSUR,2026-10-01T20:35:45.924706+00:00,yes,,300.0
0.01,0.123,245.0,25.1,969.46,25.1,25.1,polymarket,69958197227562600399025236608533435785297658868090661259359064910628512827880,2026-10-01T20:35:46.218320+00:00,yes,,
0.877,0.99,25.1,245.0,25.1,969.46,969.46,polymarket,45929683961214885989811772989497182273361334753117193001937059106736512307608,2026-10-01T20:35:46.405004+00:00,no,69958197227562600399025236608533435785297658868090661259359064910628512827880,
0.02,0.11,200.0,200.0,300.0,200.0,200.0,kalshi,KXKOSOVOPRES-27JAN01-AJAH,2026-10-01T20:35:46.598917+00:00,yes,,300.0
0.002,0.011,150.0,221.95,266.0,386.94,386.94,polymarket,95260936417625674704676901246738091807955078304739514988684559111833244122657,2026-10-01T20:35:46.880694+00:00,yes,,
0.989,0.998,221.95,150.0,386.94,266.0,266.0,polymarket,85355942414302578335004974941387745617487631909797876589258506688514611385736,2026-10-01T20:35:47.074545+00:00,no,95260936417625674704676901246738091807955078304739514988684559111833244122657,
0.94,,300.0,,300.0,,,kalshi,KXESTPRES-27JAN01-UMAD,2026-10-01T20:35:47.269241+00:00,yes,,300.0
0.964,0.998,825.15,138.66,855.15,1902.69,1902.69,polymarket,74378131879943986644067606369107436052118679453261437653318895322745607397373,2026-10-01T20:35:47.562950+00:00,yes,,
0.002,0.036,138.66,825.15,1902.69,855.15,855.15,polymarket,56527018507912081358690879287311062729837521984186926284498422918834558365713,2026-10-01T20:35:47.761296+00:00,no,74378131879943986644067606369107436052118679453261437653318895322745607397373,
0.041,0.099,5.0,200.0,37.0,200.0,200.0,kalshi,KXRECOGPALESTINE-27-ITA,2026-10-01T20:35:47.956895+00:00,yes,,377.0
0.07,0.12,89.24,119.54,111.29,319.54,319.54,polymarket,16019571385933864398824687714763417628645678500362427226163740503698239790149,2026-10-01T20:35:48.234020+00:00,yes,,
0.88,0.93,119.54,89.24,319.54,111.29,560.64,polymarket,71319561902463713856252610706550755390908611390553031712495892613096702224876,2026-10-01T20:35:48.425308+00:00,no,16019571385933864398824687714763417628645678500362427226163740503698239790149,
0.01,0.02,133.0,105.62,2683.0,105.62,105.62,kalshi,KXRECOGPALESTINE-27-GRE,2026-10-01T20:35:48.620011+00:00,yes,,2683.0
0.034,0.157,41.57,108.62,52.04,138.62,138.62,polymarket,9568640529628232620171982414821256284849638329588081306176647962997142501307,2026-10-01T20:35:48.926204+00:00,yes,,
0.843,0.966,108.62,41.57,138.62,52.04,1783.15,polymarket,105706667953662156963224070259435507622649312990031733041334696074940778252002,2026-10-01T20:35:49.104246+00:00,no,9568640529628232620171982414821256284849638329588081306176647962997142501307,
0.011,0.083,5.0,17.0,2593.0,217.0,717.0,kalshi,KXRECOGPALESTINE-27-USA,2026-10-01T20:35:49.297749+00:00,yes,,2593.0
0.024,0.039,40.0,73.99,671.29,295.87,325.87,polymarket,31196252735049957083374976220677288571569171003172878478181514853311587772855,2026-10-01T20:35:49.592403+00:00,yes,,
0.961,0.976,73.99,40.0,295.87,671.29,51266.14,polymarket,84380112602347185389689836513767485897077550958702205065291782969607194998282,2026-10-01T20:35:49.778754+00:00,no,31196252735049957083374976220677288571569171003172878478181514853311587772855,
0.011,0.084,5.0,100.0,2443.0,300.0,300.0,kalshi,KXRECOGPALESTINE-27-FIN,2026-10-01T20:35:49.975449+00:00,yes,,2443.0
0.05,0.09,38.4,27.0,88.4,27.0,27.0,polymarket,91293556511988900538926806981948713907225537435439161744582315555436298554300,2026-10-01T20:35:50.250661+00:00,yes,,
0.91,0.95,27.0,38.4,27.0,88.4,1611.49,polymarket,63068743086274008725632051802876940026604169214603095549711376476841374680405,2026-10-01T20:35:50.432311+00:00,no,91293556511988900538926806981948713907225537435439161744582315555436298554300,
0.011,0.087,5.0,7.0,2655.0,207.0,207.0,kalshi,KXRECOGPALESTINE-27-AUS,2026-10-01T20:35:50.633008+00:00,yes,,2655.0
0.027,0.055,40.0,96.8,375.57,96.8,96.8,polymarket,48231183216571643313157297374589383018034610842876126346275028070200172098914,2026-10-01T20:35:50.927950+00:00,yes,,
0.945,0.973,96.8,40.0,96.8,375.57,72775.11,polymarket,8191395933076542242294308976645973957560395149403844943608767292545098929400,2026-10-01T20:35:51.109848+00:00,no,48231183216571643313157297374589383018034610842876126346275028070200172098914,
0.05,0.069,35.0,11.05,35.0,910.92,910.92,kalshi,KXRECOGPALESTINE-27-JAP,2026-10-01T20:35:51.302485+00:00,yes,,35.0
0.08,0.13,43.75,15.0,108.75,33.0,38.7,polymarket,93747925421850041253162608689384881978335585009417855471648896512595953733092,2026-10-01T20:35:51.588641+00:00,yes,,
0.87,0.92,15.0,43.75,33.0,108.75,127.11,polymarket,16086976774421501878740929332148349110745726735304709563927029128792806228989,2026-10-01T20:35:51.779070+00:00,no,93747925421850041253162608689384881978335585009417855471648896512595953733092,
0.024,0.12,5.0,300.0,205.0,300.0,300.0,kalshi,KXRECOGPALESTINE-27-NZ,2026-10-01T20:35:51.973024+00:00,yes,,2375.0
0.1,0.23,68.96,14.19,80.96,36.99,36.99,polymarket,65570926759968481664272006070778261573308784359007307417544721102990194386816,2026-10-01T20:35:52.253009+00:00,yes,,
0.77,0.9,14.19,68.96,36.99,80.96,86.05,polymarket,68435082116861530034448401015262696498191768147935367930841096625943134297814,2026-10-01T20:35:52.428559+00:00,no,65570926759968481664272006070778261573308784359007307417544721102990194386816,
0.049,0.084,100.0,200.0,100.0,200.0,200.0,kalshi,KXRECOGPALESTINE-27-GER,2026-10-01T20:35:52.624970+00:00,yes,,100.0
0.036,0.059,33.7,63.18,351.64,388.57,501.57,polymarket,21932159496158844457790243656976073986638859993142115623608466574306792348767,2026-10-01T20:35:52.919351+00:00,yes,,
0.941,0.964,63.18,33.7,388.57,351.64,4302.35,polymarket,27955589546930096316289800953304516393555274562286728655302373088138887807745,2026-10-01T20:35:53.098353+00:00,no,21932159496158844457790243656976073986638859993142115623608466574306792348767,
0.024,0.11,5.0,5.0,205.0,205.0,205.0,kalshi,KXRECOGPALESTINE-27-DUT,2026-10-01T20:35:53.293207+00:00,yes,,2375.0
0.07,0.08,229.01,28.05,229.01,68.05,88.05,polymarket,67289858866759555330449286775362832378193973230368657902755847806096722848893,2026-10-01T20:35:53.586442+00:00,yes,,
0.92,0.93,28.05,229.01,68.05,229.01,796.22,polymarket,103210193669939783778219308263682621490904046755910126140859740082579942519831,2026-10-01T20:35:53.762620+00:00,no,67289858866759555330449286775362832378193973230368657902755847806096722848893,
0.13,0.14,835.5,804.79,1337.19,5092.04,6717.42,kalshi,KXNOBELPEACE-26-SUD,2026-10-01T20:35:53.968584+00:00,yes,,1937.19
0.114,0.119,4438.39,121.51,8214.16,3249.84,8603.61,polymarket,113860439310209834379650305681784267754566328071884567820308690850948160355731,2026-10-01T20:35:54.265590+00:00,yes,,
0.881,0.886,121.51,4438.39,3249.84,8214.16,11523.56,polymarket,42071576944649653386808436328659912686152449101731792166671109971516856047741,2026-10-01T20:35:54.458703+00:00,no,113860439310209834379650305681784267754566328071884567820308690850948160355731,
0.04,0.05,6727.0,5940.0,6727.0,5940.0,5990.0,kalshi,KXNOBELPEACE-27-CPJ,2026-10-01T20:35:54.650088+00:00,yes,,8327.0
0.033,0.044,38.15,6.54,230.15,286.29,3076.91,polymarket,2982941198819724769049162464851645519419973475826729269890970699176428607783,2026-10-01T20:35:54.960971+00:00,yes,,
0.956,0.967,6.54,38.15,286.29,230.15,6830.8,polymarket,32106064879271189181878414354685466104982610448029149207642349069617565880763,2026-10-01T20:35:55.151673+00:00,no,2982941198819724769049162464851645519419973475826729269890970699176428607783,
0.018,0.019,1000.0,1456.34,3873.0,6978.34,7028.34,kalshi,KXNOBELPEACE-26-TAM,2026-10-01T20:35:55.345711+00:00,yes,,3973.0
0.012,0.015,779.48,31140.66,13893.23,36456.78,37056.16,polymarket,38629843016683821271278712298908281184814663635088376266062295059246738422381,2026-10-01T20:35:55.624260+00:00,yes,,
0.985,0.988,31140.66,779.48,36456.78,13893.23,116907.62,polymarket,5589769935476462129484153271836175288080453728912236522871901218697147752772,2026-10-01T20:35:55.820213+00:00,no,38629843016683821271278712298908281184814663635088376266062295059246738422381,
0.03,0.056,591.24,293.53,592.24,2347.53,4419.43,kalshi,KXCRYPTOCAPGAIN-26-27,2026-10-01T20:35:56.015642+00:00,yes,,103442.24
0.023,0.035,53.93,9.44,2425.17,433.8,683.8,polymarket,38577956202894813911522423295759441226459985692799781876715891336671282746369,2026-10-01T20:35:56.292441+00:00,yes,,
0.965,0.977,9.44,53.93,433.8,2425.17,7257.57,polymarket,31239779091556707685216681559343622450417987997527657281659332570836878668226,2026-10-01T20:35:56.466225+00:00,no,38577956202894813911522423295759441226459985692799781876715891336671282746369,
0.05,0.07,76.31,342.33,214.53,2637.74,12772.99,kalshi,KXHURPATHHAWAII-26DEC,2026-10-01T20:35:56.660381+00:00,yes,,2514.69
0.11,0.12,503.06,1390.2,875.65,1652.42,1848.42,polymarket,35060136240132571395133165793544488174574304926549949902253752591503618653125,2026-10-01T20:35:56.938252+00:00,yes,,
0.88,0.89,1390.2,503.06,1652.42,875.65,1691.39,polymarket,99800683031715173270599094797879828927663082652293813937965741621476641062245,2026-10-01T20:35:57.112810+00:00,no,35060136240132571395133165793544488174574304926549949902253752591503618653125,
0.51,0.57,1222.03,1091.66,2756.1,1570.72,2570.72,kalshi,KXPGARYDER-RC27-EUR,2026-10-01T20:35:57.308209+00:00,yes,,2833.23
0.5,0.57,61.1,40.0,61.1,40.0,40.0,polymarket,24128152414068555748778311672321045501159475661340474663184721103050922250595,2026-10-01T20:35:57.592640+00:00,yes,,
0.43,0.5,40.0,61.1,40.0,61.1,61.1,polymarket,58174411280289067592391887858717752215965986724788467249844943229661920498107,2026-10-01T20:35:57.790507+00:00,no,24128152414068555748778311672321045501159475661340474663184721103050922250595,
0.38,0.4,96.12,33.0,306.83,244.37,347.23,kalshi,KXPGARYDER-RC27-USA,2026-10-01T20:35:57.983715+00:00,yes,,4817.56
0.38,0.41,308.29,328.29,483.09,603.49,603.49,polymarket,89107393470830772166760540527560281945397796292892259140438235286994827924182,2026-10-01T20:35:58.268797+00:00,yes,,
0.59,0.62,328.29,308.29,603.49,483.09,483.09,polymarket,45371282692275828646112109486578172004268472047260165042528314504384915660817,2026-10-01T20:35:58.460177+00:00,no,89107393470830772166760540527560281945397796292892259140438235286994827924182,
0.01,0.35,1000.0,5.0,1000.0,505.0,805.0,kalshi,KXCONCACAFGC-27-DOM,2026-10-01T20:35:58.656994+00:00,yes,,1000.0
0.01,0.112,162.78,48.5,331.42,48.5,48.5,polymarket,2526630678265277526348724241057850358897341221737383273575496649373730661573,2026-10-01T20:35:58.934770+00:00,yes,,
0.888,0.99,48.5,162.78,48.5,331.42,331.42,polymarket,17839908123151619480723114491787388606341293221918936938538772186764763261111,2026-10-01T20:35:59.113510+00:00,no,2526630678265277526348724241057850358897341221737383273575496649373730661573,
0.01,0.35,500.0,5.0,500.0,505.0,805.0,kalshi,KXCONCACAFGC-27-KSA,2026-10-01T20:35:59.312172+00:00,yes,,500.0
0.01,0.075,138.04,98.0,359.14,98.0,98.0,polymarket,26476935079731666906852534784215635913705964495083831749493275684517502150393,2026-10-01T20:35:59.592640+00:00,yes,,
0.925,0.99,98.0,138.04,98.0,359.14,359.14,polymarket,111366297822795990003576076977095449602667432969460402360166863984548125839263,2026-10-01T20:35:59.789710+00:00,no,26476935079731666906852534784215635913705964495083831749493275684517502150393,
0.62,0.9,30.0,40.0,30.0,40.0,40.0,kalshi,KXUCLTOP8-27-ARS,2026-10-01T20:35:59.989870+00:00,yes,,330.0
0.7,0.75,860.99,416.0,1120.99,416.0,426.0,polymarket,101147175432297566165325006774554867263052923329793597879107059331542027810950,2026-10-01T20:36:00.281990+00:00,yes,,
0.25,0.3,416.0,860.99,416.0,1120.99,4120.99,polymarket,47740581278177696201188675270073375366123756859132922698271290350147216126534,2026-10-01T20:36:00.473189+00:00,no,101147175432297566165325006774554867263052923329793597879107059331542027810950,
0.6,0.95,30.0,100.0,30.0,2036.0,7036.0,kalshi,KXUCLTOP8-27-BAR,2026-10-01T20:36:00.668459+00:00,yes,,70.0
0.7,0.71,1417.15,415.61,1637.15,435.61,965.79,polymarket,106602434514124228099096459754066325238319373874311222065290624527735939433208,2026-10-01T20:36:00.945720+00:00,yes,,
0.29,0.3,415.61,1417.15,435.61,1637.15,4457.14,polymarket,53122468270298804173260773131983202342424564313679924702339559247303635353165,2026-10-01T20:36:01.128429+00:00,no,106602434514124228099096459754066325238319373874311222065290624527735939433208,
0.51,0.87,100.0,100.0,110.0,663.0,688.0,kalshi,KXUCLTOP8-27-BMU,2026-10-01T20:36:01.371409+00:00,yes,,110.0
0.7,0.72,263.0,544.81,847.3,814.81,834.81,polymarket,52527998723398870235669883749711300218921978985717077719519719032848099875163,2026-10-01T20:36:01.663585+00:00,yes,,
0.28,0.3,544.81,263.0,814.81,847.3,3047.29,polymarket,71320711983683447065113382811250864714691607438819053080666549100319877725225,2026-10-01T20:36:01.860838+00:00,no,52527998723398870235669883749711300218921978985717077719519719032848099875163,
0.09,0.3,117.0,70.0,127.0,70.0,70.0,kalshi,KXUCLTOP8-27-FCP,2026-10-01T20:36:02.054924+00:00,yes,,127.0
0.1,0.16,101.0,1075.0,101.0,3377.0,3377.0,polymarket,28778780406795022381871732132305018136187072100473341916851802548430025056791,2026-10-01T20:36:02.349817+00:00,yes,,
0.84,0.9,1075.0,101.0,3377.0,101.0,141.0,polymarket,110012672465586972622288040109898654044592916834182527690298710343281592415586,2026-10-01T20:36:02.538361+00:00,no,28778780406795022381871732132305018136187072100473341916851802548430025056791,
0.04,0.25,5.0,100.0,44.24,100.0,100.0,kalshi,KXUCLTOP8-27-GAL,2026-10-01T20:36:02.731860+00:00,yes,,44.24
0.05,0.06,52.0,54.61,113.0,10490.61,10490.61,polymarket,38980815832524737033585985811008429587338670111138119011267157594075870928635,2026-10-01T20:36:03.020596+00:00,yes,,
0.94,0.95,54.61,52.0,10490.61,113.0,113.0,polymarket,80071055018586328738813231466190525853588888727856736297237956908533460908850,2026-10-01T20:36:03.197035+00:00,no,38980815832524737033585985811008429587338670111138119011267157594075870928635,
0.29,0.84,100.0,100.0,170.0,140.0,140.0,kalshi,KXUCLTOP8-27-LFC,2026-10-01T20:36:03.391663+00:00,yes,,170.0
0.64,0.65,88.34,195.0,175.0,1254.99,6354.99,polymarket,1754760025944130864012083589444891427920752231475911782493590722886511693856,2026-10-01T20:36:03.668489+00:00,yes,,
0.35,0.36,195.0,88.34,1254.99,175.0,215.0,polymarket,11123818247894256656146049015388983108137877726274166114155921114018240195189,2026-10-01T20:36:03.849133+00:00,no,1754760025944130864012083589444891427920752231475911782493590722886511693856,
0.26,0.88,100.0,100.0,150.0,112.0,112.0,kalshi,KXUCLTOP8-27-MCI,2026-10-01T20:36:04.042844+00:00,yes,,150.0
0.65,0.69,260.0,5140.0,480.0,5240.0,5260.0,polymarket,26319661653580221782690487644668582568790357216542297091642458975130238399100,2026-10-01T20:36:04.343409+00:00,yes,,
0.31,0.35,5140.0,260.0,5240.0,480.0,800.0,polymarket,76017564926377810260105805126875741550944016219526567273218565431783874095382,2026-10-01T20:36:04.540246+00:00,no,26319661653580221782690487644668582568790357216542297091642458975130238399100,
0.03,0.45,5.0,40.0,59.53,40.0,40.0,kalshi,KXUCLTOP8-27-MUN,2026-10-01T20:36:04.738247+00:00,yes,,10059.53
0.32,0.35,260.0,120.0,281.0,141.0,141.0,polymarket,22224754569834903690046028068810099185200777902777084548688531338006920170324,2026-10-01T20:36:05.037996+00:00,yes,,
0.65,0.68,120.0,260.0,141.0,281.0,3381.0,polymarket,86750536347350477534308610786223794243818970404810945825507459171396129210105,2026-10-01T20:36:05.229765+00:00,no,22224754569834903690046028068810099185200777902777084548688531338006920170324,
0.53,0.87,100.0,100.0,140.0,614.0,624.0,kalshi,KXUCLTOP8-27-RMA,2026-10-01T20:36:05.436147+00:00,yes,,140.0
0.71,0.72,62.49,420.0,1412.04,471.58,751.58,polymarket,4417495335237419680285037325920120235960135049889636844931091274720459650107,2026-10-01T20:36:05.726744+00:00,yes,,
0.28,0.29,420.0,62.49,471.58,1412.04,6111.46,polymarket,100778086522395944651248957243859501715368088597164475125250422677507458825507,2026-10-01T20:36:05.906482+00:00,no,4417495335237419680285037325920120235960135049889636844931091274720459650107,
0.07,0.24,100.0,5.0,719.0,5.0,5.0,kalshi,KXUCLTOP8-27-VFB,2026-10-01T20:36:06.105215+00:00,yes,,724.0
0.21,0.23,382.0,207.0,712.99,587.99,668.09,polymarket,68107416848975397733144130273927647877816132247544452481057855775271454624238,2026-10-01T20:36:06.381364+00:00,yes,,
0.77,0.79,207.0,382.0,587.99,712.99,1833.09,polymarket,13951134499825393634273816223832360693009254919349830953545972808621143884078,2026-10-01T20:36:06.582039+00:00,no,68107416848975397733144130273927647877816132247544452481057855775271454624238,
0.03,0.04,42889.96,7557.08,94269.82,71290.47,73921.13,kalshi,KXBALLONDOR-26-KMBA,2026-10-01T20:36:06.774340+00:00,yes,,96784.11
0.03,0.031,1397.2,1333.16,15153.11,5935.7,26800.07,polymarket,95640549996905293510297955529586737178285694064878854803914367446504739764113,2026-10-01T20:36:07.051703+00:00,yes,,
0.969,0.97,1333.16,1397.2,5935.7,15153.11,418452.53,polymarket,43681720319477188597878188429504394796986333625436226983885469009299707562545,2026-10-01T20:36:07.228592+00:00,no,95640549996905293510297955529586737178285694064878854803914367446504739764113,
0.57,0.58,8977.35,5503.1,30231.14,15673.33,22639.26,kalshi,KXBALLONDOR-26-LYAM,2026-10-01T20:36:07.545645+00:00,yes,,33299.57
0.594,0.6,1342.98,50.0,7520.49,4365.14,12485.12,polymarket,10466835326554416965099784068156829774726248334728156046559014834812912458273,2026-10-01T20:36:07.828900+00:00,yes,,
0.4,0.406,50.0,1342.98,4365.14,7520.49,19318.43,polymarket,115364229170068359509280114761107502298430910856477421813089992309112580316620,2026-10-01T20:36:08.026541+00:00,no,10466835326554416965099784068156829774726248334728156046559014834812912458273,
0.34,0.35,5246.32,67.42,5722.36,17337.42,22389.16,kalshi,KXBALLONDOR-26-HKAN,2026-10-01T20:36:08.228792+00:00,yes,,10831.25
0.32,0.323,144.93,2000.0,3210.93,3259.12,7271.6,polymarket,72710166409980712002774407052535905861151156175854323762835102340552522606004,2026-10-01T20:36:08.520819+00:00,yes,,
0.677,0.68,2000.0,144.93,3259.12,3210.93,17107.91,polymarket,77740376296468109233042620775325425521895874827413068707200627224591548200577,2026-10-01T20:36:08.706494+00:00,no,72710166409980712002774407052535905861151156175854323762835102340552522606004,
0.04,0.05,137.59,51793.38,10085.0,176356.95,190067.73,kalshi,KXBALLONDOR-26-LMES,2026-10-01T20:36:08.908081+00:00,yes,,89587.4
0.027,0.028,3333.0,1185.06,43247.52,39148.69,83508.61,polymarket,14940935985254400645996902276818598247231942791302218826999289776538227075176,2026-10-01T20:36:09.204740+00:00,yes,,
0.972,0.973,1185.06,3333.0,39148.69,43247.52,1688363.76,polymarket,107516035603650985174253368241692944789056496652916551006453839235487841190002,2026-10-01T20:36:09.383974+00:00,no,14940935985254400645996902276818598247231942791302218826999289776538227075176,
0.01,0.03,34898.13,137892.29,34898.13,137892.29,140909.22,kalshi,KXBALLONDOR-26-RODR,2026-10-01T20:36:09.578038+00:00,yes,,34898.13
0.013,0.014,814.56,2468.92,255139.11,5668.18,51435.56,polymarket,78803948342995070838836736012795017072053448960983345349841661545681081452350,2026-10-01T20:36:09.858917+00:00,yes,,
0.986,0.987,2468.92,814.56,5668.18,255139.11,432268.82,polymarket,9168297785662696773016718610761665603800700668560812756827962314315323235689,2026-10-01T20:36:10.037322+00:00,no,78803948342995070838836736012795017072053448960983345349841661545681081452350,
0.9,0.92,346.49,1740.35,346.49,1814.3,2361.81,kalshi,KXUFCWELTERWEIGHTTITLE-26-IMAK,2026-10-01T20:36:10.238980+00:00,yes,,346.49
0.94,0.953,91.26,20.2,411.36,201.55,1005.32,polymarket,115664665876223446375692742966249619149538335947583111251556453270207916680903,2026-10-01T20:36:10.521180+00:00,yes,,
0.047,0.06,20.2,91.26,201.55,411.36,782.13,polymarket,40123426597617021465079525279238482436769619666816636451570736222492383896367,2026-10-01T20:36:10.710379+00:00,no,115664665876223446375692742966249619149538335947583111251556453270207916680903,
0.38,0.42,268.26,27.0,286.67,27.0,716.92,kalshi,KXUFCMIDDLEWEIGHTTITLE-26-NIMA,2026-10-01T20:36:10.905999+00:00,yes,,286.67
0.381,0.413,69.36,30.0,149.36,346.73,417.73,polymarket,50735109117093880295317736800180945352251645172879785979925943581661699601259,2026-10-01T20:36:11.195383+00:00,yes,,
0.587,0.619,30.0,69.36,346.73,149.36,209.36,polymarket,17950428381130320739336365803832298016579819936178757852990203302945510766474,2026-10-01T20:36:11.389444+00:00,no,50735109117093880295317736800180945352251645172879785979925943581661699601259,
0.49,0.59,27.74,575.16,138.74,1575.16,1608.47,kalshi,KXUFCMIDDLEWEIGHTTITLE-26-SSTR,2026-10-01T20:36:11.590154+00:00,yes,,499.74
0.582,0.604,24.65,70.05,254.16,300.05,477.08,polymarket,20378600951485464849672966369201654683307593621002954347556085141663626930283,2026-10-01T20:36:11.881803+00:00,yes,,
0.396,0.418,70.05,24.65,300.05,254.16,334.15,polymarket,14265907721103675502202673752569855273494951495706289755096181793879117144873,2026-10-01T20:36:12.061264+00:00,no,20378600951485464849672966369201654683307593621002954347556085141663626930283,
0.1,0.11,178.24,36.03,582.79,292.12,646.95,kalshi,KXUFCLIGHTWEIGHTTITLE-26-ATSA,2026-10-01T20:36:12.256826+00:00,yes,,1773.3
0.077,0.089,141.0,97.1,676.78,10159.35,10259.35,polymarket,109653694401587996238634579753195888081567274889934639277234443069656570216996,2026-10-01T20:36:12.541781+00:00,yes,,
0.911,0.923,97.1,141.0,10159.35,676.78,836.53,polymarket,64127540731227884048024410158346875473683061339030425933229284182417481073291,2026-10-01T20:36:12.721917+00:00,no,109653694401587996238634579753195888081567274889934639277234443069656570216996,
0.01,0.02,2922.53,2834.96,2922.53,3883.2,4129.92,kalshi,KXUFCLIGHTWEIGHTTITLE-26-PPIM,2026-10-01T20:36:12.915305+00:00,yes,,2922.53
0.002,0.004,127.58,20.1,177.58,415.88,415.88,polymarket,81590604790502881322361410316125553010822128521681208479952869274919740974531,2026-10-01T20:36:13.197808+00:00,yes,,
0.996,0.998,20.1,127.58,415.88,177.58,177.58,polymarket,42223878090356423055854152582837363187961447924441422991785157333295622340575,2026-10-01T20:36:13.387218+00:00,no,81590604790502881322361410316125553010822128521681208479952869274919740974531,
0.05,0.07,213.99,270.19,2250.07,377.12,397.19,kalshi,KXUFCLHEAVYWEIGHTTITLE-26-MANK,2026-10-01T20:36:13.583845+00:00,yes,,4468.41
0.032,0.057,25.4,13.21,175.97,449.95,452.56,polymarket,55915863759114441227254612684581936053726000439613771783855987051654948195200,2026-10-01T20:36:13.858297+00:00,yes,,
0.943,0.968,13.21,25.4,449.95,175.97,619.32,polymarket,43779854973708375167948756616215507473711221256787065721831787672659002602484,2026-10-01T20:36:14.054070+00:00,no,55915863759114441227254612684581936053726000439613771783855987051654948195200,
0.01,0.02,1332.17,15.7,1332.17,85.7,496.84,kalshi,KXUFCBANTAMWEIGHTTITLE-26-SOMA,2026-10-01T20:36:14.248391+00:00,yes,,1332.17
0.003,0.008,78.79,5.2,435.79,34.6,165.4,polymarket,37531944126436716865087298086812371923490919478075074832306162393673754224072,2026-10-01T20:36:14.544314+00:00,yes,,
0.992,0.997,5.2,78.79,34.6,435.79,435.79,polymarket,47845200556619052206394447196825936186946831492014422638130701270877480303073,2026-10-01T20:36:14.728354+00:00,no,37531944126436716865087298086812371923490919478075074832306162393673754224072,
0.25,0.26,12.08,12.27,163.86,5439.79,6001.23,kalshi,KXNCAAFUNDEFEATED-26-TTU,2026-10-01T20:36:14.922580+00:00,yes,,318.11
0.26,0.28,19.0,599.28,657.79,6516.28,6516.44,polymarket,76908126982834266488628697988884956224930837143523772208734287112646488078678,2026-10-01T20:36:15.217180+00:00,yes,,
0.72,0.74,599.28,19.0,6516.28,657.79,677.79,polymarket,76101638529562367190699623109171217510046349369083726946917500494414718235345,2026-10-01T20:36:15.413561+00:00,no,76908126982834266488628697988884956224930837143523772208734287112646488078678,
0.18,0.38,2.0,229.61,20.0,895.61,895.61,kalshi,KXCONMEBOLLIB-26-PAL,2026-10-01T20:36:15.607695+00:00,yes,,55.0
0.22,0.38,40.0,10.0,40.0,23.11,30.36,polymarket,28740386853072534471032014291680134189099526112241741507320998596140192279457,2026-10-01T20:36:15.892001+00:00,yes,,
0.62,0.78,10.0,40.0,23.11,40.0,58.52,polymarket,111093202764240704375677303817163204926230585797338411164771372392868665588303,2026-10-01T20:36:16.080336+00:00,no,28740386853072534471032014291680134189099526112241741507320998596140192279457,
0.38,0.44,2472.65,3059.45,2472.65,3059.45,3059.45,kalshi,KXCONMEBOLLIB-26-FLA,2026-10-01T20:36:16.273657+00:00,yes,,2472.65
0.4,0.44,25.64,1899.99,42.54,1899.99,1899.99,polymarket,111647140921819961466230176319542016424137968439193555707992994475920171888594,2026-10-01T20:36:16.562583+00:00,yes,,
0.56,0.6,1899.99,25.64,1899.99,42.54,2142.54,polymarket,111979970991263219237274442164664491369409912638424664181829510469655464920298,2026-10-01T20:36:16.747565+00:00,no,111647140921819961466230176319542016424137968439193555707992994475920171888594,
0.68,,250.0,,260.0,,,kalshi,KXCHNSL-26-CHR,2026-10-01T20:36:16.939575+00:00,yes,,260.0
0.965,0.998,30.0,164.99,80.0,1425.0,1425.0,polymarket,102279894940958133209705731129266544317321555932758211037478019810712425316343,2026-10-01T20:36:17.222771+00:00,yes,,
0.002,0.035,164.99,30.0,1425.0,80.0,80.0,polymarket,109723856094520034133462741578195709219556350963500228514422598099357067378978,2026-10-01T20:36:17.403240+00:00,no,102279894940958133209705731129266544317321555932758211037478019810712425316343,
0.74,0.91,5.0,13.0,5.0,18.0,18.0,kalshi,KXBALLONDORAWARD-26WBAL-APUT,2026-10-01T20:36:17.596438+00:00,yes,,5.0
0.884,0.888,449.36,472.0,1248.6,1479.28,2418.81,polymarket,17319096107860737100124063441255962811124901713052101303022930606768812982160,2026-10-01T20:36:17.899852+00:00,yes,,
0.112,0.116,472.0,449.36,1479.28,1248.6,2199.58,polymarket,83605944898023337953963986133705571260729824146447852117067984751990528972853,2026-10-01T20:36:18.097000+00:00,no,17319096107860737100124063441255962811124901713052101303022930606768812982160,
0.01,0.1,200.0,200.0,200.0,200.0,200.0,kalshi,KXBALLONDORRANK-26T5-PCUB,2026-10-01T20:36:18.294339+00:00,yes,,200.0
0.008,0.023,106.32,73.68,75673.05,93.68,93.68,polymarket,82597455094285121115078463322908616146918229299631996455061669013691676707375,2026-10-01T20:36:18.575591+00:00,yes,,
0.977,0.992,73.68,106.32,93.68,75673.05,75673.05,polymarket,55131520260788649444388911268291796418437850159460604536242103613677196736582,2026-10-01T20:36:18.749223+00:00,no,82597455094285121115078463322908616146918229299631996455061669013691676707375,
0.21,0.26,5.0,200.0,15.0,200.0,200.0,kalshi,KXBALLONDORRANK-26T5-ODEM,2026-10-01T20:36:18.943901+00:00,yes,,15.0
0.29,0.3,82.04,143.1,505.13,1580.4,2328.4,polymarket,44613633232591746645419871917900189174660534680053981544864349720412194970193,2026-10-01T20:36:19.231324+00:00,yes,,
0.7,0.71,143.1,82.04,1580.4,505.13,740.37,polymarket,79792190784508645326675018039131900379141227428373424401236426514816272128366,2026-10-01T20:36:19.425674+00:00,no,44613633232591746645419871917900189174660534680053981544864349720412194970193,
0.05,0.1,20.0,200.0,20.0,200.0,200.0,kalshi,KXBALLONDORRANK-26T5-EHAA,2026-10-01T20:36:19.620698+00:00,yes,,20.0
0.09,0.11,1090.78,135.0,1491.78,273.96,297.25,polymarket,52518065834752760512799289163791459750937055667270871350956454421691959219019,2026-10-01T20:36:19.901321+00:00,yes,,
0.89,0.91,135.0,1090.78,273.96,1491.78,2301.0,polymarket,84552754346800235507655449200020427861857502735378487650303759836371648567795,2026-10-01T20:36:20.077984+00:00,no,52518065834752760512799289163791459750937055667270871350956454421691959219019,
,0.05,,200.0,,200.0,200.0,kalshi,KXBALLONDORRANK-26T5-AHAK,2026-10-01T20:36:20.271757+00:00,yes,,
0.046,0.047,1057.48,100.75,1273.48,3083.67,3159.86,polymarket,91802235164982351417117377334340649589469690403520558713595002862632256007824,2026-10-01T20:36:20.560527+00:00,yes,,
0.953,0.954,100.75,1057.48,3083.67,1273.48,1494.34,polymarket,113563124631080078846672401331382320655480691780843202814137391830613664504718,2026-10-01T20:36:20.754646+00:00,no,91802235164982351417117377334340649589469690403520558713595002862632256007824,
0.93,0.99,200.0,119.99,200.0,119.99,119.99,kalshi,KXBALLONDORRANK-26T5-HKAN,2026-10-01T20:36:20.948640+00:00,yes,,200.0
0.962,0.991,500.0,60.0,639.0,123428.35,123428.35,polymarket,54185463123177219219383302867202930005160038390033845277092313713710133585807,2026-10-01T20:36:21.229343+00:00,yes,,
0.009,0.038,60.0,500.0,123428.35,639.0,889.0,polymarket,1279118239034093059915988100362249141104791329603507105328785333014092810835,2026-10-01T20:36:21.402440+00:00,no,54185463123177219219383302867202930005160038390033845277092313713710133585807,
0.22,0.3,200.0,5.0,200.0,205.0,205.0,kalshi,KXBALLONDORRANK-26T5-KKVA,2026-10-01T20:36:21.597088+00:00,yes,,200.0
0.34,0.35,238.42,160.0,4008.61,393.87,471.87,polymarket,109508305811608362481552936177321415656634089861862696307207579214123744668556,2026-10-01T20:36:21.892655+00:00,yes,,
0.65,0.66,160.0,238.42,393.87,4008.61,4478.6,polymarket,25391001355184152172451345202337642600636368997941124014650370181484722944061,2026-10-01T20:36:22.066425+00:00,no,109508305811608362481552936177321415656634089861862696307207579214123744668556,
0.95,0.99,5.0,5.0,205.0,5.0,5.0,kalshi,KXBALLONDORRANK-26T5-LYAM,2026-10-01T20:36:22.259701+00:00,yes,,205.0
0.971,0.988,30.0,40.0,654.53,972.37,3257.37,polymarket,62495438701992550950006785500129391581048562867519866224090316757077511023509,2026-10-01T20:36:22.541323+00:00,yes,,
0.012,0.029,40.0,30.0,972.37,654.53,1504.52,polymarket,17419971150834798697463643202003047643720079759507721163379932538099220909066,2026-10-01T20:36:22.720923+00:00,no,62495438701992550950006785500129391581048562867519866224090316757077511023509,
0.93,0.97,33.04,200.0,33.04,200.0,324.0,kalshi,KXBALLONDORRANK-26T5-KMBA,2026-10-01T20:36:22.961220+00:00,yes,,33.04
0.93,0.95,53.04,2382.0,420.04,2610.64,6685.09,polymarket,87606932765903027745095443717187877834118899018734389711624404260810199794745,2026-10-01T20:36:23.240756+00:00,yes,,
0.05,0.07,2382.0,53.04,2610.64,420.04,1438.77,polymarket,89494855508338177369027793486521061650308729711165214558541184057013507511229,2026-10-01T20:36:23.419414+00:00,no,87606932765903027745095443717187877834118899018734389711624404260810199794745,
0.62,0.71,200.0,200.0,200.0,200.0,200.0,kalshi,KXBALLONDORRANK-26T5-LMES,2026-10-01T20:36:23.613747+00:00,yes,,200.0
0.68,0.69,649.94,300.0,1209.81,2629.54,5136.69,polymarket,108344148092703014113967081676852784504655588478314930682261629377150250575610,2026-10-01T20:36:23.904049+00:00,yes,,
0.31,0.32,300.0,649.94,2629.54,1209.81,1259.81,polymarket,36977275822964727770163913500712455331924031136638105270507329551499726606356,2026-10-01T20:36:24.083482+00:00,no,108344148092703014113967081676852784504655588478314930682261629377150250575610,
0.33,0.37,7.34,200.0,7.34,200.0,200.0,kalshi,KXBALLONDORRANK-26T5-MOLI,2026-10-01T20:36:24.283541+00:00,yes,,7.34
0.33,0.34,267.92,172.53,865.35,782.8,1844.18,polymarket,36693872774218995033645893637748977819030531512059538001601640452972177189873,2026-10-01T20:36:24.583842+00:00,yes,,
0.66,0.67,172.53,267.92,782.8,865.35,1276.34,polymarket,22027520855448037692540952713074176544205596396685445165684040006596788623264,2026-10-01T20:36:24.781182+00:00,no,36693872774218995033645893637748977819030531512059538001601640452972177189873,
,0.06,,200.0,,200.0,200.0,kalshi,KXBALLONDORRANK-26T5-DRIC,2026-10-01T20:36:24.977553+00:00,yes,,
0.04,0.06,6372.7,209.97,6947.61,292.97,612.97,polymarket,73445619424030250296902767818220182389160732685150642932717308668965741325951,2026-10-01T20:36:25.250275+00:00,yes,,
0.94,0.96,209.97,6372.7,292.97,6947.61,9663.34,polymarket,39478866764352043404273348562017750464248110501336883413114348103922478632457,2026-10-01T20:36:25.445293+00:00,no,73445619424030250296902767818220182389160732685150642932717308668965741325951,
0.58,0.67,200.0,200.0,200.0,200.0,200.0,kalshi,KXBALLONDORRANK-26T5-RODR,2026-10-01T20:36:25.642426+00:00,yes,,200.0
0.64,0.65,230.95,100.0,400.95,270.0,2323.24,polymarket,76229642320639990049043633849133012825415801561516341121315404598702037786511,2026-10-01T20:36:25.923225+00:00,yes,,
0.35,0.36,100.0,230.95,270.0,400.95,1047.84,polymarket,58829560295499740609660642929697807513390126090205362406474768907907825820153,2026-10-01T20:36:26.106488+00:00,no,76229642320639990049043633849133012825415801561516341121315404598702037786511,
,0.05,,200.0,,200.0,200.0,kalshi,KXBALLONDORRANK-26T5-VITI,2026-10-01T20:36:26.301369+00:00,yes,,
0.053,0.054,1020.0,146.82,1120.0,2388.48,3020.59,polymarket,52176008162352572478049588934339121107142812776483351741687505212466448164176,2026-10-01T20:36:26.588522+00:00,yes,,
0.946,0.947,146.82,1020.0,2388.48,1120.0,1541.0,polymarket,111403231075734330323771967513076911010693453270514253623804064273278355283701,2026-10-01T20:36:26.770155+00:00,no,52176008162352572478049588934339121107142812776483351741687505212466448164176,
0.02,0.1,200.0,200.0,200.0,376.5,376.5,kalshi,KXBALLONDORRANK-26T3-ODEM,2026-10-01T20:36:26.963362+00:00,yes,,200.0
0.04,0.06,20.0,10.08,3952.79,915.28,3541.12,polymarket,35134500188544784670217568673324639554618834173880098858795023800055456359897,2026-10-01T20:36:27.255857+00:00,yes,,
0.94,0.96,10.08,20.0,915.28,3952.79,18720.05,polymarket,76461781819910011111168128469423208485139661892587341689088401987002652842848,2026-10-01T20:36:27.445655+00:00,no,35134500188544784670217568673324639554618834173880098858795023800055456359897,
0.9,0.99,200.0,243.63,200.0,243.63,243.63,kalshi,KXBALLONDORRANK-26T3-HKAN,2026-10-01T20:36:27.692913+00:00,yes,,200.0
0.951,0.954,85.78,243.63,18325.78,1323.63,9504.28,polymarket,82409000335425278488665362664302751035390635261239067486132710111934029644470,2026-10-01T20:36:27.985620+00:00,yes,,
0.046,0.049,243.63,85.78,1323.63,18325.78,32371.16,polymarket,12309270468396165654057975251335444576145032815785874140561915764438174859360,2026-10-01T20:36:28.181916+00:00,no,82409000335425278488665362664302751035390635261239067486132710111934029644470,
0.01,0.09,200.0,200.0,200.0,200.0,200.0,kalshi,KXBALLONDORRANK-26T3-KKVA,2026-10-01T20:36:28.376717+00:00,yes,,200.0
0.062,0.068,101.0,204.57,203.84,254.12,275.12,polymarket,99975367604500535077605564565321403148071344046573903670475200827637974064283,2026-10-01T20:36:28.659435+00:00,yes,,
0.932,0.938,204.57,101.0,254.12,203.84,1533.83,polymarket,42638181291120436395411007505462877357150322124224675977446181822094625421754,2026-10-01T20:36:28.854582+00:00,no,99975367604500535077605564565321403148071344046573903670475200827637974064283,
0.97,,6.05,,6.05,,,kalshi,KXBALLONDORRANK-26T3-LYAM,2026-10-01T20:36:29.048991+00:00,yes,,6.05
0.962,0.986,42.44,60.0,912.55,2702.99,4679.19,polymarket,20244707896856009517518608521959978978331246275620618377629957629913871784296,2026-10-01T20:36:29.332636+00:00,yes,,
0.014,0.038,60.0,42.44,2702.99,912.55,16658.29,polymarket,44814132146964462041104569749560028287587300629188076883208595552020103249655,2026-10-01T20:36:29.507777+00:00,no,20244707896856009517518608521959978978331246275620618377629957629913871784296,
0.6,0.68,4.0,200.0,204.0,200.0,200.0,kalshi,KXBALLONDORRANK-26T3-KMBA,2026-10-01T20:36:29.816686+00:00,yes,,204.0
0.57,0.71,62.97,55.38,62.97,55.38,55.38,polymarket,74473996442012992380676870006739770237037057336567567233855106290930440805273,2026-10-01T20:36:30.102260+00:00,yes,,
0.29,0.43,55.38,62.97,55.38,62.97,162.97,polymarket,94460938716696962400906318004981079238211572891965687608128793145682575549865,2026-10-01T20:36:30.282991+00:00,no,74473996442012992380676870006739770237037057336567567233855106290930440805273,
0.2,0.29,200.0,200.0,200.0,200.0,200.0,kalshi,KXBALLONDORRANK-26T3-LMES,2026-10-01T20:36:30.526178+00:00,yes,,200.0
0.29,0.3,5.0,28.31,937.68,1713.17,2524.72,polymarket,112435591087016076493208960534401323722333105737554100813225815674637878259660,2026-10-01T20:36:30.850080+00:00,yes,,
0.7,0.71,28.31,5.0,1713.17,937.68,1701.6,polymarket,63086127080680203778253022484510098280938456036714510564823281331392001317244,2026-10-01T20:36:31.045179+00:00,no,112435591087016076493208960534401323722333105737554100813225815674637878259660,
0.14,0.23,200.0,200.0,200.0,200.0,200.0,kalshi,KXBALLONDORRANK-26T3-RODR,2026-10-01T20:36:31.285765+00:00,yes,,200.0
0.18,0.19,259.7,60.0,399.7,596.08,736.18,polymarket,24791976294583322276800111719984853803927020120808752661366180123701483089790,2026-10-01T20:36:31.575591+00:00,yes,,
0.81,0.82,60.0,259.7,596.08,399.7,939.3,polymarket,41721041026870607028575681788940355978229045642094586500562747855544548109895,2026-10-01T20:36:31.760639+00:00,no,24791976294583322276800111719984853803927020120808752661366180123701483089790,
0.03,0.12,200.0,200.0,200.0,200.0,200.0,kalshi,KXBALLONDORRANK-26T3-FRUI,2026-10-01T20:36:31.952913+00:00,yes,,200.0
0.13,0.131,1030.0,1317.78,1927.2,2577.78,2620.78,polymarket,6109648521992864850662261498111575102456231785363366567728408332175085743081,2026-10-01T20:36:32.250016+00:00,yes,,
0.869,0.87,1317.78,1030.0,2577.78,1927.2,3971.2,polymarket,29912408893264447121551907352036467470060463190051962976550873668806352068532,2026-10-01T20:36:32.430297+00:00,no,6109648521992864850662261498111575102456231785363366567728408332175085743081,
0.61,0.68,67.72,200.0,167.72,200.0,200.0,kalshi,KXBALLONDORRANK-26T10-JBEL,2026-10-01T20:36:32.623393+00:00,yes,,367.72
0.54,0.58,238.0,145.0,738.0,248.99,348.99,polymarket,7976652874302228116562387963397020451716203034693320092234554396171137983702,2026-10-01T20:36:32.915981+00:00,yes,,
0.42,0.46,145.0,238.0,248.99,738.0,771.0,polymarket,58353848924257499166514269490522672492660509502760887274449710404534162900093,2026-10-01T20:36:33.106823+00:00,no,7976652874302228116562387963397020451716203034693320092234554396171137983702,
0.28,0.37,200.0,200.0,200.0,200.0,200.0,kalshi,KXBALLONDORRANK-26T10-PCUB,2026-10-01T20:36:33.341612+00:00,yes,,200.0
0.27,0.28,60.0,179.99,818.28,239.99,459.99,polymarket,23085296494206099285519909421058339893862715769009165536354035784667776218344,2026-10-01T20:36:33.615022+00:00,yes,,
0.72,0.73,179.99,60.0,239.99,818.28,858.28,polymarket,51620822713484742090980868215272291003356171909872871199394209938538852817234,2026-10-01T20:36:33.799855+00:00,no,23085296494206099285519909421058339893862715769009165536354035784667776218344,
0.66,0.74,5.0,200.0,205.0,200.0,200.0,kalshi,KXBALLONDORRANK-26T10-ODEM,2026-10-01T20:36:33.994562+00:00,yes,,205.0
0.75,0.76,50.0,200.0,150.0,220.0,1368.0,polymarket,2878219488340103421575326580498601038503473856696152740661653594753315459510,2026-10-01T20:36:34.361028+00:00,yes,,
0.24,0.25,200.0,50.0,220.0,150.0,712.0,polymarket,28034201907999818646884676589447949251471752260976499873697233264188862152352,2026-10-01T20:36:34.558986+00:00,no,2878219488340103421575326580498601038503473856696152740661653594753315459510,
0.05,0.12,140.0,2.0,340.0,202.0,202.0,kalshi,KXBALLONDORRANK-26T10-LDIA,2026-10-01T20:36:34.750694+00:00,yes,,340.0
0.14,0.18,29.65,275.34,29.65,275.34,1455.34,polymarket,60315408439955463582057129389780799477612291978672598220569880351698488009427,2026-10-01T20:36:35.042494+00:00,yes,,
0.82,0.86,275.34,29.65,275.34,29.65,29.65,polymarket,24823108454497292484118553809770528675595174760802317288881907334645669219982,2026-10-01T20:36:35.226613+00:00,no,60315408439955463582057129389780799477612291978672598220569880351698488009427,
0.01,0.1,200.0,200.0,200.0,200.0,200.0,kalshi,KXBALLONDORRANK-26T10-BFER,2026-10-01T20:36:35.463064+00:00,yes,,200.0
0.02,0.058,42.0,5.77,219.87,96.96,218.96,polymarket,32448249249211123860031738464016706171003307422435092244589488841197023126130,2026-10-01T20:36:35.737522+00:00,yes,,
0.942,0.98,5.77,42.0,96.96,219.87,507.56,polymarket,9623494424096569312594099378571878728551969819947583651061200993026835937990,2026-10-01T20:36:35.941653+00:00,no,32448249249211123860031738464016706171003307422435092244589488841197023126130,
0.67,0.75,200.0,2.0,200.0,202.0,202.0,kalshi,KXBALLONDORRANK-26T10-EHAA,2026-10-01T20:36:36.134523+00:00,yes,,200.0
0.73,0.9,29.0,21.0,178.98,21.0,21.0,polymarket,3035991149599791032531329032939065037530116810755197461227891272821538001960,2026-10-01T20:36:36.416358+00:00,yes,,
0.1,0.27,21.0,29.0,21.0,178.98,478.98,polymarket,22872304126347710673984746333072048840310956799415015607159894789758823662428,2026-10-01T20:36:36.607857+00:00,no,3035991149599791032531329032939065037530116810755197461227891272821538001960,
0.96,0.99,5.0,109.0,205.0,109.0,109.0,kalshi,KXBALLONDORRANK-26T10-HKAN,2026-10-01T20:36:36.801261+00:00,yes,,205.0
0.971,0.99,500.0,10.0,1500.0,365.0,365.0,polymarket,51700813574417087202989794940236027881389344452173550786921808142887385655223,2026-10-01T20:36:37.080708+00:00,yes,,
0.01,0.029,10.0,500.0,365.0,1500.0,1500.0,polymarket,97514328652887640207866894889619988211414606339762686201148481862918470677705,2026-10-01T20:36:37.268173+00:00,no,51700813574417087202989794940236027881389344452173550786921808142887385655223,
0.84,0.92,200.0,9.0,200.0,209.0,209.0,kalshi,KXBALLONDORRANK-26T10-KKVA,2026-10-01T20:36:37.463423+00:00,yes,,200.0
0.9,0.92,141.6,20.0,141.6,20.0,826.61,polymarket,84135700551503332048724915771867624181170551560436553747930960664713968131366,2026-10-01T20:36:37.756074+00:00,yes,,
0.08,0.1,20.0,141.6,20.0,141.6,304.11,polymarket,31128531503821828132626513448329946456299088663164825338172321289538845662859,2026-10-01T20:36:37.937411+00:00,no,84135700551503332048724915771867624181170551560436553747930960664713968131366,
0.95,0.99,200.0,123.0,200.0,123.0,123.0,kalshi,KXBALLONDORRANK-26T10-LYAM,2026-10-01T20:36:38.128304+00:00,yes,,200.0
0.971,0.999,500.0,5.0,1500.0,5.0,5.0,polymarket,19378848842506606701896892011589113130015320375710121887420539928373875012091,2026-10-01T20:36:38.421426+00:00,yes,,
0.001,0.029,5.0,500.0,5.0,1500.0,1500.0,polymarket,95409216276322014815116372227472175457219115608014313651479023002073520533193,2026-10-01T20:36:38.616242+00:00,no,19378848842506606701896892011589113130015320375710121887420539928373875012091,
0.01,0.08,200.0,200.0,200.0,200.0,200.0,kalshi,KXBALLONDORRANK-26T10-LMAR,2026-10-01T20:36:38.808572+00:00,yes,,200.0
0.021,0.069,81.0,58.16,153.32,98.16,178.52,polymarket,87440808879292242455630485127396760353894361028463735743179519722160047134535,2026-10-01T20:36:39.098787+00:00,yes,,
0.931,0.979,58.16,81.0,98.16,153.32,401.32,polymarket,56007768954559358772071944335637013958512076319544252364518139064323229113721,2026-10-01T20:36:39.295658+00:00,no,87440808879292242455630485127396760353894361028463735743179519722160047134535,
0.96,0.97,15.68,5.0,215.68,5.0,5.0,kalshi,KXBALLONDORRANK-26T10-KMBA,2026-10-01T20:36:39.489473+00:00,yes,,215.68
0.932,0.989,18.94,9.3,938.94,398.24,398.24,polymarket,43335234683627662515749262278834382262882767648227917928715790387433511938003,2026-10-01T20:36:39.773282+00:00,yes,,
0.011,0.068,9.3,18.94,398.24,938.94,938.94,polymarket,34640150463178300693984965469742566344551834705259410186430472199439036395136,2026-10-01T20:36:39.960625+00:00,no,43335234683627662515749262278834382262882767648227917928715790387433511938003,
0.04,0.13,200.0,200.0,200.0,200.0,200.0,kalshi,KXBALLONDORRANK-26T10-NMEN,2026-10-01T20:36:40.225247+00:00,yes,,200.0
0.06,0.08,121.0,200.0,141.0,220.0,240.0,polymarket,90357195281160375060868146323482555279810010443558842437460774803352522517857,2026-10-01T20:36:40.523046+00:00,yes,,
0.92,0.94,200.0,121.0,220.0,141.0,157.36,polymarket,3862404837406069184514873024220880855219748180225233961276385957815015201424,2026-10-01T20:36:40.703803+00:00,no,90357195281160375060868146323482555279810010443558842437460774803352522517857,
0.93,0.96,6.95,200.0,6.95,200.0,287.42,kalshi,KXBALLONDORRANK-26T10-LMES,2026-10-01T20:36:40.985135+00:00,yes,,6.95
0.948,0.979,1020.0,5.75,1110.0,395.74,707.15,polymarket,90491879642624292759308658346576318407571303394657172842597644260749357712663,2026-10-01T20:36:41.272491+00:00,yes,,
0.021,0.052,5.75,1020.0,395.74,1110.0,1170.0,polymarket,88504113554237291716449758595007620306972751261857515929629509219887942226375,2026-10-01T20:36:41.455755+00:00,no,90491879642624292759308658346576318407571303394657172842597644260749357712663,
0.91,0.94,25.19,133.0,128.71,333.0,333.0,kalshi,KXBALLONDORRANK-26T10-MOLI,2026-10-01T20:36:41.646589+00:00,yes,,20076.72
0.88,0.9,190.0,102.0,230.0,122.0,415.33,polymarket,25198581480353363344724715170756563531030779669634598392322462068588763244731,2026-10-01T20:36:41.928613+00:00,yes,,
0.1,0.12,102.0,190.0,122.0,230.0,950.0,polymarket,17811478642033917877533105613150124565289070579770444642723491310444347515816,2026-10-01T20:36:42.107890+00:00,no,25198581480353363344724715170756563531030779669634598392322462068588763244731,
0.27,0.35,5.0,200.0,205.0,200.0,200.0,kalshi,KXBALLONDORRANK-26T10-DRIC,2026-10-01T20:36:42.304043+00:00,yes,,205.0
0.36,0.38,4.75,20.0,54.75,40.0,40.0,polymarket,3258747462691925405012194657693024465929337199227131928378618947945736498230,2026-10-01T20:36:42.581785+00:00,yes,,
0.62,0.64,20.0,4.75,40.0,54.75,994.75,polymarket,79353248770094459910180850354996153747840645386941624736459681160263904917036,2026-10-01T20:36:42.762975+00:00,no,3258747462691925405012194657693024465929337199227131928378618947945736498230,
0.93,0.98,200.0,5.0,200.0,129.0,129.0,kalshi,KXBALLONDORRANK-26T10-RODR,2026-10-01T20:36:42.982474+00:00,yes,,200.0
0.952,0.989,500.0,9.09,1221.0,577.11,577.11,polymarket,36584317187255946530208348593052788204080318532825431349930038971717345670693,2026-10-01T20:36:43.264891+00:00,yes,,
0.011,0.048,9.09,500.0,577.11,1221.0,1221.0,polymarket,106956795533262085820418039122452389695382178980446425849981404957195524692088,2026-10-01T20:36:43.440992+00:00,no,36584317187255946530208348593052788204080318532825431349930038971717345670693,
0.1,0.17,4.0,2.0,204.0,202.0,202.0,kalshi,KXBALLONDORRANK-26T10-VITI,2026-10-01T20:36:43.704476+00:00,yes,,204.0
0.03,0.08,14.33,60.0,99.25,200.0,200.0,polymarket,88402100451331974118537945139586765517987652029817279808587103567183080669633,2026-10-01T20:36:43.986525+00:00,yes,,
0.92,0.97,60.0,14.33,200.0,99.25,145.6,polymarket,97551092816556228121105663337699224991237725470783542821572371718124140349858,2026-10-01T20:36:44.178457+00:00,no,88402100451331974118537945139586765517987652029817279808587103567183080669633,
0.54,0.62,208.82,208.51,432.82,529.51,529.51,kalshi,KXBRASILEIROBTTS-26OCT07BOTVDG-BTTS,2026-10-01T20:36:44.371745+00:00,yes,,660.82
0.55,0.62,208.0,5.0,208.0,213.0,213.0,polymarket,92869698115172310181667666300842148283145049411081179425350162478501064800659,2026-10-01T20:36:44.670850+00:00,yes,,
0.38,0.45,5.0,208.0,213.0,208.0,213.0,polymarket,89047758770979115355896716417090823040158325016797889889330093887751884421596,2026-10-01T20:36:44.862756+00:00,no,92869698115172310181667666300842148283145049411081179425350162478501064800659,
0.51,0.57,139.4,139.84,139.4,422.84,422.84,kalshi,KXBRASILEIROBTTS-26OCT07RBBMIR-BTTS,2026-10-01T20:36:45.059295+00:00,yes,,386.4
0.51,0.59,139.0,6.0,139.0,145.0,233.0,polymarket,13387637090320548587053719825513906958610207816296159600884277176266331163316,2026-10-01T20:36:45.352508+00:00,yes,,
0.41,0.49,6.0,139.0,145.0,139.0,139.0,polymarket,71393243369009109376574502572577129545388760177445288791531241990730002808817,2026-10-01T20:36:45.533476+00:00,no,13387637090320548587053719825513906958610207816296159600884277176266331163316,
0.47,0.54,203.57,203.55,203.57,467.55,467.55,kalshi,KXBRASILEIROBTTS-26OCT07INTCOR-BTTS,2026-10-01T20:36:45.728226+00:00,yes,,467.57
0.48,0.54,6.0,5.0,209.0,208.0,208.0,polymarket,74158041864494781879644405476757868784882752162459496323001047201895928570500,2026-10-01T20:36:46.007596+00:00,yes,,
0.46,0.52,5.0,6.0,208.0,209.0,214.0,polymarket,37348785561466441383957845306074046383634844356942154988526385220936306850396,2026-10-01T20:36:46.199887+00:00,no,74158041864494781879644405476757868784882752162459496323001047201895928570500,
0.52,0.59,209.88,209.47,209.88,506.47,506.47,kalshi,KXBRASILEIROBTTS-26OCT07CRGPA-BTTS,2026-10-01T20:36:46.395834+00:00,yes,,447.88
0.52,0.59,209.0,6.0,214.0,220.0,220.0,polymarket,107765117492593371118871455706546632708716860131097861621277988936797199307173,2026-10-01T20:36:46.673497+00:00,yes,,
0.41,0.48,6.0,209.0,220.0,214.0,250.0,polymarket,51593463069816843572670582097192614863337414558705957528130520006364557882813,2026-10-01T20:36:46.856259+00:00,no,107765117492593371118871455706546632708716860131097861621277988936797199307173,
0.51,0.53,65.0,677.02,5280.97,4999.1,7811.1,kalshi,KXUEFANLBTTS-26OCT04IRLISR-BTTS,2026-10-01T20:36:47.049339+00:00,yes,,6590.97
0.51,0.53,943.0,704.25,1078.45,1604.39,2146.39,polymarket,109043108099085704652497939131025809985902807078982386786276257677717108863207,2026-10-01T20:36:47.344335+00:00,yes,,
0.47,0.49,704.25,943.0,1604.39,1078.45,1541.08,polymarket,105768210436450193460688218658969977125476073869894025631638944319454479090311,2026-10-01T20:36:47.538465+00:00,no,109043108099085704652497939131025809985902807078982386786276257677717108863207,
0.55,0.59,30.0,54.34,90.87,2758.34,3044.34,kalshi,KXUSLBTTS-26OCT03LASSAN-BTTS,2026-10-01T20:36:47.736663+00:00,yes,,90.87
0.52,0.6,96.65,148.59,118.65,148.59,192.59,polymarket,46077535654671234776893975733323456051602438202424916410108550076010360969620,2026-10-01T20:36:48.032183+00:00,yes,,
0.4,0.48,148.59,96.65,148.59,118.65,168.65,polymarket,40456762541863143070972475626327551213040495581447940376174651730334990322271,2026-10-01T20:36:48.222617+00:00,no,46077535654671234776893975733323456051602438202424916410108550076010360969620,
0.55,0.59,124.26,83.78,124.26,3419.78,3875.78,kalshi,KXUSLBTTS-26OCT03CSSOAK-BTTS,2026-10-01T20:36:48.420738+00:00,yes,,232.26
0.55,0.59,5.0,444.0,87.0,630.48,635.48,polymarket,22165569513155994545981000284219524607777374098051092790112336637836385552493,2026-10-01T20:36:48.713776+00:00,yes,,
0.41,0.45,444.0,5.0,630.48,87.0,462.65,polymarket,10474752425644897133886502557231533081483682194998952228188911867201295658485,2026-10-01T20:36:48.908728+00:00,no,22165569513155994545981000284219524607777374098051092790112336637836385552493,
0.47,0.51,32.0,64.45,96.8,96.45,96.45,kalshi,KXUSLBTTS-26OCT03TULSRP-BTTS,2026-10-01T20:36:49.104022+00:00,yes,,96.8
0.43,0.51,86.0,69.0,91.0,69.0,69.0,polymarket,37871305975516898811458965781284775989323212215886074328693605127991740993342,2026-10-01T20:36:49.400414+00:00,yes,,
0.49,0.57,69.0,86.0,69.0,91.0,91.0,polymarket,101748395318857051593145877552550382396284112829567377734246968482021107861886,2026-10-01T20:36:49.575790+00:00,no,37871305975516898811458965781284775989323212215886074328693605127991740993342,
0.48,0.52,96.21,48.96,96.21,2867.96,3139.96,kalshi,KXUSLBTTS-26OCT03TAMMIA-BTTS,2026-10-01T20:36:49.769465+00:00,yes,,1194.21
0.45,0.52,58.0,183.45,113.59,233.45,238.45,polymarket,6378448232191300691946559999660920694710414276841230020172013230484812486760,2026-10-01T20:36:50.044673+00:00,yes,,
0.48,0.55,183.45,58.0,233.45,113.59,263.59,polymarket,105900307580581166771823203488405929326429411194446435983220160335186091302736,2026-10-01T20:36:50.234337+00:00,no,6378448232191300691946559999660920694710414276841230020172013230484812486760,
0.45,0.49,59.0,117.92,177.29,3203.92,3691.92,kalshi,KXBRASILEIROBBTTS-26OCT03BOTVIN-BTTS,2026-10-01T20:36:50.427746+00:00,yes,,177.29
0.41,0.49,122.0,117.0,260.0,172.0,172.0,polymarket,68557579158088283923447376135725948428517796506425382272965223858408173139996,2026-10-01T20:36:50.715009+00:00,yes,,
0.51,0.59,117.0,122.0,172.0,260.0,260.0,polymarket,52945540802854156995269647983477549529550948266231242126705000804806450640764,2026-10-01T20:36:50.902826+00:00,no,68557579158088283923447376135725948428517796506425382272965223858408173139996,
0.39,0.42,184.16,143.2,215.16,306.2,5169.83,kalshi,KXBRASILEIROBBTTS-26OCT03CUIPON-BTTS,2026-10-01T20:36:51.096554+00:00,yes,,327.16
0.36,0.43,216.0,378.7,617.6,478.7,804.7,polymarket,86833805894621604462758271222918566862859992838259586689425377876036332427546,2026-10-01T20:36:51.415390+00:00,yes,,
0.57,0.64,378.7,216.0,478.7,617.6,817.6,polymarket,48326386854838102559654115696564996206170978718828017956018147879523482872537,2026-10-01T20:36:51.608482+00:00,no,86833805894621604462758271222918566862859992838259586689425377876036332427546,
0.46,0.49,0.11,2829.74,0.11,3003.74,3853.74,kalshi,KXBRASILEIROBBTTS-26OCT03GOIAMG-BTTS,2026-10-01T20:36:51.847875+00:00,yes,,330.75
0.45,0.47,371.6,237.0,471.6,342.0,730.05,polymarket,68643460507266320625927323647163989867367862751568448659934609136624988555868,2026-10-01T20:36:52.138764+00:00,yes,,
0.53,0.55,237.0,371.6,342.0,471.6,706.57,polymarket,114108352374690602384057555806584771509803817992125373169326690015260672506237,2026-10-01T20:36:52.325500+00:00,no,68643460507266320625927323647163989867367862751568448659934609136624988555868,
0.53,0.57,383.14,3335.0,3645.14,4210.0,5610.0,kalshi,KXEFLL1BTTS-26OCT03REABRA-BTTS,2026-10-01T20:36:52.523710+00:00,yes,,4262.14
0.53,0.55,630.0,196.0,772.0,703.0,943.39,polymarket,87703083243987952147413724270904517196325303116951927324826977450725521787479,2026-10-01T20:36:52.830737+00:00,yes,,
0.45,0.47,196.0,630.0,703.0,772.0,1175.0,polymarket,20907630209993094091633061585616956909259043677353516350682547042575074569611,2026-10-01T20:36:53.011608+00:00,no,87703083243987952147413724270904517196325303116951927324826977450725521787479,
0.58,0.61,277.25,148.96,589.25,4201.01,5571.01,kalshi,KXEFLL1BTTS-26OCT03LEYPA-BTTS,2026-10-01T20:36:53.204501+00:00,yes,,4820.67
0.58,0.61,129.0,702.0,727.25,987.0,1227.39,polymarket,11760155148288161166287780970258722603898670237430076147867911428891645064875,2026-10-01T20:36:53.490945+00:00,yes,,
0.39,0.42,702.0,129.0,987.0,727.25,1314.3,polymarket,105714181943006442762132199730292047935516997658871338322016716621875187951959,2026-10-01T20:36:53.687886+00:00,no,11760155148288161166287780970258722603898670237430076147867911428891645064875,
0.42,0.45,283.24,262.07,414.24,267.07,3128.07,kalshi,KXBRASILEIROBBTTS-26OCT02JUVFER-BTTS,2026-10-01T20:36:53.886726+00:00,yes,,417.24
0.42,0.44,233.0,275.0,329.56,449.05,642.89,polymarket,41864770571293654542778324238516005725285460259096807149249529661461824675037,2026-10-01T20:36:54.178429+00:00,yes,,
0.56,0.58,275.0,233.0,449.05,329.56,816.59,polymarket,12362060769634988709276361448366169897590721279022489041306624577154308982207,2026-10-01T20:36:54.360087+00:00,no,41864770571293654542778324238516005725285460259096807149249529661461824675037,
0.48,0.5,286.26,145.23,467.26,495.23,3778.23,kalshi,KXBRASILEIROBBTTS-26OCT02LONCRI-BTTS,2026-10-01T20:36:54.558832+00:00,yes,,534.26
0.48,0.5,176.0,305.15,223.0,550.15,949.05,polymarket,52483200693523976342111223036842593504087403091773610551105281775311522969699,2026-10-01T20:36:54.835628+00:00,yes,,
0.5,0.52,305.15,176.0,550.15,223.0,750.19,polymarket,79237707269846067737186894983363810325764706850269666717571030213974791043597,2026-10-01T20:36:55.031666+00:00,no,52483200693523976342111223036842593504087403091773610551105281775311522969699,
0.52,0.53,99.0,806.78,1873.77,5908.86,10020.86,kalshi,KXBRASILEIROBTTS-26OCT02SPASAN-BTTS,2026-10-01T20:36:55.224902+00:00,yes,,9378.77
0.51,0.53,1509.0,637.0,2286.44,2384.31,3064.05,polymarket,21261135132517815959211310047623326165219336781780051274368176120970836400684,2026-10-01T20:36:55.502503+00:00,yes,,
0.47,0.49,637.0,1509.0,2384.31,2286.44,2925.53,polymarket,29025534846693168262734646877334984068725749045290654926948753758699565293261,2026-10-01T20:36:55.694449+00:00,no,21261135132517815959211310047623326165219336781780051274368176120970836400684,
0.56,0.57,65.0,339.58,386.5,339.58,676.58,kalshi,KXBRASILEIROBBTTS-26OCT02SBEBRA-BTTS,2026-10-01T20:36:55.891629+00:00,yes,,590.79
0.55,0.57,320.0,220.0,420.0,320.0,782.78,polymarket,50273955277960616623462617204575365745622903641821069278780163154027088203321,2026-10-01T20:36:56.171079+00:00,yes,,
0.43,0.45,220.0,320.0,320.0,420.0,775.09,polymarket,78214252686167037041306425990073938747943549455418600050101894539416939519214,2026-10-01T20:36:56.364766+00:00,no,50273955277960616623462617204575365745622903641821069278780163154027088203321,
0.49,0.54,66.0,1438.0,1275.0,2188.0,3930.0,kalshi,KXCONCACAFNLBTTS-26OCT02KNACUB-BTTS,2026-10-01T20:36:56.560274+00:00,yes,,2193.0
0.47,0.56,55.0,5.0,89.85,576.11,689.11,polymarket,29229242501972621572669040089080182545163476247525460644448475292984776434746,2026-10-01T20:36:56.834766+00:00,yes,,
0.44,0.53,5.0,55.0,576.11,89.85,133.85,polymarket,111483277924573939666671049814888870327691810319199067556852070857429068985288,2026-10-01T20:36:57.015583+00:00,no,29229242501972621572669040089080182545163476247525460644448475292984776434746,
0.62,0.63,625.0,2033.96,8118.59,2178.96,16655.48,kalshi,KXCONCACAFNLBTTS-26OCT02LCAGLP-BTTS,2026-10-01T20:36:57.258181+00:00,yes,,13553.97
0.62,0.63,193.41,155.59,510.41,155.59,4621.28,polymarket,66336157949335856616698616891527677178334300132692240092785483491756494727035,2026-10-01T20:36:57.543295+00:00,yes,,
0.37,0.38,155.59,193.41,155.59,510.41,3933.26,polymarket,12569130633124654300979657428837557374856853863148623239899424758033732975652,2026-10-01T20:36:57.739902+00:00,no,66336157949335856616698616891527677178334300132692240092785483491756494727035,
0.62,0.63,1200.0,9789.75,3030.0,11596.75,30677.48,kalshi,KXUEFANLBTTS-26OCT02BELTUR-BTTS,2026-10-01T20:36:57.933331+00:00,yes,,27503.28
0.61,0.62,2678.0,2769.46,9336.35,4179.83,7191.12,polymarket,56324283020986834640053472696771242640083146426291074785707650450804905887524,2026-10-01T20:36:58.227213+00:00,yes,,
0.38,0.39,2769.46,2678.0,4179.83,9336.35,13474.45,polymarket,100410188404030230660284636782414262687588421240270547230280710030035911155917,2026-10-01T20:36:58.411345+00:00,no,56324283020986834640053472696771242640083146426291074785707650450804905887524,
0.24,0.25,255.0,1763.0,1155.0,2613.0,9824.0,kalshi,KXUEFANL1HBTTS-26OCT02BELTUR-BTTS,2026-10-01T20:36:58.604556+00:00,yes,,7728.2
0.23,0.26,100.0,100.0,712.0,1608.78,5340.17,polymarket,2491630234825554449691837631000972642915237515265361195365572914381458116684,2026-10-01T20:36:58.900358+00:00,yes,,
0.74,0.77,100.0,100.0,1608.78,712.0,3773.03,polymarket,62229399842787227593386575261634185362054791392321338531616728183005165212498,2026-10-01T20:36:59.076978+00:00,no,2491630234825554449691837631000972642915237515265361195365572914381458116684,
0.06,0.08,2534.63,1294.4,2534.63,4295.4,9161.4,kalshi,KXUEFANLSCORE-26OCT02BIHSWE-BIH0SWE1,2026-10-01T20:36:59.271744+00:00,yes,,2784.63
0.07,0.08,1198.0,3038.61,16949.0,5862.61,12763.43,polymarket,113138461310756072307602239323758743696285817597325097024951574172421366131987,2026-10-01T20:36:59.561000+00:00,yes,,
0.92,0.93,3038.61,1198.0,5862.61,16949.0,102184.93,polymarket,94147431009034652249392401127504272723947304176805188061866560534582828238306,2026-10-01T20:36:59.756769+00:00,no,113138461310756072307602239323758743696285817597325097024951574172421366131987,
0.04,0.06,489.41,817.23,489.41,6002.23,8252.23,kalshi,KXUEFANLSCORE-26OCT02BIHSWE-BIH0SWE2,2026-10-01T20:36:59.948668+00:00,yes,,489.41
0.05,0.06,22865.6,1776.0,45738.6,5662.0,11523.86,polymarket,55468732689200285918659437878663309653521604409060254759653543193843209113939,2026-10-01T20:37:00.248259+00:00,yes,,
0.94,0.95,1776.0,22865.6,5662.0,45738.6,172043.48,polymarket,100295487998032498257862746204693411763165930940199385100268692172683529832347,2026-10-01T20:37:00.445021+00:00,no,55468732689200285918659437878663309653521604409060254759653543193843209113939,
,0.04,,1552.6,,6032.6,6782.6,kalshi,KXUEFANLSCORE-26OCT02BIHSWE-BIH0SWE3,2026-10-01T20:37:00.638057+00:00,yes,,
0.026,0.031,615.0,270.0,268328.0,2346.0,15800.59,polymarket,103537461369462396291700411200159298510359922875169737756498834245996399513198,2026-10-01T20:37:00.918247+00:00,yes,,
0.969,0.974,270.0,615.0,2346.0,268328.0,623363.0,polymarket,55769415911254781394930778080647310526418622323435381402702112719090907994165,2026-10-01T20:37:01.091717+00:00,no,103537461369462396291700411200159298510359922875169737756498834245996399513198,
0.07,0.1,885.41,3210.28,885.41,7871.28,9121.28,kalshi,KXUEFANLSCORE-26OCT02BIHSWE-BIH1SWE2,2026-10-01T20:37:01.285305+00:00,yes,,1135.41
0.08,0.09,711.25,503.0,14005.25,4683.0,12365.79,polymarket,52373993127900925313882141049971309656039728284724514978604098914452016064993,2026-10-01T20:37:01.584412+00:00,yes,,
0.91,0.92,503.0,711.25,4683.0,14005.25,83377.33,polymarket,43292709920567681604020091362331275241916946360464568828830191673194768264472,2026-10-01T20:37:01.780586+00:00,no,52373993127900925313882141049971309656039728284724514978604098914452016064993,
0.03,0.05,311.41,765.6,3586.41,6816.6,7566.6,kalshi,KXUEFANLSCORE-26OCT02BIHSWE-BIH1SWE3,2026-10-01T20:37:01.972527+00:00,yes,,4910.41
0.03,0.05,13599.0,2196.2,57880.0,7452.64,13202.01,polymarket,44418753565871881817078935296826466425332191872080161962523521610723011378679,2026-10-01T20:37:02.265183+00:00,yes,,
0.95,0.97,2196.2,13599.0,7452.64,57880.0,251751.74,polymarket,38001850881656275490921885298196287706100374266399168259255308922457686834943,2026-10-01T20:37:02.448300+00:00,no,44418753565871881817078935296826466425332191872080161962523521610723011378679,
,0.04,,968.6,,5922.6,6672.6,kalshi,KXUEFANLSCORE-26OCT02BIHSWE-BIH2SWE3,2026-10-01T20:37:02.646601+00:00,yes,,
0.028,0.034,595.0,270.0,47055.11,3788.0,16477.12,polymarket,69147885190410880303502924336061304044189340520759995972686485184379490308041,2026-10-01T20:37:02.928967+00:00,yes,,
0.966,0.972,270.0,595.0,3788.0,47055.11,446492.11,polymarket,55907879358755353122351969443596579576866360851014062110666879546677032587514,2026-10-01T20:37:03.105042+00:00,no,69147885190410880303502924336061304044189340520759995972686485184379490308041,
,0.67,,3.0,,3.0,3.0,kalshi,KXUEFANLFTTS-26OCT02FROSVK-SVK,2026-10-01T20:37:03.296161+00:00,yes,,
0.63,0.66,250.0,250.0,500.0,600.0,1392.67,polymarket,28844844153235820940352570528073123501833070435032295864490347269095779794266,2026-10-01T20:37:03.592483+00:00,yes,,
0.34,0.37,250.0,250.0,600.0,500.0,886.47,polymarket,108435857233588374170969434366415588827153075064892862593921021188216599057831,2026-10-01T20:37:03.788290+00:00,no,28844844153235820940352570528073123501833070435032295864490347269095779794266,
0.25,0.3,3.0,4.0,7.0,4.0,4.0,kalshi,KXUEFANLFTTS-26OCT02FRAITA-ITA,2026-10-01T20:37:03.981985+00:00,yes,,7.0
0.27,0.29,250.0,5.0,500.0,505.0,2394.76,polymarket,68199383069153560651988466993976979632922901309127792326449640512073597608836,2026-10-01T20:37:04.260251+00:00,yes,,
0.71,0.73,5.0,250.0,505.0,500.0,1250.0,polymarket,69010889522173051992070106127553564066564999143136063524923156242116542491919,2026-10-01T20:37:04.444154+00:00,no,68199383069153560651988466993976979632922901309127792326449640512073597608836,
0.65,0.7,3.0,3.0,3.0,6.0,6.0,kalshi,KXUEFANLFTTS-26OCT02BELTUR-BEL,2026-10-01T20:37:04.638323+00:00,yes,,3.0
0.66,0.69,250.0,500.0,500.0,1494.23,2166.23,polymarket,96242624835439313474676612134483670492209047616572066095465421266456972327548,2026-10-01T20:37:04.918484+00:00,yes,,
0.31,0.34,500.0,250.0,1494.23,500.0,1250.0,polymarket,57223185742003724616214906366042600525139625909492938600058435295058916361005,2026-10-01T20:37:05.119804+00:00,no,96242624835439313474676612134483670492209047616572066095465421266456972327548,
0.3,0.34,2.0,2.0,6.0,2.0,5.0,kalshi,KXUEFANLFTTS-26OCT02LATMNE-LAT,2026-10-01T20:37:05.312034+00:00,yes,,6.0
0.3,0.33,250.0,250.0,500.0,839.22,1389.22,polymarket,77634066121254685322042731058184726716717000651152092764320445384170296764278,2026-10-01T20:37:05.607988+00:00,yes,,
0.67,0.7,250.0,250.0,839.22,500.0,966.51,polymarket,54352176300783059268662117884044107049992829999700485246494291993431663835513,2026-10-01T20:37:05.788133+00:00,no,77634066121254685322042731058184726716717000651152092764320445384170296764278,
0.5,0.55,3.0,8.0,3.0,8.0,8.0,kalshi,KXUEFANLFTTS-26OCT02CYPARM-CYP,2026-10-01T20:37:05.982963+00:00,yes,,3.0
0.5,0.53,250.0,250.0,500.0,771.23,1221.23,polymarket,21024664782527586760375227819885168042597061913080865956364172303016462805051,2026-10-01T20:37:06.266650+00:00,yes,,
0.47,0.5,250.0,250.0,771.23,500.0,845.15,polymarket,113371092800495489702364299878698221954329243848778839822988385982338508594125,2026-10-01T20:37:06.443279+00:00,no,21024664782527586760375227819885168042597061913080865956364172303016462805051,
0.44,0.45,2524.59,2229.31,3975.22,7517.31,9332.59,kalshi,KXINTLFRIENDLYBTTS-26OCT02KORVEN-BTTS,2026-10-01T20:37:06.639139+00:00,yes,,12166.22
0.44,0.45,3094.29,91.02,4145.27,339.95,2440.5,polymarket,70004428781871738421414823317218591600059412173160764340126019268590923857034,2026-10-01T20:37:06.918039+00:00,yes,,
0.55,0.56,91.02,3094.29,339.95,4145.27,6370.69,polymarket,78411931191729525822622726016050490650122336629160936646686229905012039188837,2026-10-01T20:37:07.111455+00:00,no,70004428781871738421414823317218591600059412173160764340126019268590923857034,
0.14,0.15,13.0,25.0,50.0,800.0,5825.0,kalshi,KXINTLFRIENDLY1HBTTS-26OCT02KORVEN-BTTS,2026-10-01T20:37:07.307378+00:00,yes,,113.0
0.13,0.16,25.0,25.0,50.0,50.0,1262.79,polymarket,92784232647667396892187781545011071169459694952994613738074629337164650808975,2026-10-01T20:37:07.598046+00:00,yes,,
0.84,0.87,25.0,25.0,50.0,50.0,1010.03,polymarket,36751522733855289619668828086275919025479946316079271558622138737046773442197,2026-10-01T20:37:07.807243+00:00,no,92784232647667396892187781545011071169459694952994613738074629337164650808975,
0.55,0.56,2344.02,2482.0,11755.18,3937.38,15494.38,kalshi,KXDIMAYORBTTS-26OCT01INTOC-BTTS,2026-10-01T20:37:08.019071+00:00,yes,,12576.33
0.55,0.56,553.0,1303.0,1241.5,1933.24,3781.24,polymarket,80429547787331140718056894802331773715429754132438334582164814100329840535321,2026-10-01T20:37:08.318469+00:00,yes,,
0.44,0.45,1303.0,553.0,1933.24,1241.5,3942.46,polymarket,65707768443220225350285671257161345251787530387137028294796482102345691751968,2026-10-01T20:37:08.499455+00:00,no,80429547787331140718056894802331773715429754132438334582164814100329840535321,
0.65,0.66,179.0,659.0,803.0,1614.0,4374.0,kalshi,KXMLSFTTS-26OCT01SEASKC-SEA,2026-10-01T20:37:08.691297+00:00,yes,,3348.0
0.66,0.67,7.0,190.0,7.0,826.55,2051.13,polymarket,111017861938789959568660763845399785946523781625497098260124394038480139252289,2026-10-01T20:37:08.989812+00:00,yes,,
0.33,0.34,190.0,7.0,826.55,7.0,348.75,polymarket,40522233736022911012768297006070971947557284836400505829291032440233612613658,2026-10-01T20:37:09.167767+00:00,no,111017861938789959568660763845399785946523781625497098260124394038480139252289,
0.47,0.48,1786.58,2025.0,7270.66,5552.48,27658.48,kalshi,KXBRASILEIROBBTTS-26OCT01GRNGGO-BTTS,2026-10-01T20:37:09.359738+00:00,yes,,26647.14
0.47,0.49,1165.86,3176.92,2525.86,4102.7,5725.7,polymarket,92541919777583845810158482872532174275259755608812785606920190096053055843537,2026-10-01T20:37:09.641190+00:00,yes,,
0.51,0.53,3176.92,1165.86,4102.7,2525.86,3748.66,polymarket,3153809418315053525405641475136012593252453850525775286805888439654590543675,2026-10-01T20:37:09.825709+00:00,no,92541919777583845810158482872532174275259755608812785606920190096053055843537,
0.16,0.17,13.0,25.0,50.0,5050.0,5075.0,kalshi,KXBRASILEIROB1HBTTS-26OCT01GRNGGO-BTTS,2026-10-01T20:37:10.019053+00:00,yes,,127.0
0.15,0.17,442.2,25.0,467.2,255.5,2380.74,polymarket,81827878028371004750744697560350117777044115687089439303986080154532033142191,2026-10-01T20:37:10.312195+00:00,yes,,
0.83,0.85,25.0,442.2,255.5,467.2,1559.74,polymarket,14860503774183797825321109645954526017888670253241646360922739373893253788269,2026-10-01T20:37:10.496741+00:00,no,81827878028371004750744697560350117777044115687089439303986080154532033142191,
0.48,0.49,1350.0,1940.3,6991.38,3376.07,26817.05,kalshi,KXBRASILEIROBBTTS-26OCT01ATHREC-BTTS,2026-10-01T20:37:10.691940+00:00,yes,,25751.38
0.48,0.49,183.0,343.37,2206.0,2178.45,4344.43,polymarket,113417220271660793245269075888498788245144958386286374168376788627345257293738,2026-10-01T20:37:10.990080+00:00,yes,,
0.51,0.52,343.37,183.0,2178.45,2206.0,4079.28,polymarket,113913222585731134542484260073739006451979313688321997749871806818056467716626,2026-10-01T20:37:11.249611+00:00,no,113417220271660793245269075888498788245144958386286374168376788627345257293738,
0.15,0.16,13.0,25.0,63.0,535.0,5729.0,kalshi,KXBRASILEIROB1HBTTS-26OCT01ATHREC-BTTS,2026-10-01T20:37:11.446050+00:00,yes,,6662.0
0.14,0.17,25.0,25.0,560.0,271.5,1761.24,polymarket,56608091272688491240328663407857740396096305421107891070424479588353971603437,2026-10-01T20:37:11.736548+00:00,yes,,
0.83,0.86,25.0,25.0,271.5,560.0,1629.01,polymarket,63726485857985757779104801569178105204731216544968958030104940428704934646515,2026-10-01T20:37:11.916486+00:00,no,56608091272688491240328663407857740396096305421107891070424479588353971603437,
0.54,0.55,849.78,565.0,16190.61,1942.29,19954.52,kalshi,KXCONCACAFNLBTTS-26OCT01CUWTTO-BTTS,2026-10-01T20:37:12.111896+00:00,yes,,22991.61
0.54,0.55,2061.93,50.0,3656.93,1206.0,2671.59,polymarket,57559363936104141079471545477876002177512198840225435214163764619422511188779,2026-10-01T20:37:12.401028+00:00,yes,,
0.45,0.46,50.0,2061.93,1206.0,3656.93,5871.94,polymarket,17884700287418037155371438385919475237774197290058605047868058662870007075304,2026-10-01T20:37:12.583321+00:00,no,57559363936104141079471545477876002177512198840225435214163764619422511188779,
0.19,0.2,350.0,498.85,638.0,1223.85,6778.85,kalshi,KXCONCACAFNL1HBTTS-26OCT01CUWTTO-BTTS,2026-10-01T20:37:12.784452+00:00,yes,,9392.0
0.2,0.21,575.9,50.0,575.9,309.01,1149.02,polymarket,33341796403642688561504272351116696095936996560536129854691365389058784772087,2026-10-01T20:37:13.075478+00:00,yes,,
0.79,0.8,50.0,575.9,309.01,575.9,1043.53,polymarket,57110180181761921049732949771326041903336959551279660565417559776567257346236,2026-10-01T20:37:13.267782+00:00,no,33341796403642688561504272351116696095936996560536129854691365389058784772087,
0.21,0.29,396.77,113.0,400.77,508.02,508.02,kalshi,KXCONCACAFNLBTTS-26OCT01VIRSMA-BTTS,2026-10-01T20:37:13.462638+00:00,yes,,421.77
0.23,0.33,5.0,44.0,10.0,85.0,85.0,polymarket,82181756050035348431242879254454767346859705378952978412485850831657483983491,2026-10-01T20:37:13.742724+00:00,yes,,
0.67,0.77,44.0,5.0,85.0,10.0,20.0,polymarket,42671672617409979281261329945788249099786146465354711360506734454052459363624,2026-10-01T20:37:13.928752+00:00,no,82181756050035348431242879254454767346859705378952978412485850831657483983491,
,,,,,,,kalshi,KXUCLWBTTS-26OCT01MCIRMA-BTTS,2026-10-01T20:37:14.122447+00:00,yes,,
0.999,,66.37,,11197.08,,,polymarket,25727041019695750972518648682797128097861269328812551638676979223175460768795,2026-10-01T20:37:14.405698+00:00,yes,,
,0.001,,66.37,,11197.08,11197.08,polymarket,31663719759845597048386453892488909962622592080212344183822150135680370346161,2026-10-01T20:37:14.601388+00:00,no,25727041019695750972518648682797128097861269328812551638676979223175460768795,
0.32,0.36,1.0,78.11,1.0,770.91,770.91,kalshi,KXCONCACAFNLBTTS-26OCT01IVBMSR-BTTS,2026-10-01T20:37:14.798668+00:00,yes,,3.0
0.29,0.36,73.95,31.25,78.95,31.25,81.25,polymarket,49879587950463912799424716657496190073899479885952216095955735804183576229662,2026-10-01T20:37:15.080551+00:00,yes,,
0.64,0.71,31.25,73.95,31.25,78.95,88.95,polymarket,44254742394817359232488820383673422611305223911649130491272155399297015574817,2026-10-01T20:37:15.611835+00:00,no,49879587950463912799424716657496190073899479885952216095955735804183576229662,
0.99,,19324.39,,21324.39,,,kalshi,KXUEFANLBTTS-26OCT01IRLAUT-BTTS,2026-10-01T20:37:15.806003+00:00,yes,,28350.39
0.999,,101135.59,,106665.61,,,polymarket,15976347337144129261573625261104243802861266612433679390408256214059062180763,2026-10-01T20:37:16.109548+00:00,yes,,
,0.001,,101135.59,,106665.61,107291.13,polymarket,32957302088980391128056077703297931879116901145484113444002777530365302652265,2026-10-01T20:37:16.304431+00:00,no,15976347337144129261573625261104243802861266612433679390408256214059062180763,
,,,,,,,kalshi,KXUEFANLFTTS-26OCT01WALNOR-WAL,2026-10-01T20:37:16.497317+00:00,yes,,
,0.001,,55.05,,1115.05,1115.05,polymarket,27801935036731646420374765623773934812541923307009734899781998646061961855116,2026-10-01T20:37:16.790784+00:00,yes,,
0.999,,55.05,,1115.05,,,polymarket,36103424151679109625707635083329758585905303041518226335017295356466586499403,2026-10-01T20:37:16.977581+00:00,no,27801935036731646420374765623773934812541923307009734899781998646061961855116,
,,,,,,,kalshi,KXUEFANLFTTS-26OCT01WALNOR-NOR,2026-10-01T20:37:17.175031+00:00,yes,,
0.999,,40.3,,1100.3,,,polymarket,40635242281785700491097053377728619265205661521566694905840072651727105742978,2026-10-01T20:37:17.486860+00:00,yes,,
,0.001,,40.3,,1100.3,1100.3,polymarket,81982986858274483596831221673090346123005996150317564757180350470708827019161,2026-10-01T20:37:17.677478+00:00,no,40635242281785700491097053377728619265205661521566694905840072651727105742978,
,,,,,,,kalshi,KXUEFANLFTTS-26OCT01MLTGIB-MLT,2026-10-01T20:37:17.870693+00:00,yes,,
0.999,,135.05,,155.05,,,polymarket,19006708215260906354743881251732645363536789072881631174786160775970514439703,2026-10-01T20:37:18.152286+00:00,yes,,
,0.001,,135.05,,155.05,155.05,polymarket,15984685392346847704917326936206762018990428077970021782373544035372022373183,2026-10-01T20:37:18.335265+00:00,no,19006708215260906354743881251732645363536789072881631174786160775970514439703,
0.02,0.08,1.0,5.0,45.0,6.0,6.0,kalshi,KXUEFANLFTTS-26OCT01ISRKOS-ISR,2026-10-01T20:37:18.529119+00:00,yes,,45.0
,0.11,,5.0,,10.0,10.0,polymarket,71795377256156724506642628781001693348235212124265522329604035036373018363159,2026-10-01T20:37:18.825992+00:00,yes,,
0.89,,5.0,,10.0,,,polymarket,30734976894132573547585385421363045975078210648455590151583010924475197051620,2026-10-01T20:37:19.019770+00:00,no,71795377256156724506642628781001693348235212124265522329604035036373018363159,
0.08,0.54,1.0,12.0,2.0,15.0,15.0,kalshi,KXUEFANLFTTS-26OCT01ISRKOS-KOS,2026-10-01T20:37:19.223678+00:00,yes,,4.0
0.01,,1000.0,,1000.0,,,polymarket,65894831581949496732012013995366367478713155211788953062984841048483899297968,2026-10-01T20:37:19.513442+00:00,yes,,
,0.99,,1000.0,,1000.0,1000.0,polymarket,31450854179140187566690037834780912830357979829393852714820782319414428361520,2026-10-01T20:37:19.708323+00:00,no,65894831581949496732012013995366367478713155211788953062984841048483899297968,
,,,,,,,kalshi,KXUEFANLFTTS-26OCT01IRLAUT-IRL,2026-10-01T20:37:19.902426+00:00,yes,,
0.999,,55.05,,1095.05,,,polymarket,32415117901249457787320556594654315838179401176479818708361992576298334609766,2026-10-01T20:37:20.187596+00:00,yes,,
,0.001,,55.05,,1095.05,1095.05,polymarket,104246554920339332628035461932622544103002911242567016570487797577397980725403,2026-10-01T20:37:20.373926+00:00,no,32415117901249457787320556594654315838179401176479818708361992576298334609766,
,,,,,,,kalshi,KXUEFANLFTTS-26OCT01GRENED-GRE,2026-10-01T20:37:20.608626+00:00,yes,,
0.127,,1000.0,,1945.56,,,polymarket,55341788653861454668570387670908543775602263903873399977086194606260154432932,2026-10-01T20:37:20.899602+00:00,yes,,
,0.873,,1000.0,,1945.56,1945.56,polymarket,27299640252538356703690991761644856095650560168726457791344176224069568513117,2026-10-01T20:37:21.096678+00:00,no,55341788653861454668570387670908543775602263903873399977086194606260154432932,
,,,,,,,kalshi,KXUEFANLFTTS-26OCT01GRENED-NED,2026-10-01T20:37:21.290960+00:00,yes,,
0.002,0.01,1000.0,10.0,1184.11,1087.0,1087.0,polymarket,83846503463550326150663002462574689682770636183132560607110361940475815252388,2026-10-01T20:37:21.582011+00:00,yes,,
0.99,0.998,10.0,1000.0,1087.0,1184.11,1184.11,polymarket,60292509617844847052794172540017227313638515280446500755826110142131967583773,2026-10-01T20:37:21.777670+00:00,no,83846503463550326150663002462574689682770636183132560607110361940475815252388,
,,,,,,,kalshi,KXUEFANLFTTS-26OCT01GERSRB-SRB,2026-10-01T20:37:21.973944+00:00,yes,,
,0.001,,275.15,,1275.15,1275.15,polymarket,46740217806828443558738336033433526656339630654734418009977023001319792350558,2026-10-01T20:37:22.261663+00:00,yes,,
0.999,,275.15,,1275.15,,,polymarket,75795385930910484288948924199594549821976117424799792485865704623327918050083,2026-10-01T20:37:22.438654+00:00,no,46740217806828443558738336033433526656339630654734418009977023001319792350558,
,,,,,,,kalshi,KXUEFANLFTTS-26OCT01DENPOR-DEN,2026-10-01T20:37:22.652659+00:00,yes,,
,0.001,,50.05,,1090.05,1090.05,polymarket,42155980002666402593689823426918604340183843731792975742050026311673566021590,2026-10-01T20:37:22.929694+00:00,yes,,
0.999,,50.05,,1090.05,,,polymarket,29670979056657143161719722946599408509345051502454436704224479556631820305633,2026-10-01T20:37:23.109367+00:00,no,42155980002666402593689823426918604340183843731792975742050026311673566021590,
,,,,,,,kalshi,KXUEFANLFTTS-26OCT01DENPOR-POR,2026-10-01T20:37:23.302715+00:00,yes,,
0.999,,170.05,,1170.05,,,polymarket,80816585839214279521170425582740316243878539196903555885936255502093569507992,2026-10-01T20:37:23.578641+00:00,yes,,
,0.001,,170.05,,1170.05,1170.05,polymarket,85350217769875553696248867338101559930257527491044997364886172160185712615108,2026-10-01T20:37:23.756537+00:00,no,80816585839214279521170425582740316243878539196903555885936255502093569507992,
,,,,,,,kalshi,KXUCLWBTTS-26OCT01FAKINT-BTTS,2026-10-01T20:37:23.950600+00:00,yes,,
0.999,,645.1,,4792.1,,,polymarket,61330813622883011721973179834764993781999505767952382776377154661099297590246,2026-10-01T20:37:24.265597+00:00,yes,,
,0.001,,645.1,,4792.1,4792.1,polymarket,34753951072715513434118348104125152091722983232163355221936395618529014304179,2026-10-01T20:37:24.451027+00:00,no,61330813622883011721973179834764993781999505767952382776377154661099297590246,
0.02,0.021,4625.93,20055.63,314818.34,41409.33,155289.78,polymarket,90227223115596293448966158151606153337847900483048338623540402385929720677904,2026-10-01T20:37:24.734968+00:00,yes,,
0.979,0.98,20055.63,4625.93,41409.33,314818.34,985220.92,polymarket,105134691322323565615831879054043168027913414000042547943201361115853277749482,2026-10-01T20:37:24.933127+00:00,no,90227223115596293448966158151606153337847900483048338623540402385929720677904,
0.034,0.035,135.05,1.42,1077.55,753.52,2348.41,polymarket,65010487040936466597267185412491985361570642285166438358723811499766235473448,2026-10-01T20:37:25.216210+00:00,yes,,
0.965,0.966,1.42,135.05,753.52,1077.55,9904.54,polymarket,67944034066787455670180982083286095776087580086401908006216092716375991941168,2026-10-01T20:37:25.401001+00:00,no,65010487040936466597267185412491985361570642285166438358723811499766235473448,
0.062,0.066,86.3,59.25,106.3,90.47,260.87,polymarket,57034376311603961348585747118614868773649102919261403071621710359790452292609,2026-10-01T20:37:25.682318+00:00,yes,,
0.934,0.938,59.25,86.3,90.47,106.3,161.3,polymarket,86600750607427938414340418437596152794251541875570835920025082727935186799873,2026-10-01T20:37:25.879544+00:00,no,57034376311603961348585747118614868773649102919261403071621710359790452292609,
0.082,0.085,27.0,12.79,3607.2,749.37,12212.37,kalshi,GOVPARTYAL-26-D,2026-10-01T20:37:26.077707+00:00,yes,,4122.91
0.88,0.89,200.0,16701.5,1725.95,18181.27,19704.82,kalshi,GOVPARTYAZ-26-D,2026-10-01T20:37:26.270367+00:00,yes,,10281.49
0.962,0.974,680.51,418.49,4368.73,4426.11,156271.09,kalshi,GOVPARTYCO-26-D,2026-10-01T20:37:26.464816+00:00,yes,,8935.19
0.954,0.972,2500.0,55.56,13500.49,55.56,149074.4,kalshi,GOVPARTYCT-26-D,2026-10-01T20:37:26.662708+00:00,yes,,16500.49
0.23,0.24,358.52,8514.81,252257.83,17012.38,292981.94,kalshi,GOVPARTYFL-26-D,2026-10-01T20:37:26.872284+00:00,yes,,278100.51
0.48,0.49,53.71,267.61,260082.53,934.92,261286.92,kalshi,GOVPARTYGA-26-D,2026-10-01T20:37:27.066613+00:00,yes,,260843.54
0.84,0.85,30.32,14614.37,4753.99,265016.66,265102.99,kalshi,GOVPARTYIA-26-D,2026-10-01T20:37:27.260897+00:00,yes,,270217.07
0.955,0.962,279.0,151.0,40275.32,14049.17,67403.75,kalshi,GOVPARTYMA-26-D,2026-10-01T20:37:27.453783+00:00,yes,,91257.17
0.961,0.973,52.0,500.0,5725.92,3490.0,174343.01,kalshi,GOVPARTYMD-26-D,2026-10-01T20:37:27.648829+00:00,yes,,11428.04
0.918,0.925,240.71,471.98,2726.19,1896.97,56286.94,kalshi,GOVPARTYMI-26-D,2026-10-01T20:37:27.880425+00:00,yes,,55921.34
0.951,0.957,19.08,19.08,7604.76,3587.66,5114.31,kalshi,GOVPARTYMN-26-D,2026-10-01T20:37:28.073217+00:00,yes,,55560.57
0.92,0.944,120.0,1.07,3556.0,419.44,3663.44,kalshi,GOVPARTYNM-26-D,2026-10-01T20:37:28.270143+00:00,yes,,4213.0
0.45,0.47,1280.2,12191.27,12567.07,272894.75,272955.6,kalshi,GOVPARTYNV-26-D,2026-10-01T20:37:28.464432+00:00,yes,,268096.36
0.944,0.95,10318.81,25.15,57401.73,28704.63,209332.18,kalshi,GOVPARTYNY-26-D,2026-10-01T20:37:28.658414+00:00,yes,,119841.35
0.59,0.6,9763.04,2998.47,19803.04,3149.23,13934.63,kalshi,GOVPARTYOH-26-D,2026-10-01T20:37:28.854425+00:00,yes,,20704.17
0.973,0.974,1.12,3490.0,2.04,36853.0,269620.16,kalshi,GOVPARTYPA-26-D,2026-10-01T20:37:29.052025+00:00,yes,,468.04
0.918,0.968,578.0,3490.0,3697.0,3491.07,59161.65,kalshi,GOVPARTYRI-26-D,2026-10-01T20:37:29.247490+00:00,yes,,3697.0
0.2,0.21,631.75,2528.64,5487.92,5765.46,12335.46,kalshi,GOVPARTYTX-26-D,2026-10-01T20:37:29.443249+00:00,yes,,5684.92
0.17,0.18,195.73,279.91,3701.75,7339.76,11009.76,kalshi,GOVPARTYVT-26-D,2026-10-01T20:37:29.639464+00:00,yes,,5708.88
0.81,0.82,409.2,6762.12,2657.0,10328.02,61045.54,kalshi,GOVPARTYWI-26-D,2026-10-01T20:37:29.834614+00:00,yes,,56066.11
0.68,0.69,661.96,262227.25,10961.96,282087.25,282204.25,kalshi,SENATEAK-26-D,2026-10-01T20:37:30.027999+00:00,yes,,13862.5
0.03,0.039,25.0,10000.0,25.0,13478.82,13778.82,kalshi,SENATEAL-26-D,2026-10-01T20:37:30.221155+00:00,yes,,43407.7
0.063,0.073,25.0,277.92,11271.56,17269.9,29547.74,kalshi,SENATEAR-26-D,2026-10-01T20:37:30.413146+00:00,yes,,11846.56
0.985,0.988,10000.0,85.99,10115.0,3325.99,104325.99,kalshi,SENATECO-26-D,2026-10-01T20:37:30.606756+00:00,yes,,23983.76
0.987,0.995,100.0,275.0,10217.0,37265.0,37265.0,kalshi,SENATEDE-26-D,2026-10-01T20:37:30.800085+00:00,yes,,13489.0
0.097,0.098,188.43,14096.05,17254.66,14232.05,36636.77,kalshi,SENATEFLS-26-D,2026-10-01T20:37:30.998756+00:00,yes,,69802.01
0.953,0.965,548.53,23.0,21871.94,270330.83,631635.21,kalshi,SENATEGA-26-D,2026-10-01T20:37:31.192446+00:00,yes,,286135.03
0.41,0.42,5213.61,27774.99,19042.78,29447.99,55447.99,kalshi,SENATEIA-26-D,2026-10-01T20:37:31.385038+00:00,yes,,271535.32
0.004,0.007,45.0,10075.73,70.16,15482.48,29365.63,kalshi,SENATEID-26-D,2026-10-01T20:37:31.582208+00:00,yes,,70.16
0.981,0.984,1.96,16.59,10517.98,643.62,37475.81,kalshi,SENATEIL-26-D,2026-10-01T20:37:31.774989+00:00,yes,,10542.98
0.3,0.31,26962.87,21076.19,59471.11,22961.19,23081.19,kalshi,SENATEKS-26-D,2026-10-01T20:37:31.971255+00:00,yes,,73438.67
0.985,0.988,25.0,123.0,12730.42,1532.66,37532.66,kalshi,SENATEMA-26-D,2026-10-01T20:37:32.168934+00:00,yes,,44556.89
0.58,0.59,99362.93,300949.44,103482.93,321195.37,341755.51,kalshi,SENATEME-26-D,2026-10-01T20:37:32.363437+00:00,yes,,116138.22
0.72,0.73,1898.0,20327.87,12672.66,37133.99,49530.8,kalshi,SENATEMI-26-D,2026-10-01T20:37:32.557375+00:00,yes,,44848.22
0.091,0.11,416.84,14086.1,13020.96,16656.1,21628.91,kalshi,SENATEMS-26-D,2026-10-01T20:37:32.750489+00:00,yes,,17271.44
0.941,0.942,2476.8,10176.43,43012.74,50393.31,341469.12,kalshi,SENATENC-26-D,2026-10-01T20:37:32.944599+00:00,yes,,336484.99
0.86,0.87,2763.6,23254.44,32112.35,36107.8,41050.92,kalshi,SENATENH-26-D,2026-10-01T20:37:33.139123+00:00,yes,,38534.35
0.98,0.981,2483.46,97.98,12483.46,267.98,121536.79,kalshi,SENATENJ-26-D,2026-10-01T20:37:33.330205+00:00,yes,,13483.46
0.977,0.985,15.0,97.98,10015.0,1729.61,46825.98,kalshi,SENATENM-26-D,2026-10-01T20:37:33.525919+00:00,yes,,15015.0
0.61,0.62,995.14,25788.65,18069.9,26455.69,28929.72,kalshi,SENATEOHS-26-D,2026-10-01T20:37:33.720767+00:00,yes,,42663.86
0.021,0.024,15.0,462.53,614.15,462.53,979.53,kalshi,SENATEOK-26-D,2026-10-01T20:37:33.961396+00:00,yes,,42222.49
0.978,0.979,4.91,18.06,12994.91,21.87,71126.25,kalshi,SENATEOR-26-D,2026-10-01T20:37:34.162343+00:00,yes,,18984.91
0.987,0.993,246.16,100.0,10731.16,113133.84,113133.84,kalshi,SENATERI-26-D,2026-10-01T20:37:34.361381+00:00,yes,,11976.15
0.12,0.13,50582.17,29512.86,106199.42,75169.45,156768.93,kalshi,SENATESC-26-D,2026-10-01T20:37:34.556431+00:00,yes,,163826.42
0.001,0.004,28254.3,1150.32,28254.3,19234.86,19734.86,kalshi,SENATESD-26-D,2026-10-01T20:37:34.748333+00:00,yes,,28254.3
0.023,0.025,11.12,103.88,12284.65,312.69,18836.99,kalshi,SENATETN-26-D,2026-10-01T20:37:34.939182+00:00,yes,,52834.65
0.988,0.989,1.0,97.99,1.0,46758.1,46758.1,kalshi,SENATEVA-26-D,2026-10-01T20:37:35.135737+00:00,yes,,11228.0
0.022,0.025,21.42,34.95,151.26,15711.79,15711.79,kalshi,SENATEWV-26-D,2026-10-01T20:37:35.330438+00:00,yes,,21594.96
0.024,0.027,320.0,10000.0,690.0,19478.0,34039.47,kalshi,SENATEWY-26-D,2026-10-01T20:37:35.525423+00:00,yes,,21737.0
0.033,0.08,25.0,80.85,121.71,105.85,175.88,polymarket,112432943070684544837529617086045733232789214714632527644673344797017293426776,2026-10-01T20:37:35.803670+00:00,yes,,
0.92,0.967,80.85,25.0,80.85,121.71,535.69,polymarket,60866557809490209820164640815054706887071001500263621873464809822590447271911,2026-10-01T20:37:36.001136+00:00,no,112432943070684544837529617086045733232789214714632527644673344797017293426776,
0.016,0.057,963.0,27.52,4864.0,2560.76,2860.76,kalshi,GOVPARTYAR-26-D,2026-10-01T20:37:36.194617+00:00,yes,,6068.46
0.016,0.038,40.0,18.61,728.11,494.59,3215.27,polymarket,40899822988489523883534886021948522261134770684960257613447444387617827489093,2026-10-01T20:37:36.495295+00:00,yes,,
0.962,0.984,18.61,40.0,494.59,728.11,2375.62,polymarket,35030034494631681902294217492110758656618132724500445741909954480811382889848,2026-10-01T20:37:36.686418+00:00,no,40899822988489523883534886021948522261134770684960257613447444387617827489093,
0.001,0.004,185.0,165.4,185.0,320.53,320.53,polymarket,97005440477277032334800804094918410665103215629730778353755196144330577675150,2026-10-01T20:37:36.966214+00:00,yes,,
0.996,0.999,165.4,185.0,320.53,185.0,185.0,polymarket,79222568676462787310563942062652151322078018563896325376851311004898244790263,2026-10-01T20:37:37.151442+00:00,no,97005440477277032334800804094918410665103215629730778353755196144330577675150,
0.88,0.89,8904.17,3800.08,21963.67,8931.66,44377.92,polymarket,48368039124533504674394545622809320495392482760644292167644042386014017726777,2026-10-01T20:37:37.448777+00:00,yes,,
0.11,0.12,3800.08,8904.17,8931.66,21963.67,42265.92,polymarket,2523036761393218729489135332182856159698268685360641264822465280431935747282,2026-10-01T20:37:37.634248+00:00,no,48368039124533504674394545622809320495392482760644292167644042386014017726777,
0.961,0.97,38.06,21.09,464.42,45.01,5635.92,polymarket,13561110222018578357785114619723468880952494576477687978085608584743809891728,2026-10-01T20:37:37.914613+00:00,yes,,
0.03,0.039,21.09,38.06,45.01,464.42,3352.42,polymarket,23240918648754624979648235652725215687566970949759632721271689666058289934523,2026-10-01T20:37:38.106241+00:00,no,13561110222018578357785114619723468880952494576477687978085608584743809891728,
0.96,0.971,23.0,12.78,911.97,474.18,4883.99,polymarket,94716743709853585469973889676994451123824166409123282527490222914006156870020,2026-10-01T20:37:38.397852+00:00,yes,,
0.029,0.04,12.78,23.0,474.18,911.97,1411.97,polymarket,79903668476273078904167389486657973102725695126491520283526754047409624544734,2026-10-01T20:37:38.576970+00:00,no,94716743709853585469973889676994451123824166409123282527490222914006156870020,
0.21,0.22,2382.53,983.53,7010.22,25148.09,59353.26,polymarket,45666577334498374671436529469006420565255125221309505855441517627481607414492,2026-10-01T20:37:38.858418+00:00,yes,,
0.78,0.79,983.53,2382.53,25148.09,7010.22,34601.8,polymarket,83106526449876874573813297184176954494008138834292248374570211745966785088569,2026-10-01T20:37:39.054807+00:00,no,45666577334498374671436529469006420565255125221309505855441517627481607414492,
0.49,0.5,28.0,1780.83,128.0,5969.08,17756.55,polymarket,59980150909931986777748227027020522224275707387562276219060223816867188565245,2026-10-01T20:37:39.332648+00:00,yes,,
0.5,0.51,1780.83,28.0,5969.08,128.0,133.0,polymarket,29426800815897155175757951733656404312185134543823956306564757069451562558732,2026-10-01T20:37:39.536868+00:00,no,59980150909931986777748227027020522224275707387562276219060223816867188565245,
0.959,0.989,2500.0,4.04,6944.0,100542.02,100542.02,kalshi,GOVPARTYHI-26-D,2026-10-01T20:37:39.730045+00:00,yes,,8944.0
0.972,0.985,483.0,40.0,497.77,380.0,1475.02,polymarket,110136962687751258520353298894226275160632723246908859759371791290370868364654,2026-10-01T20:37:40.004696+00:00,yes,,
0.015,0.028,40.0,483.0,380.0,497.77,1247.77,polymarket,115156135737411153581543130004616889013481834144163536136083461936312640716888,2026-10-01T20:37:40.189698+00:00,no,110136962687751258520353298894226275160632723246908859759371791290370868364654,
0.84,0.85,681.57,60.0,5581.26,2493.0,18642.09,polymarket,45621938709469399887344165091123819127263258871102896783851049824656362940868,2026-10-01T20:37:40.480893+00:00,yes,,
0.15,0.16,60.0,681.57,2493.0,5581.26,17878.7,polymarket,72286694793480540627539910984935225027717415042902477334885085671426791945028,2026-10-01T20:37:40.678314+00:00,no,45621938709469399887344165091123819127263258871102896783851049824656362940868,
0.009,0.038,500.0,228.0,2465.0,2728.0,2788.37,kalshi,GOVPARTYID-26-D,2026-10-01T20:37:40.870685+00:00,yes,,2465.0
0.019,0.025,28.64,10.0,28.64,1256.48,2703.99,polymarket,33422454484664318134839474897555797731651253833609657227452504228201243908837,2026-10-01T20:37:41.151806+00:00,yes,,
0.975,0.981,10.0,28.64,1256.48,28.64,2981.64,polymarket,40571564745590344089989477714526464580243500116795170298523584156719369881208,2026-10-01T20:37:41.341530+00:00,no,33422454484664318134839474897555797731651253833609657227452504228201243908837,
0.001,0.008,454.72,41.85,454.72,239.05,239.05,polymarket,5374535681097369337687371771187402563232531222465924718112802095374856136103,2026-10-01T20:37:41.632449+00:00,yes,,
0.992,0.999,41.85,454.72,239.05,454.72,454.72,polymarket,102245431104194375160044815797061802315627223812998716272433230784682193503974,2026-10-01T20:37:41.824529+00:00,no,5374535681097369337687371771187402563232531222465924718112802095374856136103,
0.963,0.979,51.0,1020.0,3628.24,4718.0,155692.31,kalshi,GOVPARTYIL-26-D,2026-10-01T20:37:42.019579+00:00,yes,,21986.12
0.977,0.982,118.94,89.19,118.94,1780.19,12591.77,polymarket,23435178151774440115423538812688705649247609803850018642847000556068202005554,2026-10-01T20:37:42.296629+00:00,yes,,
0.018,0.023,89.19,118.94,1780.19,118.94,659.31,polymarket,77478268313210841142065181291293453793679683521836424926635787111097653950699,2026-10-01T20:37:42.489943+00:00,no,23435178151774440115423538812688705649247609803850018642847000556068202005554,
0.961,0.964,52.2,172.33,272.82,573.8,4109.98,polymarket,86599393407315290835574565918707146460542680358932655202787183319230565551172,2026-10-01T20:37:42.774189+00:00,yes,,
0.036,0.039,172.33,52.2,573.8,272.82,1833.26,polymarket,1074379534528472094299733191236211201333766587219308586291620262007935366404,2026-10-01T20:37:42.956754+00:00,no,86599393407315290835574565918707146460542680358932655202787183319230565551172,
0.96,0.971,151.72,8.98,901.72,64.62,6677.24,polymarket,21509039698927424303190259436702262868147960450053769072201076877922760800234,2026-10-01T20:37:43.272012+00:00,yes,,
0.029,0.04,8.98,151.72,64.62,901.72,3067.1,polymarket,61059317298180515598301968520737758441265273977469929832715117586893344185237,2026-10-01T20:37:43.461840+00:00,no,21509039698927424303190259436702262868147960450053769072201076877922760800234,
0.935,0.957,5.0,973.91,4279.59,3456.22,6513.25,kalshi,GOVPARTYME-26-D,2026-10-01T20:37:43.654848+00:00,yes,,5208.1
0.958,0.961,5.0,63.73,286.64,246.38,3114.17,polymarket,92845243966002494782242842696395378111295494684532387488276103452077216171518,2026-10-01T20:37:43.932134+00:00,yes,,
0.039,0.042,63.73,5.0,246.38,286.64,1035.42,polymarket,24881767450639056263521368837377769213210166022664275303369919457991423602034,2026-10-01T20:37:44.108188+00:00,no,92845243966002494782242842696395378111295494684532387488276103452077216171518,
0.91,0.92,5660.26,1558.26,10739.55,8912.76,27985.51,polymarket,63517706574758177502492185078056756527324898714284142778693046697324148388357,2026-10-01T20:37:44.398880+00:00,yes,,
0.08,0.09,1558.26,5660.26,8912.76,10739.55,20305.9,polymarket,24313213949676763118562588141459255175279390673486982872182407528149814471441,2026-10-01T20:37:44.604469+00:00,no,63517706574758177502492185078056756527324898714284142778693046697324148388357,
0.95,0.96,1865.71,2175.83,2055.49,2457.03,4668.82,polymarket,9126148503694470083148381233969293708563386203943196700151133094426622508276,2026-10-01T20:37:44.885371+00:00,yes,,
0.04,0.05,2175.83,1865.71,2457.03,2055.49,2255.49,polymarket,33576178139790676268585487625882069821783219374491053705510339906433025453375,2026-10-01T20:37:45.075738+00:00,no,9126148503694470083148381233969293708563386203943196700151133094426622508276,
0.077,0.099,228.0,6.61,969.0,268.39,3268.39,kalshi,GOVPARTYNE-26-D,2026-10-01T20:37:45.271040+00:00,yes,,3814.45
0.08,0.09,201.36,118.0,670.7,5579.56,8759.68,polymarket,3466069051818884243073756614952529401222377791973010490050674378116587529746,2026-10-01T20:37:45.546464+00:00,yes,,
0.91,0.92,118.0,201.36,5579.56,670.7,7033.79,polymarket,92126133761065609991474983465510729635862551955946178295579828633955084637564,2026-10-01T20:37:45.725447+00:00,no,3466069051818884243073756614952529401222377791973010490050674378116587529746,
0.013,0.04,25.0,18.48,2473.76,18.48,18.48,polymarket,98024156104396635720277931445440924585268197624299419545106296886739198463285,2026-10-01T20:37:45.998682+00:00,yes,,
0.96,0.987,18.48,25.0,18.48,2473.76,2899.98,polymarket,37453546663434075233381508642176154392101133908232198339445197970513100124859,2026-10-01T20:37:46.185992+00:00,no,98024156104396635720277931445440924585268197624299419545106296886739198463285,
0.95,0.97,0.04,7589.29,838.1,11661.89,15589.17,polymarket,17781069937970314001472355582427331102577624490515546410398313363226785264562,2026-10-01T20:37:46.469243+00:00,yes,,
0.03,0.05,7589.29,0.04,11661.89,838.1,880.1,polymarket,36751080180193208611679715282017036514262692646839311614046859811593442232572,2026-10-01T20:37:46.648261+00:00,no,17781069937970314001472355582427331102577624490515546410398313363226785264562,
0.48,0.49,1100.88,3805.54,4923.48,13534.7,25720.74,polymarket,1246864710804983890692377994891598401616546411512113588399830364959833951829,2026-10-01T20:37:46.938577+00:00,yes,,
0.51,0.52,3805.54,1100.88,13534.7,4923.48,22345.57,polymarket,63105785868222491666410116782074992901361520126431203229953017216126863105293,2026-10-01T20:37:47.116261+00:00,no,1246864710804983890692377994891598401616546411512113588399830364959833951829,
0.95,0.96,125.0,184.52,2500.0,2677.21,9777.57,polymarket,64050273355694113671090110638685043795558853994186493795797238541534244584786,2026-10-01T20:37:47.416337+00:00,yes,,
0.04,0.05,184.52,125.0,2677.21,2500.0,4822.0,polymarket,89871775413723061310900874811289289046282365859042241773701889222569854585191,2026-10-01T20:37:47.626586+00:00,no,64050273355694113671090110638685043795558853994186493795797238541534244584786,
0.61,0.62,1188.63,315.35,13437.77,1177.91,5512.48,polymarket,63255709540320761353971859526848930870803944190764324681913735372035438815215,2026-10-01T20:37:47.921083+00:00,yes,,
0.38,0.39,315.35,1188.63,1177.91,13437.77,18128.77,polymarket,16976595754865702888942253430173145813500518669245701188211359895815715104826,2026-10-01T20:37:48.110897+00:00,no,63255709540320761353971859526848930870803944190764324681913735372035438815215,
0.073,0.078,28.0,239.99,741.74,810.08,6913.35,kalshi,GOVPARTYOK-26-D,2026-10-01T20:37:48.303968+00:00,yes,,4075.72
0.07,0.08,530.88,2193.03,1329.01,4631.83,6253.21,polymarket,37700214927702560862325287464231700075479667077774217635210792305464305010407,2026-10-01T20:37:48.584075+00:00,yes,,
0.92,0.93,2193.03,530.88,4631.83,1329.01,4346.29,polymarket,82608334051864142932873144348121852324089451792525985503537377336006986101897,2026-10-01T20:37:48.772400+00:00,no,37700214927702560862325287464231700075479667077774217635210792305464305010407,
0.062,0.099,32.38,25.0,32.38,57.38,77.38,polymarket,33677324094067659535016009166755151623373804207455946617460083577197975223827,2026-10-01T20:37:49.050127+00:00,yes,,
0.901,0.938,25.0,32.38,57.38,32.38,287.38,polymarket,7710184001588600074898944894170589223427851634647226870143450488043936634733,2026-10-01T20:37:49.246260+00:00,no,33677324094067659535016009166755151623373804207455946617460083577197975223827,
0.77,0.78,28.0,5659.81,401.44,11631.52,11631.52,kalshi,GOVPARTYOR-26-D,2026-10-01T20:37:49.441496+00:00,yes,,938.07
0.77,0.78,683.58,471.55,1142.58,5283.56,17980.57,polymarket,9755787435930070640870536823763281543938387827225853124824813626465365556107,2026-10-01T20:37:49.739155+00:00,yes,,
0.22,0.23,471.55,683.58,5283.56,1142.58,1323.58,polymarket,46486910951407358308537327861577419089696653684888928429256333235431031567968,2026-10-01T20:37:49.911197+00:00,no,9755787435930070640870536823763281543938387827225853124824813626465365556107,
0.963,0.978,12.0,45.46,619.36,1157.49,32980.41,polymarket,86158564038726526008163887440654010269502827272776903587995739265573029112945,2026-10-01T20:37:50.201586+00:00,yes,,
0.022,0.037,45.46,12.0,1157.49,619.36,3824.36,polymarket,20918140760474946630045567241666208575510335017424226516022596966030394605413,2026-10-01T20:37:50.381059+00:00,no,86158564038726526008163887440654010269502827272776903587995739265573029112945,
0.957,0.973,43.5,4.27,504.52,24876.88,84821.67,polymarket,12963869833838696349134591178892586509546549676681530057691780490969939726649,2026-10-01T20:37:50.669782+00:00,yes,,
0.027,0.043,4.27,43.5,24876.88,504.52,26304.02,polymarket,75325800980805191432247713433059602003287797994426454877102862804464373217417,2026-10-01T20:37:50.849857+00:00,no,12963869833838696349134591178892586509546549676681530057691780490969939726649,
0.05,0.058,286.89,2608.3,286.89,3676.3,10676.3,kalshi,GOVPARTYSC-26-D,2026-10-01T20:37:51.043281+00:00,yes,,3706.88
0.046,0.049,30.81,75.99,7602.77,75.99,1288.67,polymarket,69673263487139231624315897585768201230841320475352635832819992690850228911127,2026-10-01T20:37:51.322148+00:00,yes,,
0.951,0.954,75.99,30.81,75.99,7602.77,7602.77,polymarket,60881151017130321740345136601526104676952077782755755891584789189096989545525,2026-10-01T20:37:51.518254+00:00,no,69673263487139231624315897585768201230841320475352635832819992690850228911127,
0.01,0.051,379.58,30.0,24359.58,2958.42,4208.42,kalshi,GOVPARTYSD-26-D,2026-10-01T20:37:51.726790+00:00,yes,,24359.58
0.021,0.034,5.0,142.32,55.0,631.71,2411.99,polymarket,19857809653204352084235953967001149759321806996646353766198011041287290557051,2026-10-01T20:37:52.005150+00:00,yes,,
0.966,0.979,142.32,5.0,631.71,55.0,5528.0,polymarket,81928830076368461059680704904933018599743089984775447893064772019302534185483,2026-10-01T20:37:52.191066+00:00,no,19857809653204352084235953967001149759321806996646353766198011041287290557051,
0.008,0.051,6.93,80.0,697.41,80.0,268.0,polymarket,30878385568250269036922403541979196336116011100172030509700212644725712738474,2026-10-01T20:37:52.468971+00:00,yes,,
0.949,0.992,80.0,6.93,80.0,697.41,697.41,polymarket,114229706729092201748490566371667918431089471971236615348423574771339416579048,2026-10-01T20:37:52.653887+00:00,no,30878385568250269036922403541979196336116011100172030509700212644725712738474,
0.048,0.058,10.27,21.58,366.54,795.6,3955.81,kalshi,GOVPARTYTN-26-D,2026-10-01T20:37:52.846545+00:00,yes,,11373.74
0.028,0.04,89.0,232.0,89.0,1231.0,4633.06,polymarket,42092635016892213098098431597314233695276464574605657188222427223673881775927,2026-10-01T20:37:53.133811+00:00,yes,,
0.96,0.972,232.0,89.0,1231.0,89.0,10859.55,polymarket,98575404987824247968035554378138502826375834662434598159433509586324667676456,2026-10-01T20:37:53.319293+00:00,no,42092635016892213098098431597314233695276464574605657188222427223673881775927,
0.014,0.037,8.88,41.0,45.2,74.0,74.0,polymarket,102611485756249416836549281697868549362431608386382371986217607856491804878629,2026-10-01T20:37:53.605160+00:00,yes,,
0.963,0.986,41.0,8.88,74.0,45.2,643.01,polymarket,61717675413163393865699787602820695771355709488180538836632936101304403449277,2026-10-01T20:37:53.786218+00:00,no,102611485756249416836549281697868549362431608386382371986217607856491804878629,
0.15,0.17,29.9,741.94,338.96,1221.02,1781.17,polymarket,82451098528555891186445524067982993069495275002026763738365156964680010611653,2026-10-01T20:37:54.063977+00:00,yes,,
0.83,0.85,741.94,29.9,1221.02,338.96,1449.96,polymarket,29317652187118397867915108406698705987786816665251960190732103219856511085775,2026-10-01T20:37:54.242435+00:00,no,82451098528555891186445524067982993069495275002026763738365156964680010611653,
0.82,0.83,760.65,357.05,3493.65,6004.22,21139.3,polymarket,47540146623620182724372695903724852067595146419459482790641441152489267651664,2026-10-01T20:37:54.522248+00:00,yes,,
0.17,0.18,357.05,760.65,6004.22,3493.65,53774.88,polymarket,9425494630420524762356091484606706289169789796333686976670441967109493832767,2026-10-01T20:37:54.708866+00:00,no,47540146623620182724372695903724852067595146419459482790641441152489267651664,
0.03,0.038,2343.0,7.72,4843.0,2787.88,8017.88,kalshi,GOVPARTYWY-26-D,2026-10-01T20:37:54.902510+00:00,yes,,31503.0
0.025,0.031,7.1,9.66,90.43,289.05,1124.85,polymarket,27698880682601961151205903485139737259763277359865731443999905606295817799595,2026-10-01T20:37:55.198453+00:00,yes,,
0.969,0.975,9.66,7.1,289.05,90.43,5833.92,polymarket,96583137082549706198480677389115178770016108390630706701207381056297764196817,2026-10-01T20:37:55.385192+00:00,no,27698880682601961151205903485139737259763277359865731443999905606295817799595,
0.002,0.006,583.0,25.0,968.0,25.0,127.13,polymarket,62494856306098715275973704893756117218029969085400853979485118785041942847719,2026-10-01T20:37:57.615754+00:00,yes,,
0.994,0.998,25.0,583.0,25.0,968.0,968.0,polymarket,50408633648824231689345187091846790394435776796007338972628320192770313646889,2026-10-01T20:37:57.807633+00:00,no,62494856306098715275973704893756117218029969085400853979485118785041942847719,
0.78,0.8,1519.14,3420.0,2541.52,3620.0,4653.61,kalshi,HOUSEAZ1-26-D,2026-10-01T20:37:58.004600+00:00,yes,,3131.52
0.79,0.8,555.0,10455.42,1416.94,15987.23,16557.85,polymarket,67501795419284092111663134279812910460154992630407078593989658098590262577673,2026-10-01T20:37:58.307486+00:00,yes,,
0.2,0.21,10455.42,555.0,15987.23,1416.94,3161.75,polymarket,100828434651155155710172841941100159662807201107427176770262475413650206834153,2026-10-01T20:37:58.505238+00:00,no,67501795419284092111663134279812910460154992630407078593989658098590262577673,
0.32,0.35,173.42,835.58,373.42,835.58,1033.58,kalshi,HOUSEAZ2-26-D,2026-10-01T20:37:58.699826+00:00,yes,,873.42
0.32,0.33,5025.94,272.37,5819.27,2360.74,5857.87,polymarket,3443730243629009067137575970938200548553205123774326260772894121725693586787,2026-10-01T20:37:58.993772+00:00,yes,,
0.67,0.68,272.37,5025.94,2360.74,5819.27,5919.27,polymarket,24285936617643057401459028367413874388230882739643199321022227160964783232273,2026-10-01T20:37:59.175129+00:00,no,3443730243629009067137575970938200548553205123774326260772894121725693586787,
0.83,0.85,2852.0,836.37,6120.0,1536.37,1536.37,kalshi,HOUSEAZ6-26-D,2026-10-01T20:37:59.368374+00:00,yes,,10120.0
0.82,0.83,6213.49,160.0,7100.14,4236.45,8532.84,polymarket,92489819804290368443943803966220296254525527906989333620579684623025259387169,2026-10-01T20:37:59.655767+00:00,yes,,
0.17,0.18,160.0,6213.49,4236.45,7100.14,7255.35,polymarket,50273842713217173135967070517670066246379254064706403726846799660656446284544,2026-10-01T20:37:59.828998+00:00,no,92489819804290368443943803966220296254525527906989333620579684623025259387169,
0.948,0.97,600.0,2408.14,700.0,6514.14,108623.14,kalshi,HOUSECA3-26-D,2026-10-01T20:38:00.024509+00:00,yes,,700.0
0.95,0.96,209.75,50.58,21626.36,25070.58,28003.09,polymarket,51024410437074957145165850312353994290369179567521609211645327338586315234285,2026-10-01T20:38:00.310241+00:00,yes,,
0.04,0.05,50.58,209.75,25070.58,21626.36,21866.36,polymarket,30055058073031068649658029741371961644486409004430889797018935384499626121617,2026-10-01T20:38:00.524702+00:00,no,51024410437074957145165850312353994290369179567521609211645327338586315234285,
0.924,0.966,14.0,50.0,649.0,100.0,944.0,kalshi,HOUSECA9-26-D,2026-10-01T20:38:00.717323+00:00,yes,,649.0
0.93,0.95,262.0,40.0,606.49,918.04,3464.24,polymarket,85818458220835205685598773894359215795624110062253373707616024326577925493201,2026-10-01T20:38:00.991366+00:00,yes,,
0.05,0.07,40.0,262.0,918.04,606.49,1060.25,polymarket,67128673142593466652376166847659974067635267928448264996989676558828466307081,2026-10-01T20:38:01.189416+00:00,no,85818458220835205685598773894359215795624110062253373707616024326577925493201,
0.953,0.984,88.0,500.0,352.0,530.0,101568.0,kalshi,HOUSECA13-26-D,2026-10-01T20:38:01.381754+00:00,yes,,1400.0
0.982,0.997,246.44,25.0,306.43,568.77,568.77,polymarket,62184131032386611428464897252491116870859707412945073702683019894928068509899,2026-10-01T20:38:01.663391+00:00,yes,,
0.003,0.018,25.0,246.44,568.77,306.43,975.43,polymarket,92091917676649640475827345673232265259584404063905152062776701135674008792085,2026-10-01T20:38:01.840196+00:00,no,62184131032386611428464897252491116870859707412945073702683019894928068509899,
0.918,0.947,46.0,102.0,3621.0,102.0,602.0,kalshi,HOUSECA21-26-D,2026-10-01T20:38:02.039244+00:00,yes,,4871.0
0.94,0.95,264.53,445.0,264.53,3350.0,9791.67,polymarket,9839394132167490569494811921928425917610245224143989073663541732846436833998,2026-10-01T20:38:02.328417+00:00,yes,,
0.05,0.06,445.0,264.53,3350.0,264.53,492.73,polymarket,60446209929786096368694078346117865767544859133427087059310525444225795781729,2026-10-01T20:38:02.506933+00:00,no,9839394132167490569494811921928425917610245224143989073663541732846436833998,
0.89,0.916,486.95,100.0,486.95,61128.42,61163.13,kalshi,HOUSECA22-26-D,2026-10-01T20:38:02.748950+00:00,yes,,60531.81
0.92,0.94,115.52,100.0,2926.19,5295.66,22401.86,polymarket,14880392203916951367210594044346675783187280368615720213876603794661640957466,2026-10-01T20:38:03.036069+00:00,yes,,
0.06,0.08,100.0,115.52,5295.66,2926.19,5379.31,polymarket,12923354183562595822134003465069735214484232866602492426996044053528437947487,2026-10-01T20:38:03.236319+00:00,no,14880392203916951367210594044346675783187280368615720213876603794661640957466,
0.9,0.951,120.0,50.0,620.0,550.0,551.0,kalshi,HOUSECA27-26-D,2026-10-01T20:38:03.475580+00:00,yes,,620.0
0.94,0.95,24.88,90.22,24.88,225.22,1387.56,polymarket,3386886768575392625178430469513095175799394167104373172920267896603859431569,2026-10-01T20:38:03.749601+00:00,yes,,
0.05,0.06,90.22,24.88,225.22,24.88,24.88,polymarket,101524930720690752781526408987463991153805136382217440321759613568841152962675,2026-10-01T20:38:03.942672+00:00,no,3386886768575392625178430469513095175799394167104373172920267896603859431569,
0.931,0.977,598.0,132.0,1098.0,1202.0,27203.0,kalshi,HOUSECA41-26-D,2026-10-01T20:38:04.137614+00:00,yes,,1125.0
0.95,0.96,7.99,62.01,523.2,1454.89,8313.65,polymarket,48593915301513824754675795036918399098342443342199462614665200546792921742958,2026-10-01T20:38:04.432950+00:00,yes,,
0.04,0.05,62.01,7.99,1454.89,523.2,523.2,polymarket,57831983623074560497820831807482473111253483268619356923850958490720597806024,2026-10-01T20:38:04.626168+00:00,no,48593915301513824754675795036918399098342443342199462614665200546792921742958,
0.925,0.974,6.0,88.0,765.0,618.0,214778.63,kalshi,HOUSECA45-26-D,2026-10-01T20:38:04.822047+00:00,yes,,7699.0
0.94,0.95,182.66,40.0,182.66,70.0,4475.1,polymarket,46673777763694916398875529692342633408590099825859504980336071003257635967376,2026-10-01T20:38:05.111232+00:00,yes,,
0.05,0.06,40.0,182.66,70.0,182.66,453.66,polymarket,2266150610231156507961859391981532319683166246581759469524804105404458600514,2026-10-01T20:38:05.289478+00:00,no,46673777763694916398875529692342633408590099825859504980336071003257635967376,
0.931,0.937,80.0,100.0,116.0,670.0,670.0,kalshi,HOUSECA47-26-D,2026-10-01T20:38:05.495468+00:00,yes,,376.0
0.94,0.95,344.69,287.0,491.93,478.0,2923.97,polymarket,23550083646669959729728201378229661225715650257894963073625400004845620304219,2026-10-01T20:38:05.800357+00:00,yes,,
0.05,0.06,287.0,344.69,478.0,491.93,491.93,polymarket,32899679855920501535449587171204774452932205552442280881625687174702222039728,2026-10-01T20:38:05.994898+00:00,no,23550083646669959729728201378229661225715650257894963073625400004845620304219,
0.961,0.984,550.0,25.0,850.0,516.0,2016.0,kalshi,HOUSECA49-26-D,2026-10-01T20:38:06.187640+00:00,yes,,850.0
0.95,0.96,250.0,28.77,468.0,5028.77,8498.45,polymarket,104036299545597550224954508385716352383975603171183358856957817363966564935570,2026-10-01T20:38:06.470800+00:00,yes,,
0.04,0.05,28.77,250.0,5028.77,468.0,3276.98,polymarket,94692606076985397950276755598943734138387285045195614743067215837832425021669,2026-10-01T20:38:06.645948+00:00,no,104036299545597550224954508385716352383975603171183358856957817363966564935570,
0.26,0.27,549.08,200.0,549.08,3024.0,7527.0,kalshi,HOUSECO3-26-D,2026-10-01T20:38:06.838258+00:00,yes,,1549.08
0.25,0.26,11.0,7954.0,211.0,20413.96,39909.03,polymarket,24395104702642353411948925889097630568855366590528757185881735998149149192479,2026-10-01T20:38:07.131933+00:00,yes,,
0.74,0.75,7954.0,11.0,20413.96,211.0,2269.35,polymarket,20904118177412102896316191568338021059060941327365407257046608077345075967207,2026-10-01T20:38:07.305553+00:00,no,24395104702642353411948925889097630568855366590528757185881735998149149192479,
0.84,0.86,591.0,664.0,591.0,3598.0,6756.0,kalshi,HOUSECO8-26-D,2026-10-01T20:38:07.500155+00:00,yes,,1154.0
0.85,0.86,287.16,14981.61,443.92,19382.61,24824.79,polymarket,111540362553565728751187438925859908575427409891112173540802616759607897153785,2026-10-01T20:38:07.780565+00:00,yes,,
0.14,0.15,14981.61,287.16,19382.61,443.92,1490.57,polymarket,90586537503873657733095241416513832189066670321128291543199648360200360654604,2026-10-01T20:38:07.972393+00:00,no,111540362553565728751187438925859908575427409891112173540802616759607897153785,
0.928,0.97,600.0,53.0,600.0,853.0,212403.0,kalshi,HOUSECT5-26-D,2026-10-01T20:38:08.164445+00:00,yes,,600.0
0.935,0.959,118.0,59.8,7618.0,15365.06,15895.57,polymarket,4102292012495276789306481274689776832735182662407154073320343951315418557612,2026-10-01T20:38:08.458833+00:00,yes,,
0.041,0.065,59.8,118.0,15365.06,7618.0,15118.0,polymarket,62026405339730545488981915197487142097726510160430406716326552110735716725326,2026-10-01T20:38:08.639583+00:00,no,4102292012495276789306481274689776832735182662407154073320343951315418557612,
0.27,0.28,12.0,5659.0,234.44,8447.73,11448.73,kalshi,HOUSEFL13-26-D,2026-10-01T20:38:08.833600+00:00,yes,,864.34
0.23,0.24,1620.0,6708.35,2440.61,7446.36,15183.09,polymarket,10797071126504743123515085716419360987107478266428470507477377131012323100968,2026-10-01T20:38:09.118629+00:00,yes,,
0.76,0.77,6708.35,1620.0,7446.36,2440.61,3129.67,polymarket,1106923368851551027030312032236306759850849240017243702457900548841578674982,2026-10-01T20:38:09.300213+00:00,no,10797071126504743123515085716419360987107478266428470507477377131012323100968,
0.961,0.98,22.0,50.0,33.0,900.0,2100.0,kalshi,HOUSEFL23-26-D,2026-10-01T20:38:09.495350+00:00,yes,,657.0
0.97,0.979,50.0,685.0,50.0,1709.0,19231.45,polymarket,37339804851958529477668640272202929685210557293494488892587593584631088241480,2026-10-01T20:38:09.785251+00:00,yes,,
0.021,0.03,685.0,50.0,1709.0,50.0,170.0,polymarket,59334639557605561098604561285798025053605380916133492804312876518447275359979,2026-10-01T20:38:09.977444+00:00,no,37339804851958529477668640272202929685210557293494488892587593584631088241480,
0.83,0.84,30.12,421.1,434.24,62442.62,65442.62,kalshi,HOUSEIA1-26-D,2026-10-01T20:38:10.171494+00:00,yes,,10488.24
0.82,0.83,211.0,2212.01,452.22,9464.15,10156.33,polymarket,70626084342654528512319514273738308837103071303735022481383733918592331109261,2026-10-01T20:38:10.452143+00:00,yes,,
0.17,0.18,2212.01,211.0,9464.15,452.22,1172.22,polymarket,114804538887054214616070716252680354290437298087382870692052448508961099438281,2026-10-01T20:38:10.628504+00:00,no,70626084342654528512319514273738308837103071303735022481383733918592331109261,
0.75,0.76,524.56,11324.53,1621.6,21524.53,80554.53,kalshi,HOUSEIA3-26-D,2026-10-01T20:38:10.831437+00:00,yes,,61621.6
0.76,0.77,584.0,5857.0,1181.41,9245.25,19255.13,polymarket,105724155866026243386456609196248574198788679514540436663740641053049222730942,2026-10-01T20:38:11.113574+00:00,yes,,
0.23,0.24,5857.0,584.0,9245.25,1181.41,1201.41,polymarket,99910925406198095411505150408529683823605956793025882664293221366616297632948,2026-10-01T20:38:11.320993+00:00,no,105724155866026243386456609196248574198788679514540436663740641053049222730942,
0.939,0.972,254.0,50.0,772.0,551.0,101918.0,kalshi,HOUSEIL17-26-D,2026-10-01T20:38:11.516022+00:00,yes,,1772.0
0.977,0.984,300.0,45.0,308.08,723.36,2561.79,polymarket,26171734240618645516324503767249447123367690718138779413343534699327358751805,2026-10-01T20:38:11.793396+00:00,yes,,
0.016,0.023,45.0,300.0,723.36,308.08,1298.24,polymarket,27518870479944000448808424706349270578144335805074866364002493197102645128634,2026-10-01T20:38:11.971952+00:00,no,26171734240618645516324503767249447123367690718138779413343534699327358751805,
0.929,0.971,1.0,50.0,574.0,966.42,206966.42,kalshi,HOUSEIN1-26-D,2026-10-01T20:38:12.165191+00:00,yes,,2574.0
0.964,0.978,24.9,674.0,414.9,2578.32,21785.86,polymarket,3681107044092181679149096081582633622132617006087258915752259581199189306652,2026-10-01T20:38:12.466162+00:00,yes,,
0.022,0.036,674.0,24.9,2578.32,414.9,1079.36,polymarket,14580271907096012513639548533550750451178364170064576138467976386898253845300,2026-10-01T20:38:12.643983+00:00,no,3681107044092181679149096081582633622132617006087258915752259581199189306652,
0.963,0.98,63.0,630.0,4603.0,1180.0,2730.0,kalshi,KXHOUSEIN7-26-D,2026-10-01T20:38:12.847471+00:00,yes,,4603.0
0.947,0.994,19.44,55.11,76.98,2119.41,2119.41,polymarket,40876554419338922997007322549207349127346826092054225500718986502680985663134,2026-10-01T20:38:13.125399+00:00,yes,,
0.006,0.053,55.11,19.44,2119.41,76.98,76.98,polymarket,79834517898433000801311948028778581709065024661001558213004538466273662010942,2026-10-01T20:38:13.327342+00:00,no,40876554419338922997007322549207349127346826092054225500718986502680985663134,
0.33,0.37,500.0,3410.0,500.0,6847.0,6847.0,kalshi,HOUSEME2-26-D,2026-10-01T20:38:13.524749+00:00,yes,,500.0
0.35,0.36,638.49,566.93,2436.03,14692.04,28146.44,polymarket,96914958250546616618098909674490573266030506817741031776466109480920768219053,2026-10-01T20:38:13.820022+00:00,yes,,
0.64,0.65,566.93,638.49,14692.04,2436.03,3940.9,polymarket,115344862533823877787593931582052527994258645729917868626175818881592688447868,2026-10-01T20:38:14.030658+00:00,no,96914958250546616618098909674490573266030506817741031776466109480920768219053,
0.947,0.97,85.0,1.0,300.0,566.0,327164.0,kalshi,HOUSEMI3-26-D,2026-10-01T20:38:14.228909+00:00,yes,,1550.0
0.968,0.97,400.31,87.68,427.62,1714.33,71631.22,polymarket,34227383004193373038906204949041462485365502825604088115677762838860776270336,2026-10-01T20:38:14.517117+00:00,yes,,
0.03,0.032,87.68,400.31,1714.33,427.62,511.62,polymarket,29474776411110342439108821023762007640536170734362475294518913320358180508281,2026-10-01T20:38:14.708759+00:00,no,34227383004193373038906204949041462485365502825604088115677762838860776270336,
0.46,0.47,800.0,2945.0,800.0,6196.0,6196.0,kalshi,HOUSEMI4-26-D,2026-10-01T20:38:14.902079+00:00,yes,,1900.0
0.48,0.49,7194.35,12993.52,20065.35,26553.85,42619.85,polymarket,88776488175071791462909511406316753979194373422367163888126718728750245407110,2026-10-01T20:38:15.182556+00:00,yes,,
0.51,0.52,12993.52,7194.35,26553.85,20065.35,34145.3,polymarket,113200408960659206664151059139707510715786666933119420953506574921497391722083,2026-10-01T20:38:15.363004+00:00,no,88776488175071791462909511406316753979194373422367163888126718728750245407110,
0.58,0.59,3913.46,4998.33,3938.41,7765.33,7765.33,kalshi,HOUSEMI7-26-D,2026-10-01T20:38:15.555027+00:00,yes,,3974.41
0.56,0.57,769.28,6194.27,3937.51,25116.25,45324.49,polymarket,28428563408232158641020832230598845099279456308678642815367173717175353290703,2026-10-01T20:38:15.834005+00:00,yes,,
0.43,0.44,6194.27,769.28,25116.25,3937.51,5317.16,polymarket,70766043286887214711082829510749001221536384974744297470820933886454245846858,2026-10-01T20:38:16.027901+00:00,no,28428563408232158641020832230598845099279456308678642815367173717175353290703,
0.939,0.941,1.0,502.0,1.0,502.0,502.0,kalshi,HOUSEMI8-26-D,2026-10-01T20:38:16.225149+00:00,yes,,1.0
0.94,0.95,1282.0,2836.0,1282.0,6625.24,8433.91,polymarket,40998004024518769727715136534481229852277056748646105714813641637686167793485,2026-10-01T20:38:16.505888+00:00,yes,,
0.05,0.06,2836.0,1282.0,6625.24,1282.0,1282.0,polymarket,45023554393144811103893254267963506888132599220900895284924790943342021585309,2026-10-01T20:38:16.684350+00:00,no,40998004024518769727715136534481229852277056748646105714813641637686167793485,
0.65,0.66,88.44,50.0,88.44,850.0,11434.66,kalshi,HOUSEMI10-26-D,2026-10-01T20:38:16.877827+00:00,yes,,673.44
0.65,0.66,1684.87,1582.07,7388.97,14636.36,37481.25,polymarket,75685534826787951976275953631896177236439299709473517876953614908104349066066,2026-10-01T20:38:17.169067+00:00,yes,,
0.34,0.35,1582.07,1684.87,14636.36,7388.97,8394.44,polymarket,33304449079649201557387369847379560518290837271024516667508560413437432436345,2026-10-01T20:38:17.347435+00:00,no,75685534826787951976275953631896177236439299709473517876953614908104349066066,
0.91,0.947,58.0,50.0,1485.0,550.0,550.0,kalshi,HOUSEMN2-26-D,2026-10-01T20:38:17.539637+00:00,yes,,4985.0
0.94,0.941,1737.09,5015.99,7742.55,6365.99,33094.04,polymarket,101761583924149127934699530188897560119595562747749947811419542814081248785009,2026-10-01T20:38:17.815870+00:00,yes,,
0.059,0.06,5015.99,1737.09,6365.99,7742.55,12490.94,polymarket,19804193668977645221157325203169258737141521426258720263542223721543867583028,2026-10-01T20:38:18.011373+00:00,no,101761583924149127934699530188897560119595562747749947811419542814081248785009,
0.944,0.97,750.0,20.0,1194.0,722.04,517994.61,kalshi,KXHOUSEMO5-26-D,2026-10-01T20:38:18.205258+00:00,yes,,2614.0
0.951,0.952,73.12,5362.0,5012.23,5362.0,7298.63,polymarket,20434636588070348342968602903061248718389577160814478335219004633392341635870,2026-10-01T20:38:18.495290+00:00,yes,,
0.048,0.049,5362.0,73.12,5362.0,5012.23,5086.23,polymarket,52444299492076252458856342471567223661037810046722194981554762268634909361889,2026-10-01T20:38:18.672967+00:00,no,20434636588070348342968602903061248718389577160814478335219004633392341635870,
0.31,0.34,128.58,5068.83,898.09,5568.83,5842.63,kalshi,HOUSEMT1-26-D,2026-10-01T20:38:18.866054+00:00,yes,,1288.09
0.32,0.33,1286.19,9570.62,4976.63,19925.16,32288.91,polymarket,94033987553817825990709512567031751048276730850154145976615728913102874968691,2026-10-01T20:38:19.154801+00:00,yes,,
0.67,0.68,9570.62,1286.19,19925.16,4976.63,6457.48,polymarket,89249778688472138415584633654306240159785502169216857650010692296295315613845,2026-10-01T20:38:19.335728+00:00,no,94033987553817825990709512567031751048276730850154145976615728913102874968691,
0.58,0.6,471.84,49.0,1371.84,3554.0,6055.0,kalshi,HOUSENC1-26-D,2026-10-01T20:38:19.529297+00:00,yes,,1621.84
0.61,0.62,117.06,350.77,172.61,5955.77,12825.3,polymarket,92733851946032612831148041059231077892095455856580382370275967011579615033174,2026-10-01T20:38:19.824547+00:00,yes,,
0.38,0.39,350.77,117.06,5955.77,172.61,557.61,polymarket,49650569770718849249209946433924562413132940288389428920730480123460442039788,2026-10-01T20:38:19.998650+00:00,no,92733851946032612831148041059231077892095455856580382370275967011579615033174,
0.66,0.68,0.01,64009.0,128.53,65009.0,76090.0,kalshi,KXHOUSENC11-26-DEM,2026-10-01T20:38:20.192917+00:00,yes,,10297.11
0.61,0.62,210.91,2371.0,410.91,2371.0,8372.18,polymarket,26725090567941494839753555432942030379400825958244897490974743127556962267884,2026-10-01T20:38:20.490586+00:00,yes,,
0.38,0.39,2371.0,210.91,2371.0,410.91,921.81,polymarket,92454050168323304543164027657212968476059707826906259679044731747027315653424,2026-10-01T20:38:20.673868+00:00,no,26725090567941494839753555432942030379400825958244897490974743127556962267884,
0.916,0.922,0.91,92.0,2202.41,92.0,10748.47,kalshi,HOUSENE2-26-D,2026-10-01T20:38:20.900672+00:00,yes,,72237.41
0.91,0.92,8009.0,817.93,10804.0,3890.21,6113.72,polymarket,83966667308824872880342632752673759552233526664290166226784097408878282862076,2026-10-01T20:38:21.209697+00:00,yes,,
0.08,0.09,817.93,8009.0,3890.21,10804.0,11095.38,polymarket,35136589390877606418975621999951288920102535927152991703335089202489706671146,2026-10-01T20:38:21.410528+00:00,no,83966667308824872880342632752673759552233526664290166226784097408878282862076,
0.911,0.959,118.0,3201.0,1473.05,11364.0,61972.0,kalshi,HOUSENH1-26-D,2026-10-01T20:38:21.607647+00:00,yes,,2023.05
0.944,0.956,47.0,49.2,500.97,5332.39,7452.92,polymarket,15841973896294397863780283211777886833063131427675236235397936182214462263761,2026-10-01T20:38:21.889793+00:00,yes,,
0.044,0.056,49.2,47.0,5332.39,500.97,500.97,polymarket,57553502995830775992126087002622990615625670975273656077143914574086079721073,2026-10-01T20:38:22.079967+00:00,no,15841973896294397863780283211777886833063131427675236235397936182214462263761,
0.932,0.983,44.0,550.0,685.0,901.0,101910.0,kalshi,HOUSENJ5-26-D,2026-10-01T20:38:22.272332+00:00,yes,,1085.0
0.969,0.982,54.02,23.8,54.02,363.83,3136.54,polymarket,39839349821217245610991310247064925302999460514525984723514121006600505842039,2026-10-01T20:38:22.563856+00:00,yes,,
0.018,0.031,23.8,54.02,363.83,54.02,168.06,polymarket,23666815305105166964698179050340194099964419160330589220903910964281996306825,2026-10-01T20:38:22.743295+00:00,no,39839349821217245610991310247064925302999460514525984723514121006600505842039,
0.87,0.88,387.78,50010.11,10418.49,50011.13,50571.13,kalshi,HOUSENJ7-26-D,2026-10-01T20:38:22.937018+00:00,yes,,10862.69
0.88,0.9,269.5,197.1,1296.87,1991.63,4706.55,polymarket,11150104041135923402729603235169264788695551846877266424704836556138704136153,2026-10-01T20:38:23.230826+00:00,yes,,
0.1,0.12,197.1,269.5,1991.63,1296.87,2901.74,polymarket,59543187978590547875229144531279992897106638734873892327512448136202059561407,2026-10-01T20:38:23.406787+00:00,no,11150104041135923402729603235169264788695551846877266424704836556138704136153,
0.945,0.966,2.29,104.0,4.58,720.0,1044.0,kalshi,HOUSENJ9-26-D,2026-10-01T20:38:23.601039+00:00,yes,,56.58
0.931,0.963,10.0,30.0,107.99,30.0,280.14,polymarket,64646801358204661091649152026679678477997607545079265541240545041704334470547,2026-10-01T20:38:26.594429+00:00,yes,,
0.037,0.069,30.0,10.0,30.0,107.99,107.99,polymarket,101104375766855018042682388200888555709757264855320393775369778689286293968067,2026-10-01T20:38:26.791893+00:00,no,64646801358204661091649152026679678477997607545079265541240545041704334470547,
0.904,0.927,72.0,50.0,50277.0,55.0,10286.15,kalshi,HOUSENM2-26-D,2026-10-01T20:38:26.986043+00:00,yes,,60559.88
0.95,0.96,0.22,70.0,21.22,138.0,2447.23,polymarket,35251426509377808120747711632625143087614909557664163894190344736809827040538,2026-10-01T20:38:27.268850+00:00,yes,,
0.04,0.05,70.0,0.22,138.0,21.22,304.07,polymarket,40943270597120810827227691246151136773523870232316176411284192357563428776133,2026-10-01T20:38:27.448182+00:00,no,35251426509377808120747711632625143087614909557664163894190344736809827040538,
0.935,0.969,6.0,200.0,643.0,550.0,4391.0,kalshi,HOUSENV1-26-D,2026-10-01T20:38:27.642367+00:00,yes,,2843.0
0.932,0.941,220.0,216.1,1519.0,6568.1,23810.09,polymarket,53419693435572371788699892259142418692358073805819213173632989322601750027858,2026-10-01T20:38:27.932620+00:00,yes,,
0.059,0.068,216.1,220.0,6568.1,1519.0,6737.43,polymarket,55950724784964299514196921613683955661483220553780201996623041253165124319777,2026-10-01T20:38:28.106595+00:00,no,53419693435572371788699892259142418692358073805819213173632989322601750027858,
0.914,0.93,299.0,42.48,3530.52,42.48,652.05,kalshi,HOUSENV3-26-D,2026-10-01T20:38:28.320996+00:00,yes,,7196.52
0.94,0.95,432.75,108.0,852.75,3458.44,9422.1,polymarket,94909040987536769270715360325201420589044604443243218743462043270034738802453,2026-10-01T20:38:28.612944+00:00,yes,,
0.05,0.06,108.0,432.75,3458.44,852.75,1971.75,polymarket,104735383839743917917907942165126496186842141398707250478626048318036570567935,2026-10-01T20:38:28.791859+00:00,no,94909040987536769270715360325201420589044604443243218743462043270034738802453,
0.935,0.983,4.0,596.0,776.0,1061.0,2070.0,kalshi,HOUSENV4-26-D,2026-10-01T20:38:28.984733+00:00,yes,,1026.0
0.97,0.988,290.0,27.0,322.18,600.59,940.71,polymarket,37734744071084495350871177726856765634134461816186018873587394886278296213428,2026-10-01T20:38:29.285701+00:00,yes,,
0.012,0.03,27.0,290.0,600.59,322.18,760.18,polymarket,50727765164832629139672952168590462287373444497701766317761298028855176636182,2026-10-01T20:38:29.481481+00:00,no,37734744071084495350871177726856765634134461816186018873587394886278296213428,
0.86,0.89,10020.0,380.0,10020.0,50380.0,60430.0,kalshi,HOUSENY3-26-D,2026-10-01T20:38:29.672584+00:00,yes,,60020.0
0.85,0.88,5812.37,696.63,6985.9,5844.67,13356.94,polymarket,95873286255325136859944314511685433946471154050507766930211873940748656819468,2026-10-01T20:38:29.953146+00:00,yes,,
0.12,0.15,696.63,5792.37,5824.67,6965.9,7056.05,polymarket,99055552646623705673547483236277908448648634668240976877999861297866776043432,2026-10-01T20:38:30.145317+00:00,no,95873286255325136859944314511685433946471154050507766930211873940748656819468,
0.912,0.922,2.0,23.0,2.0,423.0,1924.07,kalshi,HOUSENY4-26-D,2026-10-01T20:38:30.344412+00:00,yes,,852.0
0.89,0.9,1783.27,736.09,3293.54,3727.83,11026.88,polymarket,86097217051997272327652501519977514271796973598402973728198470808392429882569,2026-10-01T20:38:30.624265+00:00,yes,,
0.1,0.11,736.09,1783.27,3727.83,3293.54,3616.89,polymarket,106633621348177746507645366824408661631876539056685538881000838968267770334265,2026-10-01T20:38:30.806751+00:00,no,86097217051997272327652501519977514271796973598402973728198470808392429882569,
0.63,0.64,854.77,3727.8,1118.57,7212.21,7454.0,kalshi,HOUSENY17-26-D,2026-10-01T20:38:31.008531+00:00,yes,,1653.58
0.63,0.64,3464.22,3669.67,9404.07,14328.16,58130.02,polymarket,51139697479054469944236132595348770797766976112763062697989474877845630491882,2026-10-01T20:38:31.294926+00:00,yes,,
0.36,0.37,3669.67,3464.22,14328.16,9404.07,22868.0,polymarket,69541728889474243559228458257667024729753704232262882473518688610039296438225,2026-10-01T20:38:31.472597+00:00,no,51139697479054469944236132595348770797766976112763062697989474877845630491882,
0.925,0.944,100.0,50.9,900.0,50.9,971.9,kalshi,HOUSENY18-26-D,2026-10-01T20:38:31.665252+00:00,yes,,900.0
0.931,0.936,45.99,152.63,3946.08,1643.35,17565.67,polymarket,63140740428716707280026056975794084854010610423100519220636578559614000754781,2026-10-01T20:38:31.958643+00:00,yes,,
0.064,0.069,152.63,45.99,1643.35,3946.08,4769.24,polymarket,105321160396462293788614833458065210845968292785218816650564562543689863738555,2026-10-01T20:38:32.133513+00:00,no,63140740428716707280026056975794084854010610423100519220636578559614000754781,
0.95,0.977,22.0,51.3,722.0,651.3,51921.3,kalshi,HOUSENY19-26-D,2026-10-01T20:38:32.328757+00:00,yes,,3742.0
0.977,0.979,209.0,1388.0,349.0,2738.5,43414.82,polymarket,110513625685552508307985945547975220111251271956311568244995722139152190564594,2026-10-01T20:38:32.607579+00:00,yes,,
0.021,0.023,1388.0,209.0,2738.5,349.0,1334.77,polymarket,62507379773479884700055231011175851702393160133306303553772239765673251895405,2026-10-01T20:38:32.801047+00:00,no,110513625685552508307985945547975220111251271956311568244995722139152190564594,
0.918,0.954,56.0,600.0,3101.0,650.0,861.0,kalshi,HOUSENY22-26-D,2026-10-01T20:38:32.994031+00:00,yes,,3601.0
0.93,0.96,187.0,1943.03,187.0,10389.91,13279.61,polymarket,94642975307457823038655541464684168636538661255044937628584087934091718205759,2026-10-01T20:38:33.289725+00:00,yes,,
0.04,0.07,1943.03,187.0,10389.91,187.0,275.77,polymarket,71361106257690028251455610707283136088158416844969044440473899198365923188862,2026-10-01T20:38:33.479473+00:00,no,94642975307457823038655541464684168636538661255044937628584087934091718205759,
0.85,0.87,714.99,1050.0,1214.99,1639.0,3173.0,kalshi,HOUSEOH1-26-D,2026-10-01T20:38:33.676618+00:00,yes,,1732.99
0.862,0.868,20.0,4173.74,2861.0,7777.28,17167.14,polymarket,54683918395285218242154486097975094247311771681306620842955201199347227560316,2026-10-01T20:38:33.970828+00:00,yes,,
0.132,0.138,4173.74,20.0,7777.28,2861.0,3138.0,polymarket,93242753185600541940629991326507039905238964087791716041955507471171232152881,2026-10-01T20:38:34.142946+00:00,no,54683918395285218242154486097975094247311771681306620842955201199347227560316,
0.71,0.72,6.0,373.61,10053.91,673.79,61033.79,kalshi,HOUSEOH9-26-D,2026-10-01T20:38:34.336418+00:00,yes,,60053.91
0.72,0.73,47.86,7849.37,47.86,11570.47,16710.47,polymarket,65572553957974162720266895822584213678027747609322437193492482509621073910869,2026-10-01T20:38:34.630284+00:00,yes,,
0.27,0.28,7849.37,47.86,11570.47,47.86,47.86,polymarket,69885566693658442573984143140931219515635046808768355522082412489943042808897,2026-10-01T20:38:34.817849+00:00,no,65572553957974162720266895822584213678027747609322437193492482509621073910869,
0.929,0.97,3.0,20.0,839.0,520.0,101660.0,kalshi,HOUSEOH13-26-D,2026-10-01T20:38:35.012596+00:00,yes,,1110.0
0.948,0.971,37.0,70.0,366.25,3904.0,56136.39,polymarket,34914084499338340703893043515733081691189506455850739325273268392987246939324,2026-10-01T20:38:35.298612+00:00,yes,,
0.029,0.052,70.0,37.0,3904.0,366.25,5366.25,polymarket,40709496250750611175411792494588640362683533537728823079623994531586748565220,2026-10-01T20:38:35.485904+00:00,no,34914084499338340703893043515733081691189506455850739325273268392987246939324,
0.939,0.97,56.0,1190.0,628.0,1190.0,3152.0,kalshi,HOUSEOR5-26-D,2026-10-01T20:38:35.679480+00:00,yes,,628.0
0.947,0.977,16.0,40.0,36.0,559.24,9085.38,polymarket,12668390728546664562591096503585520540809771817912759179044387646050235405928,2026-10-01T20:38:35.973859+00:00,yes,,
0.023,0.053,40.0,16.0,559.24,36.0,36.0,polymarket,97753848768374060999337901528962238014065821426341113231597534959461731339133,2026-10-01T20:38:36.157556+00:00,no,12668390728546664562591096503585520540809771817912759179044387646050235405928,
0.36,0.37,150.0,13030.63,10281.89,26199.9,78199.9,kalshi,HOUSEPA1-26-D,2026-10-01T20:38:36.350835+00:00,yes,,10312.25
0.33,0.34,1782.51,7927.94,8473.53,30302.72,42910.9,polymarket,90438836256571410927299008367228796312209722771624666597034907143954367060240,2026-10-01T20:38:36.650283+00:00,yes,,
0.66,0.67,7927.94,1782.51,30302.72,8473.53,30954.48,polymarket,90218845846153365380863189597931280535650997637137753229555191267606212456241,2026-10-01T20:38:36.835892+00:00,no,90438836256571410927299008367228796312209722771624666597034907143954367060240,
0.84,0.85,646.45,10102.0,920.39,60105.56,66781.33,kalshi,HOUSEPA7-26-D,2026-10-01T20:38:37.028763+00:00,yes,,11065.39
0.83,0.85,309.15,4369.84,449.15,5260.02,8125.02,polymarket,37713776886536763857380242322222367371582682723176215910322979366716585040762,2026-10-01T20:38:37.322052+00:00,yes,,
0.15,0.17,4369.84,309.15,5260.02,449.15,469.15,polymarket,73315402478592033419410800462117761305061445591650606177401306137873754076531,2026-10-01T20:38:37.502559+00:00,no,37713776886536763857380242322222367371582682723176215910322979366716585040762,
0.68,0.69,750.11,9678.44,750.11,19468.44,79468.44,kalshi,HOUSEPA8-26-D,2026-10-01T20:38:37.697135+00:00,yes,,11094.71
0.67,0.68,431.0,1202.74,4479.25,6906.82,45569.91,polymarket,91391435832155617612019982139435697661029161851437556799916148343508709382987,2026-10-01T20:38:37.973514+00:00,yes,,
0.32,0.33,1202.74,431.0,6906.82,4479.25,5280.25,polymarket,98793860786103429461036512093518407124361882646235919543546522571597697238170,2026-10-01T20:38:38.168813+00:00,no,91391435832155617612019982139435697661029161851437556799916148343508709382987,
0.79,0.8,303.64,10050.0,375.64,10061.0,60072.0,kalshi,HOUSEPA10-26-D,2026-10-01T20:38:38.363857+00:00,yes,,50504.53
0.81,0.82,0.5,14606.55,593.22,19775.25,25580.8,polymarket,87725551185270618291722253233951821932371187994043126950008311468794742299797,2026-10-01T20:38:38.653843+00:00,yes,,
0.18,0.19,14606.55,0.5,19775.25,593.22,2945.53,polymarket,91449905075128391435919444408745642086656529220300896540428976055571499433207,2026-10-01T20:38:38.855678+00:00,no,87725551185270618291722253233951821932371187994043126950008311468794742299797,
0.945,0.986,135.0,150.0,635.0,1000.0,102000.0,kalshi,HOUSEPA17-26-D,2026-10-01T20:38:39.047436+00:00,yes,,8635.0
0.97,0.989,70.0,29.0,70.0,4885.5,4885.5,polymarket,92766935796166214397022548007993643468606651430020985430987394684946156700742,2026-10-01T20:38:39.342933+00:00,yes,,
0.011,0.03,29.0,70.0,4885.5,70.0,340.0,polymarket,7042007033865268562879755746411238079752844334570914953464426152051941798427,2026-10-01T20:38:39.521800+00:00,no,92766935796166214397022548007993643468606651430020985430987394684946156700742,
0.15,0.19,390.0,3194.97,503.96,3194.97,6394.97,kalshi,KXHOUSETX9-26-D,2026-10-01T20:38:39.716857+00:00,yes,,608.96
0.16,0.17,161.0,7638.18,271.25,19170.71,21977.71,polymarket,3535025439604955832684070719622409685476325682880146770888196381093172084442,2026-10-01T20:38:39.994745+00:00,yes,,
0.83,0.84,7638.18,161.0,19170.71,271.25,767.81,polymarket,53694288847812843429889386645751299716736462432779301410194248425039292909321,2026-10-01T20:38:40.196187+00:00,no,3535025439604955832684070719622409685476325682880146770888196381093172084442,
0.81,0.82,137.81,207.41,253.02,457.41,710.99,kalshi,HOUSETX15-26-D,2026-10-01T20:38:40.389039+00:00,yes,,453.02
0.82,0.85,125.66,501.97,3476.67,12300.17,23856.96,polymarket,6584875983046678011286869107197719818123093254495444235544680527373303971994,2026-10-01T20:38:40.669784+00:00,yes,,
0.15,0.18,501.97,125.66,12300.17,3476.67,4742.51,polymarket,78192342236188386087763258420745804515190545117661254581766240746328946228230,2026-10-01T20:38:40.863334+00:00,no,6584875983046678011286869107197719818123093254495444235544680527373303971994,
0.89,0.9,113.42,1100.0,1199.28,11951.26,62036.96,kalshi,HOUSETX28-26-D,2026-10-01T20:38:41.057201+00:00,yes,,51273.28
0.88,0.89,6799.31,160.0,9091.09,984.95,7590.74,polymarket,84241107374483193244606511118129186494443849681135554558545774792234903960353,2026-10-01T20:38:41.334930+00:00,yes,,
0.11,0.12,160.0,6799.31,984.95,9091.09,9091.09,polymarket,82558835789323197481733680122235756483424749365965750477150954147606088637077,2026-10-01T20:38:41.526376+00:00,no,84241107374483193244606511118129186494443849681135554558545774792234903960353,
0.11,0.15,20.0,575.0,40.0,1175.0,2175.0,kalshi,KXHOUSETX32-26-D,2026-10-01T20:38:41.723173+00:00,yes,,785.0
0.103,0.105,86.73,66.43,469.77,306.15,1794.11,polymarket,97914684524869508391838473493038359705680146825553129245982853665873115044909,2026-10-01T20:38:42.018798+00:00,yes,,
0.895,0.897,66.43,86.73,306.15,469.77,1443.8,polymarket,114721540831876158587790827273198112511894712693799849372687525159582670028292,2026-10-01T20:38:42.196678+00:00,no,97914684524869508391838473493038359705680146825553129245982853665873115044909,
0.81,0.85,600.0,1144.0,600.0,1836.0,1911.0,kalshi,HOUSETX34-26-D,2026-10-01T20:38:42.391950+00:00,yes,,600.0
0.81,0.83,539.4,516.92,677.73,950.25,5396.92,polymarket,84371186359433032934344934234365568331165136826770723604045723165294252654116,2026-10-01T20:38:42.679957+00:00,yes,,
0.17,0.19,516.92,539.4,950.25,677.73,757.73,polymarket,102259996226771440320077466984289476786532881900581701629601873185791982116225,2026-10-01T20:38:42.860619+00:00,no,84371186359433032934344934234365568331165136826770723604045723165294252654116,
0.6,0.62,2897.84,4795.0,2897.84,5773.0,6403.0,kalshi,KXHOUSETX35-26-D,2026-10-01T20:38:43.053536+00:00,yes,,2897.84
0.58,0.6,50.0,7276.58,2293.67,18727.37,32727.48,polymarket,5339899814292845593775846980480523063906400681832167807317855849721141409634,2026-10-01T20:38:43.340181+00:00,yes,,
0.4,0.42,7276.58,50.0,18727.37,2293.67,18589.72,polymarket,109773330413820171927933107770672027720250580797223894296311641060141358327893,2026-10-01T20:38:43.517883+00:00,no,5339899814292845593775846980480523063906400681832167807317855849721141409634,
0.94,0.978,46.0,12.02,566.0,513.99,102013.99,kalshi,KXHOUSEUT01-26-D,2026-10-01T20:38:43.717610+00:00,yes,,921.0
0.963,0.967,21.0,2015.0,118.55,3520.0,84113.97,polymarket,8269172801736629285390967158042572614824221441854000527215508853168947814184,2026-10-01T20:38:44.023503+00:00,yes,,
0.033,0.037,2015.0,21.0,3520.0,118.55,118.55,polymarket,85296909466186619384420873638280742750210341125270668587036133637178889005425,2026-10-01T20:38:44.203064+00:00,no,8269172801736629285390967158042572614824221441854000527215508853168947814184,
0.04,0.075,519.0,520.0,519.0,520.0,520.0,kalshi,KXHOUSEUT02-26-D,2026-10-01T20:38:44.396265+00:00,yes,,1169.0
0.022,0.073,75.46,30.0,209.2,237.63,237.63,polymarket,42200861349127624830531769887465625664332564761208067308674538299681162633408,2026-10-01T20:38:44.695907+00:00,yes,,
0.927,0.978,30.0,75.46,237.63,209.2,3170.04,polymarket,22460151591081896030761183713475000773764397313695055999801722869424616239250,2026-10-01T20:38:44.877665+00:00,no,42200861349127624830531769887465625664332564761208067308674538299681162633408,
0.004,0.03,371.78,8.0,612.98,8.0,8.0,polymarket,73655659777087873966118889760605816558808759882316031589286892571883947329027,2026-10-01T20:38:45.155303+00:00,yes,,
0.97,0.996,8.0,371.78,8.0,612.98,612.98,polymarket,64011214652338021411226251374684347610934564671496570347210877858774937156875,2026-10-01T20:38:45.360604+00:00,no,73655659777087873966118889760605816558808759882316031589286892571883947329027,
0.041,0.057,100.0,200.0,398.0,200.0,200.0,kalshi,KXHOUSEUT03-26-D,2026-10-01T20:38:45.561370+00:00,yes,,398.0
0.05,0.07,40.0,190.33,168.38,2141.88,5027.53,polymarket,18077660363313004213754531665806100546111276578040101427528804121573299703279,2026-10-01T20:38:45.856338+00:00,yes,,
0.93,0.95,190.33,40.0,2141.88,168.38,7535.8,polymarket,67815003370722327961041156025617792404682266983967041100115986388828765990515,2026-10-01T20:38:46.041275+00:00,no,18077660363313004213754531665806100546111276578040101427528804121573299703279,
0.002,0.008,0.11,13.77,0.11,195.77,354.76,polymarket,32078345215581820040626846692278188953626722031601220881598688713009264087303,2026-10-01T20:38:46.332985+00:00,yes,,
0.992,0.998,13.77,0.11,195.77,0.11,0.11,polymarket,61643879363607548879312806853257990480248110286638405253599119228444052797627,2026-10-01T20:38:46.537453+00:00,no,32078345215581820040626846692278188953626722031601220881598688713009264087303,
0.49,0.5,81.51,2724.94,581.51,5705.3,5905.3,kalshi,HOUSEVA1-26-D,2026-10-01T20:38:46.730381+00:00,yes,,2620.92
0.52,0.53,633.44,7499.36,2442.94,11956.27,31788.92,polymarket,88628412725357801969852238315853152041907755032296775468463465337049299853893,2026-10-01T20:38:47.008217+00:00,yes,,
0.47,0.48,7499.36,633.44,11956.27,2442.94,3415.94,polymarket,109032271391509221339029333717041891043884227340434642559043149086824287566768,2026-10-01T20:38:47.206730+00:00,no,88628412725357801969852238315853152041907755032296775468463465337049299853893,
0.79,0.8,796.26,73.34,1157.16,19791.72,69858.67,kalshi,HOUSEVA2-26-D,2026-10-01T20:38:47.401972+00:00,yes,,61407.16
0.81,0.82,619.99,7854.04,1220.64,12711.85,20929.05,polymarket,113775721914358731979638137579752258137123447875996657512004068518320376669224,2026-10-01T20:38:47.677317+00:00,yes,,
0.18,0.19,7854.04,619.99,12711.85,1220.64,1482.92,polymarket,6431017214844719071529892865687247898079997766867991700132073831843261535430,2026-10-01T20:38:47.850403+00:00,no,113775721914358731979638137579752258137123447875996657512004068518320376669224,
0.918,0.944,97.0,50.0,6127.0,550.0,651.16,kalshi,HOUSEVA7-26-D,2026-10-01T20:38:48.046510+00:00,yes,,8187.0
0.953,0.973,10.93,50.0,30.93,1177.0,89917.9,polymarket,98075623222143547346037366837071572541450376316433615657989340175250414958486,2026-10-01T20:38:48.338536+00:00,yes,,
0.027,0.047,50.0,10.93,1177.0,30.93,834.04,polymarket,88493018854609170398068504899501067700367542483730464912829188861413472007638,2026-10-01T20:38:48.522478+00:00,no,98075623222143547346037366837071572541450376316433615657989340175250414958486,
0.953,0.98,500.0,50.0,500.0,50.0,46255.0,kalshi,KXHOUSEVA10-26-D,2026-10-01T20:38:48.713915+00:00,yes,,500.0
0.94,0.97,197.0,753.78,197.0,1561.76,2143.3,polymarket,6250391442247226330298525065064308908648402896185647255195896585309154272766,2026-10-01T20:38:48.993309+00:00,yes,,
0.03,0.06,753.78,197.0,1561.76,197.0,197.0,polymarket,111168025787449600542830908899401632263625958609450024739599334071374323342442,2026-10-01T20:38:49.173259+00:00,no,6250391442247226330298525065064308908648402896185647255195896585309154272766,
0.9,0.901,17706.36,50.0,27651.62,1485.73,1905.81,kalshi,HOUSEWA3-26-D,2026-10-01T20:38:49.420730+00:00,yes,,97494.62
0.9,0.91,3735.74,11.0,6391.11,1009.04,9876.09,polymarket,62003269433640683744291727761785528693342099533191419822618434570267086928393,2026-10-01T20:38:49.708166+00:00,yes,,
0.09,0.1,11.0,3735.74,1009.04,6391.11,6946.63,polymarket,20990029832453924053500813948402010905503514636044959176717493338333769631267,2026-10-01T20:38:49.896498+00:00,no,62003269433640683744291727761785528693342099533191419822618434570267086928393,
0.956,0.997,300.0,200.0,300.0,1543.0,1543.0,kalshi,KXHOUSEWA8-26-D,2026-10-01T20:38:50.097537+00:00,yes,,300.0
0.957,0.991,65.0,19.11,990.84,3175.0,3175.0,polymarket,25606522774893959736045763151595381737278418490862594684827826612970734165778,2026-10-01T20:38:50.390310+00:00,yes,,
0.009,0.043,19.11,65.0,3175.0,990.84,996.22,polymarket,82922474319281728992031328218556520198589994372858423721126320590951133838371,2026-10-01T20:38:50.586039+00:00,no,25606522774893959736045763151595381737278418490862594684827826612970734165778,
0.32,0.34,785.77,4112.52,1285.77,4622.52,4622.52,kalshi,HOUSEWI1-26-D,2026-10-01T20:38:50.783294+00:00,yes,,1350.8
0.33,0.34,3870.7,5312.98,10735.79,13601.25,14276.25,polymarket,27864379735636967187061174592974985530606192477476602134082994654383977817622,2026-10-01T20:38:51.065827+00:00,yes,,
0.66,0.67,5312.98,3870.7,13601.25,10360.79,25667.06,polymarket,99427340178627001596249525275526063930070347555316661969816068920551832004909,2026-10-01T20:38:51.258440+00:00,no,27864379735636967187061174592974985530606192477476602134082994654383977817622,
0.72,0.74,201.7,10155.42,201.7,60473.42,60477.5,kalshi,HOUSEWI3-26-D,2026-10-01T20:38:51.454950+00:00,yes,,10223.71
0.72,0.73,923.84,723.84,1223.57,823.84,2047.98,polymarket,98533340650340151055858210214498969967462170000657407829633743183238896087456,2026-10-01T20:38:51.733523+00:00,yes,,
0.27,0.28,723.84,923.84,823.84,1223.57,1344.57,polymarket,86746373001655437646455833103379273668271009789768201797953922809057924766586,2026-10-01T20:38:51.914869+00:00,no,98533340650340151055858210214498969967462170000657407829633743183238896087456,
0.007,0.016,150.2,26.0,2960.2,37.0,37.0,polymarket,112631815696760308015879207569232436560894777106252894238120648921534834095752,2026-10-01T20:38:52.200560+00:00,yes,,
0.984,0.993,26.0,150.2,37.0,2960.2,2960.2,polymarket,41111665926635526432285716520396419729011018032776697295789419261630235141751,2026-10-01T20:38:52.387884+00:00,no,112631815696760308015879207569232436560894777106252894238120648921534834095752,
0.037,0.054,210.0,30.0,1878.99,49.99,10755.52,polymarket,68370995073141964079913803663665941780115677360430806954011390499916208708512,2026-10-01T20:38:52.679467+00:00,yes,,
0.946,0.963,30.0,210.0,49.99,1878.99,15611.8,polymarket,13262930035751293044299030051076946493579310948743085503128810162298115061024,2026-10-01T20:38:52.867821+00:00,no,68370995073141964079913803663665941780115677360430806954011390499916208708512,
0.045,0.046,55.0,12.0,55.0,12.0,12.0,polymarket,72886985091553225261880008335633731330398834377716296897321179753246165638738,2026-10-01T20:38:53.145957+00:00,yes,,
0.954,0.955,12.0,55.0,12.0,55.0,55.0,polymarket,94115373581743458717182959077368733146045011031701493146988015540134584877579,2026-10-01T20:38:53.325878+00:00,no,72886985091553225261880008335633731330398834377716296897321179753246165638738,
0.97,0.992,5.0,35.0,456.65,1764.0,1764.0,polymarket,68194463917260305435439145066031544476540679280823247532132832363696000101185,2026-10-01T20:38:53.599022+00:00,yes,,
0.008,0.03,35.0,5.0,1764.0,456.65,2079.12,polymarket,106192530786960539135535008575818346767459617102414049409342524139150698862791,2026-10-01T20:38:53.780726+00:00,no,68194463917260305435439145066031544476540679280823247532132832363696000101185,
0.98,0.994,30.0,20.0,272.33,1978.74,1978.74,polymarket,109467029375682717672947466588331781838347232688418556926634334189471462678711,2026-10-01T20:38:54.071672+00:00,yes,,
0.006,0.02,20.0,30.0,1978.74,272.33,787.33,polymarket,56515783740067714541146024238690731191171951191676227554534304907999316653689,2026-10-01T20:38:54.242787+00:00,no,109467029375682717672947466588331781838347232688418556926634334189471462678711,
0.97,0.976,617.59,3348.0,617.59,5229.0,160101.83,polymarket,21024219148268989748704207701411444044468128261642675917026452687231462203167,2026-10-01T20:38:54.523301+00:00,yes,,
0.024,0.03,3348.0,617.59,5229.0,617.59,19574.51,polymarket,35836144845762083734936716777818582913796871841916057482479347577598882811767,2026-10-01T20:38:54.717439+00:00,no,21024219148268989748704207701411444044468128261642675917026452687231462203167,
0.008,0.063,150.0,46.62,731.47,174.0,263.0,polymarket,26969987183147691459735958550527481658991321979903347263530424157323143990437,2026-10-01T20:38:55.014582+00:00,yes,,
0.938,0.992,25.0,150.0,199.0,731.47,731.47,polymarket,52866176050398509226953980575505222075212343898498605811148879704160503136428,2026-10-01T20:38:55.195294+00:00,no,26969987183147691459735958550527481658991321979903347263530424157323143990437,
0.973,0.984,96.85,10.0,146.84,55.0,1497.02,polymarket,3015477455071606958014729552697672689898195807324746948280693702257424620276,2026-10-01T20:38:55.488435+00:00,yes,,
0.016,0.027,10.0,96.85,55.0,146.84,2262.57,polymarket,115316081925755141262134681282752103796078250770988305202716210672556966594698,2026-10-01T20:38:55.681414+00:00,no,3015477455071606958014729552697672689898195807324746948280693702257424620276,
0.3,0.31,184.34,567.66,824.34,1202.42,1252.41,polymarket,112865931018535043924604877802427749327024008755764693656162236690266569063025,2026-10-01T20:38:55.972253+00:00,yes,,
0.69,0.7,567.66,184.34,1202.42,824.34,883.69,polymarket,79749174176509234772895575538666927830704611020442497424973516522517246210950,2026-10-01T20:38:56.176250+00:00,no,112865931018535043924604877802427749327024008755764693656162236690266569063025,
0.07,0.079,63.49,390.73,958.49,1408.38,2489.38,kalshi,KXSENATELA-26NOV-D,2026-10-01T20:38:56.371615+00:00,yes,,3608.49
0.06,0.07,1088.99,930.96,3056.38,4239.6,17612.79,polymarket,80536528552003281640741026890878925456783654983296822683495274364289350034456,2026-10-01T20:38:56.660703+00:00,yes,,
0.93,0.94,930.96,1088.99,4239.6,3056.38,16579.47,polymarket,109090022960169506693280284802447236443468818742086703354686360167548384699439,2026-10-01T20:38:56.852947+00:00,no,80536528552003281640741026890878925456783654983296822683495274364289350034456,
0.03,0.1,40.33,26.55,47.29,26.55,26.55,polymarket,113137624964926268585589785670631416507830550735458719802369252044201032949357,2026-10-01T20:38:57.146307+00:00,yes,,
0.9,0.97,26.55,40.33,26.55,47.29,104.68,polymarket,113464373976006369499619671630644033443050386515409152857770330788072230728636,2026-10-01T20:38:57.321275+00:00,no,113137624964926268585589785670631416507830550735458719802369252044201032949357,
0.977,0.981,222.39,26.0,1725.48,3117.85,15905.36,polymarket,37806907368043161074949113436745462734936336037202698916361016094424427186209,2026-10-01T20:38:57.599882+00:00,yes,,
0.019,0.023,26.0,222.39,3117.85,1725.48,3272.44,polymarket,12372043962778394976024486768688292040496139295686161489871763438144310710290,2026-10-01T20:38:57.783991+00:00,no,37806907368043161074949113436745462734936336037202698916361016094424427186209,
0.57,0.58,1642.83,2477.6,9788.95,16409.06,53227.22,polymarket,7589880081658059374445882095611024032084645048848237404312287942463647821549,2026-10-01T20:38:58.068416+00:00,yes,,
0.42,0.43,2477.6,1642.83,16409.06,9788.95,21874.87,polymarket,6136336712352911156426560180855478229745540927722899997193789497766196705020,2026-10-01T20:38:58.257735+00:00,no,7589880081658059374445882095611024032084645048848237404312287942463647821549,
0.72,0.73,1157.36,6153.94,7313.34,29125.62,86287.2,polymarket,71772627544132140586824126381855151743830987860593343955509593715269534710061,2026-10-01T20:38:58.542296+00:00,yes,,
0.27,0.28,6153.94,1157.36,29125.62,7313.34,69493.34,polymarket,64025664961497419708095468282573682984741903075312816516046832361290996190088,2026-10-01T20:38:58.725210+00:00,no,71772627544132140586824126381855151743830987860593343955509593715269534710061,
0.065,0.07,47.28,55.0,301.4,55.0,55.0,polymarket,68480239794038361406143076899055856619190312116315511680595576676848260383579,2026-10-01T20:38:59.017979+00:00,yes,,
0.93,0.935,55.0,47.28,55.0,301.4,301.4,polymarket,85259555605604406643081429051113590901725002439093001490925212330491619520704,2026-10-01T20:38:59.208996+00:00,no,68480239794038361406143076899055856619190312116315511680595576676848260383579,
0.001,0.011,5000.0,356.81,5000.0,15860.81,16345.59,kalshi,SENATEMT-26-D,2026-10-01T20:38:59.403789+00:00,yes,,5000.0
0.001,0.002,5509.08,1105.81,5509.08,1105.81,5633.53,polymarket,88799262678230165893255813616837100962595819984760588859765042402182443138810,2026-10-01T20:38:59.688309+00:00,yes,,
0.998,0.999,1105.81,5509.08,1105.81,5509.08,5509.08,polymarket,80548090613166591367082748340054574729693035025508775289880033317294974030893,2026-10-01T20:38:59.875009+00:00,no,88799262678230165893255813616837100962595819984760588859765042402182443138810,
0.002,0.007,150.0,52.67,821.0,174.65,174.65,polymarket,5347927708564596277152237992853544331067082389396950570366105113556124265958,2026-10-01T20:39:00.157546+00:00,yes,,
0.993,0.998,52.67,150.0,174.65,821.0,821.0,polymarket,47993908814211079241760748552425902755398501063762109405073869498741641041334,2026-10-01T20:39:00.337156+00:00,no,5347927708564596277152237992853544331067082389396950570366105113556124265958,
0.95,0.96,4933.98,4800.41,31650.98,11709.88,71162.15,polymarket,107151098936186723859677628536733880558851060002514795735761427447010628440047,2026-10-01T20:39:00.618870+00:00,yes,,
0.04,0.05,4800.41,4933.98,11709.88,31650.98,33965.98,polymarket,111394826590193310622075208085123253955586587501538476190057516703346418362600,2026-10-01T20:39:00.792352+00:00,no,107151098936186723859677628536733880558851060002514795735761427447010628440047,
0.87,0.88,262.49,18041.25,2007.11,35484.68,78816.06,polymarket,82410058691149830741200014405570918770267839390767234397030380747995715352939,2026-10-01T20:39:01.073814+00:00,yes,,
0.12,0.13,18041.25,262.49,35484.68,2007.11,17569.96,polymarket,28709552853916742051233428360468180906283732902940871675642481670799666825242,2026-10-01T20:39:01.249609+00:00,no,82410058691149830741200014405570918770267839390767234397030380747995715352939,
0.962,0.992,5.09,56.26,76.65,1321.9,1321.9,polymarket,57191420250913616150846676905047388827581537310894242160546701872955141155912,2026-10-01T20:39:01.530326+00:00,yes,,
0.008,0.038,56.26,5.09,1321.9,76.65,803.43,polymarket,68681443500357642360075283680830487598986161680464858837462763850367316916961,2026-10-01T20:39:01.729878+00:00,no,57191420250913616150846676905047388827581537310894242160546701872955141155912,
0.97,0.98,20.82,564.57,1183.44,564.57,9029.56,polymarket,86827974851753312617441915824618617861250657564707166327567168877893121374182,2026-10-01T20:39:02.022569+00:00,yes,,
0.02,0.03,564.57,20.82,564.57,1183.44,2136.27,polymarket,36658361636301944946350626333493677081031062692438134395348552977069133544334,2026-10-01T20:39:02.223236+00:00,no,86827974851753312617441915824618617861250657564707166327567168877893121374182,
0.58,0.59,10206.11,47294.52,46007.61,79435.03,120729.8,polymarket,83018072688154066292491996133599479395547801317505487833443670253228061205312,2026-10-01T20:39:02.513040+00:00,yes,,
0.41,0.42,47294.52,10206.11,79435.03,46007.61,87364.65,polymarket,79825167762459488478206414509755176562349257846652439268369145558426777722770,2026-10-01T20:39:02.698508+00:00,no,83018072688154066292491996133599479395547801317505487833443670253228061205312,
0.003,0.014,150.0,11.0,1155.0,22.0,22.0,polymarket,6307834485558435215808626904255859755441792356631836236470061805834871616531,2026-10-01T20:39:02.990531+00:00,yes,,
0.986,0.997,11.0,150.0,22.0,1155.0,1155.0,polymarket,25244055968134986486992494906475431254542734104190434613133440885999175686108,2026-10-01T20:39:03.165858+00:00,no,6307834485558435215808626904255859755441792356631836236470061805834871616531,
0.971,0.983,100.0,131.0,1233.2,1839.74,6682.25,polymarket,2092757373218904768373533040846280132805161861393140519418262456097465213332,2026-10-01T20:39:03.462310+00:00,yes,,
0.017,0.029,131.0,100.0,1839.74,1233.2,2083.2,polymarket,115425469352125405408452417281297924379268274749766556673380359025991529324753,2026-10-01T20:39:03.639626+00:00,no,2092757373218904768373533040846280132805161861393140519418262456097465213332,
0.988,0.997,26.66,483.34,26.66,957.34,957.34,polymarket,77004273724753899183699441849597881417275931290950171679615354396048734034984,2026-10-01T20:39:03.945787+00:00,yes,,
0.003,0.012,483.34,26.66,957.34,26.66,26.66,polymarket,56999680715177473430966804355924370363620765680932198467899001505216633500449,2026-10-01T20:39:04.128143+00:00,no,77004273724753899183699441849597881417275931290950171679615354396048734034984,
0.16,0.19,85.42,51.2,140.42,160.76,160.76,polymarket,36878701294622385303754057696699259232286823129835461549488433242784556609070,2026-10-01T20:39:04.406778+00:00,yes,,
0.81,0.84,51.2,85.42,160.76,140.42,505.85,polymarket,70664305890420256282542615611914423016679138511998294664139863001744809899932,2026-10-01T20:39:04.594715+00:00,no,36878701294622385303754057696699259232286823129835461549488433242784556609070,
0.001,0.002,13628.26,1824.98,13628.26,2456.34,2651.12,polymarket,67967023811721834738685695249992484419619114809767608640505747182577663027691,2026-10-01T20:39:04.871801+00:00,yes,,
0.998,0.999,1824.98,13628.26,2456.34,13628.26,13628.26,polymarket,87788307834855462980201710464461387411969659581088060979543565160826300016750,2026-10-01T20:39:05.064643+00:00,no,67967023811721834738685695249992484419619114809767608640505747182577663027691,
0.05,0.09,10.0,95.46,10.0,254.43,274.53,polymarket,32832180976319820233770784594777532825515834160906037910741389521155405934640,2026-10-01T20:39:05.341273+00:00,yes,,
0.91,0.95,95.46,10.0,254.43,10.0,343.0,polymarket,20012162845763899597614747550516928681399425257280221575897593369320928679581,2026-10-01T20:39:05.531988+00:00,no,32832180976319820233770784594777532825515834160906037910741389521155405934640,
0.63,0.64,72861.84,14287.66,82037.19,34338.17,106896.44,kalshi,SENATETX-26-D,2026-10-01T20:39:05.762631+00:00,yes,,142702.06
0.61,0.62,1949.3,10779.64,20208.61,67751.37,111711.14,polymarket,15290572385458522370285732869432740297199321382471116558439914335588167718663,2026-10-01T20:39:06.045900+00:00,yes,,
0.38,0.39,10779.64,1949.3,67751.37,20208.61,48619.11,polymarket,25172545206000541692667496253531562288536270988826888609620735617040533835056,2026-10-01T20:39:06.232895+00:00,no,15290572385458522370285732869432740297199321382471116558439914335588167718663,
0.97,0.98,6.12,5.0,6.12,5.0,662.0,polymarket,103672405579571940023321290271521195736672061427193452636021280058761450574865,2026-10-01T20:39:06.526240+00:00,yes,,
0.02,0.03,5.0,6.12,5.0,6.12,585.11,polymarket,59197529092850285387032753654097584799334029532851852306533311157622884742559,2026-10-01T20:39:06.703732+00:00,no,103672405579571940023321290271521195736672061427193452636021280058761450574865,
0.005,0.046,16.77,6.58,1218.28,53.72,250.86,polymarket,52028228058567050490082336528222808703081642301982405857835418872316431269613,2026-10-01T20:39:06.979219+00:00,yes,,
0.954,0.995,6.58,16.77,53.72,1218.28,1218.28,polymarket,75397803026063962993195301931809748047449563600859646220526634824361570735648,2026-10-01T20:39:07.168398+00:00,no,52028228058567050490082336528222808703081642301982405857835418872316431269613,
0.002,0.003,25.0,5.0,311.01,151.95,151.95,polymarket,27404948209862839323844430001109403958819859044996868930478464247467785332053,2026-10-01T20:39:07.447471+00:00,yes,,
0.997,0.998,5.0,25.0,151.95,311.01,311.01,polymarket,6234903910038882007401611208886178311766055797023651900910304656954548339954,2026-10-01T20:39:07.625788+00:00,no,27404948209862839323844430001109403958819859044996868930478464247467785332053,
0.011,0.04,99.9,89.19,218081.11,2689.84,5519.51,polymarket,37649267567982889592011384409533519112993266261975620703097847510820818713285,2026-10-01T20:39:07.901430+00:00,yes,,
0.96,0.989,89.19,99.9,2689.84,218081.11,218081.11,polymarket,25714364921494590153126712070237148273556585153060830557346938682702981481913,2026-10-01T20:39:08.087599+00:00,no,37649267567982889592011384409533519112993266261975620703097847510820818713285,
0.005,0.027,135.0,20.88,1010.33,20.88,20.88,polymarket,92135384965904991509310221180450749977918144194214948401037138387071762157764,2026-10-01T20:39:08.388041+00:00,yes,,
0.973,0.995,20.88,135.0,20.88,1010.33,1010.33,polymarket,26286261479492598160997890750964186293858906942645397124541082005704295318890,2026-10-01T20:39:08.567247+00:00,no,92135384965904991509310221180450749977918144194214948401037138387071762157764,
0.89,0.9,4566.76,7.63,7767.79,1168.03,13215.79,polymarket,5210147086444382339849101722545511095151948730486562412029285471203011774407,2026-10-01T20:39:08.858366+00:00,yes,,
0.1,0.11,7.63,4566.76,1168.03,7767.79,8508.79,polymarket,31436003141911636826257012170104365274669938022228084492450613161428480917013,2026-10-01T20:39:09.048025+00:00,no,5210147086444382339849101722545511095151948730486562412029285471203011774407,
0.956,0.962,6.55,888.8,9021.66,7324.94,208461.83,polymarket,60977129292396881848833910361112107174416489010090570432106122538120602786646,2026-10-01T20:39:09.331586+00:00,yes,,
0.038,0.044,888.8,6.55,7324.94,9021.66,12611.63,polymarket,42544248033910169115455586624331983477679665735561815306855702312176773945155,2026-10-01T20:39:09.530500+00:00,no,60977129292396881848833910361112107174416489010090570432106122538120602786646,
0.04,0.043,888.48,1941.94,5668.29,33836.14,218114.54,polymarket,82742036522262670996662794097029680950132682539859985097974842241612036171395,2026-10-01T20:39:09.828555+00:00,yes,,
0.957,0.96,1941.94,888.48,33836.14,5668.29,32795.74,polymarket,63644763464034691367428527733393916036342796100129702980469514153898496549749,2026-10-01T20:39:10.013567+00:00,no,82742036522262670996662794097029680950132682539859985097974842241612036171395,
