condition_id,market_id,yes_token_id,no_token_id,question,category,end_date,implied_prob,best_bid,best_ask,liquidity,volume,event_slug,market_slug,url,fetched_at
0xced0cb8725bad43d78fda0cd0e5fa9e31804625cb3502b2c7897f8e8f7fa9e1f,691547,34626184950254225208692030156208941308358060420950772251072421141618169142241,28557614648090529004584076028720900603196666949274543515794672175624115225556,"Kraken IPO by December 31, 2026?",Crypto,2027-01-01,0.295,0.28,0.31,3852.1811,540145.1298960019,kraken-ipo-in-2025,kraken-ipo-by-december-31-2026-513,https://polymarket.com/event/kraken-ipo-in-2025,2026-06-21T17:14:34.334812+00:00
0xda5c517dd5b78c80dec8ceb08ca4f466317633487827d7290332b4851cc4a4fa,597964,16201530957950630406397949502319734794139620443510795733205872225099141120819,22488814055465212843401871684243737932656687199587127613893702721105723939237,"Macron out by June 30, 2026?",Politics,2026-06-30,0.0025,0.002,0.003,19771.13775,450072.8323240003,macron-out-in-2025,macron-out-by-june-30-2026-273,https://polymarket.com/event/macron-out-in-2025,2026-06-21T17:14:34.334812+00:00
0x1ec6f87bc7d6d0976bbaee5883577bc51be4ba5ef7c0127ccd96e9d64136df40,598936,13894524895366006997415301184483786855853683638290113202814526270024185311964,87815410592295241486154481880824603104260793862757681040997281046628187070656,"Will the next UK election be called by June 30, 2026?",Starmer,2026-06-30,0.0085,0.005,0.012,11802.01253,62281.931457000006,uk-election-called-by,will-the-next-uk-election-is-called-by-june-30-2026,https://polymarket.com/event/uk-election-called-by,2026-06-21T17:14:34.334812+00:00
0x43204573cf724eda06c520a42a7cb97df319cc27ed997be3b96ca74398ede87f,2354064,31627048520492227354616069874124458767757243686332730237616510640600462926383,37064221817179838225957455025143891294172126736355626367799841115771049178138,"Will the next UK election be called by December 31, 2026?",Starmer,2026-12-31,0.19,0.15,0.23,11802.01253,1411.8560190000003,uk-election-called-by,will-the-next-uk-election-be-called-by-december-31-2026,https://polymarket.com/event/uk-election-called-by,2026-06-21T17:14:34.334812+00:00
0x6e6851f2698629795fa06869d961c986221a80cedcba10fbaf0ed220607cdada,677404,36135303630970774358991758965953725374791089628290212294816140371870983436829,100818499003359884559774352671825765184103958625070066814408985574716007147193,"China x India military clash by December 31, 2026?",Politics,2026-12-31,0.11,0.1,0.12,13030.9663,188439.9940339997,china-x-india-military-clash-by-december-31,china-x-india-military-clash-by-december-31-2026,https://polymarket.com/event/china-x-india-military-clash-by-december-31,2026-06-21T17:14:34.334812+00:00
0xbee2cd40473495f713c69b9dfbce9fc2837fa4011568222c83c83bb773e35053,597967,34554555827438551101000555305203609600029621153428996114009350892614396532498,64622848174080349355505680625481066249195809702245025265549356236367119746958,"Starmer out by June 30, 2026?",Politics,2026-06-30,0.885,0.88,0.89,658688.44114,7296483.224474065,starmer-out-in-2025,starmer-out-by-june-30-2026-862-594-548-219-739-726-569-741-645,https://polymarket.com/event/starmer-out-in-2025,2026-06-21T17:14:34.334812+00:00
0x2bde6486e7067f48ee21344d8b5c1af458732536eb4d080932c88c3a7c2d2126,666655,42498579290170525937803365597001189493798686141769429176410526295573824619073,88902058027062214140177978007942040532071439710160833384602336149457247354303,"Starmer out by December 31, 2026?",Politics,2026-12-31,0.9855,0.984,0.987,658688.44114,3411304.328221989,starmer-out-in-2025,starmer-out-by-december-31-2026-936-416-977-234-134-475-773-619-238-317-653-834-567,https://polymarket.com/event/starmer-out-in-2025,2026-06-21T17:14:34.334812+00:00
0x0efcc493f7e7578cd5808b29e08c2535dee61c2a1fe841696e76e7892b29cca8,2365093,12316260208634619024419998059635392728148300786908961876402342801675280384721,21535790826107031647637278608541214833512506673813076643478849021006686457817,"Starmer out by July 31, 2026?",Politics,2026-07-31,0.9605,0.958,0.963,658688.44114,870247.6321050004,starmer-out-in-2025,starmer-out-by-july-31-2026-648-457-949-825,https://polymarket.com/event/starmer-out-in-2025,2026-06-21T17:14:34.334812+00:00
0x5fc7f19c45c179390eba1c6d43faed2fdcb2ff4b50e9b57655289c5a46107ef3,2481543,29898512995670392293993526484890957432542085313598204647103555785760495657342,99764734903929119610724813980949478205238731458461815494189136939756053271179,"Starmer out by August 31, 2026?",Politics,2026-07-31,0.9735,0.972,0.975,658688.44114,139231.93315599978,starmer-out-in-2025,starmer-out-by-august-31-2026-593-871-753-427-452,https://polymarket.com/event/starmer-out-in-2025,2026-06-21T17:14:34.334812+00:00
0x515af955382b776e92128ecdbd74e538fcabf6fe1287b86eace3bccb1d5f84ee,2481544,27357877897866246704108741817393548297190385468618028094122387972939664635133,95764299349620856276030593005968183317587101640490436055926977407525041817653,"Starmer out by October 31, 2026?",Politics,2026-07-31,0.9795,0.979,0.98,658688.44114,116381.3711489999,starmer-out-in-2025,starmer-out-by-october-31-2026-896-929-365-346-935,https://polymarket.com/event/starmer-out-in-2025,2026-06-21T17:14:34.334812+00:00
0x2c07ed3563f6ee3e1956152e23ba35f4727a6fe472cc7be009b3cf327ac44e52,2608700,66639298814256885988797886574885130798206482450626627230195718091482122506831,102134935042913828742775062235309378040512639788947392562153016929270932368298,"Starmer out by June 26, 2026?",Politics,2026-06-22,0.835,0.83,0.84,658688.44114,274283.89439,starmer-out-in-2025,starmer-out-by-june-26-2026-959-792-935,https://polymarket.com/event/starmer-out-in-2025,2026-06-21T17:14:34.334812+00:00
0x4815b9206b324492a71047496aadea8eb20e39b363792a6f8e828643361f5aa6,2608699,10366655527710325620489186009865558124522469346438432640220839761859819579901,66281865820221101465502031848781104909492092746392448308186834886808673662444,"Starmer out by June 22, 2026?",Politics,2026-06-22,0.545,0.54,0.55,658688.44114,579225.4888019982,starmer-out-in-2025,starmer-out-by-june-22-2026,https://polymarket.com/event/starmer-out-in-2025,2026-06-21T17:14:34.334812+00:00
0xbca45186bc1f8ad2912f79f22c6e37c0946f6619bbfbd0f97ad93d9b525a6293,610379,3990636992955197269726492696316350470613735002003547307529304314694325536205,96546182602923845565665333214247145480942442058633439074100378407858539142465,"Ukraine recognizes Russian sovereignty over its territory by June 30, 2026?",Politics,2026-06-30,0.0035,0.002,0.005,32849.5525,419162.6509460004,ukraine-recognizes-russian-sovereignty-over-ukrainian-territory-in-2025,ukraine-recognizes-russian-sovereignty-over-its-territory-by-june-30-2026,https://polymarket.com/event/ukraine-recognizes-russian-sovereignty-over-ukrainian-territory-in-2025,2026-06-21T17:14:34.334812+00:00
0x3e4e5225054ad5168e0b249164f643453ba97a8947f84d7aacb4c768275d48e9,1323364,111407906413483830198481741547621131014289190946534570245645667771579973364067,112468620935063687606410022378078855998390735429551163191251582889945981781902,"Ukraine recognizes Russian sovereignty over its territory by December 31, 2026?",Politics,2026-12-31,0.051,0.042,0.06,32849.5525,72468.96365699997,ukraine-recognizes-russian-sovereignty-over-ukrainian-territory-in-2025,ukraine-recognizes-russian-sovereignty-over-its-territory-by-december-31-2026,https://polymarket.com/event/ukraine-recognizes-russian-sovereignty-over-ukrainian-territory-in-2025,2026-06-21T17:14:34.334812+00:00
0x707125b175feb87a7d28c1e3b0e8e834f11c0dff65edac8c4fe5d1e12bf8fc33,610380,46392352440640691691403913163796829338832584619874037984805155658143745393622,38746974225100760605049476871091018825176822620072388068043468416649080453478,"Ukraine election called by June 30, 2026?",Geopolitics,2026-06-30,0.01,0.006,0.014,28563.64256,291715.6316559999,ukraine-election-called-in-2025,ukraine-election-called-by-june-30-2026-392,https://polymarket.com/event/ukraine-election-called-in-2025,2026-06-21T17:14:34.334812+00:00
0xfaa78bad74daeb6e5296ae5785df7805275d00e84c81dc37954446132595caed,2261102,108022836882070634894978103447460059415631393810246745281341648986501895644031,50035578024412312502715156279765769139689669299163153792052060268176088979005,"Ukraine election called by December 31, 2026?",Geopolitics,2026-12-31,0.175,0.16,0.19,28563.64256,38271.366156000026,ukraine-election-called-in-2025,ukraine-election-called-by-december-31-2026-924,https://polymarket.com/event/ukraine-election-called-in-2025,2026-06-21T17:14:34.334812+00:00
0x0bd9ea5ce49559923c2929958afa1c699b0c1ace54cdd6ffa0b56506e9273d56,2602067,93493841580506086301850708011539393401066204405236876763051464421070051891780,83943169380140685038489730889739849898318526088225940815697125664098988909042,"Ukraine election called by August 31, 2026?",Geopolitics,2026-08-31,0.075,0.04,0.11,28563.64256,56.25,ukraine-election-called-in-2025,ukraine-election-called-by-august-31-2026,https://polymarket.com/event/ukraine-election-called-in-2025,2026-06-21T17:14:34.334812+00:00
0x663ab202c03a5e1d399578d44a3b124307db73caba79b2ead36c52ce6094b2d4,629267,96777037696114848391766419517574922007344115888940813113872692623013070089375,13087547955543223651509733304346768461677455960394532927963165254525635891443,"Will any country leave NATO by June 30, 2026?",Geopolitics,2026-06-30,0.003,0.002,0.004,53629.70839,719496.023144001,will-any-country-leave-nato-in-2025,will-any-country-leave-nato-by-june-30-2026,https://polymarket.com/event/will-any-country-leave-nato-in-2025,2026-06-21T17:14:34.334812+00:00
0x523959b6256674318eb34755789fffd8c62cd652e5fa11ffd332402361d058e9,1807912,97672112380588518658859221422581522664938121648778223046012006536512218182756,111540681317740103557967262084337258765868556750780059317482948108124337120382,"Will any country leave NATO by December 31, 2026?",Geopolitics,2026-12-31,0.047,0.046,0.048,53629.70839,168676.97856799987,will-any-country-leave-nato-in-2025,will-any-country-leave-nato-by-december-31-2026,https://polymarket.com/event/will-any-country-leave-nato-in-2025,2026-06-21T17:14:34.334812+00:00
0xe29c8bf245ab35d14c722503922e6086da7dcfb08f357d1e8012331573d9e633,677358,109439459397675447272341488571573598040211823291452380402543262182060250075424,65651447697756505945607381171434271908621057725573696706081861343152172944468,"Ukraine election held by December 31, 2026?",Politics,2026-12-31,0.095,0.09,0.1,26463.99967,215987.79444599984,ukraine-election-held-in-2025,ukraine-election-held-by-december-31-2026-344-142,https://polymarket.com/event/ukraine-election-held-in-2025,2026-06-21T17:14:34.334812+00:00
0xfa36659c97e233539fd77a8f9525d2f1664eba5ea57c4bed72c8101ba5266d15,813506,113505976183184081887469552604570721227802596386749270798093363567289365382437,102538487491850424790591550212489110219679828851969333270010095726524412529367,Mike Johnson out as Speaker by December 31?,Politics,2026-12-31,0.135,0.11,0.16,14779.12223,3154.348010000001,mike-johnson-out-as-speaker-by,mike-johnson-out-as-speaker-by-december-31,https://polymarket.com/event/mike-johnson-out-as-speaker-by,2026-06-21T17:14:34.334812+00:00
0xef416cfd80afbb43c7550a8fe0f950679ab3d6e60551e2a90f230106809fe2c5,813505,90686053465094516567817655386166124897542061605406870889450915471482281028605,98306811672124660042942012455036608757069915973874452428896679210519367135070,Mike Johnson out as Speaker by June 30?,Politics,2026-06-30,0.0045,0.004,0.005,14779.12223,8571.872087000005,mike-johnson-out-as-speaker-by,mike-johnson-out-as-speaker-by-june-30,https://polymarket.com/event/mike-johnson-out-as-speaker-by,2026-06-21T17:14:34.334812+00:00
0x1fad72fae204143ff1c3035e99e7c0f65ea8d5cd9bd1070987bd1a3316f772be,540817,98022490269692409998126496127597032490334070080325855126491859374983463996227,53831553061883006530739877284105938919721408776239639687877978808906551086026,New Rihanna Album before GTA VI?,Politics,2026-07-31,0.51,0.5,0.52,610603.13322,832995.125818007,what-will-happen-before-gta-vi,new-rhianna-album-before-gta-vi-926,https://polymarket.com/event/what-will-happen-before-gta-vi,2026-06-21T17:14:34.334812+00:00
0x50ddb9cd80d5c271664a2ebb7fcaed1d0a148d82c8e8d314d830f75a944c3dcc,540818,88275040060084773376557187972215267513049848642895776801789297917961077894224,94376205816022955542979635542279932967359915765455578534002478996104754801969,New Playboi Carti Album before GTA VI?,Politics,2026-07-31,0.51,0.5,0.52,610603.13322,742156.4601069461,what-will-happen-before-gta-vi,new-playboi-carti-album-before-gta-vi-421,https://polymarket.com/event/what-will-happen-before-gta-vi,2026-06-21T17:14:34.334812+00:00
0x32b09f6390252b37d674501527e709016d55581b2c1e544bd4b8167f5f732f4c,540819,90435811253665578014957380826505992530054077692143838383981805324273750424057,92388629082681805622801622703528982922543286352927708208755887536971583436902,Will Jesus Christ return before GTA VI?,Politics,2026-07-31,0.495,0.49,0.5,610603.13322,11604879.962565713,what-will-happen-before-gta-vi,will-jesus-christ-return-before-gta-vi-665,https://polymarket.com/event/what-will-happen-before-gta-vi,2026-06-21T17:14:34.334812+00:00
0x84f8b70331323c2fba97d7ceaa9a35fb645a0770d0dbff169d07f24f376766e9,540820,108999723207897941876452935557011604067917389120996960199512481363958770540884,64533579809297525579033609963634939501013332859992608996100633472507000251907,Trump out as President before GTA VI?,Politics,2026-07-31,0.505,0.5,0.51,610603.13322,671247.6576070077,what-will-happen-before-gta-vi,trump-out-as-president-before-gta-vi-846,https://polymarket.com/event/what-will-happen-before-gta-vi,2026-06-21T17:14:34.334812+00:00
0x7b49b9bacb5f435bc10f3b100ff59e2fdd346f7f92a9001881bc9825a0af0f11,540843,21695138873211375451055566770107682325494206727818897067665810321709249824909,17516427576383382756368467656206258206490015951115433065318503962238754362428,Will China invades Taiwan before GTA VI?,Politics,2026-07-31,0.505,0.5,0.51,610603.13322,1870979.8678720656,what-will-happen-before-gta-vi,will-china-invades-taiwan-before-gta-vi-716-644,https://polymarket.com/event/what-will-happen-before-gta-vi,2026-06-21T17:14:34.334812+00:00
0xbb57ccf5853a85487bc3d83d04d669310d28c6c810758953b9d9b91d1aee89d2,540844,105267568073659068217311993901927962476298440625043565106676088842803600775810,91863162118308663069733924043159186005106558783397508844234610341221325526200,Will bitcoin hit $1m before GTA VI?,Politics,2026-07-31,0.495,0.494,0.496,610603.13322,4505321.007879515,what-will-happen-before-gta-vi,will-bitcoin-hit-1m-before-gta-vi-872-424,https://polymarket.com/event/what-will-happen-before-gta-vi,2026-06-21T17:14:34.334812+00:00
0x0ea8005efbc460378340a2f28a6d97b0d1d9d9d7fba4d16f529b8a415dca77a2,573647,71552623345730992280501476931299615437386807576519105089437764117985071980606,48266425622404486484896353767723266081505997963592758694068789352158715350186,Will GPT-6 be released before GTA VI?,Politics,2026-07-31,0.52,0.51,0.53,610603.13322,662652.0529389968,what-will-happen-before-gta-vi,will-gpt-6-be-released,https://polymarket.com/event/what-will-happen-before-gta-vi,2026-06-21T17:14:34.334812+00:00
0x71b1cc47f4cfe66e7aefa3705f1e55845a398e61788566463ee73a00f57ab59e,2325588,73519690123669857152453405885723415686475855163989537762769966905300245435421,62146921459129643983706019071835400268748047142556153578498180948195146798405,Another pandemic before GTA VI?,Politics,2026-07-31,0.505,0.5,0.51,610603.13322,18333.515948,what-will-happen-before-gta-vi,another-pandemic-before-gta-vi,https://polymarket.com/event/what-will-happen-before-gta-vi,2026-06-21T17:14:34.334812+00:00
0x7e50b661a2bedc670bcf32fc9ece12616f6fc4fba5dbe8526292bf3447374009,677366,83552904656813968939383082097054433404653657244784709614448703928529504455469,47029152085101973226255505664149277121974669906212969183902148537312535402801,"Will Russia capture Kostyantynivka by December 31, 2026?",Politics,2026-12-31,0.93,0.92,0.94,117792.67994,594739.2866550001,will-russia-capture-kostyantynivka-by,will-russia-capture-kostyantynivka-by-december-31-2026-936-942-271-276-578-687-312,https://polymarket.com/event/will-russia-capture-kostyantynivka-by,2026-06-21T17:14:34.334812+00:00
0xb23587fc1e319cdf9aaa12c503f6b2149c820c3d64ded3c98b4ff6719cac78fe,1397260,92557339599379991257792137259949406096653890374419429974555855496093508422916,43321630833125241017427912676100747595457556487829359498141771278458547970943,Will Russia capture Kostyantynivka by June 30?,Politics,2026-06-30,0.2275,0.222,0.233,117792.67994,592874.1427029996,will-russia-capture-kostyantynivka-by,will-russia-capture-kostyantynivka-by-june-30-382-954-769,https://polymarket.com/event/will-russia-capture-kostyantynivka-by,2026-06-21T17:14:34.334812+00:00
0x271e1d96693db79b42a277dc5f64b61a72bc1a0fad85586fd28c7d89b9b96231,2159718,55628874182306186050631811887515133881663823417535899038376461448048315313936,63712527751974257201038440220031691363508120012860375402898424160848105925111,Will Russia capture Kostyantynivka by September 30?,Politics,2026-09-30,0.86,0.85,0.87,117792.67994,83987.16451599995,will-russia-capture-kostyantynivka-by,will-russia-capture-kostyantynivka-by-september-30-256,https://polymarket.com/event/will-russia-capture-kostyantynivka-by,2026-06-21T17:14:34.334812+00:00
0x06c901b3983cd58bec34252a72a74d4a2f2a64e6ad359967a864dc424997967a,2608935,74262568044285840417555465910703355991632422692108408453199177956025235702892,27439106235775318645595032971458838971379139916658536272028798702332813745098,Will Russia capture Kostyantynivka by July 31?,Politics,2026-07-31,0.755,0.65,0.86,117792.67994,1899.6743749999775,will-russia-capture-kostyantynivka-by,will-russia-capture-kostyantynivka-by-july-31,https://polymarket.com/event/will-russia-capture-kostyantynivka-by,2026-06-21T17:14:34.334812+00:00
0xb1311aeea3677808af7f317895208bf9d3f685ab3f946f67afca11d5ed199dd0,648872,53718143507722222025482708105484979770434331532873527434664602715154372949986,86693363790696751339816050278877877262171227813296099717106615959022457093170,"US x Russia military clash by June 30, 2026?",Geopolitics,2026-06-30,0.0045,0.004,0.005,53438.55219,166838.00801200047,us-x-russia-military-clash-by,us-x-russia-military-clash-by-june-30-2026-249,https://polymarket.com/event/us-x-russia-military-clash-by,2026-06-21T17:14:34.334812+00:00
0x3373d3750e99d0fd60da842e688d89b71ad92d6bdd42c329f199add1c5bacb06,1124834,74580890713477889155778397033413604695248820561928419929239929602538131402272,7257011479626409922035368873631229141341263144294525166015954883117981789975,"US x Russia military clash by December 31, 2026?",Geopolitics,2026-12-31,0.059,0.058,0.06,53438.55219,933479.8070200008,us-x-russia-military-clash-by,us-x-russia-military-clash-by-december-31-2026-775,https://polymarket.com/event/us-x-russia-military-clash-by,2026-06-21T17:14:34.334812+00:00
0x3e685c84773bd018fff4219185b904b2ef194671320f47648121d07d2ae2cc17,1068702,38577956202894813911522423295759441226459985692799781876715891336671282746369,31239779091556707685216681559343622450417987997527657281659332570836878668226,Trump eliminates capital gains tax on crypto before 2027?,Politics,2027-01-01,0.0335,0.033,0.034,9599.99374,27548.64448,trump-eliminates-capital-gains-tax-on-crypto-in-2025,trump-eliminates-capital-gains-tax-on-crypto-before-2027,https://polymarket.com/event/trump-eliminates-capital-gains-tax-on-crypto-in-2025,2026-06-21T17:14:34.334812+00:00
0x6176cc868c8893cf431ae1e8103d4d4c1fcfcf239c3b3415b672151337125884,1007579,53233529358602879115478722993262404502732073224174276202211965211706009589067,76350537296247188972152277947349396667408693228883257954471424426267688952517,"Will Russia capture Sumy by March 31, 2027?",Geopolitics,2027-03-31,0.125,0.12,0.13,41316.8592,295848.14672500745,will-russia-capture-sumy-before-october,will-russia-capture-sumy-by-march-31-2027,https://polymarket.com/event/will-russia-capture-sumy-before-october,2026-06-21T17:14:34.334812+00:00
0xd3a3c1d537142ebc94ae25f7b268ce64e4e43e6452c5a912221d2e2744aeb312,1068327,23979773390611496299652546131606735686099256186322678196712320732715801255871,46094258080196889322046056727689179412841124675494563561748811364384667201787,"Will Pump.fun perform an airdrop by December 31, 2026",Crypto,2027-01-01,0.22,0.2,0.24,1066.3528,160223.67064599972,pumpfun-airdop-by,will-pumpfun-perform-an-airdrop-by-december-31-2026,https://polymarket.com/event/pumpfun-airdop-by,2026-06-21T17:14:34.334812+00:00
0xfa88bedd0403281fac1b3c8b310755040aabed8ba12ded1b2e3205a3d05a4a28,622738,101513571766435454355723114188696307527864518980689079866102837918467349506537,85487630954297906857427842745787851948079273488527800245673979479655643658539,"Will Hyperliquid perform an airdrop by December 31, 2026? ",Crypto,2028-01-01,0.17,0.16,0.18,5222.3476,136771.92317900015,hyperliquid-airdop-by,will-hyperliquid-perform-an-airdrop-by-december-31-2026,https://polymarket.com/event/hyperliquid-airdop-by,2026-06-21T17:14:34.334812+00:00
0xe459d1b598da754c9fd5fc155b6efe3a144aa80abbc7d041fce7d35d903d3c8e,556108,96797656031191119176188453471637044475353637081608890153571023284371119486681,102844052859529992637803443259193395522411387362312885030298797134413940349829,Will MegaETH perform an airdrop by June 30? ,Crypto,2026-07-01,0.0145,0.014,0.015,13049.01414,1597161.1978859932,megaeth-airdrop-by,will-megaeth-perform-an-airdrop-by-june-30-143-229-513-574-212-254,https://polymarket.com/event/megaeth-airdrop-by,2026-06-21T17:14:34.334812+00:00
0x10d8e0d7123623b6cd8303aab6d2e61792b8aded915336efb3adc11df448937b,2119266,4073964439546781679844222219197458984323215148120046536055850319869173017640,57444375933620596258067193404376499933911971337929532732080247805234422208790,"Will MegaETH perform an airdrop by December 31, 2026?",Crypto,2027-01-01,0.18,0.16,0.2,13049.01414,8221.268292999997,megaeth-airdrop-by,will-megaeth-perform-an-airdrop-by-december-31-2026,https://polymarket.com/event/megaeth-airdrop-by,2026-06-21T17:14:34.334812+00:00
0x7976b8dbacf9077eb1453a62bcefd6ab2df199acd28aad276ff0d920d6992892,558934,4394372887385518214471608448209527405727552777602031099972143344338178308080,112680630004798425069810935278212000865453267506345451433803052322987302357330,Will Spain win the 2026 FIFA World Cup?,Sports,2026-07-20,0.1445,0.144,0.145,548733294.41328,57875894.29314733,world-cup-winner,will-spain-win-the-2026-fifa-world-cup-963,https://polymarket.com/event/world-cup-winner,2026-06-21T17:14:34.334812+00:00
0x3a26ca6425e2d98f14935670bc22cdb0744defc6f6d83c65f8c413a921c5c70c,558974,62131913648515148266463816694306031394539656598501514114816028349608560215534,45315272750116791836504013666029583517532908319286234834610455739871173419179,Will Switzerland win the 2026 FIFA World Cup?,Sports,2026-07-20,0.0075,0.007,0.008,548733294.41328,60971513.17045736,world-cup-winner,will-switzerland-win-the-2026-fifa-world-cup,https://polymarket.com/event/world-cup-winner,2026-06-21T17:14:34.334812+00:00
0x375409bc5eeeff961e82b479caeccc20f33d15738e5bce1186d628aa3d9dfb1f,558935,115556263888245616435851357148058235707004733438163639091106356867234218207169,77121637225348873006259930776623502125079210522997384841464684944292365296940,Will England win the 2026 FIFA World Cup?,Sports,2026-07-20,0.1255,0.125,0.126,548733294.41328,50559317.29307915,world-cup-winner,will-england-win-the-2026-fifa-world-cup-937,https://polymarket.com/event/world-cup-winner,2026-06-21T17:14:34.334812+00:00
0x9b6fef249040fd17e9c107955b37ac2c3e923509b6b0ff01cc463a331ddeb894,558936,108233603819467706476318984012158651931658302669301887462181073562758483842092,32270411694523539495262303868629477861017829722282576458031815333486368239544,Will France win the 2026 FIFA World Cup?,Sports,2026-07-20,0.1975,0.197,0.198,548733294.41328,65643338.09450302,world-cup-winner,will-france-win-the-2026-fifa-world-cup-924,https://polymarket.com/event/world-cup-winner,2026-06-21T17:14:34.334812+00:00
0x65307f30dce84ac35e41813035d3c04933da830dc4efbbb2fcdc4b282700ef3b,558961,80724786407275266937534613008558715581084712230616856739273522348302669402554,100966306057435164439067339228624332754270252294302540206756310699254942177976,Will South Korea win the 2026 FIFA World Cup?,Sports,2026-07-20,0.0035,0.003,0.004,548733294.41328,87458619.04239249,world-cup-winner,will-south-korea-win-the-2026-fifa-world-cup-485,https://polymarket.com/event/world-cup-winner,2026-06-21T17:14:34.334812+00:00
0x30d55d8124ee1e12dabe89201badc45669b81dff69e4ce44d961f32878ec178a,558937,27576533317283401577758999384642760405921738493660383550832555714312627457443,52986718774908357330412653486471347449818893503063830313445318937088822580057,Will Brazil win the 2026 FIFA World Cup?,Sports,2026-07-20,0.0595,0.059,0.06,548733294.41328,48453570.050819226,world-cup-winner,will-brazil-win-the-2026-fifa-world-cup-183,https://polymarket.com/event/world-cup-winner,2026-06-21T17:14:34.334812+00:00
0x0c4cd2055d6ea89354ffddc55d6dbcef9355748112ea952fc925f3db6a5c457f,558938,18812649149814341758733697580460697418474693998558159483117100240528657629879,115428153746996892211798999366308897078723117634059783423375188043903703749062,Will Argentina win the 2026 FIFA World Cup?,Sports,2026-07-20,0.1185,0.118,0.119,548733294.41328,64192536.65760199,world-cup-winner,will-argentina-win-the-2026-fifa-world-cup-245,https://polymarket.com/event/world-cup-winner,2026-06-21T17:14:34.334812+00:00
0x1595b4818eeb1ea1e0bec5de6f057218e557feee9b405a0e930d290384fa1d16,558939,81739002353269632749850710185641576213562066971072676369728657545679630163887,45484070731786948288366703334552551439356529561722304542938873238430842810537,Will Germany win the 2026 FIFA World Cup?,Sports,2026-07-20,0.0535,0.053,0.054,548733294.41328,60022729.50622806,world-cup-winner,will-germany-win-the-2026-fifa-world-cup-467,https://polymarket.com/event/world-cup-winner,2026-06-21T17:14:34.334812+00:00
0xe99cc59f32b10d23acf196d1a0e8264ea30fca198428acadd3464b06ff60e771,558947,98803390175521456712653678280474920637934596234667490983228578374641217211132,66826965351166675155887515167306086307412332225034738589879767944935462342380,Will Colombia win the 2026 FIFA World Cup?,Sports,2026-07-20,0.0145,0.014,0.015,548733294.41328,61945431.2722572,world-cup-winner,will-colombia-win-the-2026-fifa-world-cup-734,https://polymarket.com/event/world-cup-winner,2026-06-21T17:14:34.334812+00:00
0x4f3421fb2daf5cca7430ed8d8132463963081572d75434393a1808fdb8829fe8,558940,45415751658241142530386585138386640503488308219341470020075667342738719018629,31940783580344558651011323787577288681658737625185216525249046282994042503801,Will Portugal win the 2026 FIFA World Cup?,Sports,2026-07-20,0.0665,0.066,0.067,548733294.41328,59440293.28308986,world-cup-winner,will-portugal-win-the-2026-fifa-world-cup-912,https://polymarket.com/event/world-cup-winner,2026-06-21T17:14:34.334812+00:00
0x9be56371f6a29d12769b2f196847ee825b9585ebb8bfa042136be031b081eba1,558941,55935183786009449883683540312350046975246300613283087403691731856990327029236,103711573894614472510743687764792452240919804104728889027222697502832804498206,Will Netherlands win the 2026 FIFA World Cup?,Sports,2026-07-20,0.0555,0.055,0.056,548733294.41328,59528423.98882184,world-cup-winner,will-netherlands-win-the-2026-fifa-world-cup-739,https://polymarket.com/event/world-cup-winner,2026-06-21T17:14:34.334812+00:00
0xcdb1f0400949238a63d3e88243d2ada08cd9c2a71985ced9f0cfd5e66354cf90,558943,94603648636330087039501304492699481091005420017442244191603206509188088089447,45270201343463663182019040935560267543606888663369415494551943549463253748361,Will USA win the 2026 FIFA World Cup?,Sports,2026-07-20,0.0395,0.039,0.04,548733294.41328,91387745.00054398,world-cup-winner,will-usa-win-the-2026-fifa-world-cup-467,https://polymarket.com/event/world-cup-winner,2026-06-21T17:14:34.334812+00:00
0x67443cb1ffb2bf180f7df5b6ca7adff63f7e8e933c7e41405ba118f3e9f8befb,558952,99303605181956827630838461879484468077121754034387765735989859308848389894408,69727421603231227453181655442677441322028725849495647325726292556190704508348,Will Canada win the 2026 FIFA World Cup?,Sports,2026-07-20,0.0035,0.003,0.004,548733294.41328,65317980.91630435,world-cup-winner,will-canada-win-the-2026-fifa-world-cup-755,https://polymarket.com/event/world-cup-winner,2026-06-21T17:14:34.334812+00:00
0x7876851632c295043c66536150a304cb785abdf712ba8489d298c6e6926be106,558944,97239126062673310243763617236644392945530356142765650402171508075574679292913,19291692040378529618917910599727571242305935029274321291612270922648172794670,Will Uruguay win the 2026 FIFA World Cup?,Sports,2026-07-20,0.0055,0.005,0.006,548733294.41328,62993449.59238744,world-cup-winner,will-uruguay-win-the-2026-fifa-world-cup-932,https://polymarket.com/event/world-cup-winner,2026-06-21T17:14:34.334812+00:00
0x5ccfe1b69a582d2985db08a8481a0d74c314b1fce9b4711ae2efb2c6467fe6aa,558945,22587775301869146748237913050505932485648958481571808324285560650057390882036,89041006475364789358805026139650677807087698981377208157664917554760333198878,Will Mexico win the 2026 FIFA World Cup?,Sports,2026-07-20,0.0135,0.013,0.014,548733294.41328,81039532.99633646,world-cup-winner,will-mexico-win-the-2026-fifa-world-cup-529,https://polymarket.com/event/world-cup-winner,2026-06-21T17:14:34.334812+00:00
0x675bba4df50fd123f7fbfbafa67e9b75f4092d85ce0f9148ce78fc945964c856,558956,93165696161088512376930999170413968261015485018106746563527821398897374023845,64564930076241670294516403352804569921660004975706088367725793399153499601932,Will Paraguay win the 2026 FIFA World Cup?,Sports,2026-07-20,0.0015,0.001,0.002,548733294.41328,66763583.41798737,world-cup-winner,will-paraguay-win-the-2026-fifa-world-cup-967,https://polymarket.com/event/world-cup-winner,2026-06-21T17:14:34.334812+00:00
0xf950740bc71136155d6525cc0528a582c81f88812bff227803190c32ca25f54d,558973,105252206997885252352889070218074909957179496257006510170583432513037465278006,83036729811309811995794968105073507480036161583897760544623930912713394505713,Will Scotland win the 2026 FIFA World Cup?,Sports,2026-07-20,0.0015,0.001,0.002,548733294.41328,63889875.63593037,world-cup-winner,will-scotland-win-the-2026-fifa-world-cup,https://polymarket.com/event/world-cup-winner,2026-06-21T17:14:34.334812+00:00
0x0189df05ed7bf84d799213b01a79571e305c03b2ac5359cfbb3a323448ba20fa,558949,19159976531313550247579355752030367100657092033093647047491459813592996250034,30480347120583372139084467958111617967991872806450711152133323106144105346695,Will Japan win the 2026 FIFA World Cup?,Sports,2026-07-20,0.0245,0.024,0.025,548733294.41328,69746510.53589003,world-cup-winner,will-japan-win-the-2026-fifa-world-cup-112,https://polymarket.com/event/world-cup-winner,2026-06-21T17:14:34.334812+00:00
0x7b52405ad0e0d31bfe970940b67d77f24ecedeab8a2361c11148c02a006e325c,558951,60447443643099453130956385288904175887233107411078568881602330835010340506057,111538579557239934343870815626480092245052857494675784434731223739153238373070,Will Norway win the 2026 FIFA World Cup?,Sports,2026-07-20,0.0235,0.023,0.024,548733294.41328,58304298.71682084,world-cup-winner,will-norway-win-the-2026-fifa-world-cup-893,https://polymarket.com/event/world-cup-winner,2026-06-21T17:14:34.334812+00:00
0xbaf7780f9059e34b84301fd411f8dc573b4d56adfe6e0cda33daf304b1438da4,558955,39971087496427056640429359043364261029374524049464674733142166279730655826181,76638532101043658630369484092110685720624002077285242368448475410253808399541,Will Ecuador win the 2026 FIFA World Cup?,Sports,2026-07-20,0.0015,0.001,0.002,548733294.41328,68161879.60702145,world-cup-winner,will-ecuador-win-the-2026-fifa-world-cup-986,https://polymarket.com/event/world-cup-winner,2026-06-21T17:14:34.334812+00:00
0x37a6de1b21803e5f3fb1965116218215d79963af4f7e51659696366267a63a03,558963,69910730841487615802736046038473620030754616421912831175284551372639933569112,64291832879722161879651094688874074984529456778901604558632306686248535158725,Will Morocco win the 2026 FIFA World Cup?,Sports,2026-07-20,0.0235,0.023,0.024,548733294.41328,65286243.40380412,world-cup-winner,will-morocco-win-the-2026-fifa-world-cup-464,https://polymarket.com/event/world-cup-winner,2026-06-21T17:14:34.334812+00:00
0x6972edb1b3f8cd8192651a665fc424dff846efe1c4a2376f628d4b20c704144c,558965,32169302633723235235251659810064817019484855501133685217130365128535248672349,113265059897956746691843122168656761655221736394810246476379385708691102755798,Will Senegal win the 2026 FIFA World Cup?,Sports,2026-07-20,0.0055,0.005,0.006,548733294.41328,55543232.12958007,world-cup-winner,will-senegal-win-the-2026-fifa-world-cup,https://polymarket.com/event/world-cup-winner,2026-06-21T17:14:34.334812+00:00
0x289568d555ec620ed6fa33c936c5f42649d3a2e30748a1daf7079f42453fbea4,558966,58374167250364215964582274356498746399676421878376948523944979542572589542202,70753274007979480001882804624792378182371580903023185997594096497692751054228,Will Ivory Coast win the 2026 FIFA World Cup?,Sports,2026-07-20,0.0055,0.005,0.006,548733294.41328,81024485.7878153,world-cup-winner,will-ivory-coast-win-the-2026-fifa-world-cup,https://polymarket.com/event/world-cup-winner,2026-06-21T17:14:34.334812+00:00
0xcd836ec4d94b8a4ddc5713d80fe9db245d2fb4796eaf12337974da1b4e96100d,558981,87403333427856945144645806003352057704193778078820484282942507058200689996202,43528414195007977002195624860045129351164807876978747566236159804271175691009,Will Congo DR win the 2026 FIFA World Cup?,Sports,2026-07-20,0.0015,0.001,0.002,548733294.41328,78590495.86007166,world-cup-winner,will-congo-dr-win-the-2026-fifa-world-cup,https://polymarket.com/event/world-cup-winner,2026-06-21T17:14:34.334812+00:00
0x32cfa52198e85e070d1b17d1b53c5c3a6aaae7736cdc33fa6aa04d353f0c2811,558946,30815807067456631524510535002617106205417832891402132396713720656146245200000,71145888994888153292442623019750517622535407476309461406574461229898137896934,Will Belgium win the 2026 FIFA World Cup?,Sports,2026-07-20,0.0155,0.015,0.016,548733294.41328,61458900.13925668,world-cup-winner,will-belgium-win-the-2026-fifa-world-cup-358,https://polymarket.com/event/world-cup-winner,2026-06-21T17:14:34.334812+00:00
0x098e2be3df8ab529940c567819f8ef007cf007820e9d627642a5bbfaa42af372,558958,43661509251351142169227141691164122649250455115438867334436875294380701133091,36726371220435722462734467218102931225443889493446335046337202920930764439505,Will Australia win the 2026 FIFA World Cup?,Sports,2026-07-20,0.0025,0.002,0.003,548733294.41328,71414974.53278925,world-cup-winner,will-australia-win-the-2026-fifa-world-cup-816,https://polymarket.com/event/world-cup-winner,2026-06-21T17:14:34.334812+00:00
0xfe230d510eaf545198c0d62bb17871e5fe8989f1b19aa54c0c062b858360987c,558975,88168215299416146215691671077998911754346458567817860712850392736799004561327,88156352219650092845199724072742433369069988856568846096337560285593531555407,Will Austria win the 2026 FIFA World Cup?,Sports,2026-07-20,0.0035,0.003,0.004,548733294.41328,62760761.43156622,world-cup-winner,will-austria-win-the-2026-fifa-world-cup,https://polymarket.com/event/world-cup-winner,2026-06-21T17:14:34.334812+00:00
0xe5bd80313b8859e3f5761568ac9498866ea9d4419e4d1b6a877a9a9bd2754cb4,558976,106593539437032467615148553707998472829334050617128244920821917025746481184109,22335540631248526397385139154377717431237265005174891396662761131414559126312,Will Croatia win the 2026 FIFA World Cup?,Sports,2026-07-20,0.0045,0.004,0.005,548733294.41328,67570240.95187972,world-cup-winner,will-croatia-win-the-2026-fifa-world-cup,https://polymarket.com/event/world-cup-winner,2026-06-21T17:14:34.334812+00:00
0x7412d284c8f63791fec807f9b1f61c6fe61163621775a3dc8686cd2575272abe,558968,30499731947464516579580181356221397335865912996104577000510883912653418218808,65652065262666433168143828460188123377751865571317729312655170081534213236077,Will Egypt win the 2026 FIFA World Cup?,Sports,2026-07-20,0.0025,0.002,0.003,548733294.41328,74165718.64918552,world-cup-winner,will-egypt-win-the-2026-fifa-world-cup,https://polymarket.com/event/world-cup-winner,2026-06-21T17:14:34.334812+00:00
0xd0dbdc94b28c5cffeef64ed6b13e5f0f2324fb177e5ffaa634b48c88fe18d5e7,558980,41004484905556820430171783088292854654441952667499527125436634397522798168110,5505010946036330007136366602843685650332532780067992773464881166501235782352,Will Sweden win the 2026 FIFA World Cup?,Sports,2026-07-20,0.0025,0.002,0.003,548733294.41328,55079673.7961364,world-cup-winner,will-sweden-win-the-2026-fifa-world-cup,https://polymarket.com/event/world-cup-winner,2026-06-21T17:14:34.334812+00:00
0xa467b14d51f01b957109d9cbb1d6c124fab2a089d52ed8f471d23c2812e743b7,559651,32338220190071351435772801779725302244575775216413325951443816017994629993401,25659310674993675562345759665114759892400026242514633218387667107987341231962,Xi Jinping out before 2027?,Geopolitics,2026-12-31,0.0645,0.064,0.065,204133.50799,10434561.841483887,xi-jinping-out-before-2027,xi-jinping-out-before-2027,https://polymarket.com/event/xi-jinping-out-before-2027,2026-06-21T17:14:34.334812+00:00
0xc8f1cf5d4f26e0fd9c8fe89f2a7b3263b902cf14fde7bfccef525753bb492e47,559657,60590045489347122735554346200880179420435533609307820342798544098823516727807,76005700027045000587004110133818166617024719626220722682005164003117993034812,Will Stephen A. Smith win the 2028 Democratic presidential nomination?,Politics,2028-11-07,0.0105,0.01,0.011,67383815.73454,20865373.00479818,democratic-presidential-nominee-2028,will-stephen-a-smith-win-the-2028-democratic-presidential-nomination-914,https://polymarket.com/event/democratic-presidential-nominee-2028,2026-06-21T17:14:34.334812+00:00
0xe39adea057926dc197fe30a441f57a340b2a232d5a687010f78bba9b6e02620f,559659,57761428076807364758801249497410455358987881775226117256631754592198558850468,64300336035644500626313522990854070672468621241744347587785777226296613235598,Will Gretchen Whitmer win the 2028 Democratic presidential nomination?,Politics,2028-11-07,0.0085,0.008,0.009,67383815.73454,10433397.005550075,democratic-presidential-nominee-2028,will-gretchen-whitmer-win-the-2028-democratic-presidential-nomination-676,https://polymarket.com/event/democratic-presidential-nominee-2028,2026-06-21T17:14:34.334812+00:00
0xe06a7e94cf2fa8dc2085b7610fe16e9be1cde6654f34d365c13da1149b276c61,559687,2213957649161627793381994368131485505647723208738124952452819345058597751695,44046525152074436753629616217525652949736205933417533647338274649282385796755,Will Oprah Winfrey win the 2028 Democratic presidential nomination?,Politics,2028-11-07,0.0075,0.007,0.008,67383815.73454,53536633.12449696,democratic-presidential-nominee-2028,will-oprah-winfrey-win-the-2028-democratic-presidential-nomination,https://polymarket.com/event/democratic-presidential-nominee-2028,2026-06-21T17:14:34.334812+00:00
0x1d519b87999e3d4e90e1e8f57b5eee73a0ba488ff3fdb70867f294733aba84a9,559660,26468656392978559668331516709623917078428425933265692717836103090220693717685,26335362363448644358593284423242327477307616743233875606762153873424287882825,Will Andy Beshear win the 2028 Democratic presidential nomination?,Politics,2028-11-07,0.0235,0.023,0.024,67383815.73454,12579736.061746908,democratic-presidential-nominee-2028,will-andy-beshear-win-the-2028-democratic-presidential-nomination-832,https://polymarket.com/event/democratic-presidential-nominee-2028,2026-06-21T17:14:34.334812+00:00
0xb91be12388b3d4079c3ed9b5783cb42d8c33051d37746a49300227e0f45fc089,559695,52535923606561722941567320365820395300598958985353103429657683100920373025261,20643805904661385280242837899001038341346631607217619709766724611396929658707,Will James Talarico win the 2028 Democratic presidential nomination?,Politics,2028-11-07,0.0165,0.016,0.017,67383815.73454,9802927.178953012,democratic-presidential-nominee-2028,will-james-talarico-win-the-2028-democratic-presidential-nomination,https://polymarket.com/event/democratic-presidential-nominee-2028,2026-06-21T17:14:34.334812+00:00
0x4c325469d9b516ef4e6b8f73a81a12607dec075e3c2fd454f91765aaeafc4760,559654,91031279171981959197361710127213577102576826515163085396576756946418341946256,18494065527924073750217237765784380365430319396356251245973222791140100738948,Will Pete Buttigieg win the 2028 Democratic presidential nomination?,Politics,2028-11-07,0.0435,0.043,0.044,67383815.73454,11114023.350964611,democratic-presidential-nominee-2028,will-pete-buttigieg-win-the-2028-democratic-presidential-nomination-687,https://polymarket.com/event/democratic-presidential-nominee-2028,2026-06-21T17:14:34.334812+00:00
0x74dba1ce1ae9dd535414e85f2d9ab5ea32c0fb1acc9b7130b67e6d91217e24e1,559661,70071592420137476676935286377781779672157004436137616627487590484756055232944,107829893465244243112531790315844862173967342141753896250561816305880797209350,Will Jon Ossoff win the 2028 Democratic presidential nomination?,Politics,2028-11-07,0.0945,0.094,0.095,67383815.73454,11838408.4078539,democratic-presidential-nominee-2028,will-jon-ossoff-win-the-2028-democratic-presidential-nomination-885,https://polymarket.com/event/democratic-presidential-nominee-2028,2026-06-21T17:14:34.334812+00:00
0xcb239105ed21a2420ba4d85090b9bc32755c56601ffdc528afd17fd6282fe930,559670,35165603539035270209469650915267170915291414186795231160733227083640059691764,82254794773423437491598574581796732934760602553828664932786984448280136473130,Will Gina Raimondo win the 2028 Democratic presidential nomination?,Politics,2028-11-07,0.0075,0.007,0.008,67383815.73454,35013115.70210881,democratic-presidential-nominee-2028,will-gina-raimondo-win-the-2028-democratic-presidential-nomination-676,https://polymarket.com/event/democratic-presidential-nominee-2028,2026-06-21T17:14:34.334812+00:00
0xdce84960dce38aa4a5800a5eba7c9ac34d2ce49ba9d44c42572c472d468af264,559664,52310257194926233099477326083312959938983447523839326865869372741334281264830,88403451835230950222119400360490338078378790763472355557584611572247419676051,Will Raphael Warnock win the 2028 Democratic presidential nomination?,Politics,2028-11-07,0.0065,0.006,0.007,67383815.73454,31084358.587803304,democratic-presidential-nominee-2028,will-raphael-warnock-win-the-2028-democratic-presidential-nomination-914,https://polymarket.com/event/democratic-presidential-nominee-2028,2026-06-21T17:14:34.334812+00:00
0x88d67705780a3d922317ecb0c78a947a306174d0510df2ae89394d5abfb28206,559676,88927218779847397120407909832537568114340511586397698395193736044476021744522,93993883668914241189795812807312922412111034935516092303580333564217329905759,Will Barack Obama win the 2028 Democratic presidential nomination?,Politics,2028-11-07,0.0075,0.007,0.008,67383815.73454,33162660.082938585,democratic-presidential-nominee-2028,will-barack-obama-win-the-2028-democratic-presidential-nomination-265,https://polymarket.com/event/democratic-presidential-nominee-2028,2026-06-21T17:14:34.334812+00:00
0x822e61527476cabf98927e3aad385c5ecdae7086f945535f2c1fd9ae8dbfa46e,559683,48218088132821386640274752564592889805082274744128282833036735027928992155024,5645396948464928632054207670692862818297222862819597089648758232622731040046,Will George Clooney win the 2028 Democratic presidential nomination?,Politics,2028-11-07,0.0065,0.006,0.007,67383815.73454,41617949.33392852,democratic-presidential-nominee-2028,will-george-clooney-win-the-2028-democratic-presidential-nomination,https://polymarket.com/event/democratic-presidential-nominee-2028,2026-06-21T17:14:34.334812+00:00
0x1970bcce75e3674660917ae4685b433a9b1e0152d810a8d7c346dfd5e00694c2,559665,50887272939612765629559172143901565817521391945540156085421963433918821328137,29006371059590547574472177233842141554614007974283936149779962779213443973844,Will Cory Booker win the 2028 Democratic presidential nomination?,Politics,2028-11-07,0.0095,0.009,0.01,67383815.73454,24679173.50083295,democratic-presidential-nominee-2028,will-corey-booker-win-the-2028-democratic-presidential-nomination-125,https://polymarket.com/event/democratic-presidential-nominee-2028,2026-06-21T17:14:34.334812+00:00
0xfee07be730188c94cd3644ed6f107fa3ea2dfab9989ce8d39aeeae064766abe3,559675,58343456405874365460518182619380252930558598368174305791768670198253267891911,84566561349071752664514432513198569980219178901068420341175150225620958953893,Will Jon Stewart win the 2028 Democratic presidential nomination?,Politics,2028-11-07,0.0265,0.026,0.027,67383815.73454,24017122.943069283,democratic-presidential-nominee-2028,will-jon-stewart-win-the-2028-democratic-presidential-nomination-518,https://polymarket.com/event/democratic-presidential-nominee-2028,2026-06-21T17:14:34.334812+00:00
0x3265b10daeb30dbcc3214bd02e488551d0a5d3028392f4152e4750b943fbfc91,559666,104464678880204778606895232389511543522030897731392516718349574106843434770446,90935594925886073322524509252821043048115343298080885997215308777385571383769,Will Tim Walz win the 2028 Democratic presidential nomination?,Politics,2028-11-07,0.0065,0.006,0.007,67383815.73454,41650158.72442719,democratic-presidential-nominee-2028,will-tim-walz-win-the-2028-democratic-presidential-nomination-475,https://polymarket.com/event/democratic-presidential-nominee-2028,2026-06-21T17:14:34.334812+00:00
0x30cfb887558b20373a984da60c372fe5a90c0296aa6d8bb413a8aa7543846da2,559679,113510300123120868861281132282742729065975487298059944817273881893086209196585,3444964147133304300560138317203877470064591148213906708394693248804691192318,Will Bernie Sanders win the 2028 Democratic presidential nomination?,Politics,2028-11-07,0.0075,0.007,0.008,67383815.73454,50605676.22122236,democratic-presidential-nominee-2028,will-bernie-sanders-win-the-2028-democratic-presidential-nomination-879,https://polymarket.com/event/democratic-presidential-nominee-2028,2026-06-21T17:14:34.334812+00:00
0x36db77c539bcc8c7bf0686c1b99f30c5a5eed1f53d3b3a27a071550c81f83701,559668,92325249719485031139867422012514654102580961954747753469470405147070256604118,5116999494213083595175041146469973274436003044730013359502912125889113751080,Will Mark Kelly win the 2028 Democratic presidential nomination?,Politics,2028-11-07,0.0155,0.015,0.016,67383815.73454,16074985.56427746,democratic-presidential-nominee-2028,will-mark-kelly-win-the-2028-democratic-presidential-nomination-479,https://polymarket.com/event/democratic-presidential-nominee-2028,2026-06-21T17:14:34.334812+00:00
0x46dbd48d6bde5b81edb480e0f676a2cdda6c6b592c4d86a9367c7ad5a9870195,559678,41340056280794024415573839406074658402877379128871144681466050648033201160259,63802361760137863513735993346883582181207639895442036953936089060482564982249,Will Liz Cheney win the 2028 Democratic presidential nomination?,Politics,2028-11-07,0.0075,0.007,0.008,67383815.73454,37552948.77441102,democratic-presidential-nominee-2028,will-liz-cheney-win-the-2028-democratic-presidential-nomination-551,https://polymarket.com/event/democratic-presidential-nominee-2028,2026-06-21T17:14:34.334812+00:00
0x8ecd1d15e521b7d1020ad5596cc981c8764e9dcfbc3648f582e1a5138aee7185,559689,37126434962149084556522721025504254258386171468763869879755961635390358765833,2426274669138238576933962603416907393958833898063513872892433203206006096668,Will Beto O’Rourke win the 2028 Democratic presidential nomination?,Politics,2028-11-07,0.0065,0.006,0.007,67383815.73454,41313088.64451239,democratic-presidential-nominee-2028,will-beto-orourke-win-the-2028-democratic-presidential-nomination,https://polymarket.com/event/democratic-presidential-nominee-2028,2026-06-21T17:14:34.334812+00:00
0x3e218c99a1335641b3a5ee6c887521d19b0c28fddd6b99c254a07968e35c0b1b,559667,83723134981785004242996949681785273460678873813693556756054904164484296299719,107146110974011455665373243296921398136854344089489911087344946921091914123046,Will Michelle Obama win the 2028 Democratic presidential nomination?,Politics,2028-11-07,0.0115,0.011,0.012,67383815.73454,25822438.968872286,democratic-presidential-nominee-2028,will-michelle-obama-win-the-2028-democratic-presidential-nomination-777,https://polymarket.com/event/democratic-presidential-nominee-2028,2026-06-21T17:14:34.334812+00:00
0x3535fb2f4aef6619dde8b367cb5e5d209526bb496d5d9778428c58a0252435e3,559671,19323997520040734631220675039559156784534982703459512097490198935565229528445,111309365336519526711604102518316708823622751854213281307404397618571408959194,Will Zohran Mamdani win the 2028 Democratic presidential nomination?,Politics,2028-11-07,0.0075,0.007,0.008,67383815.73454,37840009.23857151,democratic-presidential-nominee-2028,will-zohran-mamdani-win-the-2028-democratic-presidential-nomination-445,https://polymarket.com/event/democratic-presidential-nominee-2028,2026-06-21T17:14:34.334812+00:00
0x450810ae738a0ff820d3248f2b24937f63fb8c8cf422ed2a915125adb4d9d3c8,559688,102504892414163237174864879683522880588750452841477290216845150938663289742135,21234886083000978203440582985665409733123024063268807484684316771005736994028,Will Andrew Yang win the 2028 Democratic presidential nomination?,Politics,2028-11-07,0.0065,0.006,0.007,67383815.73454,47040150.447436,democratic-presidential-nominee-2028,will-andrew-yang-win-the-2028-democratic-presidential-nomination,https://polymarket.com/event/democratic-presidential-nominee-2028,2026-06-21T17:14:34.334812+00:00
0xe6bcc2f1dd025ce5e1833190f7c60a71171c94f805df55b9ab0ded695ec93565,559653,107064985435494333113391038470401719113272800530429703182710416066774068907304,65176072261324737856085688071627118509549293922582857186996392180609764586527,Will Alexandria Ocasio-Cortez win the 2028 Democratic presidential nomination?,Politics,2028-11-07,0.0945,0.094,0.095,67383815.73454,13440022.162974125,democratic-presidential-nominee-2028,will-alexandria-ocasio-cortez-win-the-2028-democratic-presidential-nomination-653,https://polymarket.com/event/democratic-presidential-nominee-2028,2026-06-21T17:14:34.334812+00:00
0x3dc47a72ac6bb265e9cefebd2a2eeed00966394cb2d07245b5c94138b60e82a3,559669,10521981432803570450946212503203364998108630328528216082760514453664705157397,91949042216127305292438280992722171735754548787382833799906976841509942727662,Will Rahm Emanuel win the 2028 Democratic presidential nomination?,Politics,2028-11-07,0.0165,0.016,0.017,67383815.73454,14094939.741062958,democratic-presidential-nominee-2028,will-rahm-emanuel-win-the-2028-democratic-presidential-nomination-299,https://polymarket.com/event/democratic-presidential-nominee-2028,2026-06-21T17:14:34.334812+00:00
0xca1d1139b0c3a29983407f499476ae642482788e841a277eb86faeeb9fa4a85c,559673,71289010523270989807437428651002770360280908813019627976988032260868574107425,68686505966910102763700888296813272792512562699674656659355148432859571994559,Will John Fetterman win the 2028 Democratic presidential nomination?,Politics,2028-11-07,0.0065,0.006,0.007,67383815.73454,21729397.0000071,democratic-presidential-nominee-2028,will-john-fetterman-win-the-2028-democratic-presidential-nomination-941,https://polymarket.com/event/democratic-presidential-nominee-2028,2026-06-21T17:14:34.334812+00:00
0x0f8ef3cc906ba7ba94a44724738df44bdd5f73e59e40c9c8b4ff8569e349643c,559690,55087250670040717711131370018408221134109122974378698780636020561523521220754,108145967398435925971960442906832714254932011684365058146885679351681137451999,Will Kim Kardashian win the 2028 Democratic presidential nomination?,Politics,2028-11-07,0.0065,0.006,0.007,67383815.73454,40718438.00042731,democratic-presidential-nominee-2028,will-kim-kardashian-win-the-2028-democratic-presidential-nomination,https://polymarket.com/event/democratic-presidential-nominee-2028,2026-06-21T17:14:34.334812+00:00
0x98933c78b5e277b62d91a6c174b412218de000b54c4c67ec8673bf561cec6e81,559693,94658518227479141344875476648819337938746150529318297759951212169676959854478,89549550119611798541187132573193884477265258658615163602217456913355320927577,Will Ruben Gallego win the 2028 Democratic presidential nomination?,Politics,2028-11-07,0.0075,0.007,0.008,67383815.73454,7614984.621294002,democratic-presidential-nominee-2028,will-ruben-gallego-win-the-2028-democratic-presidential-nomination,https://polymarket.com/event/democratic-presidential-nominee-2028,2026-06-21T17:14:34.334812+00:00
0x8fbcb151e2c988df5a43abb02298014b7daf34c008f3eed9188dd16a2a19bec1,559674,42119164854283656238382173699154739480090965550328051492328192273011556335098,39150381508679235943386404690610035044747196600759141560840372170757042543675,Will Jared Polis win the 2028 Democratic presidential nomination?,Politics,2028-11-07,0.0075,0.007,0.008,67383815.73454,26471238.129709,democratic-presidential-nominee-2028,will-jared-polis-win-the-2028-democratic-presidential-nomination-837,https://polymarket.com/event/democratic-presidential-nominee-2028,2026-06-21T17:14:34.334812+00:00
0x9d4f94f82de9d13ff1d3318639ab9000ee2533949e525343156f374fb00bd9b1,559662,58378309871183461257693288827678410871907006920578755035402846056315798427503,55392527126713018429304496836617506663024188480522297953714346140749923557790,Will Mark Cuban win the 2028 Democratic presidential nomination?,Politics,2028-11-07,0.0095,0.009,0.01,67383815.73454,22152297.54790644,democratic-presidential-nominee-2028,will-mark-cuban-win-the-2028-democratic-presidential-nomination-329,https://polymarket.com/event/democratic-presidential-nominee-2028,2026-06-21T17:14:34.334812+00:00
0x29283b56d3eec6d1d89fff51793d9d2e01579d2379b1d3e9ebda175d3561e809,559680,81633484456710374417231462107666791993850637546563366185897100962157481970040,114507466536734360808195115190160357255467689128176113085692265197019898971527,Will Phil Murphy win the 2028 Democratic presidential nomination?,Politics,2028-11-07,0.0065,0.006,0.007,67383815.73454,40924816.5566178,democratic-presidential-nominee-2028,will-phil-murphy-win-the-2028-democratic-presidential-nomination-611,https://polymarket.com/event/democratic-presidential-nominee-2028,2026-06-21T17:14:34.334812+00:00
0x61d9486c0f7e14ed98f3b177b6adcb3cd45646c92e8bbfbf209789b86472d4b6,559656,90227223115596293448966158151606153337847900483048338623540402385929720677904,105134691322323565615831879054043168027913414000042547943201361115853277749482,Will Wes Moore win the 2028 Democratic presidential nomination?,Politics,2028-11-07,0.0125,0.012,0.013,67383815.73454,16690497.280580947,democratic-presidential-nominee-2028,will-wes-moore-win-the-2028-democratic-presidential-nomination-714,https://polymarket.com/event/democratic-presidential-nominee-2028,2026-06-21T17:14:34.334812+00:00
0xe883f2fda25a605a184bb5fe583afce6cc21ea0b348b6a3728ec3067553c548d,559663,103988345069738240821107916249290759786442703283901164377120414690701074137717,108650988487983371520585351370999192979899647080710024226285750050382033453124,Will J.B. Pritzker win the 2028 Democratic presidential nomination?,Politics,2028-11-07,0.0125,0.012,0.013,67383815.73454,14649255.215359015,democratic-presidential-nominee-2028,will-jb-pritzker-win-the-2028-democratic-presidential-nomination-288,https://polymarket.com/event/democratic-presidential-nominee-2028,2026-06-21T17:14:34.334812+00:00
0x8b203037c7c0e21b500314f8398d2a8ea294b7ce1f4f9185f426425a3505bc45,559681,100561779829530520068956424581003844045516012444425572625523659025114550346085,46254744034025107660239982269249567113656697231872036621777316158933638064598,Will LeBron James win the 2028 Democratic presidential nomination?,Politics,2028-11-07,0.0075,0.007,0.008,67383815.73454,42793192.09887269,democratic-presidential-nominee-2028,will-lebron-james-win-the-2028-democratic-presidential-nomination,https://polymarket.com/event/democratic-presidential-nominee-2028,2026-06-21T17:14:34.334812+00:00
0x1945a8b23e313ed7423b6b6fd556f9ab5578900376b565a61dc480a5f4f35d21,559682,11343337042526652606304508556838778144915122118685013460142819817079620240439,19117858613830240204442128472263675815111662346578092643025820800380629933012,Will Hunter Biden win the 2028 Democratic presidential nomination?,Politics,2028-11-07,0.0105,0.01,0.011,67383815.73454,41478690.69819264,democratic-presidential-nominee-2028,will-person-a-win-the-2028-democratic-presidential-nomination,https://polymarket.com/event/democratic-presidential-nominee-2028,2026-06-21T17:14:34.334812+00:00
0xf2e51acfbb6d0414dc2ace81b7dc2af7c165e443dcb91f6caa7aab6d6ab4f06d,559684,46211769122513729244602558513001215391004042100934296321661285791281233261657,76057920052421891902791411567177996435483774677774664174053982044923692373687,Will Chelsea Clinton win the 2028 Democratic presidential nomination?,Politics,2028-11-07,0.0095,0.009,0.01,67383815.73454,49532439.57846161,democratic-presidential-nominee-2028,will-chelsea-clinton-win-the-2028-democratic-presidential-nomination,https://polymarket.com/event/democratic-presidential-nominee-2028,2026-06-21T17:14:34.334812+00:00
0x8dbf6b51f302fd401065706245c144e93fe209abce183199433d4484b3ed8aff,559686,40963724357262746498642320898188195118391211877976821531149510360187173789737,14959910401705469574520698331840889689202579612030624016640567510369602599866,Will Dwayne 'The Rock' Johnson win the 2028 Democratic presidential nomination?,Politics,2028-11-07,0.0115,0.011,0.012,67383815.73454,12148603.132927056,democratic-presidential-nominee-2028,will-dwayne-the-rock-johnson-win-the-2028-democratic-presidential-nomination,https://polymarket.com/event/democratic-presidential-nominee-2028,2026-06-21T17:14:34.334812+00:00
0xc44edcfdedb422bae8ff1803e2178d1ee025fc41efd81400ccbede709e018841,559685,51035537065442638321333063915918274102446051033989435618245745345113522914516,93910251767329056141706007839545721784238465183449597462421810827705938093892,Will MrBeast win the 2028 Democratic presidential nomination?,Politics,2028-11-07,0.0075,0.007,0.008,67383815.73454,39015092.37644792,democratic-presidential-nominee-2028,will-mrbeast-win-the-2028-democratic-presidential-nomination,https://polymarket.com/event/democratic-presidential-nominee-2028,2026-06-21T17:14:34.334812+00:00
0xc720fcfa9e29346a976902f87e0f0f3bdc31d43af501b4fdef4f1780a30dd359,559691,8815924480259634499011776432080696931704057619336093802050596292915996723758,45099054006923138281311463758770234951153596952213440096254242321807308634603,Will Chris Murphy win the 2028 Democratic presidential nomination?,Politics,2028-11-07,0.0085,0.008,0.009,67383815.73454,16545233.85907885,democratic-presidential-nominee-2028,will-chris-murphy-win-the-2028-democratic-presidential-nomination,https://polymarket.com/event/democratic-presidential-nominee-2028,2026-06-21T17:14:34.334812+00:00
0x20d0bc282552ac5ec6f61cd7101cb42a5948cae07e7651bdf40ede1a8b2c5eac,559694,20374050108659687356429749447884880983779889840007423115803042125707701269498,2610336024939503976910443133965525155112118948066646227040491461288298872236,Will Ro Khanna win the 2028 Democratic presidential nomination?,Politics,2028-11-07,0.0145,0.014,0.015,67383815.73454,10767370.48818054,democratic-presidential-nominee-2028,will-ro-khanna-win-the-2028-democratic-presidential-nomination,https://polymarket.com/event/democratic-presidential-nominee-2028,2026-06-21T17:14:34.334812+00:00
0xd65891729ce093cc12236856837eba1a0872fc7998fd4294c21346f7db68079c,559655,71169839497420596285841847514123589847893415750912355173877524195175834054354,55290827599553280245963175724940496753557722439999671239772487781170052583987,Will Josh Shapiro win the 2028 Democratic presidential nomination?,Politics,2028-11-07,0.0495,0.049,0.05,67383815.73454,8897249.000891166,democratic-presidential-nominee-2028,will-josh-shapiro-win-the-2028-democratic-presidential-nomination-977,https://polymarket.com/event/democratic-presidential-nominee-2028,2026-06-21T17:14:34.334812+00:00
0x939eeb2dea216749bd409bedde483c3f2bfb0e24d4f2d34461c0b21c6e91f010,559672,30732552320006664177902085971957467957450485111214036633872573588757974348601,55053374667733007627913689484290555932799177921000957543346276204775142445823,Will Roy Cooper win the 2028 Democratic presidential nomination?,Politics,2028-11-07,0.0095,0.009,0.01,67383815.73454,30713440.24233844,democratic-presidential-nominee-2028,will-roy-cooper-win-the-2028-democratic-presidential-nomination-286,https://polymarket.com/event/democratic-presidential-nominee-2028,2026-06-21T17:14:34.334812+00:00
0x3cd6e52603d80ddbbdac9b1a4d43f9b7faa6aae4fae4d0fdfad3bd58454da7d3,559692,22103094389913052942362639589409218272323168761614999702665821259175535456835,10893367019711826592833821276710094799225035200719824531380610476790390190688,Will Jasmine Crockett win the 2028 Democratic presidential nomination?,Politics,2028-11-07,0.0065,0.006,0.007,67383815.73454,34794351.6292059,democratic-presidential-nominee-2028,will-jasmine-crockett-win-the-2028-democratic-presidential-nomination,https://polymarket.com/event/democratic-presidential-nominee-2028,2026-06-21T17:14:34.334812+00:00
0x6685b25cc7c89032efcdf81eb27fdc6bbf04a3e4299bcd99c9f3d62c8471001e,559696,54840717483866263964304723492966182979723045222316848733193673523986124053075,2830559553603011758209706316487895188007644895898957662939818867834634821212,Will Graham Platner win the 2028 Democratic presidential nomination?,Politics,2028-11-07,0.0215,0.021,0.022,67383815.73454,4440608.083552008,democratic-presidential-nominee-2028,will-graham-platner-win-the-2028-democratic-presidential-nomination,https://polymarket.com/event/democratic-presidential-nominee-2028,2026-06-21T17:14:34.334812+00:00
0x909659c9436228e2be56d5582ba6188166f2f8bf3c596335512c8f2e380d01ec,559658,38171024903091354977195167437673496224420673639143973968032407064172828043588,26930844951471612827925270830087046333229637930899178134435055616497220846773,Will Kamala Harris win the 2028 Democratic presidential nomination?,Politics,2028-11-07,0.0715,0.071,0.072,67383815.73454,12252653.190942911,democratic-presidential-nominee-2028,will-kamala-harris-win-the-2028-democratic-presidential-nomination-641,https://polymarket.com/event/democratic-presidential-nominee-2028,2026-06-21T17:14:34.334812+00:00
0x663b88d3a8f2341bb8d878709dc78632bcaf7512e577bd15521e5d8ed933efbc,559677,6349038249650226718426900942104344803413105653564595362433352811865798195800,57931882677606943294773135604094039468334392354204920135953322654005083822055,Will Hillary Clinton win the 2028 Democratic presidential nomination?,Politics,2028-11-07,0.0075,0.007,0.008,67383815.73454,42943383.21047782,democratic-presidential-nominee-2028,will-hillary-clinton-win-the-2028-democratic-presidential-nomination,https://polymarket.com/event/democratic-presidential-nominee-2028,2026-06-21T17:14:34.334812+00:00
0x0f49db97f71c68b1e42a6d16e3de93d85dbf7d4148e3f018eb79e88554be9f75,559652,54533043819946592547517511176940999955633860128497669742211153063842200957669,87854174148074652060467921081181402357467303721471806610111179101805869578687,Will Gavin Newsom win the 2028 Democratic presidential nomination?,Politics,2028-11-07,0.2325,0.232,0.233,67383815.73454,26049999.969865367,democratic-presidential-nominee-2028,will-gavin-newsom-win-the-2028-democratic-presidential-nomination-568,https://polymarket.com/event/democratic-presidential-nominee-2028,2026-06-21T17:14:34.334812+00:00
0x6bd56627aa21311850825edb27e53434a0e17a4f782be0086bc07f71eee00d0d,560317,350977769852917329387037893294763093471844346281449484439085576212613048126,87073899845581463485186346288398658568334162612963837182986759797304993556208,"Putin out as President of Russia by December 31, 2026?",Geopolitics,2026-12-31,0.085,0.08,0.09,256846.735,7875063.318992016,putin-out-before-2027,putin-out-before-2027,https://polymarket.com/event/putin-out-before-2027,2026-06-21T17:14:34.334812+00:00
0x2d3c4fc5cde6dfb43448402b912e41bd4453e3f030448ed026bff8f1a0bc072e,561263,67028631656597977031363620447645908995417871899828777750494099295092202422178,92435534412344629891924787958876018882926476169555134960124357040149315497159,Will Eric Trump win the 2028 US Presidential Election?,Politics,2028-11-07,0.0065,0.006,0.007,38776541.44257,17527633.485089097,presidential-election-winner-2028,will-eric-trump-win-the-2028-us-presidential-election,https://polymarket.com/event/presidential-election-winner-2028,2026-06-21T17:14:34.334812+00:00
0x7ad403c3508f8e3912940fd1a913f227591145ca0614074208e0b962d5fcc422,561229,16040015440196279900485035793550429453516625694844857319147506590755961451627,94476829201604408463453426454480212459887267917122244941405244686637914508323,Will JD Vance win the 2028 US Presidential Election?,Politics,2028-11-07,0.205,0.204,0.206,38776541.44257,14161847.099919898,presidential-election-winner-2028,will-jd-vance-win-the-2028-us-presidential-election,https://polymarket.com/event/presidential-election-winner-2028,2026-06-21T17:14:34.334812+00:00
0x68e3c4e0dd8f82d010060032006fd157401b0bd8e04bd2953ae293e31eb99bf6,561250,26641906520532802078452346454133721131611596169940893262820937050881742190686,59064132013843281708610372809406242099497812053529304284160897825180883604145,Will Elon Musk win the 2028 US Presidential Election?,Politics,2028-11-07,0.0075,0.007,0.008,38776541.44257,25095938.27514534,presidential-election-winner-2028,will-elon-musk-win-the-2028-us-presidential-election,https://polymarket.com/event/presidential-election-winner-2028,2026-06-21T17:14:34.334812+00:00
0x7d6b6b452ba0f0f401067fd690a1aecc3059362ff5a7b6401d0b975db890d3c3,561265,102551965884513878228913656538331960551103243325173310298991321638711054206295,25024096730843207041631203687678604497004516683590537482462688974562400646963,Will Jalen Brunson win the 2028 US Presidential Election?,Politics,2028-11-07,0.0055,0.005,0.006,38776541.44257,999483.7569970012,presidential-election-winner-2028,will-jalen-brunson-win-the-2028-us-presidential-election,https://polymarket.com/event/presidential-election-winner-2028,2026-06-21T17:14:34.334812+00:00
0x4567b275e6b667a6217f5cb4f06a797d3a1eaf1d0281fb5bc8c75e2046ae7e57,561230,98250445447699368679516529207365255018790721464590833209064266254238063117329,18823838997443878656879952590502524526556504037944392973476854588563571859850,Will Gavin Newsom win the 2028 US Presidential Election?,Politics,2028-11-07,0.1545,0.154,0.155,38776541.44257,17107133.36976513,presidential-election-winner-2028,will-gavin-newsom-win-the-2028-us-presidential-election,https://polymarket.com/event/presidential-election-winner-2028,2026-06-21T17:14:34.334812+00:00
0x2c03c41e5032364cb7166e842bdd22913f28aa2c837d8432704aa89c338875c8,561232,35629456194498013232473191985311930903993567273832459837879398120893197410860,26087406687932108531005204502244492184534000122992461059156880611150953145122,Will Pete Buttigieg win the 2028 US Presidential Election?,Politics,2028-11-07,0.0225,0.022,0.023,38776541.44257,4699035.491743953,presidential-election-winner-2028,will-pete-buttigieg-win-the-2028-us-presidential-election,https://polymarket.com/event/presidential-election-winner-2028,2026-06-21T17:14:34.334812+00:00
0xae70ab9bf1c3726fe430a2ba8b517697ae24e0f0ab554b876a5b521153068882,561247,2638997461401140008448476093092229850740161649668999975101243681118238509713,31711509411930636383466083293019394636501894118049148509527295292186501260570,Will Tim Walz win the 2028 US Presidential Election?,Politics,2028-11-07,0.0065,0.006,0.007,38776541.44257,42563749.69524902,presidential-election-winner-2028,will-tim-walz-win-the-2028-us-presidential-election,https://polymarket.com/event/presidential-election-winner-2028,2026-06-21T17:14:34.334812+00:00
0x61600d487069f99e775307a0655c1a79f26e4fc6d8d1ba66790c64d78d0beba2,561261,110102705199530588976777616718115948005824665233400132417374621750887344831757,98394838816403247684221016468696784125095120854407803889228262583112436699261,Will Jon Ossoff win the 2028 US Presidential Election?,Politics,2028-11-07,0.06,0.059,0.061,38776541.44257,4735809.381903972,presidential-election-winner-2028,will-jon-ossoff-win-the-2028-us-presidential-election,https://polymarket.com/event/presidential-election-winner-2028,2026-06-21T17:14:34.334812+00:00
0x5969cbb46aca5319b19e19a3c6f63de098950b675bf268f30f4d035508da1957,561233,1420113190297259908358916251277696183671602680024474979931472444792502392139,9195312844128905514645503106857912558078141569888031031723687687489317147622,Will Josh Shapiro win the 2028 US Presidential Election?,Politics,2028-11-07,0.0285,0.028,0.029,38776541.44257,6767443.44035294,presidential-election-winner-2028,will-josh-shapiro-win-the-2028-us-presidential-election,https://polymarket.com/event/presidential-election-winner-2028,2026-06-21T17:14:34.334812+00:00
0xfd6176f8c9a59105f80e060a77c4099881c5f2d9e0ceab88e55cf978462fab7f,561236,4999047257294547885970323631312419427544062131054733229841947946130772277335,102084577517225131375286042838758381959278092930102485541091152099183604495224,Will Gretchen Whitmer win the 2028 US Presidential Election?,Politics,2028-11-07,0.0065,0.006,0.007,38776541.44257,12877330.467181811,presidential-election-winner-2028,will-gretchen-whitmer-win-the-2028-us-presidential-election,https://polymarket.com/event/presidential-election-winner-2028,2026-06-21T17:14:34.334812+00:00
0x2053d8515f1b8cbeea4ccdb56e60e89c2617e43a8660d95166b8e71d27865277,561234,11171618905857319805355893398009978356002287408842633593535559412449299952250,65892530750232246342273648992064742042382898919201083513241874070914353628268,Will Marco Rubio win the 2028 US Presidential Election?,Politics,2028-11-07,0.1545,0.154,0.155,38776541.44257,10656241.564523987,presidential-election-winner-2028,will-marco-rubio-win-the-2028-us-presidential-election,https://polymarket.com/event/presidential-election-winner-2028,2026-06-21T17:14:34.334812+00:00
0xf232b565995e4b3a3e7fa6cef775eeff1cecd20ad7c013cb9fc8dadabfe279a9,561231,8113830512143065501177519557124858581375945005490796772950589720955457782465,11493926619286817179231142642565394485790380952577225820901334479399429951651,Will Alexandria Ocasio-Cortez win the 2028 US Presidential Election?,Politics,2028-11-07,0.0545,0.054,0.055,38776541.44257,12112936.500298869,presidential-election-winner-2028,will-alexandria-ocasio-cortez-win-the-2028-us-presidential-election,https://polymarket.com/event/presidential-election-winner-2028,2026-06-21T17:14:34.334812+00:00
0xe29b33ef5bf351c8a22bfd79f8b58e62649d54ceee6f9735387cef79f52fecae,561235,35272507273162958827997790327967872292415567859334925862043618606081750011897,374661216370333715221919731169956915917040066803205972387948453758235235593,Will Wes Moore win the 2028 US Presidential Election?,Politics,2028-11-07,0.0065,0.006,0.007,38776541.44257,10306723.0821186,presidential-election-winner-2028,will-wes-moore-win-the-2028-us-presidential-election,https://polymarket.com/event/presidential-election-winner-2028,2026-06-21T17:14:34.334812+00:00
0x3367d22cd2a673014f1960742afdf8601040a8ad856dc0a98bd1a44ee99504e2,561246,104480514270625615787868282411330496385404675495672110015326625654626015018993,65724430065358897810064400118831287249960059855415477063660293398018349529272,Will Ron DeSantis win the 2028 US Presidential Election?,Politics,2028-11-07,0.017,0.016,0.018,38776541.44257,11870278.041633146,presidential-election-winner-2028,will-ron-desantis-win-the-2028-us-presidential-election,https://polymarket.com/event/presidential-election-winner-2028,2026-06-21T17:14:34.334812+00:00
0x836b850fc838195374862551a36f1c8691d96ff01e58b0a071f0fc1a0e357fb1,561251,39223330966352513418907732239455948906399882924787587183466504819170775983376,50862799703982327636174441241062907649998751737045006653560124656563256528691,Will LeBron James win the 2028 US Presidential Election?,Politics,2028-11-07,0.0065,0.006,0.007,38776541.44257,52818888.16327947,presidential-election-winner-2028,will-lebron-james-win-the-2028-us-presidential-election,https://polymarket.com/event/presidential-election-winner-2028,2026-06-21T17:14:34.334812+00:00
0x09ad4955c170d46c6d80b5f554435b19e229ff7dbe55370892b64782336cc3b9,561237,50507496430692162923857760920722624157737138256097150616293040054748564876552,53112547591746110422238703365888013497196468199611167129486770819598374380742,Will Andy Beshear win the 2028 US Presidential Election?,Politics,2028-11-07,0.0145,0.014,0.015,38776541.44257,18527071.281346187,presidential-election-winner-2028,will-andy-beshear-win-the-2028-us-presidential-election,https://polymarket.com/event/presidential-election-winner-2028,2026-06-21T17:14:34.334812+00:00
0xc4435df23facee8c4cd86090310c7835c2a0425646b2588b0a02e67fa42f444e,561238,631059815958854406224163480574507434200946764542129005247984171366597476420,100418331065194201410948024347944500798513421135064468615649525110872253639397,Will Glenn Youngkin win the 2028 US Presidential Election?,Politics,2028-11-07,0.0075,0.007,0.008,38776541.44257,25093756.482342403,presidential-election-winner-2028,will-glenn-youngkin-win-the-2028-us-presidential-election,https://polymarket.com/event/presidential-election-winner-2028,2026-06-21T17:14:34.334812+00:00
0xd94b47bdeba16ae948bfb147bda059f3543d6fca73291644dfff5268bba7a797,561253,45015916581148592087728250896178171120552786117190685135618507471166113474733,5353194854864999214467212176625447374807704051407621946584152368216621932371,Will Tucker Carlson win the 2028 US Presidential Election?,Politics,2028-11-07,0.0175,0.017,0.018,38776541.44257,11874856.954818103,presidential-election-winner-2028,will-tucker-carlson-win-the-2028-us-presidential-election,https://polymarket.com/event/presidential-election-winner-2028,2026-06-21T17:14:34.334812+00:00
0xb3298af85e00aafad937c119444a5f2800a55343b7482eb75581f6e454432501,561239,70663352401606372246362604193214664065595751757222752105245221905399175050480,4988819538339626436114997160558538168652916536529198363646261454228218983102,Will Kamala Harris win the 2028 US Presidential Election?,Politics,2028-11-07,0.0455,0.045,0.046,38776541.44257,7972042.902504017,presidential-election-winner-2028,will-kamala-harris-win-the-2028-us-presidential-election,https://polymarket.com/event/presidential-election-winner-2028,2026-06-21T17:14:34.334812+00:00
0xc586d15be76278848a26c761c2fcf70f8cebca71815cfab83e656ff5c6ec13a9,561255,40932864651005132434669457369564353816786330205469778285035893634458129671101,56215025902031889702122383201324191240581604266667334383154318117703136383150,Will Ivanka Trump win the 2028 US Presidential Election?,Politics,2028-11-07,0.0075,0.007,0.008,38776541.44257,7113873.246524094,presidential-election-winner-2028,will-ivanka-trump-win-the-2028-us-presidential-election,https://polymarket.com/event/presidential-election-winner-2028,2026-06-21T17:14:34.334812+00:00
0x66b906b8205f48a26beb8e553bbb1e7954e87e4f6e1d539823441221d1806e8f,561240,105367778020161609482094090847463497982204321259381518614669619753184648647559,12867420029045504056332323771270227403424313645832702673618751920867223902054,Will Stephen Smith win the 2028 US Presidential Election?,Politics,2028-11-07,0.0075,0.007,0.008,38776541.44257,32709642.86302377,presidential-election-winner-2028,will-stephen-smith-win-the-2028-us-presidential-election,https://polymarket.com/event/presidential-election-winner-2028,2026-06-21T17:14:34.334812+00:00
0x8fc141205ebce5adf437bfdf4d0c5ff58ff24293b79c9431991346c208bb48ed,561242,97633418272282627828834872960145259034624388719803091466146359304286851612172,17854429586516792397214557963923647011517685971868312042416963526864862523185,Will Tulsi Gabbard win the 2028 US Presidential Election?,Politics,2028-11-07,0.0075,0.007,0.008,38776541.44257,32369776.247932915,presidential-election-winner-2028,will-tulsi-gabbard-win-the-2028-us-presidential-election,https://polymarket.com/event/presidential-election-winner-2028,2026-06-21T17:14:34.334812+00:00
0xea649be6ea3447f3c145a173883c68a89faf4edda1f85109b76baa93b3ee7a87,561264,19127703543758281171764934244436807153695715307017908811054254126168591609122,55988424779505974483153818818889528404380009581145395352086864710928569072171,Will Pete Hegseth win the 2028 US Presidential Election?,Politics,2028-11-07,0.0065,0.006,0.007,38776541.44257,7525897.505784031,presidential-election-winner-2028,will-pete-hegseth-win-the-2028-us-presidential-election,https://polymarket.com/event/presidential-election-winner-2028,2026-06-21T17:14:34.334812+00:00
0xefe6300fd8a053cca53df8f1bd536c5f571a136392c0516e7b16e39f1addecb0,561241,70948731404464821824516595498024506131170394300814446118501620719416471444076,111825297267676135304812085666512747626812691749338692567733264184356420470119,Will JB Pritzker win the 2028 US Presidential Election?,Politics,2028-11-07,0.0095,0.009,0.01,38776541.44257,12117934.53341404,presidential-election-winner-2028,will-jb-pritzker-win-the-2028-us-presidential-election,https://polymarket.com/event/presidential-election-winner-2028,2026-06-21T17:14:34.334812+00:00
0xce9a5fa30fe74e323b4a8f15afbb0b7a41a537aa880779ddf7dee22223b2f34a,561243,11807691644868166983390207408868795383945915035851758101409310535538572683733,72656506786460378316387284276713856836841708169262528054985577978493419440428,Will Donald Trump win the 2028 US Presidential Election?,Politics,2028-11-07,0.0165,0.016,0.017,38776541.44257,8582270.133440223,presidential-election-winner-2028,will-donald-trump-win-the-2028-us-presidential-election,https://polymarket.com/event/presidential-election-winner-2028,2026-06-21T17:14:34.334812+00:00
0xa9549c44687993a9a154347c6907092341459b927efaa3f2b49009ca2c4e40a1,561258,23692929455124171734375794579007643086071570310019729232490607671061438183936,30050897091642315762983745166096629857367320723415212749446858994810226049012,Will Jamie Dimon win the 2028 US Presidential Election?,Politics,2028-11-07,0.0095,0.009,0.01,38776541.44257,10132616.958738068,presidential-election-winner-2028,will-jamie-dimon-win-the-2028-us-presidential-election,https://polymarket.com/event/presidential-election-winner-2028,2026-06-21T17:14:34.334812+00:00
0x23481b811978194fa175143ed7cd8d0000878ca59c408fd552e33535f7aa771e,561244,77660944053451874285291959901958937238149180369572698706675030657716494119346,52761630651452310319295064365704431564140478140269624735570317771849185169635,Will Donald Trump Jr. win the 2028 US Presidential Election?,Politics,2028-11-07,0.0105,0.01,0.011,38776541.44257,13014242.918820782,presidential-election-winner-2028,will-donald-trump-jr-win-the-2028-us-presidential-election,https://polymarket.com/event/presidential-election-winner-2028,2026-06-21T17:14:34.334812+00:00
0xe0173375b7eaccb836f7b92d28a9a2d1cc69e54e5a65fae89a5d7e49aadd332e,561245,14253956839582698877884742930225331487593177635330318923853046874994118249367,84386913213192310444216977895083273572419886997719576824320630372812149173320,Will Nikki Haley win the 2028 US Presidential Election?,Politics,2028-11-07,0.0065,0.006,0.007,38776541.44257,27650301.21836228,presidential-election-winner-2028,will-nikki-haley-win-the-2028-us-presidential-election,https://polymarket.com/event/presidential-election-winner-2028,2026-06-21T17:14:34.334812+00:00
0x64396449b471b10b006285fa49dd9a5df535694de7b4c703fdeb0d88d5c4cd33,561248,48067717079255656974334181122173546721823870434119599450595298250019538972254,50325246165657443726245430907883748796540778371466135108478470877169556977248,Will Vivek Ramaswamy win the 2028 US Presidential Election?,Politics,2028-11-07,0.0065,0.006,0.007,38776541.44257,35532664.53603128,presidential-election-winner-2028,will-vivek-ramaswamy-win-the-2028-us-presidential-election,https://polymarket.com/event/presidential-election-winner-2028,2026-06-21T17:14:34.334812+00:00
0x01dffa7abae7e5d9b7fb44b06d537c5ac932e2ca422ab4b53366672f5e2dc7d6,561249,58585097107933138034126275600204468509993701936571284309823871593297754181479,104431860535489654020481219089291817898241901940037260095979653681449084465327,Will Greg Abbott win the 2028 US Presidential Election?,Politics,2028-11-07,0.0085,0.008,0.009,38776541.44257,34598699.08943294,presidential-election-winner-2028,will-greg-abbott-win-the-2028-us-presidential-election,https://polymarket.com/event/presidential-election-winner-2028,2026-06-21T17:14:34.334812+00:00
0xe2bdf6c18c8ab5ad5d3be5f95dd749e88d1dee7ac7c4dbf5101013a5c055e3df,561252,76252402837334795047528042167618984089231134882494719641438604550246396692717,82779978600617806806814031291287454099780828258739355925042203335968508676880,Will Dwayne 'The Rock' Johnson win the 2028 US Presidential Election?,Politics,2028-11-07,0.0145,0.014,0.015,38776541.44257,7813461.911961019,presidential-election-winner-2028,will-dwayne-the-rock-johnson-win-the-2028-us-presidential-election,https://polymarket.com/event/presidential-election-winner-2028,2026-06-21T17:14:34.334812+00:00
0x7f695758278e6d4d9e63df862afa88d664d3402a3d26e4d32ae05121cdbddba6,561254,24863363384036117015867671383779186335047493791693657275104567365292353535818,44632793419668141561343859504077903947361590865219599333832862239708628173864,Will Kim Kardashian win the 2028 US Presidential Election?,Politics,2028-11-07,0.0065,0.006,0.007,38776541.44257,37380004.15896164,presidential-election-winner-2028,will-kim-kardashian-win-the-2028-us-presidential-election,https://polymarket.com/event/presidential-election-winner-2028,2026-06-21T17:14:34.334812+00:00
0xf05b4b55336a4c1c7b44c726911d2b559732cff7bad339084de86ae364dc85f6,561256,94621929236241392639802280031607240386237812521756048982107414565863464212526,37476438367629084207797870684242875797541797912993121111059056752005821579571,Will Zohran Mamdani win the 2028 US Presidential Election?,Politics,2028-11-07,0.0065,0.006,0.007,38776541.44257,20688992.258620422,presidential-election-winner-2028,will-zohran-mamdani-win-the-2028-us-presidential-election,https://polymarket.com/event/presidential-election-winner-2028,2026-06-21T17:14:34.334812+00:00
0xbbbece074c2d4010e39e39c85ed67b1131180fcea616073c893fb6beaf51d783,561257,88521269813605705303364598280494261510300497312149869577251450871617962933121,1970496541508335019913900195809032484597886384784144327835472760880523550630,Will Michelle Obama win the 2028 US Presidential Election?,Politics,2028-11-07,0.0075,0.007,0.008,38776541.44257,17592024.36428108,presidential-election-winner-2028,will-michelle-obama-win-the-2028-us-presidential-election,https://polymarket.com/event/presidential-election-winner-2028,2026-06-21T17:14:34.334812+00:00
0xb314f5dbf75919a34d4997e8b22e6793505e3377a690eaa11a75a2547e926bee,561259,45264462342307496826883801236629887275526404999716050689931105511159370296978,21034003091803474219272633665814818485285721473911024023600356649009960505229,Will Ro Khanna win the 2028 US Presidential Election?,Politics,2028-11-07,0.0115,0.011,0.012,38776541.44257,10027952.621225169,presidential-election-winner-2028,will-ro-khanna-win-the-2028-us-presidential-election,https://polymarket.com/event/presidential-election-winner-2028,2026-06-21T17:14:34.334812+00:00
0x32903694997a5c09afee30904970f9fab2a5fb4ec45f572f194341185574f1a4,561260,89071282556584199015490241074221756662667488270789034763702585258138302536112,18620821165547265880582330532076859546462061138941862890257010665389427790094,Will Thomas Massie win the 2028 US Presidential Election?,Politics,2028-11-07,0.0115,0.011,0.012,38776541.44257,6848940.838946943,presidential-election-winner-2028,will-thomas-massie-win-the-2028-us-presidential-election,https://polymarket.com/event/presidential-election-winner-2028,2026-06-21T17:14:34.334812+00:00
0x9eb7ac1524fdacb46ceb8758454f0004c7b117eae76e6295852643644bb862c1,561262,92909595831677784305960426832337551335132297174712723670055008600724483830120,26699870693127605012594021642110712356790266877635966965879322906179628109191,Will James Talarico win the 2028 US Presidential Election?,Politics,2028-11-07,0.0085,0.008,0.009,38776541.44257,5964406.873496036,presidential-election-winner-2028,will-james-talarico-win-the-2028-us-presidential-election,https://polymarket.com/event/presidential-election-winner-2028,2026-06-21T17:14:34.334812+00:00
0x895e01dbf3e6a33cd9a44ca0f8cdb5df1bd2b0b6ebed5300d28f8da7145145e4,561973,3039641309958397001906153616677074061284510636204155275446291716739429262374,27828976648682466778776999076215423777766972981338264154049603024771135223200,Will Donald Trump win the 2028 Republican presidential nomination?,Politics,2028-11-07,0.0195,0.019,0.02,46831101.38779,8862787.693798967,republican-presidential-nominee-2028,will-donald-trump-win-the-2028-republican-presidential-nomination,https://polymarket.com/event/republican-presidential-nominee-2028,2026-06-21T17:14:34.334812+00:00
0x18b1c135d0a40c5894da9412e77311827d9caf16cf4cd6591b247a34730af919,561974,40081275558852222228080198821361202017557872256707631666334039001378518619916,78633590736077251574794513664747155551297291244492840448622550955320930591622,Will J.D. Vance win the 2028 Republican presidential nomination?,Politics,2028-11-07,0.3735,0.373,0.374,46831101.38779,13785795.254115988,republican-presidential-nominee-2028,will-jd-vance-win-the-2028-republican-presidential-nomination,https://polymarket.com/event/republican-presidential-nominee-2028,2026-06-21T17:14:34.334812+00:00
0xd10bc768ede58b53ed400594240b0a0603134a32dab89ec823a18759cbc180ca,562000,56369772478534954338683665819559528414197495274302917800610633957542171787417,97912974556505097471140703824534539631227593711361303698649171859837355186863,Will Rand Paul win the 2028 Republican presidential nomination?,Politics,2028-11-07,0.0095,0.009,0.01,46831101.38779,18977856.992879026,republican-presidential-nominee-2028,will-rand-paul-win-the-2028-republican-presidential-nomination,https://polymarket.com/event/republican-presidential-nominee-2028,2026-06-21T17:14:34.334812+00:00
0x21ad31a46bfaa51650766eff6dc69c866959e32d965ffb116020e37694b6317d,561975,13565458761220145250977753098276900790902214604876327357986816739576288755859,75720156002519829912361786945091022242706922246722836126941546028340974330171,Will Marco Rubio win the 2028 Republican presidential nomination?,Politics,2028-11-07,0.2205,0.22,0.221,46831101.38779,9336124.34838158,republican-presidential-nominee-2028,will-marco-rubio-win-the-2028-republican-presidential-nomination,https://polymarket.com/event/republican-presidential-nominee-2028,2026-06-21T17:14:34.334812+00:00
0x9cd77217b2ab264fe4f6d302f662c0a91f349fe5798f1f98d70bb2311712791b,561976,111796631871113641071635832853519973638674140424258605036492112910151603434351,72519808073108999474312955064075820476359073658026830985534265136852842710652,Will Tulsi Gabbard win the 2028 Republican presidential nomination?,Politics,2028-11-07,0.0095,0.009,0.01,46831101.38779,13227908.054792972,republican-presidential-nominee-2028,will-tulsi-gabbard-win-the-2028-republican-presidential-nomination,https://polymarket.com/event/republican-presidential-nominee-2028,2026-06-21T17:14:34.334812+00:00
0xd0c4c60c8e68ee15974df3aa7d217225e98020fab9fcdb32d10f8e3d285e1619,561977,108177352465155946413420144732939501038742536693084796111933355102723645081439,40195401263640671665116916114051111593115139897599831021772971493074676316453,Will Glenn Youngkin win the 2028 Republican presidential nomination?,Politics,2028-11-07,0.0135,0.013,0.014,46831101.38779,8129595.719165796,republican-presidential-nominee-2028,will-glenn-youngkin-win-the-2028-republican-presidential-nomination,https://polymarket.com/event/republican-presidential-nominee-2028,2026-06-21T17:14:34.334812+00:00
0x414378275cb214b747245942be889ee1e077c56d1c00eb4d726629c95f22b5a5,562003,10651968542740640896482407431367624536081358925965856338872110525887291512129,103086387269187122378314827672946076309261054730475021633767467850510078119868,Will Kim Kardashian win the 2028 Republican presidential nomination?,Politics,2028-11-07,0.0085,0.008,0.009,46831101.38779,27955424.14728868,republican-presidential-nominee-2028,will-kim-kardashian-win-the-2028-republican-presidential-nomination,https://polymarket.com/event/republican-presidential-nominee-2028,2026-06-21T17:14:34.334812+00:00
0x4a9d58d4da874e26708f5bdb014eb07a06aeebb927068d169d43831595386557,561978,96972794085445478502118386209219626048407104930213167197946285611747327241358,17764541728623556463430129981248514099360802330077857891779810164830347138778,Will Donald Trump Jr. win the 2028 Republican presidential nomination?,Politics,2028-11-07,0.0235,0.023,0.024,46831101.38779,9003794.133787066,republican-presidential-nominee-2028,will-donald-trump-jr-win-the-2028-republican-presidential-nomination,https://polymarket.com/event/republican-presidential-nominee-2028,2026-06-21T17:14:34.334812+00:00
0xf2cea45ec282af4f302d2ab85ede73678cd692ebf8c3ab6d52bfa5e19f44c553,561991,21684611233679565633387313395955873024927822291738934804105644401703825367322,84095293813293852486357602606048386507591460335706798271998543834668723932068,Will Matt Gaetz win the 2028 Republican presidential nomination?,Politics,2028-11-07,0.0075,0.007,0.008,46831101.38779,19639490.35669764,republican-presidential-nominee-2028,will-matt-gaetz-win-the-2028-republican-presidential-nomination,https://polymarket.com/event/republican-presidential-nominee-2028,2026-06-21T17:14:34.334812+00:00
0x64d31a2af85518c6718a5757a35b840f08eca20c1e22c0eb1e96ec01cc55b8b6,561979,12127975650736113116407758794754973741525044713193258995588171654429754588610,95344728193244020854716971584323868633691370479151373416918812532794690491367,Will Ron DeSantis win the 2028 Republican presidential nomination?,Politics,2028-11-07,0.0255,0.025,0.026,46831101.38779,14312431.347421696,republican-presidential-nominee-2028,will-ron-desantis-win-the-2028-republican-presidential-nomination,https://polymarket.com/event/republican-presidential-nominee-2028,2026-06-21T17:14:34.334812+00:00
0x17902b9490c6a73152772316b4705935c5c6801ba269f2afc81686532e34fb9a,562004,65830295349944471218641822318218876930376684645620468557619951782520997909982,33372330947023860525870630758549137902170576919090726047009795835189818269107,Will Marjorie Taylor Greene win the 2028 Republican presidential nomination?,Politics,2028-11-07,0.0095,0.009,0.01,46831101.38779,6357625.896453964,republican-presidential-nominee-2028,will-marjorie-taylor-greene-win-the-2028-republican-presidential-nomination,https://polymarket.com/event/republican-presidential-nominee-2028,2026-06-21T17:14:34.334812+00:00
0xd7a0d72b19ca48b06b0029684677f581e32f133c367d7a19c2f1e4ad07066af7,561980,30919109558246209971545892228598482722881502507049010402392877610451001659386,26953454878227822916154850804639118151137570755140575650667657375528451821297,Will Nikki Haley win the 2028 Republican presidential nomination?,Politics,2028-11-07,0.0085,0.008,0.009,46831101.38779,9980026.14978455,republican-presidential-nominee-2028,will-nikki-haley-win-the-2028-republican-presidential-nomination,https://polymarket.com/event/republican-presidential-nominee-2028,2026-06-21T17:14:34.334812+00:00
0xd997dc2a212a7d6673375a3b016db1fb214247142f8cde0cbf07f8e6d789877c,561981,7847177314809025001842027337093046201021185723933452855314998541165696902642,61638209040977576407645319654548998972645370498978369829582391676362965890344,Will Vivek Ramaswamy win the 2028 Republican presidential nomination?,Politics,2028-11-07,0.0125,0.012,0.013,46831101.38779,15736540.0205141,republican-presidential-nominee-2028,will-vivek-ramaswamy-win-the-2028-republican-presidential-nomination,https://polymarket.com/event/republican-presidential-nominee-2028,2026-06-21T17:14:34.334812+00:00
0xca68152902c3581ab42feb04921b8b1cd3c4e80d06f255ae077259fca0bba15c,562006,57919459237478987490046512369779809927967587873586488155446781256559839871449,58389730991380235726868542531087058690762163352908563301611948484975927797504,Will Eric Trump win the 2028 Republican presidential nomination?,Politics,2028-11-07,0.0075,0.007,0.008,46831101.38779,9547974.393075287,republican-presidential-nominee-2028,will-eric-trump-win-the-2028-republican-presidential-nomination,https://polymarket.com/event/republican-presidential-nominee-2028,2026-06-21T17:14:34.334812+00:00
0x00ad3bb5284b0b2314b1a2d42812fe292f606619c6278bd95c9d905816c240f6,561982,35019878675696902444730611385908114488958639217305639231975258218416576501435,56675537260019219223601219755487607959534973218119249587935401577859164512735,Will Sarah Huckabee Sanders win the 2028 Republican presidential nomination?,Politics,2028-11-07,0.0075,0.007,0.008,46831101.38779,31801435.742578827,republican-presidential-nominee-2028,will-sarah-huckabee-sanders-win-the-2028-republican-presidential-nomination,https://polymarket.com/event/republican-presidential-nominee-2028,2026-06-21T17:14:34.334812+00:00
0x214093035e429b91df322bd20c55d9f611f741f67472a63f7623a9afc0cffa57,561983,51109358167525503124101840618196204295486048568333812245607026343682053354150,105260987547015135110430961088356552513173217328170504644895138366924523280544,Will Greg Abbott win the 2028 Republican presidential nomination?,Politics,2028-11-07,0.0085,0.008,0.009,46831101.38779,20436370.22041988,republican-presidential-nominee-2028,will-greg-abbott-win-the-2028-republican-presidential-nomination,https://polymarket.com/event/republican-presidential-nominee-2028,2026-06-21T17:14:34.334812+00:00
0x5f3b3456b2d6ef0d6f15d7492162725057be78d738d2465456e2835f1d89046c,562008,98511916129081689027111328481059704559518789751071585689160934736837069796376,9858445493903501648722765041195521587435370553699986326259923783724888628821,Will Pete Hegseth win the 2028 Republican presidential nomination?,Politics,2028-11-07,0.0075,0.007,0.008,46831101.38779,8232980.19740244,republican-presidential-nominee-2028,will-pete-hegseth-win-the-2028-republican-presidential-nomination,https://polymarket.com/event/republican-presidential-nominee-2028,2026-06-21T17:14:34.334812+00:00
0xc510176cf39d73295354fc797d84b510d050b45d29d6c9735ee18cdbc4fd6463,561984,85795532452312461688342921814235563171225750416821603832877839950165564679042,39330841918533865878755515006696866431225622573860977548617538419162581783990,Will Robert F. Kennedy Jr. win the 2028 Republican presidential nomination?,Politics,2028-11-07,0.0085,0.008,0.009,46831101.38779,16437972.31176929,republican-presidential-nominee-2028,will-robert-f-kennedy-jr-win-the-2028-republican-presidential-nomination,https://polymarket.com/event/republican-presidential-nominee-2028,2026-06-21T17:14:34.334812+00:00
0x4273517fc8141d57ad1528ede46efdceebdb6a4da746d5de5bad216564209a1e,561996,78994573210477487932611223094751007094801552166562252085708682076112788032998,8140793935596394912663577132141762112024484538385519683062085870219967913900,Will Tucker Carlson win the 2028 Republican presidential nomination?,Politics,2028-11-07,0.0655,0.065,0.066,46831101.38779,11520546.37531797,republican-presidential-nominee-2028,will-tucker-carlson-win-the-2028-republican-presidential-nomination,https://polymarket.com/event/republican-presidential-nominee-2028,2026-06-21T17:14:34.334812+00:00
0x42631e1a8c8e6389422b58b8e15b1b551892b9833651aa3bab25afab124354b5,561985,109121432238307135312607668741094299588249627783575654034498708660414246884093,26528147249337195767129586250556983229143036006556368874091657477633405171243,Will Brian Kemp win the 2028 Republican presidential nomination?,Politics,2028-11-07,0.0085,0.008,0.009,46831101.38779,17230468.55699749,republican-presidential-nominee-2028,will-brian-kemp-win-the-2028-republican-presidential-nomination,https://polymarket.com/event/republican-presidential-nominee-2028,2026-06-21T17:14:34.334812+00:00
0xd1747284d6048b2a3dcfbee489db405f36de18f9590197dd0e5c9f0c246bf050,561986,311624663652221737215322113380496984764966764039692273354641152455298576851,43292374563904271719486871569114922516560719431752184778538513591321835161630,Will Byron Donalds win the 2028 Republican presidential nomination?,Politics,2028-11-07,0.0075,0.007,0.008,46831101.38779,43971429.80472948,republican-presidential-nominee-2028,will-byron-donalds-win-the-2028-republican-presidential-nomination,https://polymarket.com/event/republican-presidential-nominee-2028,2026-06-21T17:14:34.334812+00:00
0x4f02b9cf70e514964fcb9aa2f7873d2b0d1aa0986da096cce7e6687e78da00f3,561998,64219883837418173804780196379638150140562767673275103175135949850170609939649,38205061485482832990648495179350163959936416627781540057460551493511094122497,Will Ivanka Trump win the 2028 Republican presidential nomination?,Politics,2028-11-07,0.0105,0.01,0.011,46831101.38779,7978957.851915982,republican-presidential-nominee-2028,will-ivanka-trump-win-the-2028-republican-presidential-nomination,https://polymarket.com/event/republican-presidential-nominee-2028,2026-06-21T17:14:34.334812+00:00
0x655b4bfdfa55a95c24d6e9bf7e7cd62f1b57da9a1f4c7f40f090b8ba847dffa2,561987,46762065358788748743762617584400316865170283087328708370205000691002445395596,6106142631847917497743561296507558396893160722310876727437797090897927202403,Will Elise Stefanik win the 2028 Republican presidential nomination?,Politics,2028-11-07,0.0075,0.007,0.008,46831101.38779,27369674.936847813,republican-presidential-nominee-2028,will-elise-stefanik-win-the-2028-republican-presidential-nomination,https://polymarket.com/event/republican-presidential-nominee-2028,2026-06-21T17:14:34.334812+00:00
0x4d4bceee5f59f75230c6438f69fc913a6da7afa4098ce0734655045c02a730fc,561988,16959950591508656523048029588253513417107455151269158025695062757254216051157,67257241906349232705880054817671247803154024437556078414309396160231441958063,Will Josh Hawley win the 2028 Republican presidential nomination?,Politics,2028-11-07,0.0085,0.008,0.009,46831101.38779,19835320.666197468,republican-presidential-nominee-2028,will-josh-hawley-win-the-2028-republican-presidential-nomination,https://polymarket.com/event/republican-presidential-nominee-2028,2026-06-21T17:14:34.334812+00:00
0x0ac23db1e56971022bc7e822b907a2466c618b34104ea72bc9fa95e41c86a9c6,561989,75602319799101799832214450648958470414659751617273540482126444460192042893239,67427191791815068910367164354907762897739120962449893449251138341231627575633,Will Ted Cruz win the 2028 Republican presidential nomination?,Politics,2028-11-07,0.0085,0.008,0.009,46831101.38779,18304376.42224613,republican-presidential-nominee-2028,will-ted-cruz-win-the-2028-republican-presidential-nomination,https://polymarket.com/event/republican-presidential-nominee-2028,2026-06-21T17:14:34.334812+00:00
0xfbb80ea5f8fc02ee7df8bd4f58790e1d04b874078a49a7b7028a74a2075100c9,561990,97933607699985149274021900377397416175605196663149372937380275158258659161873,91654279459782700285030880702186010885362170180157997195869175981321159591151,Will Elon Musk win the 2028 Republican presidential nomination?,Politics,2028-11-07,0.0095,0.009,0.01,46831101.38779,28379951.941550866,republican-presidential-nominee-2028,will-elon-musk-win-the-2028-republican-presidential-nomination,https://polymarket.com/event/republican-presidential-nominee-2028,2026-06-21T17:14:34.334812+00:00
0x7abed80b88301210ee83b7b14ec41bc9a5161e1af07254fbb26c6e2bf7182766,562002,36725157385158152303355940271421346899386884953712631735038848833359115722560,100798539333257155804503755544697952331380694697499428407950484702163979829576,Will Erika Kirk win the 2028 Republican presidential nomination?,Politics,2028-11-07,0.0075,0.007,0.008,46831101.38779,18205708.995973676,republican-presidential-nominee-2028,will-erika-kirk-win-the-2028-republican-presidential-nomination,https://polymarket.com/event/republican-presidential-nominee-2028,2026-06-21T17:14:34.334812+00:00
0x61a1278884fa70d68d4bcaaf72fad55bbdb063cac28c6947472ca91635fab10f,561992,42282542821681724515855150589432262778581936160356547088323204270366545065655,16356411122994156106976113515543626616680005491893556174464804958397610666717,Will Katie Britt win the 2028 Republican presidential nomination?,Politics,2028-11-07,0.0085,0.008,0.009,46831101.38779,28423118.32009344,republican-presidential-nominee-2028,will-katie-britt-win-the-2028-republican-presidential-nomination,https://polymarket.com/event/republican-presidential-nominee-2028,2026-06-21T17:14:34.334812+00:00
0x24258776d0a926b4550b0f213267b95ba0a7741fc972d0b3c2b5f6bf8ced2c50,562005,99700879015134724880665931256853704724897234270130475786057704135245843006310,94171791097080152294329103174901345850282375147106800117496695577931335275209,Will Thomas Massie win the 2028 Republican presidential nomination?,Politics,2028-11-07,0.0125,0.012,0.013,46831101.38779,5589295.204367992,republican-presidential-nominee-2028,will-thomas-massie-win-the-2028-republican-presidential-nomination,https://polymarket.com/event/republican-presidential-nominee-2028,2026-06-21T17:14:34.334812+00:00
0x7190eccbd0677d5d0ae8cdf598b37e945a346915c666dda11468dc9970657a56,561993,70663522560386702809794077554934323058266367604787739541440326847712418734032,41485413495944705425855194078748995452405844646809371874868554464564710666533,Will John Thune win the 2028 Republican presidential nomination?,Politics,2028-11-07,0.0065,0.006,0.007,46831101.38779,35170064.70074715,republican-presidential-nominee-2028,will-john-thune-win-the-2028-republican-presidential-nomination,https://polymarket.com/event/republican-presidential-nominee-2028,2026-06-21T17:14:34.334812+00:00
0x5f1b1caf70eb994bfff2986727a05a3ac9f7ec8b0da4017f7732596d023e5a07,561994,46777072088650922464797852907503479539785178123001199763117403684202580813104,72681113618462806097972236701451065622180139607703509985766492272651534581276,Will Kristi Noem win the 2028 Republican presidential nomination?,Politics,2028-11-07,0.0065,0.006,0.007,46831101.38779,34599485.89625836,republican-presidential-nominee-2028,will-kristi-noem-win-the-2028-republican-presidential-nomination,https://polymarket.com/event/republican-presidential-nominee-2028,2026-06-21T17:14:34.334812+00:00
0xf2cb33c6634ee4676b642e728715c68441fb8d8c90f730ba0b5c3cd1f436a4be,562007,79109138136144804495019974949003266649145803384760006308278371005319168843129,65030375464178446496570525340832652143777619585997981475842311804446352421562,Will Joe Kent win the 2028 Republican presidential nomination?,Politics,2028-11-07,0.0075,0.007,0.008,46831101.38779,7753517.082342341,republican-presidential-nominee-2028,will-joe-kent-win-the-2028-republican-presidential-nomination,https://polymarket.com/event/republican-presidential-nominee-2028,2026-06-21T17:14:34.334812+00:00
0x41c6341dd79903aca4bb0c29f5a7976946c3774d2fd72f38cbb7de7092144520,561995,110467341601356058460373968989438018821471776813704553223329002744055822742107,11478861872612841666414979216747716059947331582670297431884562915546151249374,Will Mike Pence win the 2028 Republican presidential nomination?,Politics,2028-11-07,0.0065,0.006,0.007,46831101.38779,41653531.77548929,republican-presidential-nominee-2028,will-mike-pence-win-the-2028-republican-presidential-nomination,https://polymarket.com/event/republican-presidential-nominee-2028,2026-06-21T17:14:34.334812+00:00
0xf8dbde8b6e038775a673947e59da2de15a2127272b50b9877400fdbf7cfc3026,561999,45742939946094874824687417208711661205131461760422331277735745393193805349457,110475425879038752349535639720766480458274565783397083615496250556947203595226,Will Tom Brady win the 2028 Republican presidential nomination?,Politics,2028-11-07,0.0085,0.008,0.009,46831101.38779,32677922.841605604,republican-presidential-nominee-2028,will-tom-brady-win-the-2028-republican-presidential-nomination,https://polymarket.com/event/republican-presidential-nominee-2028,2026-06-21T17:14:34.334812+00:00
0xd5659eea81cada0bac656f5a9099861786cbae6755e2e1ac2c9e9441908b551f,562001,76572162491038773682779378100661251853152133818805423848523216103658476280587,25583872291729778177187717614560645987351882646783629615247519807465184364234,Will Steve Bannon win the 2028 Republican presidential nomination?,Politics,2028-11-07,0.0085,0.008,0.009,46831101.38779,22328742.649415158,republican-presidential-nominee-2028,will-steve-bannon-win-the-2028-republican-presidential-nomination,https://polymarket.com/event/republican-presidential-nominee-2028,2026-06-21T17:14:34.334812+00:00
0x307a1ed89d60b61002dd5bbf00e1408c5ed2ab3fcdb056191ca7ef9bc34d38f3,562793,113287701564209339913693347405685749986285999146352375265161592243948562084773,107118433685650702332040991454078902188473746599223732907923581436160160612542,Will the Democratic Party control the Senate after the 2026 Midterm elections?,Politics,2026-11-03,0.43,0.42,0.44,400621.7059,1470635.253054011,which-party-will-win-the-senate-in-2026,will-the-democratic-party-control-the-senate-after-the-2026-midterm-elections,https://polymarket.com/event/which-party-will-win-the-senate-in-2026,2026-06-21T17:14:34.334812+00:00
0x86bfb53af7250a40928975c551d12c185b762fa4ce0b40c6a64a50c946d72587,562794,51939490109676186832507970701169130490548061087912630009168726706475001411420,108587038225191871355030577171066853142535232042155117887981453750193713427381,Will the Republican Party control the Senate after the 2026 Midterm elections?,Politics,2026-11-03,0.575,0.57,0.58,400621.7059,1304440.7851980117,which-party-will-win-the-senate-in-2026,will-the-republican-party-control-the-senate-after-the-2026-midterm-elections,https://polymarket.com/event/which-party-will-win-the-senate-in-2026,2026-06-21T17:14:34.334812+00:00
0xd5d9fc47718bd553592d126b1fa5e87183d27f3936975b0c04cc0f2dec1f1bb4,562802,83247781037352156539108067944461291821683755894607244160607042790356561625563,33156410999665902694791064431724433042010245771106314074312009703157423879038,Will the Democratic Party control the House after the 2026 Midterm elections?,Politics,2026-11-03,0.805,0.8,0.81,683541.4722,4096742.7087039454,which-party-will-win-the-house-in-2026,will-the-democratic-party-control-the-house-after-the-2026-midterm-elections,https://polymarket.com/event/which-party-will-win-the-house-in-2026,2026-06-21T17:14:34.334812+00:00
0x4e4f77e7dbf4cab666e9a1943674d7ae66348e862df03ea6f44b11eb95731928,562803,65139230827417363158752884968303867495725894165574887635816574090175320800482,17371217118862125782438074585166210555214661810823929795910191856905580975576,Will the Republican Party control the House after the 2026 Midterm elections?,Politics,2026-11-03,0.195,0.19,0.2,683541.4722,3435026.8301459462,which-party-will-win-the-house-in-2026,will-the-republican-party-control-the-house-after-the-2026-midterm-elections,https://polymarket.com/event/which-party-will-win-the-house-in-2026,2026-06-21T17:14:34.334812+00:00
0x16c63b7cc37f012b9f59ee164ec03877914c701d06d48291ae8d6fc08a088b0d,562828,34722410608062854697106861099776685947172185964394483545370684749662285977831,24483563228660028121020430722896740519524131851526579619586176931221901842798,"2026 Balance of Power: D Senate, D House",Politics,2026-11-03,0.415,0.41,0.42,941679.27968,2030702.232179005,balance-of-power-2026-midterms,2026-balance-of-power-d-senate-d-house-949,https://polymarket.com/event/balance-of-power-2026-midterms,2026-06-21T17:14:34.334812+00:00
0x0808de4f0cfd47947f2d1be51f9a9c52ea0fec76f73a75cfbe79ddec98d8a908,562829,70997927349469817841862065582625658840347600365813612622959588796331622340305,45720947308530468765087874228584729250108790729495800420104302263408503667446,"2026 Balance of Power: D Senate, R House",Politics,2026-11-03,0.0225,0.022,0.023,941679.27968,1150872.6190340086,balance-of-power-2026-midterms,2026-balance-of-power-d-senate-r-house-692,https://polymarket.com/event/balance-of-power-2026-midterms,2026-06-21T17:14:34.334812+00:00
0x998bc71817b2d76921d1999ce0f3431cfd5945583667a371280ca2b430b0c06e,562830,6302359956133594764084277082169634158291609371270652093164054687145970756151,558600218792430158020964384658762756367786275998757133304987611939841005404,"2026 Balance of Power: R Senate, D House",Politics,2026-11-03,0.365,0.36,0.37,941679.27968,1518425.3348909882,balance-of-power-2026-midterms,2026-balance-of-power-r-senate-d-house-444,https://polymarket.com/event/balance-of-power-2026-midterms,2026-06-21T17:14:34.334812+00:00
0xc5eae79d1ffe716572353962eb926b1e3964c500a4880a7a94f58408218ee76b,562831,103704141773947678931823410030956181918562062788486034785782641603149828893320,25869296386911654049715489068824757745174681288397238521780118949553760488529,"2026 Balance of Power: R Senate, R House",Politics,2026-11-03,0.185,0.18,0.19,941679.27968,1753906.918247012,balance-of-power-2026-midterms,2026-balance-of-power-r-senate-r-house-537,https://polymarket.com/event/balance-of-power-2026-midterms,2026-06-21T17:14:34.334812+00:00
0x7987a821b8032824f1805ee39eb5dfb8f64603e4e9e673259eb76f82b439fd3d,562832,35477631289241705233759154026285946627439635224019448868888132647783862821489,58154574909590813657096858535882625339077077643653677858955479541043465171526,2026 Balance of Power: Other,Politics,2026-11-03,0.007,0.006,0.008,941679.27968,1559395.2306080102,balance-of-power-2026-midterms,2026-balance-of-power-other-131,https://polymarket.com/event/balance-of-power-2026-midterms,2026-06-21T17:14:34.334812+00:00
0x139ba0e7f931f09466c0fb27fc8ddb5e77ce9d1e2bdc953a5f22765bf779452f,563650,43377185540092441472523885859099478235201860627294255832516299903130560463298,17398942423057686582491252867921221591924525918102079345877032638913486446065,"SCOTUS accepts sports event contract case by July 31, 2026?     ",Politics,2026-07-31,0.045,0.03,0.06,14776.59818,942591.3229689994,scotus-accepts-sports-event-contract-case-by-july-31-2026,scotus-accepts-sports-event-contract-case-by-july-31-2026,https://polymarket.com/event/scotus-accepts-sports-event-contract-case-by-july-31-2026,2026-06-21T17:14:34.334812+00:00
0x68e2344a2ce725ca99f3b93df06f27a71f3a893a38e8a6a78f8d85bd2698eb20,1231857,44488146241641686838477630423381146915926290111161217223359635890474557300976,55066760863682681011750966950739411296364830422172387835703592639644113734177,"SCOTUS accepts sports event contract case by December 31, 2026?",Politics,2026-12-31,0.31,0.29,0.33,14776.59818,10087.66577400001,scotus-accepts-sports-event-contract-case-by-july-31-2026,scotus-accepts-sports-event-contract-case-by-december-31-2026,https://polymarket.com/event/scotus-accepts-sports-event-contract-case-by-july-31-2026,2026-06-21T17:14:34.334812+00:00
0x0a99479228e93524b25676ae69b94bd3f4278a6bca8d8c265c84d24755399cf5,565064,67109747366255871599717338045111308888043498275177238365560740200996017915657,103845791232328975452762372781150730610824357544180691092497335946993481308222,Will the Republicans win the 2028 US Presidential Election?,Politics,2028-11-07,0.405,0.4,0.41,496155.8002,1044046.953548995,which-party-wins-2028-us-presidential-election,will-the-republicans-win-the-2028-us-presidential-election,https://polymarket.com/event/which-party-wins-2028-us-presidential-election,2026-06-21T17:14:34.334812+00:00
0xb106a3c9d1c59ed8117493dae6459a3ff79369a8f7cddaf62f4a05828b89195e,565065,49084048476353771153083262278964615095037480324537117350127265918750912547378,1376044590327709616459174469529480611299625159235587466149878628404281805565,Will the Democrats win the 2028 US Presidential Election?,Politics,2028-11-07,0.585,0.58,0.59,496155.8002,823118.1393049996,which-party-wins-2028-us-presidential-election,will-the-democrats-win-the-2028-us-presidential-election,https://polymarket.com/event/which-party-wins-2028-us-presidential-election,2026-06-21T17:14:34.334812+00:00
0x251b46a4b02dd818bcaf26d5f84d3020d677428a66da715237c7bb764291b8bd,700881,38202935615001386435763226841642069882440353941240309708546571086444674387617,92947222300298952436254594182328137313823749893206387135431446187162878213717,Will Israel annex any territory by June 30?,Politics,2026-06-30,0.011,0.01,0.012,28882.241,182806.6169650002,will-israel-annex-any-territory-by-december-31,will-israel-annex-any-territory-by-june-30,https://polymarket.com/event/will-israel-annex-any-territory-by-december-31,2026-06-21T17:14:34.334812+00:00
0x8b2d3edd0500a52b39676e1d59a0da5ac145f4e03e97b0d0412da13ca0e70c2a,1939065,58415083519048662499155366006294980527058935541698275412554812493316191385998,52837405094236171687649460051264604710453798793021773034180132912701882960185,Will Israel annex any territory by December 31?,Politics,2026-12-31,0.125,0.11,0.14,28882.241,18520.79121000001,will-israel-annex-any-territory-by-december-31,will-israel-annex-any-territory-by-december-31-348,https://polymarket.com/event/will-israel-annex-any-territory-by-december-31,2026-06-21T17:14:34.334812+00:00
0x0dc45815251ab7d5c3cbde5d7eee5bc96eac3d924c0a4c4f10175049e068fe20,566760,703229116919803457142440034780425874346022451261358752931225117413237404457,71144742975537017512904527392353107518472601816123355990566837993879064231255,Will Trump pardon Ghislaine Maxwell by end of 2026?,Politics,2026-12-31,0.125,0.11,0.14,22102.1565,692729.193224002,will-trump-pardon-ghislaine-maxwell,will-trump-pardon-ghislaine-maxwell,https://polymarket.com/event/will-trump-pardon-ghislaine-maxwell,2026-06-21T17:14:34.334812+00:00
0xd9fb1184af0064e5e34b129f5b79afa5a17b7e32f2953ab05efed82315fee6d4,567621,94559586571241563470235664821564670251180951772614764383113614156422396181162,90772332434487149264114862115632028379978765245278600275169585501290867536237,Will China invade Taiwan by end of 2026?,Politics,2026-12-31,0.063,0.062,0.064,619568.8868,36307767.84859369,will-china-invade-taiwan-before-2027,will-china-invade-taiwan-before-2027,https://polymarket.com/event/will-china-invade-taiwan-before-2027,2026-06-21T17:14:34.334812+00:00
0xd1796c09d0d6f876f8580086ae9808ec991784e3a74b25a1830a25de71a78c96,567688,114694726451307654528948558967898493662917070661203465131156925998487819889437,66255671088804707681511323064315150986307471908131081808279119719218775249892,Netanyahu out by end of 2026?,Geopolitics,2026-12-31,0.535,0.53,0.54,169721.71818,1603218.8566250252,netanyahu-out-before-2027,netanyahu-out-before-2027-684-719-226-657,https://polymarket.com/event/netanyahu-out-before-2027,2026-06-21T17:14:34.334812+00:00
0x865303ccb9a48341d1bae33b3b4379ca86d5abbff3ce1e132716631cc0af3cce,1484987,110540225177219524039862595475289990032643955968401089134377304882717624846278,54062452792656591940498333119952225497035882944827198088651910072416401737992,Netanyahu out by June 30?,Geopolitics,2026-06-30,0.008,0.007,0.009,169721.71818,6611977.477200927,netanyahu-out-before-2027,netanyahu-out-by-june-30-383-244-575,https://polymarket.com/event/netanyahu-out-before-2027,2026-06-21T17:14:34.334812+00:00
0xc553d06377f1f3768d3d302748609f5d01c035744dddc327ccc7e55c0067a504,2555383,59998658781035476778449418646398730088700792908221657065358591513871102835151,81884166811074002028138369660127588420358639269194135906770008813817544349172,Netanyahu out by July 31?,Geopolitics,2026-07-31,0.0295,0.027,0.032,169721.71818,21509.99639499999,netanyahu-out-before-2027,netanyahu-out-by-july-31,https://polymarket.com/event/netanyahu-out-before-2027,2026-06-21T17:14:34.334812+00:00
0x51f624dbbf14f9edb575fef1be6f7a303751de70783fa144fce27b957452c803,567689,108187737663325442737199857734058032845728149267925579081973309839049299838520,12238337804021350373072513606997115174826680613156170611182546081135779794915,Zelenskyy out as Ukraine president by end of 2026?,Politics,2026-12-31,0.135,0.13,0.14,54439.9897,2483455.928685965,zelenskyy-out-as-ukraine-president-before-2027,zelenskyy-out-as-ukraine-president-before-2027,https://polymarket.com/event/zelenskyy-out-as-ukraine-president-before-2027,2026-06-21T17:14:34.334812+00:00
0x14501df0ca5ec395792b0614b18133b72e702a9a2615dd0a4b3f0c6e097de081,567690,60482166031720291380868655057144166386114272673178755337360544583400474201659,36584990740430575779853916178487409250519468755041580140068769472851047579138,"Erdoğan out by December 31, 2026?",Geopolitics,2026-12-31,0.065,0.06,0.07,43123.0208,520115.2518700051,erdoan-out-before-2027,erdoan-out-before-2027,https://polymarket.com/event/erdoan-out-before-2027,2026-06-21T17:14:34.334812+00:00
0x4c8ceef9b9c0a27b6b4efa7c398ece4a5eeda76502f722de398c232abefe2ede,568116,22094182676612877581056034720566110371610082057092726094559729674155018648896,78473141615408645278260621827323903204731180016962666262959632385172645644801,Will Trump be impeached by end of 2026?,Politics,2026-12-31,0.055,0.05,0.06,104327.0148,889199.1732700047,will-trump-be-impeached-by-december-31-2026,will-trump-be-impeached-by-december-31-2026,https://polymarket.com/event/will-trump-be-impeached-by-december-31-2026,2026-06-21T17:14:34.334812+00:00
0x448f73e89890ae9d0e42ad0b592f63b53c0ae05d1ca3fa8d80b30027781f1be7,568117,82496570332984679554195177789706736795170417640692739176832196524671988217379,74453252193148717007972627387565739933229360141591660605434616142548704822067,"Will Trump resign by December 31, 2026?",Politics,2026-12-31,0.055,0.05,0.06,43714.0198,493952.3361769975,will-trump-resign-by-december-31-2026,will-trump-resign-by-december-31-2026,https://polymarket.com/event/will-trump-resign-by-december-31-2026,2026-06-21T17:14:34.334812+00:00
0xfbe85201ab2b4acff01cd5a3639039fc813d3448c64db081f70926bd9b9e74e9,569366,87037476560262355019736573472997730954875286944171789280729969665019434635807,93119283163420984666329627600000273753909488383271496422725436610044958733622,Will Abelardo de la Espriella  win the 2026 Colombian presidential election?,Politics,2026-06-21,0.835,0.83,0.84,5529325.82284,4644570.582879946,colombia-presidential-election,will-abelardo-de-la-espriella-win-the-2026-colombian-presidential-election,https://polymarket.com/event/colombia-presidential-election,2026-06-21T17:14:34.334812+00:00
0x0fb006e0c06caa4db12f7e30ec8c2483d658f83eb57b2ee8eb478e39beca3dfd,569368,62374557612691330043510053829591470998236327248924987579815802826988260253261,45225184915026490412090111842887484470550126139644389135401954155408710524398,Will Ivan Cepeda Castro win the 2026 Colombian presidential election?,Politics,2026-06-21,0.165,0.16,0.17,5529325.82284,4966226.415854979,colombia-presidential-election,will-ivan-cepeda-castro-win-the-2026-colombian-presidential-election,https://polymarket.com/event/colombia-presidential-election,2026-06-21T17:14:34.334812+00:00
0x16fcfe6c4bc8bf2fd210f1e3b5b0d55a2115a437923dc5730d63acb62c3366c9,1068728,69170306473064163780812013647523990069387767302750674849421091155270068626385,103355594346838123493217461284154957347949166061676890605566123828867704884418,Will USDT market cap hit $200B before 2027?,Crypto,2027-01-01,0.95,0.945,0.955,2239.92927,149231.35729799996,will-usdt-market-cap-hit-by-december-31,will-usdt-market-cap-hit-200b-before-2027,https://polymarket.com/event/will-usdt-market-cap-hit-by-december-31,2026-06-21T17:14:34.334812+00:00
0x2cd4df599867b14e835436e67e524cd04bbd67eaa6454c07b294d9dd0470e6b7,1294921,63234707295320507667894309258849048700632767113302157839265845777836046390818,104300001201805258182759143424803769933769056146338425343674625200737172871170,Will Hamas agree to disarm by June 30?,Geopolitics,2026-06-30,0.016,0.014,0.018,36569.48912,460488.6728849984,will-hamaz-disarm-by-december-31,will-hamas-agree-to-disarm-by-june-30,https://polymarket.com/event/will-hamaz-disarm-by-december-31,2026-06-21T17:14:34.334812+00:00
0x31eaf3b4bfb0c7107250f8aae9dfaf18a821a6c58fe1b5254a1b77542a4c836c,572110,114423403729258777359504929942890771536329559486526860556796374176881874914899,37865762149093398648661038242767914439965617386554698092670411198573348655442,Aaron Taylor-Johnson announced as next James Bond?,Culture,2026-06-30,0.0075,0.006,0.009,114138.45702,164850.94744499997,next-james-bond-actor-635,aaron-taylor-johnson-announced-as-next-james-bond,https://polymarket.com/event/next-james-bond-actor-635,2026-06-21T17:14:34.334812+00:00
0x6a01c1687c781829cc90198cfd3c73f9ce64bca2a8960527868b0ad737e53f89,572133,31651972441019808961685346078403610685710956924575973014923461950982284624160,28517366085749905119520362582979931306860182143397970907500918159304286947744,No one announced as next James Bond?,Culture,2026-06-30,0.9645,0.96,0.969,114138.45702,306710.840665,next-james-bond-actor-635,no-one-announced-as-next-james-bond-962,https://polymarket.com/event/next-james-bond-actor-635,2026-06-21T17:14:34.334812+00:00
0xde15533da479594354a3f1a27b53a90ac1812da4d91fba29fe65aa53f3fdc504,572111,62239185941824652402752813729371423845548004986780601100316323331270822642667,19191431700219756120210071216683095063826133294481986341917782117436407863597,James Norton announced as next James Bond?,Culture,2026-06-30,0.0035,0.001,0.006,114138.45702,193260.7600890001,next-james-bond-actor-635,james-norton-announced-as-next-james-bond-575,https://polymarket.com/event/next-james-bond-actor-635,2026-06-21T17:14:34.334812+00:00
0x4e7734d08c3a532cf0b9c67cfba476f4910bddedf15c5d613d1ef94d1f15e533,572114,53695778447324103637087569580285444889959041738544438526713792782477913379777,90341897780328099998376451729070485278722530435626190544578344249705116455406,Jacob Elordi announced as next James Bond?,Culture,2026-06-30,0.0025,0.002,0.003,114138.45702,289469.708892,next-james-bond-actor-635,jacob-elordi-announced-as-next-james-bond-216,https://polymarket.com/event/next-james-bond-actor-635,2026-06-21T17:14:34.334812+00:00
0x157b4aebf3ff1f45ca5d41bdffb66c3a888a0ceaec9f7a7167e08cf2138130cc,572115,103964743736847868582159777341324076149918550949982197636847126454376683338421,57710335019661396083809702507142632741583447048324970106878377505753894082591,Harris Dickinson announced as next James Bond?,Culture,2026-06-30,0.0035,0.002,0.005,114138.45702,224701.69661199988,next-james-bond-actor-635,harris-dickinson-announced-as-next-james-bond-784,https://polymarket.com/event/next-james-bond-actor-635,2026-06-21T17:14:34.334812+00:00
0x95916211e91a408a5a160b03bfe837277bf3e269f65c2f8ecba3370a392c72a3,572116,71859696618563192463287150616126338038422905213505105571292945744661289726309,100974504199579755095012652898017720477130644438560674693496729354363043805239,Tom Hardy announced as next James Bond?,Culture,2026-06-30,0.0015,0.001,0.002,114138.45702,140100.20580700005,next-james-bond-actor-635,tom-hardy-announced-as-next-james-bond-996-479,https://polymarket.com/event/next-james-bond-actor-635,2026-06-21T17:14:34.334812+00:00
0x8128163cd9ddf1549bf3d73fe3276857273a768366e4c13d7a6f80e3cb814e2d,572117,54120517297787449950767396444302816721060398794472692356305596424687388939708,56736811231402173896482039454132656829697330201604223976298122972923334638073,Pierce Brosnan announced as next James Bond?,Culture,2026-06-30,0.0015,0.001,0.002,114138.45702,253605.08104199983,next-james-bond-actor-635,pierce-brosnan-announced-as-next-james-bond-557,https://polymarket.com/event/next-james-bond-actor-635,2026-06-21T17:14:34.334812+00:00
0xb9e518a563d955037698fec22b03bca649aeb4423fc0999c6862b805e23a1ec9,572118,39037164839963127351677281834973830068857637934397064740463100609381313849620,51694318795438697501798861365634205630348260747339000645346489958203254005695,Tom Holland announced as next James Bond?,Culture,2026-06-30,0.0015,0.001,0.002,114138.45702,270599.9054529998,next-james-bond-actor-635,tom-holland-announced-as-next-james-bond-679,https://polymarket.com/event/next-james-bond-actor-635,2026-06-21T17:14:34.334812+00:00
0x16d52b2db68983b9078e0299a86096725664ca7a434017922f7ea1c06b92b034,572119,88217367032380103395167682111051594395803346118218216383029818059516080329712,111069773445342942996261875358232855367751274201022573488508134853134563587887,Henry Cavill announced as next James Bond?,Culture,2026-06-30,0.002,0.001,0.003,114138.45702,456295.37365200033,next-james-bond-actor-635,henry-cavill-announced-as-next-james-bond-857-642,https://polymarket.com/event/next-james-bond-actor-635,2026-06-21T17:14:34.334812+00:00
0xd7482c59ec03c0def1d1f3caef6e22aa95498a567522de7f0780f1f362ecf522,572121,49100155288255713531280332748049097097613379788560462245718736090008547142642,46513688439726619424679569921406291296528840849653301924533096246539164542379,Callum Turner announced as next James Bond?,Culture,2026-06-30,0.014,0.012,0.016,114138.45702,162813.07685900005,next-james-bond-actor-635,callum-turner-announced-as-next-james-bond,https://polymarket.com/event/next-james-bond-actor-635,2026-06-21T17:14:34.334812+00:00
0xe9b672b601ac4a6bcf132490d3ecd48213fc5983262b1f941e996dbc7b47cac6,572122,41996233866104795222912410391357816274047224985506748724567566680863691247794,57888796976624304239833082588968327003971913510599957332295153052474023554194,Jack Lowdon announced as next James Bond?,Culture,2026-06-30,0.0015,0.001,0.002,114138.45702,156205.70553000004,next-james-bond-actor-635,jack-lowdon-announced-as-next-james-bond,https://polymarket.com/event/next-james-bond-actor-635,2026-06-21T17:14:34.334812+00:00
0x2d116412f432cdb566c6eb4f0f35cf36c9842998085e13a5a0a2a6c01907b837,572123,37927260280375428448033753970844358590035155195795198096685170864149151675322,110432567441976523688264076008963659106574418055670521939447517921048634335151,Theo James announced as next James Bond?,Culture,2026-06-30,0.003,0.001,0.005,114138.45702,63738.47533999995,next-james-bond-actor-635,theo-james-announced-as-next-james-bond,https://polymarket.com/event/next-james-bond-actor-635,2026-06-21T17:14:34.334812+00:00
0xbaf1fe074410506bcd871ee43a6ea0230686b3a0b59eb93d014631fd4214decf,572124,86364606957252189309982179038306524287216246431215333838823307925824277620329,20082609240124810914902170737072611647290235505634419666485573277519609540712,James Collier announced as next James Bond?,Culture,2026-06-30,0.0015,0.001,0.002,114138.45702,70211.80100099999,next-james-bond-actor-635,james-collier-announced-as-next-james-bond,https://polymarket.com/event/next-james-bond-actor-635,2026-06-21T17:14:34.334812+00:00
0xd32bf453f9f034a5d30cebd29355a49fdf7b083a722b6c218409f4c4bb694a07,572125,2539243778315573823923907482719197372899536309178051544334006233242009567404,49398778857041521575790735877808893757855458653640702199523137840060237289444, Josh O'Connor announced as next James Bond?,Culture,2026-06-30,0.0015,0.001,0.002,114138.45702,72050.47333599994,next-james-bond-actor-635,placeholder-6-announced-as-next-james-bond-114,https://polymarket.com/event/next-james-bond-actor-635,2026-06-21T17:14:34.334812+00:00
0xa0f4c4924ea1a8b410b4ce821c2a9955fad21a1b19bdcfde90816732278b3dd5,573655,13915689317269078219168496739008737517740566192006337297676041270492637394586,13290642914521189871602119663452054126359842904805799115978921503195267156991,"Will Bitcoin hit $150k by June 30, 2026?",Crypto,2026-07-01,0.0015,0.001,0.002,374363.6831,21631326.029104017,when-will-bitcoin-hit-150k,will-bitcoin-hit-150k-by-june-30-2026,https://polymarket.com/event/when-will-bitcoin-hit-150k,2026-06-21T17:14:34.334812+00:00
0x02deb9538f5c123373adaa4ee6217b01745f1662bc902e46ac92f3fe6f8741e8,573656,93694900555669388759405753550770573998169287228984912881955464376232163096213,55119388124180116303253993098894090042427725500010038140578121972388485050538,"Will Bitcoin hit $150k by December 31, 2026?",Crypto,2027-01-01,0.04,0.03,0.05,374363.6831,2562336.6951889666,when-will-bitcoin-hit-150k,will-bitcoin-hit-150k-by-december-31-2026,https://polymarket.com/event/when-will-bitcoin-hit-150k,2026-06-21T17:14:34.334812+00:00
0xecdf42488da999b04ab160c1ad7997249d4ef0facb283229455a9e9e44bf8210,676828,43696918187299589861338103676028825185653582528610816997606514064408642785238,10938029013157044911748075186589164723577178067248785534106090476711362222066,"Will GPT-6 be released by June 30, 2026?",OpenAI,2026-06-30,0.0285,0.021,0.036,26072.26338,212474.9673589992,gpt-6-released-by,will-gpt-6-be-released-by-june-30-2026,https://polymarket.com/event/gpt-6-released-by,2026-06-21T17:14:34.334812+00:00
0x46c8159431f59839061bb4abe8795ff8c0ebf6b612451e303ebe7f34697f3f35,676829,31198084272932352525926802046358262783522244061752464952508587771194866686492,3371189346327528760689130963964203715378507847645714047345514497435422774300,"Will GPT-6 be released by December 31, 2026?",OpenAI,2026-12-31,0.815,0.81,0.82,26072.26338,42750.12216800004,gpt-6-released-by,will-gpt-6-be-released-by-december-31-2026-834,https://polymarket.com/event/gpt-6-released-by,2026-06-21T17:14:34.334812+00:00
0xf82f84686ee2a25f5690430461413c4dc5a39dcea922a7c5f47d9d29418fbdb6,1333258,82971863320043891986833367061104360861631939120244984019114322661700297642048,39841922967600807878645366356142241043425819214007016730668972738870640660234,"Will GPT-6 be released by September 30, 2026?",OpenAI,2026-06-30,0.505,0.5,0.51,26072.26338,13257.796832999991,gpt-6-released-by,will-gpt-6-be-released-by-september-30-2026,https://polymarket.com/event/gpt-6-released-by,2026-06-21T17:14:34.334812+00:00
0x0a7e71104968403d863330abe7a4b7c1871281e96e878761ba49d75d6b6a57a4,2498739,11280558115936456585904675567640707056155241092370692901368524463925928600842,39556753444993217193532214884429349349511229187713739915516531227083289040316,"Will GPT-6 be released by July 31, 2026? ",OpenAI,2026-08-01,0.065,0.05,0.08,26072.26338,1293.0054639999998,gpt-6-released-by,will-gpt-6-be-released-by-july-31-2026-20260610221318220,https://polymarket.com/event/gpt-6-released-by,2026-06-21T17:14:34.334812+00:00
0x0c61adaf2d0c903081573c305892a84c12701330258d912252eef226faa5c50f,1301998,70796412458550921409890959497494748951890329552810606309752111278664888204747,24190172139151719888464365613630917939298945976649848437437048419002128267476,"Grok 5 released by June 30, 2026?",Tech,2026-06-30,0.0055,0.003,0.008,3338.68932,66038.66519799999,grok-5-released-by,grok-5-released-by-june-30-2026,https://polymarket.com/event/grok-5-released-by,2026-06-21T17:14:34.334812+00:00
0x0f9e5bd480cc8c085ec2f229d8fc8d892f6b16c53d16b9e2bd8ea78bb7be20b4,904731,79314839964463415498716344674146331958299488958462324748300603610393758706700,2452887062059300263521301461584427066986296468335615456329484799980344628172,U.S. x Russia Nuclear deal by June 30?,Politics,2026-06-30,0.0035,0.003,0.004,13499.85274,45390.98168700007,us-x-russia-nuclear-deal-by-december-31,us-x-russia-nuclear-deal-by-june-30,https://polymarket.com/event/us-x-russia-nuclear-deal-by-december-31,2026-06-21T17:14:34.334812+00:00
0xf9c9813f67e21132d44dda22edb01ecc53ac49421210f9234be7e38f4854a911,644804,42714919969933366092853780460994007110779633356080906344513267969458105781543,51562348485981978738578641774360357655214251727287979008200732521608017000404,"French election called by June 30, 2026?",Politics,2026-06-30,0.0065,0.003,0.01,4765.06391,82595.48168899983,french-election-called-by,french-election-called-by-june-30-2026-532,https://polymarket.com/event/french-election-called-by,2026-06-21T17:14:34.334812+00:00
0x46eb6b4907d9fc0ba8bf1758ab37db500de95fa003ad70a0e6afe5d93df5a947,903822,67234324078734538978307235991642112615580851272255985579189168383421295666988,55156071036876000237598541531362614152666821726523006237453088206319105527941,Taylor Swift x Travis Kelce get married by June 30?,Culture,2026-06-30,0.0825,0.062,0.103,5046.51284,196771.08231199792,taylor-swift-x-travis-kelce-get-married-by,taylor-swift-x-travis-kelce-get-married-by-june-30,https://polymarket.com/event/taylor-swift-x-travis-kelce-get-married-by,2026-06-21T17:14:34.334812+00:00
0xa7e66e6fff9877ba9a15dc7c4936ee0370cb223b51398207784ad13e3d11a888,2382622,18424980703579592130590838718390315752866125435050035916958451616943845167376,20956668649606866152839581187582068724474795248543802167388089942147707951999,Taylor Swift x Travis Kelce get married by August 31?,Culture,2026-06-30,0.961,0.947,0.975,5046.51284,2206.9295139999995,taylor-swift-x-travis-kelce-get-married-by,taylor-swift-x-travis-kelce-get-married-by-august-31,https://polymarket.com/event/taylor-swift-x-travis-kelce-get-married-by,2026-06-21T17:14:34.334812+00:00
0x59cbdc98e569c31d3c33517131aa57a0a8d28e412df4a567d7df5b3ae9ec3de8,1068384,85050326633307103921116183405959204984545408066775745936128241765963012426383,6388191045056267170217957100365018215195736723213112943581350419506189056936,"Will El Salvador hold $1b+ of BTC by December 31, 2026?",Crypto,2027-01-01,0.19,0.17,0.21,564.5179,9301.677515999998,will-el-salvador-hold-1b-of-btc-by-by,will-el-salvador-hold-1b-of-btc-by-december-31-2026,https://polymarket.com/event/will-el-salvador-hold-1b-of-btc-by-by,2026-06-21T17:14:34.334812+00:00
0xfcde7eec764a4e3dd2c43e92efec3cd23d8df64cceff357914a31d2c7820a6ea,582717,332462812953361158016354695716232633373752944798478737086328444144960550554,95178020761422271081901024182012949958678400416842257242483644267309564096726,Taylor Swift pregnant before marriage?,Culture,2026-08-31,0.015,0.013,0.017,8722.87872,241716.94748899995,taylor-swift-pregnant-before-marriage,taylor-swift-pregnant-before-marriage,https://polymarket.com/event/taylor-swift-pregnant-before-marriage,2026-06-21T17:14:34.334812+00:00
0xd008c45c5320e7453b4e7725bda285cd822a3a61adef14759f2aadf0778c64b6,718188,105292534464588119413823901919588224897612305776681795693919323419047416388812,98646985707839121837958202212263078387820716702786874164268337295747851893706,"Will Abstract launch a token by December 31, 2026",Crypto,2027-01-01,0.165,0.16,0.17,5169.4148,328862.7053540001,will-abstract-launch-a-token-in-2025,will-abstract-launch-a-token-by-december-31-2026,https://polymarket.com/event/will-abstract-launch-a-token-in-2025,2026-06-21T17:14:34.334812+00:00
0x07eb65c2a3f1cb716a8f24e7d8e97188f451d2928e59bc2781bcd9a9757b41b8,694160,102247931292363358443142609337677636196132124871357390516013850502857860652483,69920194040711736936002737306616966483487315622418282521632179548073807568918,"Will Axiom launch a token by December 31, 2026?",Crypto,2028-01-01,0.15,0.09,0.21,1128.9883,177737.64431500016,will-axiom-launch-a-token-in-2025,will-axiom-launch-a-token-by-december-31-2026,https://polymarket.com/event/will-axiom-launch-a-token-in-2025,2026-06-21T17:14:34.334812+00:00
0xfb82f6acd852d181d5e1895927636d0cd9035c8f29a4495e838d4967977d3dbb,2325349,48039093277621838250807308649725872714962029844665902018630633241233288786996,35566419663064241700521139677043928075105618346467863572442873475643181851760,"Will Axiom launch a token by December 31, 2027?",Crypto,2028-01-01,0.34,0.25,0.43,1128.9883,5720.9878610000005,will-axiom-launch-a-token-in-2025,will-axiom-launch-a-token-by-december-31-2027,https://polymarket.com/event/will-axiom-launch-a-token-in-2025,2026-06-21T17:14:34.334812+00:00
0xad6b6fb149c8c50df1ea56e7f3a0fd42b95ada7e178683d51a536235a6b38a3f,697523,72750636841574605405487206563918173178146863274250147094493667932708322166254,23734407721982664566939201849439761766477731273397118470832638812112205898239,"Will Unit launch a token by December 31, 2026?",Crypto,2028-01-01,0.21,0.19,0.23,933.6721,8331.197788000001,will-unit-launch-a-token-in-2025,will-unit-launch-a-token-by-december-31-2026,https://polymarket.com/event/will-unit-launch-a-token-in-2025,2026-06-21T17:14:34.334812+00:00
0xcbeff66b19af9a6d861778d309ab0eb641743cbde146e278642a36e4f1de60da,1210085,88343189745231853602672322529758641278155068591508752510678263087416397521935,80179803121426600702711947445568694550192410621950113087288102778926008150304,"Will Unit launch a token by December 31, 2027?",Crypto,2028-01-01,0.37,0.28,0.46,933.6721,15040.264746,will-unit-launch-a-token-in-2025,will-unit-launch-a-token-by-december-31-2027,https://polymarket.com/event/will-unit-launch-a-token-in-2025,2026-06-21T17:14:34.334812+00:00
0xeb4beaefa070c6ccfef90eb088852246c9e965b2672a83bc6f4c36ae347817f4,1809581,31245887148493356954433906893534790031462440711563090147585980471612498692234,108338907967710121616562471010445051834321291521730562398877972738614106634982,"Israel military action on Damascus by June 30, 2026?",Geopolitics,2026-06-30,0.0145,0.012,0.017,12578.29321,7595.514609000001,israel-strike-on-damascus-by-september-30,israel-military-action-on-damascus-by-june-30-2026,https://polymarket.com/event/israel-strike-on-damascus-by-september-30,2026-06-21T17:14:34.334812+00:00
0x3f0bc2757babb8bb9971c9f782fe81f9db734c12d84822f1120a90681c991ff8,1280208,5500958648222024490080262026563017618333773328581609432182941377205770769101,96591255635253447513110478554912401032108924846987730492523639752571136117102,Israeli parliament dissolved by June 30?,Politics,2026-06-30,0.125,0.12,0.13,55831.9951,402683.6773230072,israeli-parliament-dissolved-by-october-31,israeli-parliament-dissolved-by-june-30-228,https://polymarket.com/event/israeli-parliament-dissolved-by-october-31,2026-06-21T17:14:34.334812+00:00
0xac1721c071b72e556df41a0c0d3c4d3c0baa599d352bbe92bc8450e06e596021,2354063,37568497895153900126473020275346461590343182178991703056907093864099955621494,105829206264997691788038542061294329729237305386795827730740731011854221360614,Israeli parliament dissolved by July 31?,Politics,2026-07-31,0.885,0.88,0.89,55831.9951,54992.72642899984,israeli-parliament-dissolved-by-october-31,israeli-parliament-dissolved-by-july-31-832,https://polymarket.com/event/israeli-parliament-dissolved-by-october-31,2026-06-21T17:14:34.334812+00:00
0x30aee013d13c6f3a27d5ed8ac8c309ef6b4cf35ec1463a2079a006a23d49443b,2587825,107687834287762508705875798533674688361451229718765625515997578547505186407589,24418088737996132055596046186261492060812521227864249851651209635440608980969,Israeli parliament dissolved by July 15?,Politics,2026-07-15,0.585,0.54,0.63,55831.9951,1353.7384109999998,israeli-parliament-dissolved-by-october-31,israeli-parliament-dissolved-by-july-15,https://polymarket.com/event/israeli-parliament-dissolved-by-october-31,2026-06-21T17:14:34.334812+00:00
0xb553a25b7670031fc7cf095e79525406f10b3cf66e793255836fc1fb95bf8f7c,677406,74625788546207951131898990201997622306370629069381444964066858494809066554878,18550128784183569866612992061648865265126250191843283604575294212276554328698,Russian strike on Poland by June 30?,Geopolitics,2026-06-30,0.0135,0.008,0.019,4263.23079,120663.36680600003,russian-strike-on-poland-by-september-30,russian-strike-on-poland-by-june-30,https://polymarket.com/event/russian-strike-on-poland-by-september-30,2026-06-21T17:14:34.334812+00:00
0xb44fe13de8e6e3f0e1232613dd9a79f0a898672a41d608a9cd57e340ba6e9185,593973,82924591030419390649945107956366329459342453014204495918712243498287775914589,71441578579527723840294651825922843760099816515895816768244443656762671705984,Will Bernie endorse Kshama Sawant for WA-09 by Nov 2 2026 ET?,Politics,2026-11-03,0.06,0.05,0.07,41219.10382,13994.228481000042,who-will-bernie-endorse,will-bernie-endorse-kshama-sawant-for-wa-09-by-nov-2-2026-et,https://polymarket.com/event/who-will-bernie-endorse,2026-06-21T17:14:34.334812+00:00
0xb8940fadd151f151bdd786a2ce3950ef1320aecc143e268aa6fb04173c9576b0,593975,78994096084018614649961134380557835172033452849084058029827070275341232468538,7991394167051968868909602741314717554176011521887291024708013271989359914446,Will Bernie endorse Antonio Delgado for NY-Gov by Nov 2 2026 ET?,Politics,2026-11-03,0.087,0.078,0.096,41219.10382,21395.272036999995,who-will-bernie-endorse,will-bernie-endorse-antonio-delgado-for-ny-gov-by-nov-2-2026-et,https://polymarket.com/event/who-will-bernie-endorse,2026-06-21T17:14:34.334812+00:00
0xb98ae7869aec564d46d41d3a5aaf86177fe5726b2782d1e8addbf40bdfe6143b,593977,16165180365166795101253476583424570293978512340466383667319830236646927210547,112446903583649148167333279483828369419343731760320334360041568261153462186025,Will Bernie endorse Alan Grayson for FL-Sen Nov 2 2026 ET?,Politics,2026-11-30,0.126,0.017,0.235,41219.10382,12594.085540999997,who-will-bernie-endorse,will-bernie-endorse-alan-grayson-for-fl-sen-nov-2-2026-et,https://polymarket.com/event/who-will-bernie-endorse,2026-06-21T17:14:34.334812+00:00
0x136a2773866c2d841b00652b7d99b026409c9a55db769c525ed450e04c653f23,593972,7096166888327966243811396544854606771946352128513885963401994819079689910004,46602177860594371790368647304895927569955807454104515886440302763404709997663,Will Bernie endorse James Talarico for TX-Sen by Nov 2 2026 ET?,Politics,2026-11-03,0.845,0.84,0.85,41219.10382,72387.81380299997,who-will-bernie-endorse,will-bernie-endorse-james-talarico-for-tx-sen-by-nov-2-2026-et,https://polymarket.com/event/who-will-bernie-endorse,2026-06-21T17:14:34.334812+00:00
0x1428ebd0c6424f9a42928f2e10e4d851be0810d4eb556738b7dc8976356ac14b,593978,107080387770503661967711176882937155612989847930086034775329452354985736188978,77926450642005422206852511744605184574938173326553232191654522397724926169595,Will Bernie endorse Zach Wahls for IA-Sen Nov 2 2026 ET?,Politics,2026-11-30,0.1145,0.025,0.204,41219.10382,15754.135607000013,who-will-bernie-endorse,will-bernie-endorse-zach-wahls-for-ia-sen-nov-2-2026-et,https://polymarket.com/event/who-will-bernie-endorse,2026-06-21T17:14:34.334812+00:00
0x07ab4a3d146dad453f0c195ab0760a50c8a3a841f6a45b2f8a457379d1c66a7b,593988,53825553579064311342930323717934845048601008937905537626135620452708007966684,8778503480252580193737907855351437693251176292801938960755163014850675745318,Will Trump endorse Susan Collins for ME-Sen by Nov 2 2026 ET?,Politics,2026-11-03,0.976,0.962,0.99,16432.41587,1587.465481,who-will-trump-endorse,will-trump-endorse-susan-collins-for-me-sen-by-nov-2-2026-et,https://polymarket.com/event/who-will-trump-endorse,2026-06-21T17:14:05.242053+00:00
0x2aaffb7c88af0204f5095581dc72f82886f4e13902fe5c7727fac6ed48a25f11,593983,11046262311494533237971148351329185314005627894869626528589068956894902481233,109174961673759237090251150164977878122667077529594097403713839280719428670272,Will Trump endorse John Cornyn for TX-Sen by Nov 2 2026 ET?,Politics,2026-11-04,0.019,0.018,0.02,16432.41587,126076.14045000004,who-will-trump-endorse,will-trump-endorse-john-cornyn-for-tx-sen-by-nov-2-2026-et,https://polymarket.com/event/who-will-trump-endorse,2026-06-21T17:14:34.334812+00:00
0xe357256420a4d64bb5aabf142b6dd61916bb31d1d0b5fb383f440bc80ce8448f,593989,66607212153095701297102574465244577185174484325464708599351469519335605238039,105905695095545005432925615017881681038558198881326222133594182414092002536298,Will Trump endorse Lindsey Graham for SC-Sen by Nov 2 2026 ET?,Politics,2026-11-04,0.9945,0.99,0.999,16432.41587,7547.489365,who-will-trump-endorse,will-trump-endorse-lindsey-graham-for-sc-sen-by-nov-2-2026-et,https://polymarket.com/event/who-will-trump-endorse,2026-06-21T17:14:05.242111+00:00
0x1a659ad303630472713278ed1f3d6489eaaaa0171098dba04df2793dfc16a302,690693,44816229620748629831606438593495518497709847643579849056284090396785477672494,25537301018568558689509959375134200843374787525809263597130671425208747239474,"Will Base launch a token by December 31, 2026?",Crypto,2028-01-01,0.32,0.31,0.33,72723.8412,617906.6662529997,will-base-launch-a-token-in-2025-341,will-base-launch-a-token-by-december-31-2026-154,https://polymarket.com/event/will-base-launch-a-token-in-2025-341,2026-06-21T17:14:34.334812+00:00
0x9873d0448faebb53d0040a958b40bfd17960f57a164f69a36f2f400e945c36c1,821172,73916079699906389194973750600611907885736641148308464550611829122042479621960,111395431477341319990490806549685062184767317046913627686270380262287734089926,"Will Base launch a token by June 30, 2026?",Crypto,2026-06-30,0.0025,0.002,0.003,72723.8412,1670901.363783086,will-base-launch-a-token-in-2025-341,will-base-launch-a-token-by-june-30-2026,https://polymarket.com/event/will-base-launch-a-token-in-2025-341,2026-06-21T17:14:34.334812+00:00
0x06cd4673b8fc846667f7c7de93c10d0499767030c5d9b92bfee07dba445c9f55,2491342,45002865706330666132592395348485552513139680613495603565866307034165415519168,103636053646450401093766353765470391940053976581673820100904017915649851776012,"Will Base launch a token by September 30, 2026?",Crypto,2026-10-01,0.056,0.053,0.059,72723.8412,37880.39711299999,will-base-launch-a-token-in-2025-341,will-base-launch-a-token-by-september-30-2026,https://polymarket.com/event/will-base-launch-a-token-in-2025-341,2026-06-21T17:14:34.334812+00:00
0xc48e17e33742004e4ec5d3386d05f7d723f1c2da37b5cbc56e9ce432e13d8ed4,2491316,50067946737985819644638241783771238619616055560007143911749636220745966692358,61335977902549040838647614340959106920439456466051953454810638023705765740133,"Will Base launch a token by December 31, 2027?",Crypto,2028-01-01,0.735,0.73,0.74,72723.8412,18375.591738000003,will-base-launch-a-token-in-2025-341,will-base-launch-a-token-by-december-31-2027,https://polymarket.com/event/will-base-launch-a-token-in-2025-341,2026-06-21T17:14:34.334812+00:00
0x8f437e892cc897b51f050b07df92f3b80c0cb49c325bf1463d11d18257e0b8a3,2491315,108435830676001458972112702577588027823138733492693736081717115698932789261629,18302201206714111676373931361691352900218949928433492761022789607716666609321,"Will Base launch a token by June 30, 2027?",Crypto,2027-07-01,0.5,0.48,0.52,72723.8412,6567.227986999999,will-base-launch-a-token-in-2025-341,will-base-launch-a-token-by-june-30-2027,https://polymarket.com/event/will-base-launch-a-token-in-2025-341,2026-06-21T17:14:34.334812+00:00
0xf9ef8c1386d8ee35b4ea45c585a8b9ea0e61e755b43a721cc8a784ea1c210970,690631,50908696008507958169271205996986336942909727840896678702670002065843972440441,3393189601984328357714967753890220292627220333135579847770592023632567525419,"Will Ostium launch a token by December 31, 2026?",Crypto,2027-01-01,0.435,0.43,0.44,3702.086,232492.70460899995,will-ostium-launch-a-token-in-2025,will-ostium-launch-a-token-by-december-31-2026,https://polymarket.com/event/will-ostium-launch-a-token-in-2025,2026-06-21T17:14:34.334812+00:00
0xeb44a06c677ce7a47e5fd2007182e020a577395dc3613ad55d3d576e33964c3d,599303,28227838360096074788232992585368970461718254845788738931649369286727917170476,5305471862219565371067835325573032839634510465603099489495163186843068331171,Will Mallory McMorrow win the 2026 Michigan Democratic Primary?,Politics,2026-08-04,0.04,0.03,0.05,109112.81617,47260.54273800001,michigan-democratic-senate-primary-winner,will-mallory-mcmorrow-win-the-2026-michigan-democratic-primary,https://polymarket.com/event/michigan-democratic-senate-primary-winner,2026-06-21T17:14:34.334812+00:00
0x0bde18e0a0220d1f97173850504a1ed4fa90ef2c6a7bc0932952790053ca0c0e,599304,4041912122563547970024635557261696068618666839090786586996637505354743961673,105325602140854796101190465907542426130401271786879982796716189175875071392057,Will Haley Stevens win the 2026 Michigan Democratic Primary?,Politics,2026-08-04,0.212,0.2,0.224,109112.81617,42648.97581899997,michigan-democratic-senate-primary-winner,will-haley-stevens-win-the-2026-michigan-democratic-primary,https://polymarket.com/event/michigan-democratic-senate-primary-winner,2026-06-21T17:14:34.334812+00:00
0xca0329cd4392d91e39df0702949229573d2415ae4a37b0103d0c6e9d03b8dd44,599305,74768395815166461619548348007728690058055087254143355558596876906836785272025,20535370510756332462433575263109694145574231213604117747907874615324086102913,Will Abdul El-Sayed win the 2026 Michigan Democratic Primary?,Politics,2026-08-04,0.74,0.73,0.75,109112.81617,150614.9707439999,michigan-democratic-senate-primary-winner,will-abdul-el-sayed-win-the-2026-michigan-democratic-primary,https://polymarket.com/event/michigan-democratic-senate-primary-winner,2026-06-21T17:14:34.334812+00:00
0x1092e16a9e18ffeadedb8e4c1363d773a9c1b2dc89946155a1581a77cc44ca26,599831,22182218524437941832939283296300048452197919626911449433372235998276657200899,88039326737621434466419227880356024310820548227349933412032970126779995009088,Will AppLovin acquire TikTok?,Finance,2026-12-31,0.006,0.004,0.008,43890.34707,38605.80121100003,who-will-acquire-tiktok-559,will-applovin-acquire-tiktok-682-567,https://polymarket.com/event/who-will-acquire-tiktok-559,2026-06-21T17:14:34.334812+00:00
0x2cd20a6f60ad515239800fd8e2bf2594e89454ee31c6b1a92e00c97321e82eaf,599832,43288083865319080926937534969874994520699917030230405886391675220165333252427,3816920439443152999038151802548750254022787252065763910567693944150047807781,Will Microsoft acquire TikTok?,Finance,2026-12-31,0.003,0.002,0.004,43890.34707,142158.05270700005,who-will-acquire-tiktok-559,will-microsoft-acquire-tiktok-637-223-119,https://polymarket.com/event/who-will-acquire-tiktok-559,2026-06-21T17:14:34.334812+00:00
0xdf0ad9c59a828228b41abe1c1194f80facb936b0bb70a5de6c7a742fcd3d278f,599833,106529642379658254301059041045653028824430189240391707782319969617967696926966,27266534425208621674560748804901975559160597427271003216814617287224576352365,Will Amazon acquire TikTok?,Finance,2026-12-31,0.009,0.004,0.014,43890.34707,72686.75514400001,who-will-acquire-tiktok-559,will-amazon-acquire-tiktok-277-366-936,https://polymarket.com/event/who-will-acquire-tiktok-559,2026-06-21T17:14:34.334812+00:00
0x3e0b13bc9015cb70291550966d375d73d9c8bf494ffb1d2169a3e6141a1f7574,599834,49372751764221434001147103326275206782320924549228867963338278477320771811813,115112016414957807615740052624151211105903902736601472251026497013257765536814,Will Meta acquire TikTok?,Finance,2026-12-31,0.005,0.004,0.006,43890.34707,138525.62434699992,who-will-acquire-tiktok-559,will-meta-acquire-tiktok-745-612-641,https://polymarket.com/event/who-will-acquire-tiktok-559,2026-06-21T17:14:34.334812+00:00
0x4dc83876f4e36b4e41bc897c42c7b791d3baead9e41d6e916663cc801db33c0c,599835,33514606145116614762096783630555816134516651783511511412991803274977275384217,73329614394265649550276185757981162947640023826077009836915733789257470328911,Will Walmart acquire TikTok?,Finance,2026-12-31,0.006,0.004,0.008,43890.34707,86021.51040700005,who-will-acquire-tiktok-559,will-walmart-acquire-tiktok-688-757-314,https://polymarket.com/event/who-will-acquire-tiktok-559,2026-06-21T17:14:34.334812+00:00
0x626d23dfc73f5e83707de16ebbbedb9c5de8998fabe26b15f724ea5e5d4b3dd0,599836,80589688452548451766077381870434997190711878724909202475153326567397089180808,43297146009413641000635282007847717929114283352069526424919661374107795573180,Will Elon Musk / X (Twitter) acquire TikTok?,Finance,2026-12-31,0.006,0.004,0.008,43890.34707,94610.68248699995,who-will-acquire-tiktok-559,will-elon-musk-x-twitter-acquire-tiktok-257-246-564,https://polymarket.com/event/who-will-acquire-tiktok-559,2026-06-21T17:14:34.334812+00:00
0xa529f6172053308b6a658c516cd03ead5fb3a2e75769e20bc369fe2bfd750173,599837,509179561215524057351686973655119919326841408190286898430935315851763295675,51350289610678583299849370746222627390021288067172538153250377240332650949659,Will Larry Ellison/Oracle acquire TikTok?,Finance,2026-12-31,0.9965,0.996,0.997,43890.34707,565110.022001,who-will-acquire-tiktok-559,will-larry-ellisonoracle-acquire-tiktok-835-636-575,https://polymarket.com/event/who-will-acquire-tiktok-559,2026-06-21T17:14:05.242797+00:00
0x81a537b379a35e4e17c286d3b37394e94bd74c1779bbe9a13670eb991b201a3a,601818,52634616068523389389514492087655237014427439869589807217055529923225131895030,106302272146511626715366732538958019243031587527887799373406690681902311718700,Will Tarcisio de Freitas win the 2026 Brazilian presidential election?,Politics,2026-10-04,0.0015,0.001,0.002,9151344.2991,12882868.485295849,brazil-presidential-election,will-tarcisio-de-frietas-win-the-2026-brazilian-presidential-election,https://polymarket.com/event/brazil-presidential-election,2026-06-21T17:14:34.334812+00:00
0xdf8e2dc5860027decbe6164555c3c1c9645c3bd33e16b9dc57ca87125047d4a8,601819,30630994248667897740988010928640156931882346081873066002335460180076741328029,79191939610100241429039499950443680906623179487184628479206155805558220344190,Will Luiz Inácio Lula da Silva win the 2026 Brazilian presidential election?,Politics,2026-10-04,0.515,0.51,0.52,9151344.2991,6569975.543517978,brazil-presidential-election,will-luiz-incio-lula-da-silva-win-the-2026-brazilian-presidential-election,https://polymarket.com/event/brazil-presidential-election,2026-06-21T17:14:34.334812+00:00
0x63d8f3a34c90bd5342dda8acf62b6a898dfa52f86475efaf180b66493ef6af80,601820,66991175107696133528353695394151645462081911990365106169948013117379189357520,106199154714545451005463800266480893448383896699905306895283360115694583822185,Will Jair Bolsonaro win the 2026 Brazilian presidential election?,Politics,2026-10-04,0.007,0.006,0.008,9151344.2991,4595929.074043877,brazil-presidential-election,will-jair-bolsonaro-win-the-2026-brazilian-presidential-election,https://polymarket.com/event/brazil-presidential-election,2026-06-21T17:14:34.334812+00:00
0xdd3d104667774208eae2239f576122ecdd1c04ba81cc14d26d22a36b33887977,601821,34763699632057764824138626876692302096202604335992573366008355204521657293675,44100414831057444580239592647354703752415482100034079696797886870617637485145,Will Fernando Haddad win the 2026 Brazilian presidential election?,Politics,2026-10-04,0.0205,0.02,0.021,9151344.2991,5838732.00240094,brazil-presidential-election,will-fernando-haddad-win-the-2026-brazilian-presidential-election,https://polymarket.com/event/brazil-presidential-election,2026-06-21T17:14:34.334812+00:00
0x37ec4c6b57a18b16eed1241f6155ee7ff45bc1697d7848f15ac33d406e38ed00,601822,91154058715822908897619103072380844452822017332608583147987152526225529443892,16879668974983992641795221456967869661599530861479349066809692639705609051027,Will Michelle Bolsonaro win the 2026 Brazilian presidential election?,Politics,2026-10-04,0.0125,0.012,0.013,9151344.2991,7788747.999051733,brazil-presidential-election,will-michelle-bolsonaro-win-the-2026-brazilian-presidential-election,https://polymarket.com/event/brazil-presidential-election,2026-06-21T17:14:34.334812+00:00
0xe1d5733322fd2215f136412f419d9ff805d097f78c68de3261515ff736895f2b,601823,68827474128979817444758177181483142354604256745613325980470518365059439724226,74201542293075536162258436779948914914665324387949186755842303569200449516790,Will Eduardo Bolsonaro win the 2026 Brazilian presidential election?,Politics,2026-10-04,0.0015,0.001,0.002,9151344.2991,9745969.870771324,brazil-presidential-election,will-eduardo-bolsonaro-win-the-2026-brazilian-presidential-election,https://polymarket.com/event/brazil-presidential-election,2026-06-21T17:14:34.334812+00:00
0xa59bb6bb91e5c1e4d533864520fbd3bb75d6d0ebb813b4cd8a8b88479bfa8966,601824,7424753944577407627798342086224300332261118341771286172561357635231967087849,59719566460284176747563170948594542001910357576928243006415040827066185298735,Will Carlos Roberto Massa Júnior win the 2026 Brazilian presidential election?,Politics,2026-10-04,0.0015,0.001,0.002,9151344.2991,10044888.248117872,brazil-presidential-election,will-carlos-roberto-massa-jnior-win-the-2026-brazilian-presidential-election,https://polymarket.com/event/brazil-presidential-election,2026-06-21T17:14:34.334812+00:00
0x05297f854d3b757d5e51a1a29c7f225a80b14b2a161d6b7f9a61677da7a80ced,601825,93998891488819623915454849994768171534113749478841216025646247933473925258016,7565921021555775006041943394390068423142281108752994121417017072842379450830,Will Renan Santos win the 2026 Brazilian presidential election?,Politics,2026-10-04,0.1425,0.142,0.143,9151344.2991,7293155.347552929,brazil-presidential-election,will-renan-santos-win-the-2026-brazilian-presidential-election,https://polymarket.com/event/brazil-presidential-election,2026-06-21T17:14:34.334812+00:00
0x1a01bf78f56a507fcb666d564d8c8b91b0750679163ed6e96746102c9b7d285d,601826,109876868437950584369987384406356259939519193117253465815665152916226511121427,38310927461258927563020508025396887688249787380193911540547071417200646834355,Will Flávio Bolsonaro win the 2026 Brazilian presidential election?,Politics,2026-10-04,0.2505,0.25,0.251,9151344.2991,6774824.078678009,brazil-presidential-election,will-flvio-bolsonaro-win-the-2026-brazilian-presidential-election,https://polymarket.com/event/brazil-presidential-election,2026-06-21T17:14:34.334812+00:00
0xbca3d70ec52a5a441ccc365a3b1b48b9cd0f08dfff4bc5871e2cd92d0d92caa1,601827,36262307788727352725358528951052957737657822670589615830114396216160368496388,46647902352070183258066763519254338558701019805822306126128459427684955493048,Will Ronaldo Caiado win the 2026 Brazilian presidential election?,Politics,2026-10-04,0.0175,0.017,0.018,9151344.2991,4304056.477321,brazil-presidential-election,will-ronaldo-caiado-win-the-2026-brazilian-presidential-election,https://polymarket.com/event/brazil-presidential-election,2026-06-21T17:14:34.334812+00:00
0x054725b2a7971376f7924a7021221b12acc50fe78d97817824fe411704d5b5a2,601828,44340846524235712899508083510503343345123518718867913608211694999290628967401,38633448065261608755072088507033278254893488240734399014852176650195563610767,Will Romeu Zema win the 2026 Brazilian presidential election?,Politics,2026-10-04,0.0135,0.013,0.014,9151344.2991,3794198.134343995,brazil-presidential-election,will-romeu-zema-win-the-2026-brazilian-presidential-election,https://polymarket.com/event/brazil-presidential-election,2026-06-21T17:14:34.334812+00:00
0x101d084cd035070abde58d8a3113b78e11ba68028b0d9e7e38ea7d780797aecc,601829,40200361970099951836914907993971598083846841136374094155950298822866778978473,19426561498944480100112574303715252854511498242084732425528134709477022078274,Will Camilo Santana win the 2026 Brazilian presidential election?,Politics,2026-10-04,0.0175,0.017,0.018,9151344.2991,3418781.779877992,brazil-presidential-election,will-camilo-santana-win-the-2026-brazilian-presidential-election,https://polymarket.com/event/brazil-presidential-election,2026-06-21T17:14:34.334812+00:00
0xd0536d9612e041312235baceac52bde48821e8aad4607533513b3782904b7d49,601830,70059117674007036240163073645113489994895807359788046023215512784288966325609,36365720386664227244786004973842669393494622748773462921946756661027332562108,Will Geraldo Alckmin win the 2026 Brazilian presidential election?,Politics,2026-10-04,0.0035,0.003,0.004,9151344.2991,3794333.308088978,brazil-presidential-election,will-geraldo-alckmin-win-the-2026-brazilian-presidential-election,https://polymarket.com/event/brazil-presidential-election,2026-06-21T17:14:34.334812+00:00
0xafd3f96b7b6084509e625270538ff0699003fafc042263c1216e7f084cef753a,601832,18874063891853426715155938679650704186206312307574669405399400920527965569290,95597933525611824079013318290908306632452395554424249697047125393686147365868,Will Aldo Rebelo win the 2026 Brazilian presidential election?,Politics,2026-10-04,0.0015,0.001,0.002,9151344.2991,4545747.596042807,brazil-presidential-election,will-aldo-rebelo-win-the-2026-brazilian-presidential-election,https://polymarket.com/event/brazil-presidential-election,2026-06-21T17:14:34.334812+00:00
0xae7dd99bf126b033b77af2553a98b97e1190fd7bdddd5a792ca2791ae23e4d13,601833,111901744542692526827481385722975834672043376661227579870355575009066606657994,64982418802960410634417234400461483693795282592809889685102027864089780598249,Will Tereza Cristina win the 2026 Brazilian presidential election?,Politics,2026-10-04,0.0025,0.002,0.003,9151344.2991,2034037.8810340173,brazil-presidential-election,will-tereza-cristina-win-the-2026-brazilian-presidential-election,https://polymarket.com/event/brazil-presidential-election,2026-06-21T17:14:34.334812+00:00
0x919c9bc428d2d19400437852066582b11bb7b00ad78529a0069cde76766b9faf,601834,49821018408733695378907631766783388197384982451576409356148180829521508621967,72714416442822965658619792482622498214965370742798513442488186246322155432807,Will Helder Barbalho win the 2026 Brazilian presidential election?,Politics,2026-10-04,0.0015,0.001,0.002,9151344.2991,1942808.336764025,brazil-presidential-election,will-helder-barbalho-win-the-2026-brazilian-presidential-election,https://polymarket.com/event/brazil-presidential-election,2026-06-21T17:14:34.334812+00:00
0x087469b4129c64c688397028059dfd366796adbd426e0079ee4cfdd2e4a07b61,601920,29464249359795764732112771440808805030560641430581197204785405866716242261762,45822599979868501396582860994506290061594012396386219725082308923565779306211,Will any presidential candidate win outright in the first round of the Brazil election?,Politics,2026-10-04,0.155,0.15,0.16,26128.6863,76764.49776099967,will-any-presidential-candidate-win-outright-in-the-first-round-of-the-brazil-election,will-any-presidential-candidate-win-outright-in-the-first-round-of-the-brazil-election,https://polymarket.com/event/will-any-presidential-candidate-win-outright-in-the-first-round-of-the-brazil-election,2026-06-21T17:14:34.334812+00:00
0xd7391798f941b8fe16773f96397ef3f91a2fc36939bdd50a78776dbf93ddd280,601921,46016408901619903295207375832539898750164493226855442884509133805980187874445,104364047276779956150815000750759444324012427302824233404469499322904769447374,Will Tarcisio de Frietas qualify for Brazil's presidential runoff?,Politics,2026-10-04,0.0285,0.027,0.03,111432.55947,79157.06559199993,which-candidates-will-advance-to-brazils-presidential-runoff,will-tarcisio-de-frietas-qualify-for-brazils-presidential-runoff,https://polymarket.com/event/which-candidates-will-advance-to-brazils-presidential-runoff,2026-06-21T17:14:34.334812+00:00
0x7b22caeed454d3c7dbd07b83d8255c74e1482c4f958b4ba4dd0c27b864cd47a2,601922,89033597404049535329336367676897002196779443515433514040396661411543836790585,111699204507563543490907649828278526762321026750976872427871357593788391327392,Will Luiz Inácio Lula da Silva qualify for Brazil's presidential runoff?,Politics,2026-10-04,0.865,0.86,0.87,111432.55947,181900.9318139993,which-candidates-will-advance-to-brazils-presidential-runoff,will-luiz-incio-lula-da-silva-qualify-for-brazils-presidential-runoff,https://polymarket.com/event/which-candidates-will-advance-to-brazils-presidential-runoff,2026-06-21T17:14:34.334812+00:00
0x385cddb4dd6eeb4e09394901122f5ca461c5d07fe83fe3f4349ea5a877c3e6cc,601923,101134393049836906975947597080054507181574464067370130043922902048539166993235,36735483826570976187620023335662873012869089000041058674757539485254698650842,Will Jair Bolsonaro qualify for Brazil's presidential runoff?,Politics,2026-10-04,0.027,0.022,0.032,111432.55947,12773.181070000008,which-candidates-will-advance-to-brazils-presidential-runoff,will-jair-bolsonaro-qualify-for-brazils-presidential-runoff,https://polymarket.com/event/which-candidates-will-advance-to-brazils-presidential-runoff,2026-06-21T17:14:34.334812+00:00
0x42c969b601530ece32eef646b8cbd91ac66e68bdad1fd2ba426f69a2ee2c7548,601924,94836043839323722879469870987760750290024098891115577626325361529691242606761,25389055899102172935354466055454965931540722370421306725201557275070263171,Will Fernando Haddad qualify for Brazil's presidential runoff?,Politics,2026-10-04,0.0585,0.058,0.059,111432.55947,59202.568222000045,which-candidates-will-advance-to-brazils-presidential-runoff,will-fernando-haddad-qualify-for-brazils-presidential-runoff,https://polymarket.com/event/which-candidates-will-advance-to-brazils-presidential-runoff,2026-06-21T17:14:34.334812+00:00
0x003e6ffdf25f45a8d5679831551658e1b54094187f552fc6ef4b26bca404c971,601925,49058413537469145808340126520652205803369994566298859701509185048060495231532,64140630690092928466941220518204962244509277709814669075463957847277715979794,Will Michelle Bolsonaro qualify for Brazil's presidential runoff?,Politics,2026-10-04,0.036,0.035,0.037,111432.55947,27482.484078999976,which-candidates-will-advance-to-brazils-presidential-runoff,will-michelle-bolsonaro-qualify-for-brazils-presidential-runoff,https://polymarket.com/event/which-candidates-will-advance-to-brazils-presidential-runoff,2026-06-21T17:14:34.334812+00:00
0x023a8c2fd2a78c29c9748a44205e2cbe624d86c11ee41b81d4067ddbbf2a135f,898654,110122181888273195383360287898587768603292915416312453076255709982749135343576,47244730167179925912209184370316974343576450762994674891509957643355522766257,Will Flavio Bolsonaro qualify for Brazil's presidential runoff?,Politics,2026-10-04,0.685,0.68,0.69,111432.55947,36675.99068100002,which-candidates-will-advance-to-brazils-presidential-runoff,will-flavio-bolsonaro-qualify-for-brazils-presidential-runoff,https://polymarket.com/event/which-candidates-will-advance-to-brazils-presidential-runoff,2026-06-21T17:14:34.334812+00:00
0x44878f202dd18a286de9235acec372e9e6e6ca2b28d269c4138fc2604c9b78a9,657287,110325437323003864440364193681628128179433892752231328064623776035311134623682,77680902575693269510705775150133261883431641996305813878639196300490247886068,Will MetaMask launch a token by June 30?,Crypto,2026-07-01,0.0055,0.003,0.008,9670.52226,1144252.9629380037,will-metamask-launch-a-token-in-2025,will-metamask-launch-a-token-by-june-30,https://polymarket.com/event/will-metamask-launch-a-token-in-2025,2026-06-21T17:14:34.334812+00:00
0x404da036e872fe1c9bdb2176564502a43f12831ddcc346395aca3146f9e71bdc,664895,82017167864405769499774134034352265993930681918536647755800225490639218464999,24192542941326556420937589393283472461812173299056788843809804465380232715721,"Will MetaMask launch a token by September 30, 2026?",Crypto,2026-10-01,0.0845,0.08,0.089,9670.52226,976232.120055002,will-metamask-launch-a-token-in-2025,will-metamask-launch-a-token-by-september-30-2026,https://polymarket.com/event/will-metamask-launch-a-token-in-2025,2026-06-21T17:14:34.334812+00:00
0xe8d59968fd0ca1cc27bf4a7f93b6d2d74c117e5317ec31aabbecee25ee846ee2,1356655,47847149979849387151767506672651946803360765356517934722953405771880618672453,98306800276678119035253858168995664914704379356839410903169834041771980840348,"Will MetaMask launch a token by December 31, 2026?",Crypto,2027-01-01,0.255,0.23,0.28,9670.52226,305483.6733339995,will-metamask-launch-a-token-in-2025,will-metamask-launch-a-token-by-december-31-2026,https://polymarket.com/event/will-metamask-launch-a-token-in-2025,2026-06-21T17:14:34.334812+00:00
0xb215decbedd846168842f6e207f09bd5f50ce51d2191f238887d976ec21b6f66,604470,52035147432985774092509040925165515760899062720939921734142361138587845236034,47095491075893964893538760255117389376159789121042722751357548754013031094277,Will China blockade Taiwan by June 30?,Geopolitics,2026-06-30,0.0035,0.003,0.004,166581.30487,1914120.3996110111,will-china-blockade-taiwan-by-june-30,will-china-blockade-taiwan-by-june-30,https://polymarket.com/event/will-china-blockade-taiwan-by-june-30,2026-06-21T17:14:34.334812+00:00
0x08b39100a4d3d6ad1099e076fb69f781313c5b16975adf189d63542bd1ecca04,608362,6122912536415539457721068960901205060237919057489564846781206253065694717085,48451126471681390564675828610810240762308720916091458567360242927144088567337,Will OpenAI’s market cap be less than $500B at market close on IPO day?,Finance,2026-06-30,0.038,0.031,0.045,75161.65608,298824.65801200067,openai-ipo-closing-market-cap,will-openais-market-cap-be-less-than-500b-at-market-close-on-ipo-day,https://polymarket.com/event/openai-ipo-closing-market-cap,2026-06-21T17:14:34.334812+00:00
0x3f9f68feccc892303834833665bf204632438b028254fc2d5bceea757ff61ed3,608363,36088399593046466421453063228085042771351246231742717370399696243183381174466,11947171408899503371980811142475369274013053223377767646204433492871687017998,Will OpenAI’s market cap be between $500B and $750B at market close on IPO day?,Finance,2026-06-30,0.035,0.03,0.04,75161.65608,163260.18835100037,openai-ipo-closing-market-cap,will-openais-market-cap-be-between-500b-and-750b-at-market-close-on-ipo-day,https://polymarket.com/event/openai-ipo-closing-market-cap,2026-06-21T17:14:34.334812+00:00
0xb77424a53b7480164118374fb5e97b859bd12b696b1aea55d383ce798c060cf4,608364,86904220753614324927759730619985568200215013704321476651673438801320577270597,74987521271361072746264224488245891269775371028979674431826416209897741154003,Will OpenAI’s market cap be between $750B and $1T at market close on IPO day?,Finance,2026-06-30,0.0765,0.07,0.083,75161.65608,167605.2507510002,openai-ipo-closing-market-cap,will-openais-market-cap-be-between-750b-and-1t-at-market-close-on-ipo-day,https://polymarket.com/event/openai-ipo-closing-market-cap,2026-06-21T17:14:34.334812+00:00
0x602a7a6c7d65b55932e6cf8b6904cb7acdc728ca423ffd3ccb1988dd5501de13,608365,88770632741686298370270294037614812817595949782311984579833554458717957886356,18399565751068676179945656979762090460558422925963909399757895217338947077684,Will OpenAI’s market cap be between $1T and $1.25T at market close on IPO day?,Finance,2026-06-30,0.17,0.16,0.18,75161.65608,208812.80297500035,openai-ipo-closing-market-cap,will-openais-market-cap-be-between-1t-and-1pt25t-at-market-close-on-ipo-day,https://polymarket.com/event/openai-ipo-closing-market-cap,2026-06-21T17:14:34.334812+00:00
0xa281783fc73b1a6927a301ee34cd90795470dc64b500673e445ba5e54f697c09,608366,19470872781622450446330627562106312915240544924539183504885686468325701819521,19224712151342060925250675326667957156597084749312967133447388236247487979547,Will OpenAI’s market cap be between $1.25T and $1.5T at market close on IPO day?,Finance,2026-06-30,0.055,0.05,0.06,75161.65608,518154.1282379996,openai-ipo-closing-market-cap,will-openais-market-cap-be-between-1pt25t-and-1pt5t-at-market-close-on-ipo-day,https://polymarket.com/event/openai-ipo-closing-market-cap,2026-06-21T17:14:34.334812+00:00
0x4a8005d19b41af72c1cd5c619640d9d51da548dd7c3544b12ae0c520d9e6805b,608367,42493289531592820306292191064557160874552640520793925047778017979799601355649,57920006811393570084962107679227395634282382525602277724728836928684998641754,Will OpenAI’s market cap be $1.5T or greater at market close on IPO day?,Finance,2026-06-30,0.1275,0.12,0.135,75161.65608,141123.71825900042,openai-ipo-closing-market-cap,will-openais-market-cap-be-greater-than-1pt5t-at-market-close-on-ipo-day,https://polymarket.com/event/openai-ipo-closing-market-cap,2026-06-21T17:14:34.334812+00:00
0x3849e1d62e0807801913d3e2427e8caf3cc6dd1c8ef42d8d5c08c6f9c449dc5e,608368,56615676606297588259337956203332341775475048285080710344367729433788967812170,8070607953656787024050950499598687532281829563384949938603247089607814583142,"Will OpenAI not IPO by December 31, 2026?",Finance,2027-01-01,0.485,0.48,0.49,75161.65608,388963.2955019999,openai-ipo-closing-market-cap,will-openai-not-ipo-by-december-31-2026,https://polymarket.com/event/openai-ipo-closing-market-cap,2026-06-21T17:14:34.334812+00:00
0xf2c4bb1eb27df79f346fc6b029e8f7de62ac1b7146d50e5883cff439bb909e34,608371,18445117005224991487368819800809328657314544768072354171561876427420788596944,44454398419113337619314738621059856726170390719680955190149811157356009543789,Will Fannie Mae’s market cap be less than $200B at market close on IPO day?,Finance,2026-06-30,0.0015,0.001,0.002,108649.81639,59502.21531899998,fannie-mae-ipo-closing-market-cap,will-fannie-maes-market-cap-be-less-than-200b-at-market-close-on-ipo-day,https://polymarket.com/event/fannie-mae-ipo-closing-market-cap,2026-06-21T17:14:34.334812+00:00
0x9a03107f7ca576da11692abcf083f0c066073de36cf7384bcaf04ed49f58aece,608372,45669396989179220094811100348473896804266587343132833973773319516204740572422,62152357644957101329548644683069877197512963379290612501022522948735516859709,Will Fannie Mae’s market cap be between $200B and $250B at market close on IPO day?,Finance,2026-06-30,0.0015,0.001,0.002,108649.81639,65117.61792000002,fannie-mae-ipo-closing-market-cap,will-fannie-maes-market-cap-be-between-200b-and-250b-at-market-close-on-ipo-day,https://polymarket.com/event/fannie-mae-ipo-closing-market-cap,2026-06-21T17:14:34.334812+00:00
0x1735634c6ad777e59af284deeee31beeb6afeeb573fdc390cd92605822807733,608373,51003467621787875802597284531934507083182222888418571702991843203504240143154,111615409768342063344829155609608995985443203243189138511291873935911256045434,Will Fannie Mae’s market cap be between $250B and $300B at market close on IPO day?,Finance,2026-06-30,0.0015,0.001,0.002,108649.81639,22837.181010000008,fannie-mae-ipo-closing-market-cap,will-fannie-maes-market-cap-be-between-250b-and-300b-at-market-close-on-ipo-day,https://polymarket.com/event/fannie-mae-ipo-closing-market-cap,2026-06-21T17:14:34.334812+00:00
0x1721f89383f83b8c744d4b88986c0a1abd484d55812239d03a852bbff052ebc6,608374,17185346769392430087411001697160002372492299898973953876586000392061018203636,19156564533545049375533768210798095652666995816018296346528098359350030832241,Will Fannie Mae’s market cap be between $300B and $350B at market close on IPO day?,Finance,2026-06-30,0.0015,0.001,0.002,108649.81639,114163.31211799991,fannie-mae-ipo-closing-market-cap,will-fannie-maes-market-cap-be-between-300b-and-350b-at-market-close-on-ipo-day,https://polymarket.com/event/fannie-mae-ipo-closing-market-cap,2026-06-21T17:14:34.334812+00:00
0xe6669e8cf6c69a2ea4643fe1afecff4c1006bfb39c4e78518aac12ebc7f9e368,608376,102554660541162903034957524672108008231062620725779837394143922654231524693534,35224422423855166540277562511999869373084122259182082632350031764587050038171,Will Fannie Mae’s market cap be $400B or greater at market close on IPO day?,Finance,2026-06-30,0.0015,0.001,0.002,108649.81639,66293.92247499996,fannie-mae-ipo-closing-market-cap,will-fannie-maes-market-cap-be-greater-than-400b-at-market-close-on-ipo-day,https://polymarket.com/event/fannie-mae-ipo-closing-market-cap,2026-06-21T17:14:34.334812+00:00
0x48cafe0a0690db8fe052c19afe84ead3f32314cac97015ea8c68a442a77d58a2,608377,44378262693133732773719497243630509789826052408676876787213348464454985999124,36544807015627597000417274408555739260858621953112559130598655347957178220052,"Will Fannie Mae not IPO by June 30, 2026?",Finance,2026-06-30,0.9965,0.995,0.998,108649.81639,32320.154296,fannie-mae-ipo-closing-market-cap,will-fannie-mae-not-ipo-by-june-30-2026,https://polymarket.com/event/fannie-mae-ipo-closing-market-cap,2026-06-21T17:14:34.334812+00:00
0xc43545c0aef9333342a6e6d1191e1d1102f810d1c3f2eafc59454b6056c8c1ec,608378,6574171547606690462374615970396860777671372354596130356401593694582375476551,16740443061225567540422465742643742938210012792007544718808719241374764101456,Will Freddie Mac’s market cap be less than $150B at market close on IPO day?,Finance,2026-06-30,0.0015,0.001,0.002,28005.32004,84897.88846900004,freddie-mac-ipo-closing-market-cap,will-freddie-macs-market-cap-be-less-than-150b-at-market-close-on-ipo-day,https://polymarket.com/event/freddie-mac-ipo-closing-market-cap,2026-06-21T17:14:34.334812+00:00
0xadde95f8ee376bb6b7ed5eab9444e3708487af8c9b39bee3bfe2acf1d9237b8d,608379,81197908990814001611069826235116629664236003498202576974415804496784157696126,67211588339137791185493321426229274564879626294375261883536627924593234070755,Will Freddie Mac’s market cap be between $150B and $200B at market close on IPO day?,Finance,2026-06-30,0.0015,0.001,0.002,28005.32004,34302.12840100003,freddie-mac-ipo-closing-market-cap,will-freddie-macs-market-cap-be-between-150b-and-200b-at-market-close-on-ipo-day,https://polymarket.com/event/freddie-mac-ipo-closing-market-cap,2026-06-21T17:14:34.334812+00:00
0x822cb649b56520c3d46f4316b624343211ed67b650b463363c3849de4354260a,608380,50828436841472385261275670987895594640953403705739285377552107716359907556874,13917992985156306221657617469908279608746191179021698748467607212187309385076,Will Freddie Mac’s market cap be between $200B and $250B at market close on IPO day?,Finance,2026-06-30,0.0015,0.001,0.002,28005.32004,22108.631442000013,freddie-mac-ipo-closing-market-cap,will-freddie-macs-market-cap-be-between-200b-and-250b-at-market-close-on-ipo-day,https://polymarket.com/event/freddie-mac-ipo-closing-market-cap,2026-06-21T17:14:34.334812+00:00
0xd5e1327bd7cfd93c132d9290ec604422fcd0d45461c736ec137207b8adbb1aa8,608381,52982727484268529195994425278573499739594836733832819140125931106330555428023,22999145114630013408589825586011323929891297499439680914653674891552722224115,Will Freddie Mac’s market cap be between $250B and $300B at market close on IPO day?,Finance,2026-06-30,0.0015,0.001,0.002,28005.32004,8073.198021,freddie-mac-ipo-closing-market-cap,will-freddie-macs-market-cap-be-between-250b-and-300b-at-market-close-on-ipo-day,https://polymarket.com/event/freddie-mac-ipo-closing-market-cap,2026-06-21T17:14:34.334812+00:00
0xba31e7d0841fa9ef090629973159238c66bf05fdeb52f1ab56ec7ecda21c8e69,608382,33177374063757026296293264988221766793591702963526649533207456102080388692094,101152858023965016264106368241636795161806535421959115299856436182840475442128,Will Freddie Mac’s market cap be $300B or greater at market close on IPO day?,Finance,2026-06-30,0.005,0.002,0.008,28005.32004,15533.43459,freddie-mac-ipo-closing-market-cap,will-freddie-macs-market-cap-be-greater-than-300b-at-market-close-on-ipo-day,https://polymarket.com/event/freddie-mac-ipo-closing-market-cap,2026-06-21T17:14:34.334812+00:00
0x88f380941bf0fc1a485dcf07e006e932724d8a37405b9b0f908d8046a65a006e,608383,54243248029306051275830191258135173526338964558849942397736273379412655532516,91691902168834009974806478793015739249455252228513429395248013088866059313953,"Will Freddie Mac not IPO by June 30, 2026?",Finance,2026-06-30,0.994,0.991,0.997,28005.32004,58701.12646799996,freddie-mac-ipo-closing-market-cap,will-freddie-mac-not-ipo-by-june-30-2026,https://polymarket.com/event/freddie-mac-ipo-closing-market-cap,2026-06-21T17:14:34.334812+00:00
0x2d2678a04ab2d0aa57dc9ec11bdbfd1d43d681b2ee9869d8351db84e342400fa,608385,86901640170488441461039486375209273801637244131459161912800989458184462290377,14094013348979601436291334540102877105210326586952348557584020637903743574642,Will Databricks’ market cap be between $100B and $125B at market close on IPO day?,Finance,2026-06-30,0.0015,0.001,0.002,76572.59465,83124.47493799997,databricks-ipo-closing-market-cap,will-databricks-market-cap-be-between-100b-and-125b-at-market-close-on-ipo-day,https://polymarket.com/event/databricks-ipo-closing-market-cap,2026-06-21T17:14:34.334812+00:00
0x2b96617ac801c90f18538e4e7d3e10b4a1060c848db1583709ab394c18927725,608387,86489390395289359558613323877663292913780330098362124791393340809410168632241,78017339386553777998494211841152287267601271450675946315067245004698616252637,Will Databricks’ market cap be between $150B and $175B at market close on IPO day?,Finance,2026-06-30,0.0015,0.001,0.002,76572.59465,84131.49849,databricks-ipo-closing-market-cap,will-databricks-market-cap-be-between-150b-and-175b-at-market-close-on-ipo-day,https://polymarket.com/event/databricks-ipo-closing-market-cap,2026-06-21T17:14:34.334812+00:00
0x4a3fec7d1056cb56f28fb7b67d02caefd0e7644f5fc01ee2d1378ce407aa79e4,608391,88917568612774539217144914924255697346050145484024820245675466470965610063405,7952083005317791503025893439294526265208794880077080681972614336214155210938,"Will Databricks not IPO by June 30, 2026?",Finance,2026-06-30,0.9965,0.996,0.997,76572.59465,43914.07698299999,databricks-ipo-closing-market-cap,will-databricks-not-ipo-by-june-30-2026,https://polymarket.com/event/databricks-ipo-closing-market-cap,2026-06-21T17:14:34.334812+00:00
0x4b04e14bcde7be95db753c88f6fed57423835215bb41937406e75dc22a789b0c,608396,195928349533315596595305126471738494775883003093487532708892885008234493544,75013115303617466002500221618724536968904237026728502667764718978862356730825,Will Stripe’s market cap be $140B or greater at market close on IPO day?,Finance,2026-06-30,0.0015,0.001,0.002,61052.902,24341.96863900002,stripe-ipo-closing-market-cap,will-stripes-market-cap-be-greater-than-140b-at-market-close-on-ipo-day,https://polymarket.com/event/stripe-ipo-closing-market-cap,2026-06-21T17:14:34.334812+00:00
0xe478b515162e00d4b682e2e480e847487f5e824bbc5c7c1d4587ee68bcb4befe,608397,53703724894913146397718355589619605161922119509512772920279877071805641165559,53729975633757169097007121898269744507742420238247181414435653260215633496084,"Will Stripe not IPO by June 30, 2026?",Finance,2026-06-30,0.998,0.997,0.999,61052.902,60194.79627700032,stripe-ipo-closing-market-cap,will-stripe-not-ipo-by-june-30-2026,https://polymarket.com/event/stripe-ipo-closing-market-cap,2026-06-21T17:14:34.334812+00:00
0xcebea053f03012c2f280c3bc86e5be4068a8dcc0ffbd43f41e43f9a26753f847,608398,111615694922589471518709913330752256579066965027597319186712737482564226971621,37641098626572217826113778038672139027795445643187198107422853622041916359202,Will Discord’s market cap be less than $15B at market close on IPO day?,Finance,2026-06-30,0.0025,0.002,0.003,58583.88182,311712.6828750003,discord-ipo-closing-market-cap,will-discords-market-cap-be-less-than-15b-at-market-close-on-ipo-day,https://polymarket.com/event/discord-ipo-closing-market-cap,2026-06-21T17:14:34.334812+00:00
0x9642c1d2f8064a19d2b433433314da1124f550bc6dd02e0b950661e1c7d4d18c,608399,23387550398190922104255350392776408870948472352126954950132953752592004649370,60423923579555419732644444343422746275838467470939935795923592315079938825858,Will Discord’s market cap be between $15B and $20B at market close on IPO day?,Finance,2026-06-30,0.002,0.001,0.003,58583.88182,117019.45215899988,discord-ipo-closing-market-cap,will-discords-market-cap-be-between-15b-and-20b-at-market-close-on-ipo-day,https://polymarket.com/event/discord-ipo-closing-market-cap,2026-06-21T17:14:34.334812+00:00
0x82ea8a008091fd42afc01c27f70f1fdaa9ce5204836dc136ab64aea2bbd0ebb4,608400,31696553975289410140290948683817218479197151547107820631838062120765263218207,15773906331640810518861820313958219509818038644763742173017738887800677132778,Will Discord’s market cap be between $20B and $25B at market close on IPO day?,Finance,2026-06-30,0.005,0.003,0.007,58583.88182,85645.608922,discord-ipo-closing-market-cap,will-discords-market-cap-be-between-20b-and-25b-at-market-close-on-ipo-day,https://polymarket.com/event/discord-ipo-closing-market-cap,2026-06-21T17:14:34.334812+00:00
0xd58512cf94a0bece389afb6a955dde2cc0ffa045b7848339f14de858e052048a,608401,24464287059144790964921132647430317534423993030551328702646389061037972900004,11131107511900641245206144095529510883523799838491612223076408078381423914338,Will Discord’s market cap be between $25B and $30B at market close on IPO day?,Finance,2026-06-30,0.002,0.001,0.003,58583.88182,119993.32476799987,discord-ipo-closing-market-cap,will-discords-market-cap-be-between-25b-and-30b-at-market-close-on-ipo-day,https://polymarket.com/event/discord-ipo-closing-market-cap,2026-06-21T17:14:34.334812+00:00
0x99cb0ec481c29fc27c79679f1081a56af1b08563ade39d8f312680c476a915d1,608402,97459952399162682914329555715330144276040984936847663184224625452767664279559,87664718841872401393093794331212169237030075889422196510757614495080279744366,Will Discord’s market cap be $30B or greater at market close on IPO day?,Finance,2026-06-30,0.0015,0.001,0.002,58583.88182,111918.6541239998,discord-ipo-closing-market-cap,will-discords-market-cap-be-greater-than-30b-at-market-close-on-ipo-day,https://polymarket.com/event/discord-ipo-closing-market-cap,2026-06-21T17:14:34.334812+00:00
0xb57cab2941546609df2c77672a535ba8374c5c2042f921fdcf3c1f072baf57dc,608403,20515327050660007511113976298622695368506919314839659387310971317284012047090,23492690562244920731355799809354554402865268637556322216021405257475612945947,"Will Discord not IPO by June 30, 2026?",Finance,2026-06-30,0.992,0.99,0.994,58583.88182,215127.820817,discord-ipo-closing-market-cap,will-discord-not-ipo-by-june-30-2026,https://polymarket.com/event/discord-ipo-closing-market-cap,2026-06-21T17:14:34.334812+00:00
0xd1f296e1f58f9e7f6b0eb8a4f25c4e6759528c44e30c714debc311a4b5407afb,608409,37274093418935907685306114755989100443797473374068006190293618176554689002540,93162980230033398538559684264587948628844941536217727449749640327127530170537,Will Anthropic’s market cap be $600B or greater at market close on IPO day?,Finance,2026-06-30,0.002,0.001,0.003,209012.99749,325187.5381389998,anthropic-ipo-closing-market-cap,will-anthropics-market-cap-be-greater-than-600b-at-market-close-on-ipo-day,https://polymarket.com/event/anthropic-ipo-closing-market-cap,2026-06-21T17:14:34.334812+00:00
0xaf4c3ba4d1b1568d4309bba0874cb7eec1e5b40a648f4a26b12efa2e9b5ee8a4,608410,14495888673864948586083280727326896461319586754303430637766841544809472748499,115325941598173083223514202069551504506839832374902801149030045097943446509453,"Will Anthropic not IPO by June 30, 2026?",Finance,2026-06-30,0.9975,0.997,0.998,209012.99749,353994.7506260016,anthropic-ipo-closing-market-cap,will-anthropic-not-ipo-by-june-30-2026,https://polymarket.com/event/anthropic-ipo-closing-market-cap,2026-06-21T17:14:34.334812+00:00
0x87091dc5932f015d80c40e71e47cb043c3f8b6098484eb5bc3943cf35ee9afc1,608540,95640549996905293510297955529586737178285694064878854803914367446504739764113,43681720319477188597878188429504394796986333625436226983885469009299707562545,Will Kylian Mbappé win the 2026 Ballon d'Or?,Soccer,2026-10-31,0.115,0.11,0.12,692825.56848,171322.38150299908,ballon-dor-winner-2026,will-kylian-mbapp-win-the-2026-ballon-dor,https://polymarket.com/event/ballon-dor-winner-2026,2026-06-21T17:14:34.334812+00:00
0xc89266786402aaabe78111eb91c6764d86857bbc4427c82b91d60a5ef69a70d0,608541,28452090262595806306683841543702974671789939255165753137157118490078999198778,41582690056299530319797949041927935989019869883198101581541874744777936907826,Will Erling Haaland win the 2026 Ballon d'Or?,Soccer,2026-10-31,0.02,0.018,0.022,692825.56848,289909.1340180007,ballon-dor-winner-2026,will-erling-haaland-win-the-2026-ballon-dor,https://polymarket.com/event/ballon-dor-winner-2026,2026-06-21T17:14:34.334812+00:00
0xaa95b8ce7b2c7f04102c173447ef24a8724bed88687442ab8742a73aa7bafeff,608542,35466012767924254839738113787085950010503473575312851228505226571790709275819,24122299862711914013738626986097179741774791999132542027561549123320843148963,Will Jude Bellingham win the 2026 Ballon d'Or?,Soccer,2026-10-31,0.0025,0.002,0.003,692825.56848,276371.6528840004,ballon-dor-winner-2026,will-jude-bellingham-win-the-2026-ballon-dor,https://polymarket.com/event/ballon-dor-winner-2026,2026-06-21T17:14:34.334812+00:00
0x26f410f7518fa199678ef57f02637fc88be9b3b593346b00946d7ea451f4521b,608543,98995454929502090253677005499136815786618457974539379472945759013797338791883,109359154677724641879093510140547924238031773808324195577981722875545957189531,Will Ousmane Dembélé win the 2026 Ballon d'Or?,Soccer,2026-10-31,0.078,0.062,0.094,692825.56848,555528.8558940003,ballon-dor-winner-2026,will-ousmane-dembl-win-the-2026-ballon-dor,https://polymarket.com/event/ballon-dor-winner-2026,2026-06-21T17:14:34.334812+00:00
0xf6f3ab86ba22d9d362e2429701722f15115e4a10a3d790c18f88df2ddff7f4ed,608544,22345057978170613931592043277589233735172149549017708866084569271517555595376,906483870487372479858429761450406582967205564885378986322797309932205437063,Will Mohamed Salah win the 2026 Ballon d'Or?,Soccer,2026-10-31,0.0025,0.002,0.003,692825.56848,349772.6784060032,ballon-dor-winner-2026,will-mohamed-salah-win-the-2026-ballon-dor,https://polymarket.com/event/ballon-dor-winner-2026,2026-06-21T17:14:34.334812+00:00
0xa34edb6c898232378a9cc08744842df2cd89d278ba45b012bed3ac10c7241c4d,608545,10466835326554416965099784068156829774726248334728156046559014834812912458273,115364229170068359509280114761107502298430910856477421813089992309112580316620,Will Lamine Yamal win the 2026 Ballon d'Or?,Soccer,2026-10-31,0.15,0.14,0.16,692825.56848,100081.35421699984,ballon-dor-winner-2026,will-lamine-yamal-win-the-2026-ballon-dor,https://polymarket.com/event/ballon-dor-winner-2026,2026-06-21T17:14:34.334812+00:00
0x92546439b64eb75474e85860546f9b46d5965be9f6b39d834b5d952f25137ec0,608546,87463122783250401770409006373017832501980573239347362136882847193417885543780,97952862579836119400061130049052339741997214184800200176298039013253952161001,Will Vinícius Júnior win the 2026 Ballon d'Or?,Soccer,2026-10-31,0.015,0.009,0.021,692825.56848,483223.7681280002,ballon-dor-winner-2026,will-vincius-jnior-win-the-2026-ballon-dor,https://polymarket.com/event/ballon-dor-winner-2026,2026-06-21T17:14:34.334812+00:00
0x12dc2b61723b2a54fc1947a307389b5f32038e7a29a0e936ad1fe410b969d06a,608547,72710166409980712002774407052535905861151156175854323762835102340552522606004,77740376296468109233042620775325425521895874827413068707200627224591548200577,Will Harry Kane win the 2026 Ballon d'Or?,Soccer,2026-10-31,0.315,0.31,0.32,692825.56848,751552.2822130003,ballon-dor-winner-2026,will-harry-kane-win-the-2026-ballon-dor,https://polymarket.com/event/ballon-dor-winner-2026,2026-06-21T17:14:34.334812+00:00
0x1eac56852d62aec470b9151ac79496384afc0cb0b8a1be56aee07540765f4628,608548,53552470495843725048812481677645073699559091521993186199190332652220611054074,15088271960879255514674916121009958893050751523818352795843020762513178004940,Will Pedri win the 2026 Ballon d'Or?,Soccer,2026-10-31,0.0135,0.013,0.014,692825.56848,293074.2551570005,ballon-dor-winner-2026,will-pedri-win-the-2026-ballon-dor,https://polymarket.com/event/ballon-dor-winner-2026,2026-06-21T17:14:34.334812+00:00
0xd5a0dc324b2c8af715850bc34fe2b1089e7627103b92a9ec7aba79cbf9117943,608549,81471819166584021923855756744247375219462341944327135558300591230979453784921,33283272513782188729324570958938476061688271571113187993114297794628603911094,Will Cole Palmer win the 2026 Ballon d'Or?,Soccer,2026-10-31,0.0025,0.002,0.003,692825.56848,122160.8630979999,ballon-dor-winner-2026,will-cole-palmer-win-the-2026-ballon-dor,https://polymarket.com/event/ballon-dor-winner-2026,2026-06-21T17:14:34.334812+00:00
0x36d6b5a0d75f0759c747b41afb84d86fff70db2b2eebaeb3bea92fe444de934f,608552,92592184455436128494220554453387664176148977714883057890153205798000245198735,23388744730555578911455173305928434366410177206274801668245847953334070817189,Will Declan Rice win the 2026 Ballon d'Or?,Soccer,2026-10-31,0.029,0.023,0.035,692825.56848,81980.31376299993,ballon-dor-winner-2026,will-declan-rice-win-the-2026-ballon-dor,https://polymarket.com/event/ballon-dor-winner-2026,2026-06-21T17:14:34.334812+00:00
0x1bc81406764e3a1f4bb86c9bfe054f7c230902f40bcd7f682f6d79a2a0f7dc38,608554,82634650036071435661480653934114573393829890801771064904327870866332495668102,14113475671812065326245061121491780906686252131696427702101700223980372257409,Will Vitinha win the 2026 Ballon d'Or?,Soccer,2026-10-31,0.0735,0.071,0.076,692825.56848,77078.9121639999,ballon-dor-winner-2026,will-vitinha-win-the-2026-ballon-dor,https://polymarket.com/event/ballon-dor-winner-2026,2026-06-21T17:14:34.334812+00:00
0x01f2c56394e8d4fd8f29ac99cbb3247cc9864a0a131ea420156ae2f658534cf2,608556,36775972837437112706918371368434109906951556341979216798356356882918552994781,100678211164286438256738285648366111382765175098433332308910150398970350021530,Will Julian Alvarez win the 2026 Ballon d'Or?,Soccer,2026-10-31,0.0035,0.003,0.004,692825.56848,46584.874877,ballon-dor-winner-2026,will-julian-alvarez-win-the-2026-ballon-dor,https://polymarket.com/event/ballon-dor-winner-2026,2026-06-21T17:14:34.334812+00:00
0xee309062016daafd45007ca31ff581943496be9397b6fd90d62898530890607a,608558,1085043442026339441884055750345932993954423545441290014541107565161095930051,71260283511350651486494700522096598785592636549896859267436434706191239484932,Will Raphinha win the 2026 Ballon d'Or?,Soccer,2026-10-31,0.0015,0.001,0.002,692825.56848,57903.08235399999,ballon-dor-winner-2026,will-raphinha-win-the-2026-ballon-dor,https://polymarket.com/event/ballon-dor-winner-2026,2026-06-21T17:14:34.334812+00:00
0x6bf93fc8674293ec051a0b10b0ad4fc20b0087685f6c8ef080e1568e03897275,608560,101622557465698829525744132602088194868803796460787278639335217811778299351277,17439823686470220541046463367857902927622476484573633381401319836608560958807,Will Bruno Fernandes win the 2026 Ballon d'Or?,Soccer,2026-10-31,0.0105,0.004,0.017,692825.56848,58696.19866999998,ballon-dor-winner-2026,will-bruno-fernandes-win-the-2026-ballon-dor,https://polymarket.com/event/ballon-dor-winner-2026,2026-06-21T17:14:34.334812+00:00
0xc6421c3ee02a46dfff6a860fd1649ad81b168f781842ab732fd4dd6791d6c431,608562,89194809054137575419175388726154485325193802797230727484307111472702259856508,85193746274096025265438934369311056706018491766592371590154546236678323798776,Will Lautaro Martinez win the 2026 Ballon d'Or?,Soccer,2026-10-31,0.0095,0.009,0.01,692825.56848,53472.246895999975,ballon-dor-winner-2026,will-lautaro-martinez-win-the-2026-ballon-dor,https://polymarket.com/event/ballon-dor-winner-2026,2026-06-21T17:14:34.334812+00:00
0xba753e4c9435984f5e286c3fd3480c41f0205d040f7455ef0c7e9c4e163f3892,608564,29816250117865488071165554617743666705922957023826953963479543023084102659425,36080121497959745069489169451575174437526635305656809765541246494289454298422,Will Cristiano Ronaldo win the 2026 Ballon d'Or?,Soccer,2026-10-31,0.0215,0.021,0.022,692825.56848,78859.99461499993,ballon-dor-winner-2026,will-cristiano-ronaldo-win-the-2026-ballon-dor,https://polymarket.com/event/ballon-dor-winner-2026,2026-06-21T17:14:34.334812+00:00
0x3d5321854a1571f6f9f27fd6a87fbefdde464260a19b03404d2eb9d97f3d2b06,608551,80760484659859004057151567591793221748584787651268092387414945323344021679571,69678850546990572440054007923329224352229570065558002681422037690918638911920,Will Michael Olise win the 2026 Ballon d'Or?,Soccer,2026-10-31,0.095,0.093,0.097,692825.56848,107998.89150800006,ballon-dor-winner-2026,will-michael-olise-win-the-2026-ballon-dor,https://polymarket.com/event/ballon-dor-winner-2026,2026-06-21T17:14:34.334812+00:00
0x9f50939c394897a984d04522b61cf62da5aaa7fc50a2b3da362accaeffe38078,608553,12622519606415978744877534783705265610788882249231449850262189360805525437274,36288700594382425961479916608903536580786689753480114686207439400130634390018,Will Khvicha Kvaratskhelia win the 2026 Ballon d'Or?,Soccer,2026-10-31,0.015,0.006,0.024,692825.56848,85988.637853,ballon-dor-winner-2026,will-khvicha-kvaratskhelia-win-the-2026-ballon-dor,https://polymarket.com/event/ballon-dor-winner-2026,2026-06-21T17:14:34.334812+00:00
0xd2b561106be8eaeaf88e70e719b9f155c9ffb5f3307d908c8ad3210033b436ae,608555,44251893969559445725746032778607660444710743759640677096288102997878635000784,86698200673461322027027993323622344437326529565767299820561329374217017984890,Will Federico Valverde win the 2026 Ballon d'Or?,Soccer,2026-10-31,0.0015,0.001,0.002,692825.56848,46211.75628999997,ballon-dor-winner-2026,will-federico-valverde-win-the-2026-ballon-dor,https://polymarket.com/event/ballon-dor-winner-2026,2026-06-21T17:14:34.334812+00:00
0x0a954634c5503fccd320be94a8e3bdb51ebf44b6326caadc21329d0404fae994,608557,38760149677289858629168310028893529966619054083966950093400905635727656418997,20520704974225542025668352641768347935032014800588213328515136974284208551751,Will Desire Doue win the 2026 Ballon d'Or?,Soccer,2026-10-31,0.006,0.003,0.009,692825.56848,42984.32340999998,ballon-dor-winner-2026,will-desire-doue-win-the-2026-ballon-dor,https://polymarket.com/event/ballon-dor-winner-2026,2026-06-21T17:14:34.334812+00:00
0x690c19fce9277de872d336d74ed41d2777e1cd292aff46266660b103d26c959a,608559,96629246041156194058643540529810407132129200453073279076767531328321906651327,40928094906627286353472275889079838417665177283533959163065391799858997513382,Will Achraf Hakimi win the 2026 Ballon d'Or?,Soccer,2026-10-31,0.0115,0.011,0.012,692825.56848,37989.69577699997,ballon-dor-winner-2026,will-achraf-hakimi-win-the-2026-ballon-dor,https://polymarket.com/event/ballon-dor-winner-2026,2026-06-21T17:14:34.334812+00:00
0x29ef2d589755bce48cd5c880ad51c2e814e56725f58232bc26d2f95e0ef7929a,608561,10270259122904576625713794259677323606251651109288833081827776714048972166811,65547360137564590399724438199864888761784929898868765687803215452658430288650,Will Luis Diaz win the 2026 Ballon d'Or?,Soccer,2026-10-31,0.0055,0.003,0.008,692825.56848,49015.99943699996,ballon-dor-winner-2026,will-luis-diaz-win-the-2026-ballon-dor,https://polymarket.com/event/ballon-dor-winner-2026,2026-06-21T17:14:34.334812+00:00
0x2b15aefb60135abd51882bcaa199162a773b58a901be68ad41fc86c87fa56551,608563,98254024501374618843970272796138117306413263639037895850366194101644092791499,107880011022441774992620688648970264916186982812589920335409184716991766563848,Will Dominik Szoboszlai win the 2026 Ballon d'Or?,Soccer,2026-10-31,0.0015,0.001,0.002,692825.56848,92556.83799999996,ballon-dor-winner-2026,will-dominik-szoboszlai-win-the-2026-ballon-dor,https://polymarket.com/event/ballon-dor-winner-2026,2026-06-21T17:14:34.334812+00:00
0x7034c00a24f9edbf325fd5a0b9a63412e469fc8cd2aa9b060fb5ba8e10d7ebef,608565,14940935985254400645996902276818598247231942791302218826999289776538227075176,107516035603650985174253368241692944789056496652916551006453839235487841190002,Will Lionel Messi win the 2026 Ballon d'Or?,Soccer,2026-10-31,0.0685,0.063,0.074,692825.56848,22934.183215999998,ballon-dor-winner-2026,will-lionel-messi-win-the-2026-ballon-dor,https://polymarket.com/event/ballon-dor-winner-2026,2026-06-21T17:14:34.334812+00:00
0xfdc73f10edf0266756686f35b5712cffa828b0940fc015e0426c76c934c2105d,609655,100379208559626151022751801118534484742123694725746262280150222742563282755057,113732820231608904682346496304917888352004831436510840986547065248348999143469,US recession by end of 2026?,Economy,2027-01-31,0.125,0.12,0.13,22414.813,1614279.2659909984,us-recession-by-end-of-2026,us-recession-by-end-of-2026,https://polymarket.com/event/us-recession-by-end-of-2026,2026-06-21T17:14:34.334812+00:00
0xbad704f2ae063322169bf3add805258727ecd3e6c0ad37fc7e6590c993375732,1171858,96125857565472990401175521466987279074737231208177130423351312642992689722753,7222446780603193936485021555727686526767361285081920316169851879719387571951,"NATO x Russia military clash by June 30, 2026?",Geopolitics,2026-06-30,0.0105,0.01,0.011,64377.54999,1083972.7764610015,nato-x-russia-military-clash-in-2025,nato-x-russia-military-clash-by-june-30-2026,https://polymarket.com/event/nato-x-russia-military-clash-in-2025,2026-06-21T17:14:34.334812+00:00
0xf2bf04609e7458df56c9bb4b1e051286dea11da1c944bbc1dafbcc6b76904e52,1090496,105031123790227090351610621121319179238510007553875150023320472711583933704999,76326875711147697076353707331532227929486722415800396469798548611383212234361,"NATO x Russia military clash by December 31, 2026?",Geopolitics,2026-12-31,0.145,0.14,0.15,64377.54999,325021.307520001,nato-x-russia-military-clash-in-2025,nato-x-russia-military-clash-by-december-31-2026-244,https://polymarket.com/event/nato-x-russia-military-clash-in-2025,2026-06-21T17:14:34.334812+00:00
0xc5ab3fb332af0bebf7ed6df1b1d5e1cc32a91e960c57d7602a5224830cf0084b,610237,44812074159637612506092018340437250891595279198295070292118316462711071764574,28594339361193094444598119047376454882931851447176603162471803125932022222779,"Will Putin meet with Zelenskyy by June 30, 2026?",Geopolitics,2026-06-30,0.0035,0.003,0.004,31562.11417,335179.0700589999,will-putin-meet-with-zelenskyy-by-june-30-2026,will-putin-meet-with-zelenskyy-by-june-30-2026,https://polymarket.com/event/will-putin-meet-with-zelenskyy-by-june-30-2026,2026-06-21T17:14:34.334812+00:00
0x089a0dcb8e611a4c913f3f07221d02ab481e9eb61009cfdce1750491f20fb4a7,610376,82868286797794188239022438027473327497775755621351194640712467753370979176610,38570233628240002177065732003318357549261926154118422278886936618855213329706,"Will Ukraine recapture Crimean territory by June 30, 2026?",Geopolitics,2026-06-30,0.0045,0.003,0.006,115807.75951,777729.2882579998,will-ukraine-recapture-crimean-territory-by-june-30-2026,will-ukraine-recapture-crimean-territory-by-june-30-2026,https://polymarket.com/event/will-ukraine-recapture-crimean-territory-by-june-30-2026,2026-06-21T17:14:34.334812+00:00
0xbe9d61d80c767264a0adc8a16453fbcaf0413e673e665cc7c14701691143fac0,2374271,67011482977279466154940850972585572311207926803952896052113224614375102184687,72433435487515814631344400459815549868044734165082020724691045649454520502781,"Will Ukraine recapture Crimean territory by December 31, 2026?",Geopolitics,2026-12-31,0.105,0.1,0.11,115807.75951,391608.3820659999,will-ukraine-recapture-crimean-territory-by-june-30-2026,will-ukraine-recapture-crimean-territory-by-december-31-2026,https://polymarket.com/event/will-ukraine-recapture-crimean-territory-by-june-30-2026,2026-06-21T17:14:34.334812+00:00
0xd8b2bbe35cb40ac0675e7b1d31807ac27efda821046bf371f13463a400e08f64,611054,81398621498976727589490119481788053159677593582770707348620729114209951230437,4464376259279807955804770476933039506600947231354803437052750237844587578453,"Will Tesla release Optimus by June 30, 2026?",Tech,2026-06-30,0.0125,0.009,0.016,8137.53027,93622.57130700012,will-tesla-release-optimus-by-june-30-2026,will-tesla-release-optimus-by-june-30-2026,https://polymarket.com/event/will-tesla-release-optimus-by-june-30-2026,2026-06-21T17:14:34.334812+00:00
0xf31dc5f107bb556840fffa2bd0a503f891d82e61b0b7764e60cd92faec52a919,1243588,82810327953012498612382200175108254608097289209592945267796930988226249448409,16838256597398998291202588470738646116436652176742659727357735781336617089713,"Will Tesla release Optimus by December 31, 2026?",Tech,2026-12-31,0.16,0.14,0.18,8137.53027,6534.454499,will-tesla-release-optimus-by-june-30-2026,will-tesla-release-optimus-by-december-31-2026,https://polymarket.com/event/will-tesla-release-optimus-by-june-30-2026,2026-06-21T17:14:34.334812+00:00
0x9c40fa8814530a49242da117f909c226c79ac6ddbfecd5caa793593b81635f58,612843,36775724899982096103599172825271132090668043340339715996155230401710808624157,48163308784965222922819728601597751401435196741714235715629394459782536731033,Will Apple release a MacBook with cellular connectivity by June 30?,Culture,2026-06-30,0.0045,0.004,0.005,4524.36906,8191.722634,will-apple-release-a-macbook-with-cellular-connectivity-by-june-30,will-apple-release-a-macbook-with-cellular-connectivity-by-june-30,https://polymarket.com/event/will-apple-release-a-macbook-with-cellular-connectivity-by-june-30,2026-06-21T17:14:34.334812+00:00
0xd4e77ba6f29fc093509d24f508631abd445ecf506bbdc9c4c80e60256a318527,616902,12403602920039269077597917340921667997547115084613238528792639013246536343316,21294592205022969346730955103773391901993330222644504059576935265667917187903,Will no Fed rate cuts happen in 2026?,Finance,2026-12-31,0.8025,0.801,0.804,2596804.28772,5398091.71704299,how-many-fed-rate-cuts-in-2026,will-no-fed-rate-cuts-happen-in-2026,https://polymarket.com/event/how-many-fed-rate-cuts-in-2026,2026-06-21T17:14:34.334812+00:00
0x5e082f0b57f47a29044aa35b4c5658393122e659d5feae521c06b57cdd7f905c,616903,113379839734351069617987084078322474966003108854908079701423911002443710490196,48058805012599375970268777474956242772204241523361869981040579395242001094965,Will 1 Fed rate cut happen in 2026?,Finance,2026-12-31,0.135,0.13,0.14,2596804.28772,1746965.9733979683,how-many-fed-rate-cuts-in-2026,will-1-fed-rate-cut-happen-in-2026,https://polymarket.com/event/how-many-fed-rate-cuts-in-2026,2026-06-21T17:14:34.334812+00:00
0xe0d9f508a249e0070db06eb7d1e1fb17eb23c963f6fb722c4c3f81e23240c1cd,616904,72535544017897924722695722172278828562733090748474862987195303914909938482758,81407142104509110921187520775072626840789848613047331773172953370174825669358,Will 2 Fed rate cuts happen in 2026?,Finance,2026-12-31,0.0225,0.022,0.023,2596804.28772,1746564.4764589637,how-many-fed-rate-cuts-in-2026,will-2-fed-rate-cuts-happen-in-2026,https://polymarket.com/event/how-many-fed-rate-cuts-in-2026,2026-06-21T17:14:34.334812+00:00
0x8d4966e84ae80f24b2e14643fdd45364e354229e11e2c17903b4b1763cfbe67c,616905,95835705062472305459663741402900736177330733688944910993896545106260819635212,52125994957619926233854688437715340370114575617673092175221127058976458963420,Will 3 Fed rate cuts happen in 2026?,Finance,2026-12-31,0.0095,0.009,0.01,2596804.28772,1759894.0185399735,how-many-fed-rate-cuts-in-2026,will-3-fed-rate-cuts-happen-in-2026,https://polymarket.com/event/how-many-fed-rate-cuts-in-2026,2026-06-21T17:14:34.334812+00:00
0xaece8d6062d3e3eb9845b32441a4ab06eb2ef332c0228bc6a36add450647c7c4,616906,73197441127256680134600821323583356037261213281680365433623681075249556019477,71677612305244936641085500097737038199081845621961106192204236262687669821119,Will 4 Fed rate cuts happen in 2026?,Finance,2026-12-31,0.005,0.004,0.006,2596804.28772,1590698.068170966,how-many-fed-rate-cuts-in-2026,will-4-fed-rate-cuts-happen-in-2026,https://polymarket.com/event/how-many-fed-rate-cuts-in-2026,2026-06-21T17:14:34.334812+00:00
0x7ee722a07e0f84405f1267bc1c84eb95bd6348454453abf445618e778af8fd18,616907,29213252446661789250484965446100709214117256176608501943249094649759520097655,39766939694460004925290266709531635660902081793543974711598767930913394552857,Will 5 Fed rate cuts happen in 2026?,Finance,2026-12-31,0.0035,0.003,0.004,2596804.28772,1783215.6831529676,how-many-fed-rate-cuts-in-2026,will-5-fed-rate-cuts-happen-in-2026,https://polymarket.com/event/how-many-fed-rate-cuts-in-2026,2026-06-21T17:14:34.334812+00:00
0x4914bfdd892a48c341b5e0f41ec10475a815f2277273110b16f95e21084bfe75,616908,77531340423610587330488971960018210147778793548713753738604838920212617696839,82580329456069960430455853606847264180718690130912450048527873419398759263654,Will 6 Fed rate cuts happen in 2026?,Finance,2026-12-31,0.0035,0.003,0.004,2596804.28772,3075467.585359923,how-many-fed-rate-cuts-in-2026,will-6-fed-rate-cuts-happen-in-2026,https://polymarket.com/event/how-many-fed-rate-cuts-in-2026,2026-06-21T17:14:34.334812+00:00
0x2368d2604c9c2b95bc98c51bd50c66e5351caebf05b9fe79d3398c387fe29a89,616909,83225062900867600837789591190756506957715645312465902979999093167287051133800,70694980832312500201330660753738089732275716848386256819010620597664479406765,Will 7 Fed rate cuts happen in 2026?,Finance,2026-12-31,0.0035,0.003,0.004,2596804.28772,2431762.382739914,how-many-fed-rate-cuts-in-2026,will-7-fed-rate-cuts-happen-in-2026,https://polymarket.com/event/how-many-fed-rate-cuts-in-2026,2026-06-21T17:14:34.334812+00:00
0xfe28cb84a714b1a964290d7fd2587e71d57e905678c8ab64488449b24be78e52,616910,79224949855948800840589557145654317659028242814072850811675646040486360279565,87675042073148826481646804686739465454480607542088274413944712124354466628470,Will 8 Fed rate cuts happen in 2026?,Finance,2026-12-31,0.0025,0.002,0.003,2596804.28772,2455910.749725966,how-many-fed-rate-cuts-in-2026,will-8-fed-rate-cuts-happen-in-2026,https://polymarket.com/event/how-many-fed-rate-cuts-in-2026,2026-06-21T17:14:34.334812+00:00
0x4ec6fcb43fe1a32163c7da09d54a99ab9bf6abdc6fd49939d7ad67d696a3248b,616911,23126031577449775652876745717301519312850542565907124407036782701549610893044,104942649192609913825700442400757579142602100704286281267464239496183536823685,Will 9 Fed rate cuts happen in 2026?,Finance,2026-12-31,0.0025,0.002,0.003,2596804.28772,3556128.804400922,how-many-fed-rate-cuts-in-2026,will-9-fed-rate-cuts-happen-in-2026,https://polymarket.com/event/how-many-fed-rate-cuts-in-2026,2026-06-21T17:14:34.334812+00:00
0x757c144993b3cb831e04c42bfcff8c18864c7da4f4688a5939d2f62e031cbc87,616912,101699865858660601590309838387762714166224752219273014726406345404403204943713,66183284712764802657795502795552404612971669672765842666767416251669427449952,Will 10 Fed rate cuts happen in 2026?,Finance,2026-12-31,0.0025,0.002,0.003,2596804.28772,4234004.938683964,how-many-fed-rate-cuts-in-2026,will-10-fed-rate-cuts-happen-in-2026,https://polymarket.com/event/how-many-fed-rate-cuts-in-2026,2026-06-21T17:14:34.334812+00:00
0x1adf074e048fa613f4ddbc0766088748a48d120a3a713b0183e219032a411ae3,616913,56345349743779788266710915561914531858285418844567819631705863717318287635981,26533811683673020016156821068743960771270276222852607342597705457170159668542,Will 11 Fed rate cuts happen in 2026?,Finance,2026-12-31,0.0025,0.002,0.003,2596804.28772,4317850.718406974,how-many-fed-rate-cuts-in-2026,will-11-fed-rate-cuts-happen-in-2026,https://polymarket.com/event/how-many-fed-rate-cuts-in-2026,2026-06-21T17:14:34.334812+00:00
0xffa0accb74987c0dc33a70eb3780c1da160206bcfb3ef5d16c1667bc5c459c78,616914,9348234470735473071085620208817441102005165766524508452759679947551704787649,27203305404978223030553317971682713734658336588968050686197281149875057661426,Will 12 or more Fed rate cuts happen in 2026?,Finance,2026-12-31,0.0035,0.003,0.004,2596804.28772,3124763.922132929,how-many-fed-rate-cuts-in-2026,will-12-or-more-fed-rate-cuts-happen-in-2026,https://polymarket.com/event/how-many-fed-rate-cuts-in-2026,2026-06-21T17:14:34.334812+00:00
0xe67c947bf8eeb8dffdeea19806cf266fe65f6d20f3e5bbf5135e11e544fe9b7f,618455,55736535775539231856682158017890031261644294952589300517957218393676136917293,71718402031669298364238907670733752499185585238670546354636156779359681992646,Opensea FDV above $1B one day after launch?,Crypto,2027-01-01,0.17,0.16,0.18,85583.51264,2011034.7028649952,opensea-fdv-above-one-day-after-launch,opensea-fdv-above-1b-one-day-after-launch-426-422-754-756-879-328-494,https://polymarket.com/event/opensea-fdv-above-one-day-after-launch,2026-06-21T17:14:34.334812+00:00
0xa0192d11031455f486dd13d43438c815e5ba135e2595039991a7d09a6b438989,618454,42645635688384173938505005153732536262139883933750646945028210271328873690888,91676177432668319691663213694187810112009835951397620031461215327421238319426,Opensea FDV above $500M one day after launch?,Crypto,2027-01-01,0.439,0.431,0.447,85583.51264,2170336.468891997,opensea-fdv-above-one-day-after-launch,opensea-fdv-above-500m-one-day-after-launch-221-468-166-873-514-375-468-384,https://polymarket.com/event/opensea-fdv-above-one-day-after-launch,2026-06-21T17:14:34.334812+00:00
0xa75027ddbd883169b0fef4779c912106fe9460536240a1d613d175f04b75ca25,618456,10354824396290237452261900772542438328647475212250295212595180489652143431127,83261092708741880503037907376981005952477099100574431635229306895516342056435,Opensea FDV above $3B one day after launch?,Crypto,2027-01-01,0.076,0.063,0.089,85583.51264,764581.6744640005,opensea-fdv-above-one-day-after-launch,opensea-fdv-above-3b-one-day-after-launch-786-419-967-433-241-436,https://polymarket.com/event/opensea-fdv-above-one-day-after-launch,2026-06-21T17:14:34.334812+00:00
0xc20be6636f316125da44ca53f6631cc00086e9fba8e1ad8d9012ae20ee7006a8,620682,48038385638420877977396364502718350116889021443391903481044114768441218972760,7742946842895540103245705204391121242771062476077199058127347573343705347619,Opensea FDV above $5B one day after launch?,Crypto,2027-01-01,0.0525,0.05,0.055,85583.51264,459252.7671619989,opensea-fdv-above-one-day-after-launch,opensea-fdv-above-5b-one-day-after-launch-919-666-825-992-543-333,https://polymarket.com/event/opensea-fdv-above-one-day-after-launch,2026-06-21T17:14:34.334812+00:00
0xb8a8833f60836f1a4860727dfebed0cb0fc59a6f9cd22ec840a2e7f6a7dbb2a3,936450,3783874556587832518151104525711027133710881159533628607061884012946071097261,29716487828077677624936744987136860057352876387602701554356088666423234994000,Opensea FDV above $2B one day after launch?,Crypto,2027-01-01,0.085,0.08,0.09,85583.51264,514888.7528009997,opensea-fdv-above-one-day-after-launch,opensea-fdv-above-2b-one-day-after-launch-771-639-367-482-177-837,https://polymarket.com/event/opensea-fdv-above-one-day-after-launch,2026-06-21T17:14:34.334812+00:00
0x9027a12cbbf78e9bff760402ab106732fa5a4af2002e4f48e5cc406ac1447800,1535122,38175379283808228327034811002747441529537312086974479792536732908990840238523,74866639935465906228822387344939614806982371503507376045493150406757418241698,Opensea FDV above $100M one day after launch?,Crypto,2027-01-01,0.415,0.41,0.42,85583.51264,239442.93594800003,opensea-fdv-above-one-day-after-launch,opensea-fdv-above-100m-one-day-after-launch-172-151-588-987,https://polymarket.com/event/opensea-fdv-above-one-day-after-launch,2026-06-21T17:14:34.334812+00:00
0x77a4012e47d506eee2a992032c11dab236bb56cac17a994bc2db3f7467cd97d1,1535123,15390584632108771016450588704807221443840679092964759511537241445184106992060,33658047392919238444353129436813170820769777551810148530519389731519208048432,Opensea FDV above $100M one day after launch?,Crypto,2027-01-01,0.374,0.345,0.403,85583.51264,88169.31962700018,opensea-fdv-above-one-day-after-launch,opensea-fdv-above-100m-one-day-after-launch-676-675-854-745-536,https://polymarket.com/event/opensea-fdv-above-one-day-after-launch,2026-06-21T17:14:34.334812+00:00
0xe98dcebda874fe4bddc1d55a86e2d44c59faad0a58b2d87f4e5c0962fdd6c953,1535124,46636592743319383924405256772168587714503779223013840936712367884124732324660,35420552064573957890054377289453060181883377972622279203964713014618594895479,Opensea FDV above $300M one day after launch?,Crypto,2027-01-01,0.43,0.4,0.46,85583.51264,67269.22534000006,opensea-fdv-above-one-day-after-launch,opensea-fdv-above-300m-one-day-after-launch-444-132-763-296,https://polymarket.com/event/opensea-fdv-above-one-day-after-launch,2026-06-21T17:14:34.334812+00:00
0x9031561489f77ba1f89c0b963170a6853c39840e6e89a6a658a05d12b60a1ff0,618500,11496911708530353635901777594615434611254410097574016440652937956321655458268,84160726520722734745853113104347302098766351959086882276935388893269459995645,Will Trump and Putin meet next in Russia?,Politics,2026-06-30,0.003,0.001,0.005,318178.27802,790466.5602500013,where-will-trump-and-putin-meet-next-584,will-trump-and-putin-meet-next-in-russia-594-493-482,https://polymarket.com/event/where-will-trump-and-putin-meet-next-584,2026-06-21T17:14:34.334812+00:00
0x731178908877c9a1a00978facbdf08d0b664cb0e0b6cec70aa2fe0b5afcebeb6,618506,111607224355283321566791910366673364789353075356938202454287500340761338350630,91806005658732361362418868900067378435601597699160109208284438022328921777567,Will Trump and Putin meet next in United States?,Politics,2026-06-30,0.003,0.002,0.004,318178.27802,304443.00514499994,where-will-trump-and-putin-meet-next-584,will-trump-and-putin-meet-next-in-united-states-224-875-469,https://polymarket.com/event/where-will-trump-and-putin-meet-next-584,2026-06-21T17:14:34.334812+00:00
0x5cfd3b9eaffbe2883439c5857f11def395dd3e607bd22b6dbfb861fad83a452d,618508,98760969144385670571979323488290975809286475082222252683212500605390137953258,114256876154213600277644878606386000146098979707256222939715370916192986417033,Will Trump and Putin meet next in another country?,Politics,2026-06-30,0.002,0.001,0.003,318178.27802,566646.8081809985,where-will-trump-and-putin-meet-next-584,will-trump-and-putin-meet-next-in-another-country-313-781-734-447,https://polymarket.com/event/where-will-trump-and-putin-meet-next-584,2026-06-21T17:14:34.334812+00:00
0x370ee4a82b6b36581ebf892d41ee60ad926d54db92721e0e9c3a77b7778d15c7,618497,7421630298503276135458839394896925672853812782529680108090307131148271262251,93380281087816182468049050935549843885343578610315869058345901400224731544813,Will Trump and Putin meet next in Turkey?,Politics,2026-06-30,0.0025,0.001,0.004,318178.27802,695821.5487709973,where-will-trump-and-putin-meet-next-584,will-trump-and-putin-meet-next-in-turkey-182-161-789,https://polymarket.com/event/where-will-trump-and-putin-meet-next-584,2026-06-21T17:14:34.334812+00:00
0x28d17bc11c85f2e71efcba26b3712177911d9473af80749b59056e03ce24b0d7,618501,114740238485572031075485221686629494541791326063713824636853473472997148602674,9385457690392261417421529739211400697348851654322142492444287507589666116362,Will Trump and Putin meet next in a Gulf country?,Politics,2026-06-30,0.0015,0.001,0.002,318178.27802,393500.3832609977,where-will-trump-and-putin-meet-next-584,will-trump-and-putin-meet-next-in-a-gulf-country-733-116,https://polymarket.com/event/where-will-trump-and-putin-meet-next-584,2026-06-21T17:14:34.334812+00:00
0x6c85fe5b4197dc55dafef8368acaddb96adb892447730dfa53076c537b0bd9f6,618507,5882057393182324594834096643945688411014325467107114880133150428605821190013,36637880454733503907006713216714818220866348345418246906647345889294495523145,Will Trump and Putin meet next in another EU country?,Politics,2026-06-30,0.0015,0.001,0.002,318178.27802,1060410.1723239997,where-will-trump-and-putin-meet-next-584,will-trump-and-putin-meet-next-in-another-european-country-954-837-364,https://polymarket.com/event/where-will-trump-and-putin-meet-next-584,2026-06-21T17:14:34.334812+00:00
0x90c6511dcc9499c2c58786a2456df333a87c97a9cf548acc26f3e4e56fbc36e7,618509,49763918009598997612237695627270782649372952290649043495061814350832328072133,113815968600583754149446319361271946735539959910206180265309696338300410463192,Will Trump and Putin not meet?,Politics,2026-06-30,0.986,0.983,0.989,318178.27802,953826.6346149996,where-will-trump-and-putin-meet-next-584,will-trump-and-putin-not-meet-315-857-437-514,https://polymarket.com/event/where-will-trump-and-putin-meet-next-584,2026-06-21T17:14:34.334812+00:00
0x54904e2a225c195eeb6984d417a222264fe9cc7f64b90449853b7499f1d8679a,618510,74458170212994739146121100727825499756958091496482115797161229312787966931603,67653023069868861969361967272839190198689579506750446998649063014100739410596,Will Trump and Putin meet next in China?,Politics,2026-06-30,0.0015,0.001,0.002,318178.27802,553254.0442859989,where-will-trump-and-putin-meet-next-584,will-trump-and-putin-meet-next-in-china-586-328,https://polymarket.com/event/where-will-trump-and-putin-meet-next-584,2026-06-21T17:14:34.334812+00:00
0x339d8be5cb57653a9ee63e07d216543622cdefb45eed81b1680e83887a2d7bc6,620335,49913535691357405888189005795777119729203074497784553050607906527813175648482,107283612200874762627410448315233948227070614640181631187039818267842487558132,"Aziz Akhannouch out as Morocco Prime Minister by December 31, 2026?",Geopolitics,2026-12-31,0.858,0.852,0.864,17659.37625,161971.40381999954,aziz-akhannouch-out-as-morocco-prime-minister-by-december-31-2026,aziz-akhannouch-out-as-morocco-prime-minister-by-december-31-2026,https://polymarket.com/event/aziz-akhannouch-out-as-morocco-prime-minister-by-december-31-2026,2026-06-21T17:14:34.334812+00:00
0xb4c6f7991dc5d1e110abb1404c629deb7bbc4b07ff19bb4672ff41801824490e,626693,48577451271083670981595797636824300354923632195069165655560061059665286147100,12726823989557107952268342942906206381973799399453895205022550590946554841098,"Any US state legislature votes on secession by June 30, 2026?",Politics,2026-06-30,0.004,0.003,0.005,12306.85159,39610.28832499998,any-us-state-legislature-votes-on-secession-by-june-30-2026,any-us-state-legislature-votes-on-secession-by-june-30-2026,https://polymarket.com/event/any-us-state-legislature-votes-on-secession-by-june-30-2026,2026-06-21T17:14:34.334812+00:00
